anilist_id,date,days_from_premiere,popularity,trending,in_progress,episode,releasing,average_score
21349,2015-09-12,-391,,12,,,False,
21349,2015-09-13,-390,,16,,,False,
21349,2015-09-14,-389,,7,,,False,
21349,2015-09-18,-385,,2,,,False,
21349,2015-09-19,-384,,3,,,False,
21349,2015-09-27,-376,,2,,,False,
21349,2015-12-22,-290,,2,,,False,
21349,2016-01-02,-279,,2,,,False,
21349,2016-02-22,-228,,10,,,False,
21349,2016-02-23,-227,,12,,,False,
21349,2016-02-24,-226,,5,,,False,
21349,2016-02-25,-225,,6,,,False,
21349,2016-02-26,-224,,2,,,False,
21349,2016-02-28,-222,,5,,,False,
21349,2016-03-09,-212,,2,,,False,
21349,2016-03-16,-205,,2,,,False,
21349,2016-03-22,-199,,2,,,False,
21349,2016-03-26,-195,,3,,,False,
21349,2016-03-27,-194,,6,,,False,
21349,2016-03-28,-193,,4,,,False,
21349,2016-03-29,-192,,2,,,False,
21349,2016-04-01,-189,,2,,,False,
21349,2016-04-17,-173,,2,,,False,
21349,2016-04-25,-165,,2,,,False,
21349,2016-05-03,-157,,3,,,False,
21349,2016-05-07,-153,,2,,,False,
21349,2016-05-20,-140,,2,,,False,
21349,2016-05-26,-134,,2,,,False,
21349,2016-06-05,-124,,3,,,False,
21349,2016-06-13,-116,,2,,,False,
21349,2016-06-15,-114,,2,,,False,
21349,2016-06-18,-111,,2,,,False,
21349,2016-06-21,-108,,4,,,False,
21349,2016-06-26,-103,,2,,,False,
21349,2016-06-27,-102,,2,,,False,
21349,2016-06-29,-100,,3,,,False,
21349,2016-07-02,-97,,2,,,False,
21349,2016-07-05,-94,,2,,,False,
21349,2016-07-09,-90,,3,,,False,
21349,2016-07-12,-87,,2,,,False,
21349,2016-07-15,-84,,3,,,False,
21349,2016-07-17,-82,,2,,,False,
21349,2016-07-29,-70,,2,,,False,
21349,2016-08-05,-63,,2,,,False,
21349,2016-08-08,-60,,3,,,False,
21349,2016-08-09,-59,,5,,,False,
21349,2016-08-10,-58,,2,,,False,
21349,2016-08-12,-56,,3,,,False,
21349,2016-08-14,-54,,2,,,False,
21349,2016-08-17,-51,,2,,,False,
21349,2016-08-19,-49,,2,,,False,
21349,2016-08-24,-44,,2,,,False,
21349,2016-08-29,-39,,4,,,False,
21349,2016-08-30,-38,,2,,,False,
21349,2016-08-31,-37,,2,,,False,
21349,2016-09-02,-35,,3,,,False,
21349,2016-09-03,-34,,2,,,False,
21349,2016-09-06,-31,,3,,,False,
21349,2016-09-10,-27,,6,,,False,
21349,2016-09-12,-25,,4,,,False,
21349,2016-09-15,-22,,3,,,False,
21349,2016-09-16,-21,,5,,,False,
21349,2016-09-17,-20,,3,,,False,
21349,2016-09-19,-18,,5,,,False,
21349,2016-09-20,-17,,6,,,False,
21349,2016-09-21,-16,,3,,,False,
21349,2016-09-22,-15,,3,,,False,
21349,2016-09-23,-14,,4,,,False,
21349,2016-09-24,-13,,2,,,False,
21349,2016-09-25,-12,,3,,,False,
21349,2016-09-26,-11,,5,,,False,
21349,2016-09-28,-9,,5,,,False,
21349,2016-09-30,-7,,6,,,False,
21349,2016-10-01,-6,,5,,,False,
21349,2016-10-02,-5,,7,,,False,
21349,2016-10-03,-4,,7,,,False,
21349,2016-10-04,-3,,4,,,False,
21349,2016-10-05,-2,,5,,,False,
21349,2016-10-06,-1,,7,,,False,
21349,2016-10-07,0,,134,,,False,
21349,2016-10-08,1,,44,,,False,
21349,2016-10-09,2,,37,,,False,
21349,2016-10-10,3,,25,,,False,
21349,2016-10-11,4,,11,,,False,
21349,2016-10-12,5,,13,,,False,
21349,2016-10-13,6,,13,,,False,
21349,2016-10-14,7,,122,,,False,
21349,2016-10-15,8,,38,,,False,
21349,2016-10-16,9,,31,,,False,
21349,2016-10-17,10,,29,,,False,
21349,2016-10-18,11,,12,,,False,
21349,2016-10-19,12,,12,,,False,
21349,2016-10-20,13,,8,,,False,
21349,2016-10-21,14,,93,,,False,
21349,2016-10-22,15,,45,,,False,
21349,2016-10-23,16,,38,,,False,
21349,2016-10-24,17,,22,,,False,
21349,2016-10-25,18,,7,,,False,
21349,2016-10-26,19,,10,,,False,
21349,2016-10-27,20,,17,,,False,
21349,2016-10-28,21,,88,,,False,
21349,2016-10-29,22,,34,,,False,
21349,2016-10-30,23,,27,,,False,
21349,2016-10-31,24,,16,,,False,
21349,2016-11-01,25,,14,,,False,
21349,2016-11-02,26,,7,,,False,
21349,2016-11-03,27,,8,,,False,
21349,2016-11-04,28,,87,,,False,
21349,2016-11-05,29,,29,,,False,
21349,2016-11-06,30,,21,,,False,
21349,2016-11-07,31,,15,,,False,
21349,2016-11-08,32,,14,,,False,
21349,2016-11-09,33,,4,,,False,
21349,2016-11-10,34,,9,,,False,
21349,2016-11-11,35,,72,,,False,
21349,2016-11-12,36,,36,,,False,
21349,2016-11-13,37,,21,,,False,
21349,2016-11-14,38,,22,,,False,
21349,2016-11-15,39,,14,,,False,
21349,2016-11-16,40,,10,,,False,
21349,2016-11-17,41,,9,,,False,
21349,2016-11-18,42,,67,,,False,
21349,2016-11-19,43,,33,,,False,
21349,2016-11-20,44,,21,,,False,
21349,2016-11-21,45,,20,,,False,
21349,2016-11-22,46,,15,,,False,
21349,2016-11-23,47,,6,,,False,
21349,2016-11-24,48,,9,,,False,
21349,2016-11-25,49,,57,,,False,
21349,2016-11-26,50,,39,,,False,
21349,2016-11-27,51,,20,,,False,
21349,2016-11-28,52,,15,,,False,
21349,2016-11-29,53,,12,,,False,
21349,2016-11-30,54,,14,,,False,
21349,2016-12-01,55,,6,,,False,
21349,2016-12-02,56,,62,,,False,
21349,2016-12-03,57,,28,,,False,
21349,2016-12-04,58,,15,,,False,
21349,2016-12-05,59,,17,,,False,
21349,2016-12-06,60,,13,,,False,
21349,2016-12-07,61,,6,,,False,
21349,2016-12-08,62,,6,,,False,
21349,2016-12-09,63,,60,,,False,
21349,2016-12-10,64,,33,,,False,
21349,2016-12-11,65,,18,,,False,
21349,2016-12-12,66,,18,,,False,
21349,2016-12-13,67,,4,,,False,
21349,2016-12-14,68,,6,,,False,
21349,2016-12-15,69,,12,,,False,
21349,2016-12-16,70,,59,,,False,
21349,2016-12-17,71,,37,,,False,
21349,2016-12-18,72,,18,,,False,
21349,2016-12-19,73,,13,,,False,
21349,2016-12-20,74,,9,,,False,
21349,2016-12-21,75,,10,,,False,
21349,2016-12-22,76,,13,,,False,
21349,2016-12-23,77,,64,,,False,
21349,2016-12-24,78,,24,,,False,
21349,2016-12-25,79,,16,,,False,
21349,2016-12-26,80,,18,,,False,
21349,2016-12-27,81,,20,,,False,
21349,2016-12-28,82,,7,,,False,
21349,2016-12-29,83,,11,,,False,
21349,2016-12-30,84,,13,,,False,
21349,2016-12-31,85,,9,,,False,
21349,2017-01-01,86,,5,,,False,
21349,2017-01-02,87,,6,,,False,
21349,2017-01-03,88,,9,,,False,
21349,2017-01-04,89,,2,,,False,
21349,2017-01-05,90,,12,,,False,
21349,2017-01-06,91,,67,,,False,
21349,2017-01-07,92,,22,,,False,
21349,2017-01-08,93,,22,,,False,
21349,2017-01-09,94,,20,,,False,
21349,2017-01-10,95,,8,,,False,
21349,2017-01-11,96,,4,,,False,
21349,2017-01-12,97,,8,,,False,
21349,2017-01-13,98,,67,533,14,True,62
21349,2017-01-14,99,,22,,,False,
21349,2017-01-15,100,,21,,,False,
21349,2017-01-16,101,,9,,,False,
21349,2017-01-17,102,,9,,,False,
21349,2017-01-18,103,,6,,,False,
21349,2017-01-19,104,,4,,,False,
21349,2017-01-20,105,,53,544,15,True,62
21349,2017-01-21,106,,31,,,False,
21349,2017-01-22,107,,22,,,False,
21349,2017-01-23,108,,13,,,False,
21349,2017-01-24,109,,12,,,False,
21349,2017-01-25,110,,5,,,False,
21349,2017-01-27,112,,51,556,16,True,62
21349,2017-01-28,113,,35,,,False,
21349,2017-01-29,114,,21,,,False,
21349,2017-01-30,115,,15,,,False,
21349,2017-01-31,116,,11,,,False,
21349,2017-02-01,117,,7,,,False,
21349,2017-02-02,118,,3,,,False,
21349,2017-02-03,119,,56,575,17,True,63
21349,2017-02-04,120,,25,,,False,
21349,2017-02-05,121,,16,,,False,
21349,2017-02-06,122,,10,,,False,
21349,2017-02-07,123,,4,,,False,
21349,2017-02-08,124,,2,,,False,
21349,2017-02-09,125,,8,,,False,
21349,2017-02-10,126,,56,580,18,True,62
21349,2017-02-11,127,,16,,,False,
21349,2017-02-12,128,,17,,,False,
21349,2017-02-13,129,,19,,,False,
21349,2017-02-14,130,,10,,,False,
21349,2017-02-15,131,,6,,,False,
21349,2017-02-16,132,,10,,,False,
21349,2017-02-17,133,,54,591,19,True,62
21349,2017-02-18,134,,25,,,False,
21349,2017-02-19,135,,23,,,False,
21349,2017-02-20,136,,14,,,False,
21349,2017-02-21,137,,7,,,False,
21349,2017-02-22,138,,7,,,False,
21349,2017-02-23,139,,9,,,False,
21349,2017-02-24,140,,57,595,20,True,62
21349,2017-02-25,141,,22,,,False,
21349,2017-02-26,142,,17,,,False,
21349,2017-02-27,143,,9,,,False,
21349,2017-02-28,144,,10,,,False,
21349,2017-03-01,145,,5,,,False,
21349,2017-03-02,146,,8,,,False,
21349,2017-03-03,147,,45,600,21,True,62
21349,2017-03-04,148,,26,,,False,
21349,2017-03-05,149,,11,,,False,
21349,2017-03-06,150,,13,,,False,
21349,2017-03-07,151,,12,,,False,
21349,2017-03-08,152,,10,,,False,
21349,2017-03-09,153,,2,,,False,
21349,2017-03-10,154,,41,606,22,True,62
21349,2017-03-11,155,,25,,,False,
21349,2017-03-12,156,,20,,,False,
21349,2017-03-13,157,,12,,,False,
21349,2017-03-14,158,,9,,,False,
21349,2017-03-15,159,,11,,,False,
21349,2017-03-16,160,,5,,,False,
21349,2017-03-17,161,,44,610,23,True,62
21349,2017-03-18,162,,24,,,False,
21349,2017-03-19,163,,14,,,False,
21349,2017-03-20,164,,18,,,False,
21349,2017-03-21,165,,9,,,False,
21349,2017-03-22,166,,10,,,False,
21349,2017-03-23,167,,4,,,False,
21349,2017-03-24,168,,54,613,24,True,63
21349,2017-03-25,169,,19,,,False,
21349,2017-03-26,170,,10,,,False,
21349,2017-03-27,171,,8,,,False,
21349,2017-03-28,172,,9,,,False,
21349,2017-03-29,173,,9,,,False,
21349,2017-03-30,174,,7,,,False,
21349,2017-03-31,175,,71,546,25,True,64
21349,2017-04-01,176,,35,,,False,
21349,2017-04-02,177,,23,,,False,
21349,2017-04-03,178,,20,,,False,
21349,2017-04-04,179,,11,,,False,
21349,2017-04-05,180,,9,,,False,
21349,2017-04-06,181,,13,,,False,
21349,2017-04-07,182,,11,,,False,
21349,2017-04-08,183,,7,,,False,
21349,2017-04-09,184,,12,,,False,
21349,2017-04-10,185,,11,,,False,
21349,2017-04-11,186,,4,,,False,
21349,2017-04-12,187,,6,,,False,
21349,2017-04-13,188,,8,,,False,
21349,2017-04-14,189,,8,,,False,
21349,2017-04-15,190,,8,,,False,
21349,2017-04-16,191,,6,,,False,
21349,2017-04-17,192,,5,,,False,
21349,2017-04-18,193,,5,,,False,
21349,2017-04-19,194,,2,,,False,
21349,2017-04-23,198,,3,,,False,
21349,2017-04-24,199,,2,,,False,
21349,2017-04-26,201,,2,,,False,
21349,2017-04-28,203,,2,,,False,
21349,2017-04-30,205,,2,,,False,
21349,2017-05-02,207,,4,,,False,
21349,2017-05-03,208,,3,,,False,
21349,2017-05-04,209,,3,,,False,
21349,2017-05-07,212,,3,,,False,
21349,2017-05-08,213,,2,,,False,
21349,2017-05-09,214,,2,,,False,
21349,2017-05-11,216,,5,,,False,
21349,2017-05-12,217,,3,,,False,
21349,2017-05-14,219,,2,,,False,
21349,2017-05-15,220,,3,,,False,
21349,2017-05-16,221,,7,,,False,
21349,2017-05-17,222,,2,,,False,
21349,2017-05-20,225,,3,,,False,
21349,2017-05-21,226,,5,,,False,
21349,2017-05-22,227,,2,,,False,
21349,2017-05-23,228,,2,,,False,
21349,2017-05-26,231,,2,,,False,
21349,2017-05-27,232,,4,,,False,
21349,2017-05-29,234,,2,,,False,
21349,2017-05-30,235,,3,,,False,
21349,2017-05-31,236,,2,,,False,
21349,2017-06-08,244,,2,,,False,
21349,2017-06-09,245,,2,,,False,
21349,2017-06-11,247,,2,,,False,
21349,2017-06-12,248,,2,,,False,
21349,2017-06-13,249,,2,,,False,
21349,2017-06-15,251,,2,,,False,
21349,2017-06-18,254,,4,,,False,
21349,2017-06-20,256,,4,,,False,
21349,2017-06-21,257,,2,,,False,
21349,2017-06-22,258,,2,,,False,
21349,2017-06-23,259,,3,,,False,
21349,2017-06-25,261,,3,,,False,
21349,2017-06-26,262,,3,,,False,
21349,2017-06-27,263,,2,,,False,
21349,2017-06-29,265,,3,,,False,
21349,2017-07-02,268,,3,,,False,
21349,2017-07-04,270,,2,,,False,
21349,2017-07-06,272,,2,,,False,
21349,2017-07-07,273,,4,,,False,
21349,2017-07-08,274,,3,,,False,
21349,2017-07-09,275,,2,,,False,
21349,2017-07-12,278,,2,,,False,
21349,2017-07-22,288,,2,,,False,
21349,2017-07-28,294,,2,,,False,
21349,2017-07-29,295,,3,,,False,
21349,2017-07-31,297,,3,,,False,
21349,2017-08-02,299,,3,,,False,
21349,2017-08-04,301,,3,,,False,
21349,2017-08-05,302,,2,,,False,
21349,2017-08-08,305,,2,,,False,
21349,2017-08-10,307,,3,,,False,
21349,2017-08-11,308,,3,,,False,
21349,2017-08-12,309,,2,,,False,
21349,2017-08-14,311,,2,,,False,
21349,2017-08-20,317,,2,,,False,
21349,2017-08-25,322,,2,,,False,
21349,2017-08-27,324,,3,,,False,
21349,2017-08-29,326,,2,,,False,
21349,2017-09-02,330,,2,,,False,
21349,2017-09-03,331,,4,,,False,
21349,2017-09-04,332,,2,,,False,
21349,2017-09-05,333,,2,,,False,
21349,2017-09-14,342,,2,,,False,
21349,2017-09-16,344,,3,,,False,
21349,2017-09-19,347,,3,,,False,
21349,2017-09-20,348,,3,,,False,
21349,2017-09-26,354,,2,,,False,
21349,2017-09-28,356,,3,,,False,
21349,2017-09-29,357,,3,,,False,
21349,2017-10-01,359,,4,,,False,
21349,2017-10-03,361,,2,,,False,
21349,2017-10-06,364,,3,,,False,
21349,2017-10-07,365,,2,,,False,
21349,2017-10-08,366,,3,,,False,
21349,2017-10-12,370,,2,,,False,
21349,2017-10-16,374,,2,,,False,
21349,2017-10-18,376,,2,,,False,
21349,2017-10-20,378,,2,,,False,
21349,2017-10-22,380,,2,,,False,
21349,2017-10-24,382,,2,,,False,
21349,2017-11-02,391,,2,,,False,
21349,2017-11-10,399,,3,,,False,
21349,2017-11-11,400,,3,,,False,
21349,2017-11-13,402,,2,,,False,
21349,2017-11-17,406,,2,,,False,
21349,2017-11-19,408,,2,,,False,
21349,2017-11-20,409,,2,,,False,
21349,2017-12-05,424,,2,,,False,
21349,2017-12-15,434,,2,,,False,
21349,2017-12-21,440,,2,,,False,
21349,2017-12-24,443,,2,,,False,
21349,2017-12-25,444,,3,,,False,
21349,2017-12-30,449,,2,,,False,
21349,2017-12-31,450,,2,,,False,
21349,2018-01-04,454,,2,,,False,
21349,2018-01-05,455,,3,,,False,
21349,2018-01-06,456,,4,,,False,
21349,2018-01-08,458,,3,,,False,
21349,2018-01-11,461,,4,,,False,
21349,2018-01-26,476,,2,,,False,
21349,2018-01-30,480,,2,,,False,
21349,2018-02-01,482,,2,,,False,
21349,2018-02-10,491,,2,,,False,
21349,2018-02-13,494,,2,,,False,
21349,2018-02-15,496,,2,,,False,
21349,2018-02-18,499,,2,,,False,
21349,2018-02-19,500,,2,,,False,
21349,2018-02-22,503,,2,,,False,
21349,2018-02-23,504,,2,,,False,
21349,2018-03-02,511,,4,,,False,
21349,2018-03-08,517,,2,,,False,
21349,2018-03-13,522,,2,,,False,
21349,2018-03-15,524,,2,,,False,
21349,2018-03-16,525,,2,,,False,
21349,2018-03-18,527,,2,,,False,
21349,2018-03-21,530,1904,1,379,,False,66
21349,2018-03-24,533,1909,3,380,,False,66
21349,2018-03-25,534,1913,1,380,,False,66
21349,2018-03-26,535,1916,1,379,,False,66
21349,2018-03-27,536,1917,1,380,,False,66
21349,2018-03-28,537,1919,1,380,,False,66
21349,2018-03-29,538,1923,1,380,,False,66
21349,2018-04-02,542,1927,1,379,,False,66
21349,2018-04-03,543,1929,1,379,,False,66
21349,2018-04-04,544,1935,2,378,,False,66
21349,2018-04-05,545,1939,1,380,,False,66
21349,2018-04-08,548,1952,3,380,,False,66
21349,2018-04-09,549,1958,1,380,,False,66
21349,2018-04-10,550,1959,3,379,,False,66
21349,2018-04-12,552,1963,2,380,,False,66
21349,2018-04-13,553,1966,1,380,,False,66
21349,2018-04-14,554,1970,2,381,,False,66
21349,2018-04-18,558,1981,2,380,,False,66
21349,2018-04-22,562,1986,2,380,,False,66
21349,2018-04-23,563,1990,1,378,,False,66
21349,2018-04-24,564,1991,1,378,,False,66
21349,2018-04-25,565,1992,1,379,,False,66
21349,2018-04-30,570,2003,1,379,,False,66
21349,2018-05-05,575,2010,1,378,,False,66
21349,2018-05-07,577,2016,2,377,,False,66
21349,2018-05-08,578,2017,1,374,,False,66
21349,2018-05-09,579,2019,4,375,,False,66
21349,2018-05-10,580,2026,1,375,,False,66
21349,2018-05-11,581,2027,1,375,,False,66
21349,2018-05-12,582,2028,2,375,,False,66
21349,2018-05-13,583,2029,2,376,,False,66
21349,2018-05-14,584,2029,1,375,,False,66
21349,2018-05-16,586,2032,1,375,,False,66
21349,2018-05-23,593,2042,1,377,,False,66
21349,2018-05-26,596,2044,3,377,,False,66
21349,2018-05-27,597,2063,2,378,,False,66
21349,2018-05-28,598,2158,4,385,,False,65
21349,2018-05-29,599,2220,9,386,,False,65
21349,2018-05-30,600,2220,10,386,,False,65
21349,2018-05-31,601,2245,25,387,,False,65
21349,2018-06-01,602,2284,23,387,,False,65
21349,2018-06-02,603,2349,35,387,,False,65
21349,2018-06-03,604,2412,16,388,,False,65
21349,2018-06-04,605,3053,5,419,,False,64
21349,2018-06-05,606,3176,3,422,,False,64
21349,2018-06-06,607,3235,6,426,,False,64
21349,2018-06-07,608,3287,3,429,,False,64
21349,2018-06-09,610,3313,6,431,,False,64
21349,2018-06-10,611,3363,6,436,,False,64
21349,2018-06-11,612,3389,3,436,,False,64
21349,2018-06-12,613,3413,3,435,,False,64
21349,2018-06-13,614,3413,2,435,,False,64
21349,2018-06-14,615,3455,6,435,,False,64
21349,2018-06-15,616,3501,2,437,,False,64
21349,2018-06-16,617,3501,6,437,,False,64
21349,2018-06-17,618,3548,2,442,,False,64
21349,2018-06-18,619,3548,4,442,,False,64
21349,2018-06-19,620,3609,4,445,,False,64
21349,2018-06-20,621,3645,3,446,,False,64
21349,2018-06-21,622,3682,6,448,,False,64
21349,2018-06-22,623,3682,5,448,,False,64
21349,2018-06-23,624,3709,4,448,,False,64
21349,2018-06-24,625,3743,6,449,,False,64
21349,2018-06-25,626,3768,4,448,,False,64
21349,2018-06-26,627,3822,5,451,,False,64
21349,2018-06-27,628,3822,3,451,,False,64
21349,2018-06-28,629,3864,2,453,,False,64
21349,2018-06-29,630,3873,3,452,,False,64
21349,2018-06-30,631,3889,3,453,,False,64
21349,2018-07-01,632,3907,5,453,,False,64
21349,2018-07-02,633,3927,6,453,,False,64
21349,2018-07-03,634,3957,3,454,,False,64
21349,2018-07-04,635,3982,6,456,,False,64
21349,2018-07-05,636,4003,4,457,,False,64
21349,2018-07-06,637,4026,1,457,,False,64
21349,2018-07-07,638,4047,4,459,,False,64
21349,2018-07-08,639,4063,5,458,,False,64
21349,2018-07-09,640,4063,10,458,,False,64
21349,2018-07-10,641,4092,7,459,,False,64
21349,2018-07-11,642,4145,4,460,,False,64
21349,2018-07-12,643,4168,5,462,,False,64
21349,2018-07-13,644,4168,7,462,,False,64
21349,2018-07-14,645,4193,8,463,,False,64
21349,2018-07-15,646,4214,9,465,,False,64
21349,2018-07-16,647,4233,11,467,,False,64
21349,2018-07-17,648,4262,3,469,,False,64
21349,2018-07-18,649,4293,5,469,,False,64
21349,2018-07-19,650,4320,3,470,,False,64
21349,2018-07-20,651,4342,6,471,,False,64
21349,2018-07-21,652,4342,6,471,,False,64
21349,2018-07-22,653,4394,6,472,,False,65
21349,2018-07-23,654,4394,8,472,,False,65
21349,2018-07-24,655,4438,7,473,,False,64
21349,2018-07-25,656,4438,9,473,,False,64
21349,2018-07-26,657,4459,7,476,,False,64
21349,2018-07-27,658,4474,11,477,,False,64
21349,2018-07-28,659,4493,3,478,,False,64
21349,2018-07-29,660,4523,3,478,,False,64
21349,2018-07-30,661,4523,4,478,,False,64
21349,2018-07-31,662,4548,8,478,,False,64
21349,2018-08-01,663,4572,4,479,,False,64
21349,2018-08-02,664,4572,8,479,,False,64
21349,2018-08-03,665,4586,2,479,,False,64
21349,2018-08-04,666,4599,6,481,,False,64
21349,2018-08-05,667,4599,5,481,,False,64
21349,2018-08-06,668,4621,2,482,,False,64
21349,2018-08-07,669,4621,11,482,,False,64
21349,2018-08-08,670,4632,7,482,,False,65
21349,2018-08-09,671,4656,3,486,,False,64
21349,2018-08-10,672,4667,2,486,,False,64
21349,2018-08-11,673,4667,3,486,,False,64
21349,2018-08-12,674,4691,2,491,,False,64
21349,2018-08-13,675,4691,7,491,,False,64
21349,2018-08-14,676,4712,3,494,,False,64
21349,2018-08-15,677,4712,8,494,,False,64
21349,2018-08-16,678,4722,7,494,,False,64
21349,2018-08-18,680,4755,2,498,,False,64
21349,2018-08-19,681,4755,5,498,,False,64
21349,2018-08-20,682,4774,5,499,,False,64
21349,2018-08-21,683,4787,5,501,,False,64
21349,2018-08-22,684,4792,13,502,,False,64
21349,2018-08-23,685,4792,4,502,,False,64
21349,2018-08-24,686,4808,4,502,,False,64
21349,2018-08-25,687,4817,1,503,,False,64
21349,2018-08-26,688,4817,6,503,,False,64
21349,2018-08-27,689,4818,6,503,,False,64
21349,2018-08-28,690,4832,2,504,,False,64
21349,2018-08-29,691,4839,5,505,,False,64
21349,2018-08-30,692,4851,1,505,,False,64
21349,2018-08-31,693,4851,4,505,,False,64
21349,2018-09-01,694,4861,3,507,,False,64
21349,2018-09-02,695,4866,5,506,,False,64
21349,2018-09-03,696,4872,5,506,,False,64
21349,2018-09-04,697,4872,5,506,,False,64
21349,2018-09-05,698,4877,3,507,,False,64
21349,2018-09-06,699,4896,2,509,,False,64
21349,2018-09-07,700,4902,2,509,,False,64
21349,2018-09-08,701,4902,5,509,,False,64
21349,2018-09-09,702,4924,2,509,,False,64
21349,2018-09-10,703,4924,1,509,,False,64
21349,2018-09-11,704,4931,2,509,,False,64
21349,2018-09-12,705,4944,1,510,,False,64
21349,2018-09-13,706,4944,2,510,,False,64
21349,2018-09-14,707,4947,1,511,,False,64
21349,2018-09-15,708,4947,3,511,,False,64
21349,2018-09-16,709,4955,7,513,,False,64
21349,2018-09-17,710,4965,7,515,,False,64
21349,2018-09-19,712,4979,4,517,,False,64
21349,2018-09-20,713,4990,6,519,,False,64
21349,2018-09-21,714,4990,6,519,,False,64
21349,2018-09-22,715,4995,7,518,,False,64
21349,2018-09-23,716,5010,1,518,,False,64
21349,2018-09-24,717,5010,3,518,,False,64
21349,2018-09-25,718,5018,4,518,,False,64
21349,2018-09-27,720,5038,1,518,,False,64
21349,2018-09-28,721,5038,4,518,,False,64
21349,2018-09-29,722,5049,5,519,,False,64
21349,2018-09-30,723,5049,6,519,,False,64
21349,2018-10-01,724,5065,2,520,,False,64
21349,2018-10-02,725,5089,3,520,,False,65
21349,2018-10-03,726,5089,7,520,,False,65
21349,2018-10-04,727,5102,6,521,,False,65
21349,2018-10-05,728,5120,6,518,,False,65
21349,2018-10-06,729,5131,3,518,,False,65
21349,2018-10-07,730,5139,4,518,,False,65
21349,2018-10-09,732,5155,3,519,,False,65
21349,2018-10-10,733,5163,6,520,,False,65
21349,2018-10-11,734,5178,2,521,,False,65
21349,2018-10-12,735,5178,5,521,,False,65
21349,2018-10-14,737,5198,4,522,,False,65
21349,2018-10-15,738,5198,6,522,,False,65
21349,2018-10-16,739,5209,8,521,,False,65
21349,2018-10-18,741,5235,5,522,,False,65
21349,2018-10-19,742,5246,3,522,,False,65
21349,2018-10-20,743,5256,1,521,,False,65
21349,2018-10-21,744,5266,3,521,,False,65
21349,2018-10-22,745,5274,3,521,,False,65
21349,2018-10-23,746,5287,1,522,,False,65
21349,2018-10-24,747,5294,2,523,,False,65
21349,2018-10-25,748,5298,2,522,,False,65
21349,2018-10-26,749,5305,2,523,,False,65
21349,2018-10-27,750,5310,8,523,,False,65
21349,2018-10-28,751,5310,11,523,,False,65
21349,2018-10-29,752,5315,9,524,,False,65
21349,2018-10-30,753,5329,4,522,,False,65
21349,2018-10-31,754,5333,3,522,,False,65
21349,2018-11-01,755,5342,6,522,,False,65
21349,2018-11-02,756,5348,2,520,,False,65
21349,2018-11-03,757,5353,2,521,,False,65
21349,2018-11-04,758,5358,3,521,,False,65
21349,2018-11-06,760,5365,4,520,,False,65
21349,2018-11-07,761,5375,3,520,,False,65
21349,2018-11-08,762,5386,1,520,,False,65
21349,2018-11-09,763,5388,2,520,,False,65
21349,2018-11-10,764,5389,9,520,,False,65
21349,2018-11-11,765,5398,4,519,,False,65
21349,2018-11-13,767,5406,4,517,,False,65
21349,2018-11-14,768,5417,2,519,,False,65
21349,2018-11-15,769,5424,1,520,,False,65
21349,2018-11-16,770,5430,2,520,,False,65
21349,2018-11-17,771,5435,1,520,,False,65
21349,2018-11-18,772,5435,1,520,,False,65
21349,2018-11-19,773,5445,2,520,,False,65
21349,2018-11-20,774,5450,1,520,,False,65
21349,2018-11-21,775,5456,1,521,,False,65
21349,2018-11-22,776,5463,1,520,,False,65
21349,2018-11-24,778,5471,4,520,,False,65
21349,2018-11-26,780,5478,3,521,,False,65
21349,2018-11-27,781,5490,5,523,,False,65
21349,2018-11-28,782,5490,1,523,,False,65
21349,2018-11-29,783,5494,2,522,,False,65
21349,2018-11-30,784,5499,1,521,,False,65
21349,2018-12-01,785,5509,2,521,,False,65
21349,2018-12-02,786,5510,4,521,,False,65
21349,2018-12-03,787,5519,1,522,,False,65
21349,2018-12-04,788,5525,2,523,,False,65
21349,2018-12-05,789,5525,3,523,,False,65
21349,2018-12-06,790,5530,2,523,,False,65
21349,2018-12-07,791,5535,5,521,,False,65
21349,2018-12-08,792,5549,7,523,,False,65
21349,2018-12-09,793,5549,4,523,,False,65
21349,2018-12-10,794,5557,2,524,,False,65
21349,2018-12-11,795,5557,3,524,,False,65
21349,2018-12-12,796,5569,1,524,,False,65
21349,2018-12-13,797,5571,5,524,,False,65
21349,2018-12-14,798,5571,3,524,,False,65
21349,2018-12-15,799,5575,4,521,,False,65
21349,2018-12-16,800,5582,6,522,,False,65
21349,2018-12-17,801,5582,4,522,,False,65
21349,2018-12-18,802,5590,5,521,,False,65
21349,2018-12-19,803,5606,3,521,,False,65
21349,2018-12-20,804,5612,1,522,,False,65
21349,2018-12-23,807,5620,2,522,,False,65
21349,2018-12-24,808,5625,1,522,,False,65
21349,2018-12-25,809,5625,4,522,,False,65
21349,2018-12-26,810,5639,4,525,,False,65
21349,2018-12-27,811,5649,5,524,,False,65
21349,2018-12-28,812,5649,2,524,,False,65
21349,2018-12-30,814,5668,2,523,,False,65
21349,2018-12-31,815,5679,4,523,,False,65
21349,2019-01-01,816,5685,1,523,,False,65
21349,2019-01-02,817,5685,4,523,,False,65
21349,2019-01-03,818,5701,3,527,,False,65
21349,2019-01-05,820,5710,9,527,,False,65
21349,2019-01-06,821,5726,6,531,,False,65
21349,2019-01-07,822,5732,11,533,,False,65
21349,2019-01-08,823,5750,6,534,,False,65
21349,2019-01-09,824,5755,9,534,,False,65
21349,2019-01-10,825,5755,9,534,,False,65
21349,2019-01-11,826,5762,8,534,,False,65
21349,2019-01-12,827,5772,7,534,,False,65
21349,2019-01-13,828,5779,7,535,,False,65
21349,2019-01-14,829,5789,8,534,,False,65
21349,2019-01-15,830,5802,6,532,,False,65
21349,2019-01-16,831,5812,6,535,,False,65
21349,2019-01-17,832,5812,10,535,,False,65
21349,2019-01-18,833,5847,5,534,,False,65
21349,2019-01-19,834,5847,7,534,,False,65
21349,2019-01-20,835,5878,4,536,,False,65
21349,2019-01-21,836,5885,4,536,,False,65
21349,2019-01-22,837,5897,5,539,,False,65
21349,2019-01-23,838,5901,5,538,,False,65
21349,2019-01-24,839,5901,9,538,,False,65
21349,2019-01-25,840,5917,1,538,,False,65
21349,2019-01-26,841,5919,1,537,,False,65
21349,2019-01-27,842,5924,3,537,,False,65
21349,2019-01-28,843,5935,1,538,,False,65
21349,2019-01-29,844,5947,5,538,,False,65
21349,2019-01-30,845,5951,2,537,,False,65
21349,2019-01-31,846,5954,2,537,,False,65
21349,2019-02-01,847,5957,3,537,,False,65
21349,2019-02-02,848,5962,2,537,,False,65
21349,2019-02-04,850,5964,5,537,,False,65
21349,2019-02-05,851,5973,4,536,,False,65
21349,2019-02-07,853,5983,6,536,,False,65
21349,2019-02-08,854,5988,2,538,,False,65
21349,2019-02-09,855,5988,15,538,,False,65
21349,2019-02-10,856,6005,8,538,,False,65
21349,2019-02-11,857,6005,5,538,,False,65
21349,2019-02-13,859,6020,4,539,,False,65
21349,2019-02-14,860,6031,1,539,,False,65
21349,2019-02-15,861,6033,4,539,,False,65
21349,2019-02-16,862,6033,5,539,,False,65
21349,2019-02-17,863,6043,3,539,,False,65
21349,2019-02-18,864,6051,1,539,,False,65
21349,2019-02-19,865,6056,6,540,,False,65
21349,2019-02-20,866,6061,3,540,,False,65
21349,2019-02-21,867,6071,2,541,,False,65
21349,2019-02-22,868,6076,2,543,,False,65
21349,2019-02-24,870,6086,1,545,,False,65
21349,2019-02-25,871,6086,9,545,,False,65
21349,2019-02-26,872,6089,1,544,,False,65
21349,2019-02-27,873,6102,1,544,,False,65
21349,2019-02-28,874,6104,4,544,,False,65
21349,2019-03-01,875,6108,3,543,,False,65
21349,2019-03-02,876,6108,4,543,,False,65
21349,2019-03-03,877,6111,2,542,,False,65
21349,2019-03-05,879,6121,4,542,,False,65
21349,2019-03-06,880,6134,5,540,,False,65
21349,2019-03-07,881,6134,4,540,,False,65
21349,2019-03-08,882,6144,1,541,,False,65
21349,2019-03-09,883,6167,3,546,,False,65
21349,2019-03-10,884,6178,5,546,,False,65
21349,2019-03-11,885,6178,9,546,,False,65
21349,2019-03-12,886,6202,7,547,,False,65
21349,2019-03-13,887,6210,3,547,,False,65
21349,2019-03-14,888,6220,1,547,,False,65
21349,2019-03-15,889,6221,4,548,,False,65
21349,2019-03-16,890,6221,7,548,,False,65
21349,2019-03-17,891,6226,3,549,,False,65
21349,2019-03-18,892,6241,6,552,,False,65
21349,2019-03-19,893,6241,6,552,,False,65
21349,2019-03-20,894,6247,7,551,,False,65
21349,2019-03-21,895,6261,6,552,,False,65
21349,2019-03-22,896,6277,4,551,,False,65
21349,2019-03-23,897,6277,4,551,,False,65
21349,2019-03-24,898,6292,4,551,,False,65
21349,2019-03-25,899,6299,12,553,,False,65
21349,2019-03-26,900,6303,3,553,,False,65
21349,2019-03-27,901,6305,3,553,,False,65
21349,2019-03-28,902,6311,3,553,,False,65
21349,2019-03-29,903,6318,4,554,,False,65
21349,2019-03-30,904,6318,3,554,,False,65
21349,2019-03-31,905,6330,3,553,,False,65
21349,2019-04-01,906,6338,5,553,,False,65
21349,2019-04-02,907,6350,4,556,,False,65
21349,2019-04-03,908,6360,11,556,,False,65
21349,2019-04-04,909,6360,16,556,,False,65
21349,2019-04-05,910,6387,3,557,,False,65
21349,2019-04-06,911,6395,6,557,,False,65
21349,2019-04-07,912,6405,4,557,,False,65
21349,2019-04-08,913,6413,5,557,,False,65
21349,2019-04-09,914,6413,11,557,,False,65
21349,2019-04-10,915,6421,7,556,,False,65
21349,2019-04-11,916,6444,10,558,,False,65
21349,2019-04-12,917,6451,3,556,,False,65
21349,2019-04-13,918,6456,8,556,,False,65
21349,2019-04-14,919,6462,12,555,,False,65
21349,2019-04-15,920,6462,11,555,,False,65
21349,2019-04-18,923,6492,7,557,,False,65
21349,2019-04-19,924,6492,2,557,,False,65
21349,2019-04-20,925,6504,3,558,,False,65
21349,2019-04-21,926,6511,6,558,,False,65
21349,2019-04-22,927,6519,2,558,,False,65
21349,2019-04-23,928,6522,3,558,,False,65
21349,2019-04-24,929,6526,4,559,,False,65
21349,2019-04-25,930,6526,4,559,,False,65
21349,2019-04-26,931,6540,6,560,,False,65
21349,2019-04-27,932,6551,6,562,,False,65
21349,2019-04-28,933,6561,1,561,,False,65
21349,2019-04-29,934,6571,2,560,,False,65
21349,2019-04-30,935,6575,3,560,,False,65
21349,2019-05-01,936,6583,4,560,,False,65
21349,2019-05-02,937,6588,2,561,,False,65
21349,2019-05-03,938,6593,3,560,,False,65
21349,2019-05-04,939,6597,4,560,,False,65
21349,2019-05-05,940,6604,2,560,,False,65
21349,2019-05-06,941,6604,3,560,,False,65
21349,2019-05-07,942,6613,2,560,,False,65
21349,2019-05-09,944,6620,2,560,,False,65
21349,2019-05-10,945,6627,2,560,,False,65
21349,2019-05-11,946,6627,3,560,,False,65
21349,2019-05-12,947,6640,3,562,,False,65
21349,2019-05-13,948,6643,7,562,,False,65
21349,2019-05-14,949,6652,1,563,,False,65
21349,2019-05-15,950,6655,6,563,,False,65
21349,2019-05-16,951,6660,1,563,,False,65
21349,2019-05-17,952,6666,1,562,,False,65
21349,2019-05-18,953,6675,1,563,,False,65
21349,2019-05-19,954,6679,2,563,,False,65
21349,2019-05-20,955,6687,4,564,,False,65
21349,2019-05-21,956,6689,7,564,,False,65
21349,2019-05-22,957,6696,9,564,,False,65
21349,2019-05-23,958,6698,9,562,,False,65
21349,2019-05-24,959,6698,6,562,,False,65
21349,2019-05-25,960,6706,1,563,,False,65
21349,2019-05-26,961,6718,4,563,,False,65
21349,2019-05-27,962,6728,7,562,,False,65
21349,2019-05-28,963,6738,3,562,,False,65
21349,2019-05-29,964,6746,4,562,,False,65
21349,2019-05-31,966,6749,5,561,,False,65
21349,2019-06-01,967,6761,5,561,,False,65
21349,2019-06-02,968,6766,3,561,,False,65
21349,2019-06-03,969,6772,4,561,,False,65
21349,2019-06-04,970,6772,3,561,,False,65
21349,2019-06-05,971,6787,7,562,,False,65
21349,2019-06-06,972,6787,8,562,,False,65
21349,2019-06-07,973,6815,5,564,,False,65
21349,2019-06-08,974,6822,4,567,,False,65
21349,2019-06-09,975,6824,9,567,,False,65
21349,2019-06-10,976,6824,8,567,,False,65
21349,2019-06-11,977,6837,1,566,,False,65
21349,2019-06-12,978,6837,6,566,,False,65
21349,2019-06-13,979,6847,5,566,,False,65
21349,2019-06-14,980,6854,1,566,,False,65
21349,2019-06-15,981,6861,6,567,,False,65
21349,2019-06-16,982,6870,5,568,,False,65
21349,2019-06-17,983,6877,1,568,,False,65
21349,2019-06-18,984,6881,1,569,,False,65
21349,2019-06-19,985,6884,1,569,,False,65
21349,2019-06-20,986,6889,3,571,,False,65
21349,2019-06-21,987,6895,5,571,,False,65
21349,2019-06-22,988,6900,3,571,,False,65
21349,2019-06-23,989,6906,2,572,,False,65
21349,2019-06-24,990,6912,3,574,,False,65
21349,2019-06-25,991,6920,2,574,,False,65
21349,2019-06-26,992,6920,9,574,,False,65
21349,2019-06-27,993,6936,5,573,,False,65
21349,2019-06-28,994,6946,3,574,,False,65
21349,2019-06-29,995,6946,6,574,,False,65
21349,2019-06-30,996,6959,8,574,,False,65
21349,2019-07-01,997,6963,6,575,,False,65
21349,2019-07-02,998,6963,12,575,,False,65
21349,2019-07-03,999,6983,2,574,,False,65
21349,2019-07-04,1000,6988,5,575,,False,65
21349,2019-07-05,1001,6993,4,574,,False,65
21349,2019-07-07,1003,7007,4,576,,False,65
21349,2019-07-08,1004,7018,4,576,,False,65
21349,2019-07-09,1005,7025,1,576,,False,65
21349,2019-07-10,1006,7032,3,575,,False,65
21349,2019-07-11,1007,7042,2,576,,False,65
21349,2019-07-12,1008,7048,1,576,,False,65
21349,2019-07-13,1009,7051,3,576,,False,65
21349,2019-07-14,1010,7051,4,576,,False,65
21349,2019-07-15,1011,7059,4,577,,False,65
21349,2019-07-16,1012,7082,6,580,,False,65
21349,2019-07-17,1013,7093,6,581,,False,65
21349,2019-07-18,1014,7103,4,580,,False,65
21349,2019-07-19,1015,7110,4,580,,False,65
21349,2019-07-20,1016,7114,7,580,,False,65
21349,2019-07-21,1017,7114,8,580,,False,65
21349,2019-07-23,1019,7131,2,580,,False,65
21349,2019-07-24,1020,7141,8,581,,False,65
21349,2019-07-25,1021,7141,13,581,,False,65
21349,2019-07-26,1022,7145,7,577,,False,65
21349,2019-07-27,1023,7153,4,577,,False,65
21349,2019-07-28,1024,7160,4,579,,False,65
21349,2019-07-29,1025,7169,4,579,,False,65
21349,2019-07-30,1026,7169,6,579,,False,65
21349,2019-07-31,1027,7178,10,581,,False,65
21349,2019-08-01,1028,7190,8,583,,False,65
21349,2019-08-02,1029,7190,11,583,,False,65
21349,2019-08-03,1030,7210,6,584,,False,65
21349,2019-08-04,1031,7216,5,583,,False,65
21349,2019-08-05,1032,7225,7,584,,False,65
21349,2019-08-06,1033,7234,4,584,,False,65
21349,2019-08-07,1034,7237,2,583,,False,65
21349,2019-08-08,1035,7241,2,583,,False,65
21349,2019-08-09,1036,7241,1,583,,False,65
21349,2019-08-10,1037,7252,3,583,,False,65
21349,2019-08-11,1038,7260,2,582,,False,65
21349,2019-08-12,1039,7260,6,582,,False,65
21349,2019-08-13,1040,7275,6,584,,False,65
21349,2019-08-14,1041,7282,3,584,,False,65
21349,2019-08-15,1042,7289,7,586,,False,65
21349,2019-08-16,1043,7289,9,586,,False,65
21349,2019-08-17,1044,7297,7,587,,False,65
21349,2019-08-18,1045,7302,4,586,,False,65
21349,2019-08-19,1046,7313,1,585,,False,65
21349,2019-08-20,1047,7319,2,586,,False,65
21349,2019-08-21,1048,7326,2,589,,False,65
21349,2019-08-22,1049,7326,1,589,,False,65
21349,2019-08-23,1050,7333,3,588,,False,65
21349,2019-08-25,1052,7341,1,588,,False,65
21349,2019-08-26,1053,7341,5,588,,False,65
21349,2019-08-27,1054,7352,4,588,,False,65
21349,2019-08-29,1056,7359,3,588,,False,65
21349,2019-08-31,1058,7373,1,592,,False,65
21349,2019-09-01,1059,7380,2,593,,False,65
21349,2019-09-02,1060,7384,1,593,,False,65
21349,2019-09-03,1061,7384,5,593,,False,65
21349,2019-09-04,1062,7386,5,593,,False,65
21349,2019-09-05,1063,7401,2,592,,False,65
21349,2019-09-06,1064,7410,2,594,,False,65
21349,2019-09-07,1065,7410,3,594,,False,65
21349,2019-09-08,1066,7418,1,593,,False,65
21349,2019-09-09,1067,7422,2,594,,False,65
21349,2019-09-10,1068,7422,2,594,,False,65
21349,2019-09-12,1070,7435,3,594,,False,65
21349,2019-09-13,1071,7438,1,594,,False,65
21349,2019-09-14,1072,7443,1,594,,False,65
21349,2019-09-15,1073,7443,2,594,,False,65
21349,2019-09-16,1074,7452,5,594,,False,65
21349,2019-09-17,1075,7455,4,593,,False,65
21349,2019-09-18,1076,7458,1,594,,False,65
21349,2019-09-19,1077,7468,1,594,,False,65
21349,2019-09-20,1078,7468,5,594,,False,65
21349,2019-09-21,1079,7477,1,592,,False,65
21349,2019-09-22,1080,7480,1,593,,False,65
21349,2019-09-23,1081,7480,6,593,,False,65
21349,2019-09-24,1082,7495,1,594,,False,65
21349,2019-09-25,1083,7495,5,594,,False,65
21349,2019-09-26,1084,7497,2,594,,False,65
21349,2019-09-27,1085,7505,2,594,,False,65
21349,2019-09-28,1086,7513,7,595,,False,65
21349,2019-09-29,1087,7513,1,595,,False,65
21349,2019-09-30,1088,7522,1,595,,False,65
21349,2019-10-01,1089,7529,5,595,,False,65
21349,2019-10-02,1090,7537,4,595,,False,65
21349,2019-10-03,1091,7540,2,594,,False,65
21349,2019-10-04,1092,7545,1,594,,False,65
21349,2019-10-05,1093,7547,1,593,,False,65
21349,2019-10-06,1094,7550,4,593,,False,65
21349,2019-10-07,1095,7559,1,593,,False,65
21349,2019-10-08,1096,7568,8,594,,False,65
21349,2019-10-09,1097,7568,10,594,,False,65
21349,2019-10-10,1098,7582,4,595,,False,65
21349,2019-10-11,1099,7589,9,596,,False,65
21349,2019-10-12,1100,7593,4,596,,False,65
21349,2019-10-13,1101,7597,2,597,,False,65
21349,2019-10-14,1102,7597,5,597,,False,65
21349,2019-10-15,1103,7610,3,600,,False,65
21349,2019-10-16,1104,7610,12,600,,False,65
21349,2019-10-17,1105,7625,7,602,,False,65
21349,2019-10-18,1106,7626,2,600,,False,65
21349,2019-10-19,1107,7630,3,599,,False,65
21349,2019-10-20,1108,7630,1,599,,False,65
21349,2019-10-21,1109,7640,2,599,,False,65
21349,2019-10-22,1110,7648,2,599,,False,65
21349,2019-10-23,1111,7655,2,599,,False,65
21349,2019-10-24,1112,7655,14,599,,False,65
21349,2019-10-25,1113,7660,5,600,,False,65
21349,2019-10-26,1114,7669,5,599,,False,65
21349,2019-10-28,1116,7679,2,599,,False,65
21349,2019-10-29,1117,7684,1,599,,False,65
21349,2019-10-30,1118,7687,2,599,,False,65
21349,2019-10-31,1119,7692,5,598,,False,65
21349,2019-11-01,1120,7692,6,598,,False,65
21349,2019-11-03,1122,7705,5,597,,False,65
21349,2019-11-04,1123,7710,1,596,,False,65
21349,2019-11-05,1124,7715,1,597,,False,65
21349,2019-11-06,1125,7721,2,597,,False,65
21349,2019-11-07,1126,7721,5,597,,False,65
21349,2019-11-08,1127,7733,4,597,,False,65
21349,2019-11-10,1129,7742,7,598,,False,65
21349,2019-11-11,1130,7746,2,598,,False,65
21349,2019-11-12,1131,7751,1,597,,False,65
21349,2019-11-13,1132,7757,1,597,,False,65
21349,2019-11-14,1133,7756,2,597,,False,65
21349,2019-11-15,1134,7756,2,597,,False,65
21349,2019-11-17,1136,7769,4,597,,False,65
21349,2019-11-18,1137,7773,3,598,,False,65
21349,2019-11-19,1138,7782,7,600,,False,65
21349,2019-11-20,1139,7787,4,602,,False,65
21349,2019-11-21,1140,7789,2,602,,False,65
21349,2019-11-22,1141,7789,2,602,,False,65
21349,2019-11-23,1142,7797,4,601,,False,65
21349,2019-11-24,1143,7801,1,602,,False,65
21349,2019-11-25,1144,7801,8,601,,False,65
21349,2019-11-26,1145,7804,3,600,,False,65
21349,2019-11-27,1146,7811,4,601,,False,65
21349,2019-11-28,1147,7817,4,600,,False,65
21349,2019-11-29,1148,7823,2,600,,False,65
21349,2019-11-30,1149,7827,4,600,,False,65
21349,2019-12-01,1150,7830,3,600,,False,65
21349,2019-12-02,1151,7837,1,601,,False,65
21349,2019-12-04,1153,7842,4,601,,False,65
21349,2019-12-06,1155,7848,2,602,,False,65
21349,2019-12-08,1157,7859,2,603,,False,65
21349,2019-12-09,1158,7864,3,603,,False,65
21349,2019-12-10,1159,7872,3,604,,False,65
21349,2019-12-11,1160,7876,2,604,,False,65
21349,2019-12-12,1161,7880,2,606,,False,65
21349,2019-12-13,1162,7881,3,606,,False,65
21349,2019-12-14,1163,7885,4,605,,False,65
21349,2019-12-15,1164,7892,5,604,,False,65
21349,2019-12-16,1165,7891,5,601,,False,65
21349,2019-12-17,1166,7893,2,600,,False,65
21349,2019-12-18,1167,7893,5,600,,False,65
21349,2019-12-19,1168,7902,1,601,,False,65
21349,2019-12-20,1169,7909,9,601,,False,65
21349,2019-12-21,1170,7915,5,600,,False,65
21349,2019-12-22,1171,7916,1,598,,False,65
21349,2019-12-23,1172,7919,3,598,,False,65
21349,2019-12-24,1173,7924,2,598,,False,65
21349,2019-12-25,1174,7928,1,598,,False,65
21349,2019-12-26,1175,7931,2,598,,False,65
21349,2019-12-27,1176,7932,1,598,,False,65
21349,2019-12-28,1177,7933,2,598,,False,65
21349,2019-12-29,1178,7938,2,598,,False,65
21349,2019-12-30,1179,7944,5,598,,False,65
21349,2019-12-31,1180,7949,5,597,,False,65
21349,2020-01-01,1181,7952,4,597,,False,65
21349,2020-01-02,1182,7956,4,597,,False,65
21349,2020-01-03,1183,7963,3,597,,False,65
21349,2020-01-04,1184,7967,4,598,,False,65
21349,2020-01-05,1185,7973,4,598,,False,65
21349,2020-01-06,1186,7980,3,598,,False,65
21349,2020-01-07,1187,7985,3,598,,False,65
21349,2020-01-08,1188,7993,7,599,,False,65
21349,2020-01-09,1189,7998,4,598,,False,65
21349,2020-01-10,1190,7998,5,598,,False,65
21349,2020-01-11,1191,8013,2,598,,False,65
21349,2020-01-12,1192,8022,6,598,,False,65
21349,2020-01-13,1193,8031,3,599,,False,65
21349,2020-01-15,1195,8038,1,598,,False,65
21349,2020-01-16,1196,8044,4,598,,False,65
21349,2020-01-17,1197,8052,4,598,,False,65
21349,2020-01-18,1198,8056,3,598,,False,65
21349,2020-01-19,1199,8065,4,598,,False,65
21349,2020-01-20,1200,8073,6,598,,False,65
21349,2020-01-21,1201,8081,3,600,,False,65
21349,2020-01-22,1202,8090,6,600,,False,65
21349,2020-01-23,1203,8090,8,600,,False,65
21349,2020-01-24,1204,8104,6,604,,False,65
21349,2020-01-25,1205,8110,2,603,,False,65
21349,2020-01-26,1206,8116,16,603,,False,65
21349,2020-01-27,1207,8116,9,603,,False,65
21349,2020-01-28,1208,8142,9,605,,False,65
21349,2020-01-29,1209,8142,6,605,,False,65
21349,2020-01-30,1210,8159,5,606,,False,65
21349,2020-01-31,1211,8165,3,606,,False,65
21349,2020-02-01,1212,8169,6,606,,False,65
21349,2020-02-02,1213,8179,4,606,,False,65
21349,2020-02-03,1214,8185,1,606,,False,65
21349,2020-02-04,1215,8188,2,608,,False,65
21349,2020-02-05,1216,8188,6,608,,False,65
21349,2020-02-06,1217,8208,4,607,,False,65
21349,2020-02-07,1218,8215,3,607,,False,65
21349,2020-02-08,1219,8220,5,606,,False,65
21349,2020-02-09,1220,8229,5,606,,False,65
21349,2020-02-10,1221,8236,6,606,,False,65
21349,2020-02-11,1222,8244,1,608,,False,65
21349,2020-02-12,1223,8248,2,608,,False,65
21349,2020-02-13,1224,8255,3,608,,False,65
21349,2020-02-14,1225,8259,4,608,,False,65
21349,2020-02-16,1227,8271,4,608,,False,65
21349,2020-02-17,1228,8285,5,608,,False,65
21349,2020-02-18,1229,8285,7,608,,False,65
21349,2020-02-19,1230,8299,9,611,,False,65
21349,2020-02-20,1231,8326,9,613,,False,65
21349,2020-02-21,1232,8326,5,613,,False,65
21349,2020-02-22,1233,8349,6,612,,False,65
21349,2020-02-23,1234,8362,4,611,,False,65
21349,2020-02-24,1235,8362,5,611,,False,65
21349,2020-02-25,1236,8379,2,610,,False,65
21349,2020-02-26,1237,8387,5,612,,False,65
21349,2020-02-27,1238,8387,7,612,,False,65
21349,2020-02-28,1239,8402,3,613,,False,65
21349,2020-02-29,1240,8405,7,614,,False,65
21349,2020-03-01,1241,8416,7,616,,False,65
21349,2020-03-02,1242,8424,10,615,,False,65
21349,2020-03-03,1243,8431,8,615,,False,65
21349,2020-03-04,1244,8437,4,615,,False,65
21349,2020-03-05,1245,8442,3,615,,False,65
21349,2020-03-06,1246,8444,5,614,,False,65
21349,2020-03-07,1247,8450,5,614,,False,65
21349,2020-03-08,1248,8452,1,614,,False,65
21349,2020-03-09,1249,8460,2,615,,False,65
21349,2020-03-10,1250,8474,12,617,,False,65
21349,2020-03-11,1251,8474,11,617,,False,65
21349,2020-03-12,1252,8478,5,616,,False,65
21349,2020-03-13,1253,8488,2,615,,False,65
21349,2020-03-14,1254,8495,4,616,,False,65
21349,2020-03-15,1255,8495,9,616,,False,65
21349,2020-03-16,1256,8502,7,616,,False,65
21349,2020-03-17,1257,8516,3,617,,False,65
21349,2020-03-18,1258,8523,11,618,,False,65
21349,2020-03-19,1259,8534,3,618,,False,65
21349,2020-03-20,1260,8540,5,618,,False,65
21349,2020-03-21,1261,8550,12,618,,False,65
21349,2020-03-22,1262,8560,5,617,,False,65
21349,2020-03-23,1263,8569,5,618,,False,65
21349,2020-03-24,1264,8574,7,618,,False,65
21349,2020-03-25,1265,8584,1,621,,False,65
21349,2020-03-26,1266,8584,14,621,,False,65
21349,2020-03-27,1267,8608,6,624,,False,65
21349,2020-03-28,1268,8608,16,624,,False,65
21349,2020-03-29,1269,8628,7,625,,False,65
21349,2020-03-30,1270,8628,4,625,,False,65
21349,2020-03-31,1271,8643,8,623,,False,65
21349,2020-04-01,1272,8659,4,624,,False,65
21349,2020-04-02,1273,8668,6,624,,False,65
21349,2020-04-03,1274,8677,7,623,,False,65
21349,2020-04-04,1275,8686,5,623,,False,65
21349,2020-04-05,1276,8692,5,623,,False,65
21349,2020-04-06,1277,8704,13,625,,False,65
21349,2020-04-07,1278,8704,13,625,,False,65
21349,2020-04-08,1279,8744,6,626,,False,65
21349,2020-04-09,1280,8744,13,626,,False,65
21349,2020-04-10,1281,8770,4,628,,False,65
21349,2020-04-11,1282,8770,16,628,,False,65
21349,2020-04-12,1283,8793,11,632,,False,65
21349,2020-04-13,1284,8793,16,632,,False,65
21349,2020-04-14,1285,8825,6,633,,False,65
21349,2020-04-15,1286,8825,12,633,,False,65
21349,2020-04-16,1287,8848,5,636,,False,65
21349,2020-04-17,1288,8852,1,637,,False,65
21349,2020-04-18,1289,8866,7,639,,False,65
21349,2020-04-19,1290,8878,4,638,,False,65
21349,2020-04-20,1291,8892,13,637,,False,65
21349,2020-04-21,1292,8901,10,638,,False,66
21349,2020-04-22,1293,8917,10,637,,False,66
21349,2020-04-23,1294,8931,4,639,,False,66
21349,2020-04-24,1295,8942,10,640,,False,66
21349,2020-04-25,1296,8952,3,640,,False,66
21349,2020-04-26,1297,8960,5,642,,False,66
21349,2020-04-27,1298,8974,9,642,,False,66
21349,2020-04-28,1299,8984,9,642,,False,66
21349,2020-04-29,1300,8998,11,643,,False,66
21349,2020-04-30,1301,8998,13,643,,False,66
21349,2020-05-01,1302,9039,6,647,,False,66
21349,2020-05-02,1303,9047,9,646,,False,66
21349,2020-05-03,1304,9057,12,647,,False,66
21349,2020-05-04,1305,9067,8,647,,False,66
21349,2020-05-05,1306,9081,9,646,,False,66
21349,2020-05-06,1307,9093,8,648,,False,66
21349,2020-05-07,1308,9107,7,651,,False,66
21349,2020-05-08,1309,9107,15,651,,False,66
21349,2020-05-09,1310,9136,7,652,,False,66
21349,2020-05-10,1311,9143,11,651,,False,66
21349,2020-05-11,1312,9159,8,652,,False,66
21349,2020-05-12,1313,9175,12,652,,False,66
21349,2020-05-13,1314,9175,16,652,,False,66
21349,2020-05-14,1315,9192,6,654,,False,66
21349,2020-05-15,1316,9202,11,653,,False,66
21349,2020-05-16,1317,9213,9,655,,False,66
21349,2020-05-17,1318,9241,10,656,,False,66
21349,2020-05-18,1319,9256,11,658,,False,66
21349,2020-05-19,1320,9256,12,658,,False,66
21349,2020-05-20,1321,9287,5,660,,False,66
21349,2020-05-21,1322,9287,8,660,,False,66
21349,2020-05-22,1323,9292,15,663,,False,66
21349,2020-05-23,1324,9318,2,663,,False,66
21349,2020-05-24,1325,9321,6,663,,False,66
21349,2020-05-25,1326,9331,6,662,,False,66
21349,2020-05-26,1327,9331,7,662,,False,66
21349,2020-05-27,1328,9358,9,663,,False,66
21349,2020-05-28,1329,9367,16,664,,False,66
21349,2020-05-29,1330,9378,15,663,,False,66
21349,2020-05-30,1331,9397,15,665,,False,66
21349,2020-05-31,1332,9408,8,665,,False,66
21349,2020-06-01,1333,9418,10,664,,False,66
21349,2020-06-02,1334,9428,8,663,,False,66
21349,2020-06-03,1335,9428,5,663,,False,66
21349,2020-06-04,1336,9449,8,663,,False,66
21349,2020-06-05,1337,9458,8,662,,False,66
21349,2020-06-06,1338,9465,12,662,,False,66
21349,2020-06-07,1339,9465,6,662,,False,66
21349,2020-06-08,1340,9484,9,662,,False,66
21349,2020-06-09,1341,9495,11,662,,False,66
21349,2020-06-10,1342,9512,13,662,,False,66
21349,2020-06-11,1343,9536,12,664,,False,66
21349,2020-06-12,1344,9536,9,664,,False,66
21349,2020-06-13,1345,9567,9,666,,False,66
21349,2020-06-14,1346,9580,9,665,,False,66
21349,2020-06-15,1347,9593,7,664,,False,66
21349,2020-06-16,1348,9601,7,664,,False,66
21349,2020-06-17,1349,9610,11,665,,False,66
21349,2020-06-18,1350,9626,12,665,,False,66
21349,2020-06-19,1351,9626,14,665,,False,66
21349,2020-06-20,1352,9639,8,668,,False,66
21349,2020-06-21,1353,9651,14,671,,False,66
21349,2020-06-22,1354,9681,7,671,,False,66
21349,2020-06-23,1355,9692,16,671,,False,66
21349,2020-06-24,1356,9692,16,671,,False,66
21349,2020-06-25,1357,9711,16,676,,False,66
21349,2020-06-26,1358,9739,15,675,,False,66
21349,2020-06-27,1359,9752,6,676,,False,66
21349,2020-06-28,1360,9759,9,676,,False,66
21349,2020-06-29,1361,9769,11,674,,False,66
21349,2020-06-30,1362,9784,7,676,,False,66
21349,2020-07-01,1363,9798,12,677,,False,66
21349,2020-07-02,1364,9810,4,676,,False,66
21349,2020-07-03,1365,9822,12,679,,False,66
21349,2020-07-04,1366,9836,13,679,,False,66
21349,2020-07-05,1367,9850,14,681,,False,66
21349,2020-07-06,1368,9864,12,683,,False,66
21349,2020-07-07,1369,9884,12,685,,False,66
21349,2020-07-08,1370,9898,15,686,,False,66
21349,2020-07-09,1371,9912,27,685,,False,66
21349,2020-07-10,1372,9912,24,685,,False,66
21349,2020-07-11,1373,9953,16,691,,False,66
21349,2020-07-12,1374,10026,12,691,,False,66
21349,2020-07-13,1375,10026,19,691,,False,66
21349,2020-07-14,1376,10075,12,693,,False,66
21349,2020-07-15,1377,10111,10,692,,False,66
21349,2020-07-16,1378,10123,18,692,,False,66
21349,2020-07-17,1379,10136,18,690,,False,66
21349,2020-07-18,1380,10157,16,689,,False,66
21349,2020-07-19,1381,10170,15,690,,False,66
21349,2020-07-20,1382,10185,21,693,,False,66
21349,2020-07-21,1383,10185,16,693,,False,66
21349,2020-07-22,1384,10236,14,695,,False,66
21349,2020-07-23,1385,10288,6,699,,False,66
21349,2020-07-24,1386,10288,10,699,,False,66
21349,2020-07-25,1387,10316,16,700,,False,66
21349,2020-07-26,1388,10333,12,702,,False,66
21349,2020-07-27,1389,10340,26,703,,False,66
21349,2020-07-28,1390,10366,13,702,,False,66
21349,2020-07-29,1391,10366,13,702,,False,66
21349,2020-07-30,1392,10386,13,706,,False,66
21349,2020-07-31,1393,10405,10,705,,False,66
21349,2020-08-01,1394,10428,17,706,,False,66
21349,2020-08-02,1395,10428,11,706,,False,66
21349,2020-08-03,1396,10440,11,705,,False,66
21349,2020-08-04,1397,10459,13,706,,False,66
21349,2020-08-05,1398,10459,17,706,,False,66
21349,2020-08-06,1399,10480,7,704,,False,66
21349,2020-08-07,1400,10486,13,703,,False,66
21349,2020-08-08,1401,10501,13,703,,False,66
21349,2020-08-09,1402,10501,12,703,,False,66
21349,2020-08-10,1403,10529,14,702,,False,66
21349,2020-08-11,1404,10529,7,702,,False,66
21349,2020-08-12,1405,10555,12,702,,False,66
21349,2020-08-13,1406,10567,13,703,,False,66
21349,2020-08-14,1407,10583,12,704,,False,66
21349,2020-08-15,1408,10597,15,706,,False,66
21349,2020-08-16,1409,10597,14,706,,False,66
21349,2020-08-17,1410,10634,10,710,,False,66
21349,2020-08-18,1411,10642,6,710,,False,66
21349,2020-08-19,1412,10642,17,710,,False,66
21349,2020-08-20,1413,10666,11,712,,False,66
21349,2020-08-21,1414,10666,6,712,,False,66
21349,2020-08-22,1415,10677,7,713,,False,66
21349,2020-08-23,1416,10696,14,716,,False,66
21349,2020-08-24,1417,10696,15,716,,False,66
21349,2020-08-25,1418,10727,11,716,,False,66
21349,2020-08-26,1419,10727,17,716,,False,66
21349,2020-08-27,1420,10736,13,717,,False,66
21349,2020-08-28,1421,10748,10,716,,False,66
21349,2020-08-29,1422,10778,7,715,,False,66
21349,2020-08-30,1423,10786,4,717,,False,66
21349,2020-08-31,1424,10786,14,717,,False,66
21349,2020-09-01,1425,10802,9,722,,False,66
21349,2020-09-02,1426,10802,13,722,,False,66
21349,2020-09-03,1427,10815,9,721,,False,66
21349,2020-09-04,1428,10824,6,720,,False,66
21349,2020-09-05,1429,10824,6,720,,False,66
21349,2020-09-06,1430,10836,7,720,,False,66
21349,2020-09-07,1431,10836,8,720,,False,66
21349,2020-09-08,1432,10845,13,720,,False,66
21349,2020-09-09,1433,10853,12,720,,False,66
21349,2020-09-10,1434,10876,9,721,,False,66
21349,2020-09-11,1435,10884,4,719,,False,66
21349,2020-09-12,1436,10888,5,719,,False,66
21349,2020-09-13,1437,10888,12,719,,False,66
21349,2020-09-14,1438,10900,6,718,,False,66
21349,2020-09-15,1439,10900,10,718,,False,66
21349,2020-09-16,1440,10909,5,720,,False,66
21349,2020-09-17,1441,10929,4,721,,False,66
21349,2020-09-18,1442,10929,6,721,,False,66
21349,2020-09-19,1443,10939,4,723,,False,66
21349,2020-09-20,1444,10947,7,723,,False,66
21349,2020-09-21,1445,10957,4,723,,False,66
21349,2020-09-22,1446,10969,8,723,,False,66
21349,2020-09-23,1447,10975,7,723,,False,66
21349,2020-09-24,1448,10975,13,723,,False,66
21349,2020-09-25,1449,10984,8,723,,False,66
21349,2020-09-26,1450,11006,6,723,,False,66
21349,2020-09-27,1451,11006,18,723,,False,66
21349,2020-09-28,1452,11019,9,726,,False,66
21349,2020-09-29,1453,11037,8,724,,False,66
21349,2020-09-30,1454,11044,12,725,,False,66
21349,2020-10-01,1455,11044,12,725,,False,66
21349,2020-10-02,1456,11058,8,724,,False,66
21349,2020-10-03,1457,11066,9,726,,False,66
21349,2020-10-04,1458,11079,20,726,,False,66
21349,2020-10-05,1459,11098,17,728,,False,66
21349,2020-10-06,1460,11107,17,727,,False,66
21349,2020-10-07,1461,11107,14,727,,False,66
21349,2020-10-08,1462,11121,7,729,,False,66
21349,2020-10-09,1463,11135,12,729,,False,66
21349,2020-10-10,1464,11141,10,728,,False,66
21349,2020-10-11,1465,11155,25,728,,False,66
21349,2020-10-12,1466,11161,12,729,,False,66
21349,2020-10-13,1467,11195,19,727,,False,66
21349,2020-10-14,1468,11206,14,729,,False,66
21349,2020-10-15,1469,11206,11,729,,False,66
21349,2020-10-16,1470,11227,13,732,,False,66
21349,2020-10-17,1471,11239,5,731,,False,66
21349,2020-10-18,1472,11239,11,731,,False,66
21349,2020-10-19,1473,11265,10,732,,False,66
21349,2020-10-20,1474,11275,3,729,,False,66
21349,2020-10-21,1475,11282,5,729,,False,66
21349,2020-10-22,1476,11285,7,727,,False,66
21349,2020-10-23,1477,11296,7,727,,False,66
21349,2020-10-24,1478,11296,7,727,,False,66
21349,2020-10-25,1479,11306,8,727,,False,66
21349,2020-10-26,1480,11325,9,728,,False,66
21349,2020-10-27,1481,11335,3,730,,False,66
21349,2020-10-28,1482,11335,10,730,,False,66
21349,2020-10-29,1483,11344,9,729,,False,66
21349,2020-10-30,1484,11371,10,728,,False,66
21349,2020-10-31,1485,11371,12,728,,False,66
21349,2020-11-01,1486,11381,6,728,,False,66
21349,2020-11-02,1487,11405,7,729,,False,66
21349,2020-11-03,1488,11405,16,729,,False,66
21349,2020-11-04,1489,11428,16,731,,False,66
21349,2020-11-05,1490,11439,13,730,,False,66
21349,2020-11-06,1491,11439,10,730,,False,66
21349,2020-11-07,1492,11462,6,732,,False,66
21349,2020-11-08,1493,11469,14,733,,False,66
21349,2020-11-09,1494,11469,15,733,,False,66
21349,2020-11-10,1495,11490,17,735,,False,66
21349,2020-11-11,1496,11490,7,735,,False,66
21349,2020-11-12,1497,11503,19,736,,False,66
21349,2020-11-13,1498,11523,7,737,,False,66
21349,2020-11-14,1499,11523,6,737,,False,66
21349,2020-11-15,1500,11531,8,738,,False,66
21349,2020-11-16,1501,11545,5,738,,False,66
21349,2020-11-17,1502,11545,6,738,,False,66
21349,2020-11-18,1503,11562,4,738,,False,66
21349,2020-11-19,1504,11569,8,738,,False,66
21349,2020-11-20,1505,11569,5,738,,False,66
21349,2020-11-21,1506,11588,151,740,,False,66
21349,2020-11-22,1507,11588,44,740,,False,66
21349,2020-11-23,1508,11762,24,753,,False,66
21349,2020-11-24,1509,11762,24,753,,False,66
21349,2020-11-25,1510,11788,10,756,,False,66
21349,2020-11-26,1511,11818,14,759,,False,66
21349,2020-11-27,1512,11829,22,761,,False,66
21349,2020-11-28,1513,11846,21,764,,False,66
21349,2020-11-29,1514,11878,23,764,,False,66
21349,2020-11-30,1515,11894,12,763,,False,66
21349,2020-12-01,1516,11894,24,763,,False,66
21349,2020-12-02,1517,11921,10,768,,False,66
21349,2020-12-03,1518,11921,6,768,,False,66
21349,2020-12-04,1519,11930,9,767,,False,66
21349,2020-12-05,1520,11943,9,770,,False,66
21349,2020-12-06,1521,11948,9,768,,False,66
21349,2020-12-07,1522,11948,19,768,,False,66
21349,2020-12-08,1523,11955,21,766,,False,66
21349,2020-12-09,1524,11976,14,771,,False,66
21349,2020-12-10,1525,11987,7,774,,False,66
21349,2020-12-11,1526,12005,11,772,,False,66
21349,2020-12-12,1527,12005,11,772,,False,66
21349,2020-12-13,1528,12016,21,772,,False,66
21349,2020-12-14,1529,12023,19,770,,False,66
21349,2020-12-15,1530,12043,27,772,,False,66
21349,2020-12-16,1531,12053,19,775,,False,66
21349,2020-12-17,1532,12091,12,774,,False,66
21349,2020-12-18,1533,12103,2,776,,False,66
21349,2020-12-19,1534,12103,12,776,,False,66
21349,2020-12-20,1535,12112,10,775,,False,66
21349,2020-12-21,1536,12124,11,775,,False,66
21349,2020-12-22,1537,12136,9,774,,False,66
21349,2020-12-23,1538,12150,14,774,,False,66
21349,2020-12-24,1539,12159,18,773,,False,66
21349,2020-12-25,1540,12172,13,775,,False,66
21349,2020-12-26,1541,12198,21,780,,False,66
21349,2020-12-27,1542,12213,12,782,,False,66
21349,2020-12-28,1543,12220,18,781,,False,66
21349,2020-12-29,1544,12239,24,779,,False,66
21349,2020-12-30,1545,12239,13,779,,False,66
21349,2020-12-31,1546,12274,7,781,,False,66
21349,2021-01-01,1547,12279,11,784,,False,66
21349,2021-01-02,1548,12279,16,784,,False,66
21349,2021-01-03,1549,12307,12,785,,False,66
21349,2021-01-04,1550,12307,7,785,,False,66
21349,2021-01-05,1551,12320,18,787,,False,66
21349,2021-01-06,1552,12336,11,790,,False,66
21349,2021-01-07,1553,12351,10,789,,False,66
21349,2021-01-08,1554,12360,1,790,,False,66
21349,2021-01-09,1555,12373,11,792,,False,66
21349,2021-01-10,1556,12385,24,791,,False,66
21349,2021-01-11,1557,12401,24,788,,False,66
21349,2021-01-12,1558,12419,19,788,,False,66
21349,2021-01-13,1559,12438,14,787,,False,66
21349,2021-01-14,1560,12455,16,787,,False,66
21349,2021-01-15,1561,12471,18,789,,False,66
21349,2021-01-16,1562,12482,15,792,,False,66
21349,2021-01-17,1563,12496,12,791,,False,66
21349,2021-01-18,1564,12509,11,791,,False,66
21349,2021-01-19,1565,12521,9,791,,False,66
21349,2021-01-20,1566,12533,13,791,,False,66
21349,2021-01-21,1567,12546,10,794,,False,66
21349,2021-01-22,1568,12562,24,794,,False,66
21349,2021-01-23,1569,12577,10,796,,False,66
21349,2021-01-24,1570,12592,15,799,,False,66
21349,2021-01-25,1571,12603,16,798,,False,66
21349,2021-01-26,1572,12619,15,798,,False,66
21349,2021-01-27,1573,12633,21,800,,False,66
21349,2021-01-28,1574,12650,23,802,,False,66
21349,2021-01-29,1575,12660,12,800,,False,66
21349,2021-01-30,1576,12670,10,798,,False,66
21349,2021-01-31,1577,12680,17,798,,False,66
21349,2021-02-01,1578,12701,14,800,,False,66
21349,2021-02-02,1579,12717,8,800,,False,66
21349,2021-02-03,1580,12722,14,799,,False,66
21349,2021-02-04,1581,12736,9,799,,False,66
21349,2021-02-05,1582,12745,7,798,,False,66
21349,2021-02-06,1583,12751,17,799,,False,66
21349,2021-02-07,1584,12767,17,800,,False,66
21349,2021-02-08,1585,12784,14,799,,False,66
21349,2021-02-09,1586,12794,6,799,,False,66
21349,2021-02-10,1587,12802,10,797,,False,66
21349,2021-02-11,1588,12815,5,799,,False,66
21349,2021-02-12,1589,12822,7,801,,False,66
21349,2021-02-13,1590,12832,13,803,,False,66
21349,2021-02-14,1591,12846,20,803,,False,66
21349,2021-02-15,1592,12851,14,805,,False,66
21349,2021-02-16,1593,12855,12,803,,False,66
21349,2021-02-17,1594,12870,10,805,,False,66
21349,2021-02-18,1595,12885,4,805,,False,66
21349,2021-02-19,1596,12903,13,808,,False,66
21349,2021-02-20,1597,12909,14,811,,False,66
21349,2021-02-21,1598,12927,12,814,,False,66
21349,2021-02-22,1599,12937,11,813,,False,66
21349,2021-02-23,1600,12944,7,814,,False,66
21349,2021-02-24,1601,12952,15,814,,False,66
21349,2021-02-25,1602,12963,13,812,,False,66
21349,2021-02-26,1603,12975,7,810,,False,66
21349,2021-02-27,1604,12983,5,811,,False,66
21349,2021-02-28,1605,12990,16,812,,False,66
21349,2021-03-01,1606,13007,6,811,,False,66
21349,2021-03-02,1607,13013,6,812,,False,66
21349,2021-03-03,1608,13016,9,814,,False,66
21349,2021-03-04,1609,13028,13,814,,False,66
21349,2021-03-05,1610,13042,12,813,,False,66
21349,2021-03-06,1611,13058,18,814,,False,66
21349,2021-03-07,1612,13071,14,813,,False,66
21349,2021-03-08,1613,13085,16,813,,False,66
21349,2021-03-09,1614,13098,6,810,,False,66
21349,2021-03-10,1615,13102,7,810,,False,66
21349,2021-03-11,1616,13117,11,810,,False,66
21349,2021-03-12,1617,13126,9,811,,False,66
21349,2021-03-13,1618,13139,5,812,,False,66
21349,2021-03-14,1619,13144,6,810,,False,66
21349,2021-03-15,1620,13156,12,812,,False,66
21349,2021-03-16,1621,13177,7,811,,False,66
21349,2021-03-17,1622,13181,18,813,,False,66
21349,2021-03-18,1623,13197,10,812,,False,66
21349,2021-03-19,1624,13215,12,815,,False,66
21349,2021-03-20,1625,13232,4,817,,False,66
21349,2021-03-21,1626,13244,18,819,,False,66
21349,2021-03-22,1627,13254,15,821,,False,66
21349,2021-03-23,1628,13265,12,822,,False,66
21349,2021-03-24,1629,13278,7,822,,False,66
21349,2021-03-25,1630,13291,11,821,,False,66
21349,2021-03-26,1631,13303,17,821,,False,66
21349,2021-03-27,1632,13313,16,822,,False,66
21349,2021-03-28,1633,13336,19,821,,False,66
21349,2021-03-29,1634,13353,18,824,,False,66
21349,2021-03-30,1635,13370,11,823,,False,66
21349,2021-03-31,1636,13381,19,824,,False,66
21349,2021-04-01,1637,13392,14,825,,False,66
21349,2021-04-02,1638,13404,18,826,,False,66
21349,2021-04-03,1639,13421,15,828,,False,66
21349,2021-04-04,1640,13444,11,827,,False,66
21349,2021-04-05,1641,13453,18,827,,False,66
21349,2021-04-06,1642,13473,12,828,,False,66
21349,2021-04-07,1643,13483,13,831,,False,66
21349,2021-04-08,1644,13495,15,832,,False,66
21349,2021-04-09,1645,13504,23,832,,False,66
21349,2021-04-10,1646,13518,10,831,,False,66
21349,2021-04-11,1647,13528,15,832,,False,66
21349,2021-04-12,1648,13538,14,831,,False,66
21349,2021-04-13,1649,13553,6,829,,False,66
21349,2021-04-14,1650,13567,10,829,,False,66
21349,2021-04-15,1651,13580,10,830,,False,66
21349,2021-04-16,1652,13587,12,828,,False,66
21349,2021-04-17,1653,13602,10,829,,False,66
21349,2021-04-18,1654,13614,11,832,,False,66
21349,2021-04-19,1655,13626,8,833,,False,66
21349,2021-04-20,1656,13640,15,836,,False,66
21349,2021-04-21,1657,13650,12,833,,False,66
21349,2021-04-22,1658,13664,10,833,,False,66
21349,2021-04-23,1659,13673,7,835,,False,66
21349,2021-04-24,1660,13680,14,834,,False,66
21349,2021-04-25,1661,13695,11,834,,False,66
21349,2021-04-26,1662,13708,11,836,,False,66
21349,2021-04-27,1663,13720,9,836,,False,66
21349,2021-04-28,1664,13729,10,835,,False,66
21349,2021-04-29,1665,13737,10,834,,False,66
21349,2021-04-30,1666,13747,3,832,,False,66
21349,2021-05-01,1667,13757,15,832,,False,66
21349,2021-05-02,1668,13766,17,831,,False,66
21349,2021-05-03,1669,13782,10,832,,False,66
21349,2021-05-04,1670,13796,6,832,,False,66
21349,2021-05-05,1671,13805,13,832,,False,66
21349,2021-05-06,1672,13811,16,832,,False,66
21349,2021-05-07,1673,13814,10,835,,False,66
21349,2021-05-08,1674,13828,12,836,,False,66
21349,2021-05-09,1675,13836,11,835,,False,66
21349,2021-05-10,1676,13847,8,839,,False,66
21349,2021-05-11,1677,13858,6,838,,False,66
21349,2021-05-12,1678,13863,4,837,,False,66
21349,2021-05-13,1679,13872,10,837,,False,66
21349,2021-05-14,1680,13884,7,839,,False,66
21349,2021-05-15,1681,13888,7,839,,False,66
21349,2021-05-16,1682,13900,11,840,,False,66
21349,2021-05-17,1683,13912,15,841,,False,66
21349,2021-05-18,1684,13922,7,840,,False,66
21349,2021-05-19,1685,13937,6,841,,False,66
21349,2021-05-20,1686,13945,2,838,,False,66
21349,2021-05-21,1687,13949,6,839,,False,66
21349,2021-05-22,1688,13957,10,842,,False,66
21349,2021-05-23,1689,13971,13,841,,False,66
21349,2021-05-24,1690,13984,10,841,,False,66
21349,2021-05-25,1691,13996,10,845,,False,66
21349,2021-05-26,1692,14008,7,848,,False,66
21349,2021-05-27,1693,14020,11,847,,False,66
21349,2021-05-28,1694,14029,15,848,,False,66
21349,2021-05-29,1695,14048,21,848,,False,66
21349,2021-05-30,1696,14067,13,849,,False,66
21349,2021-05-31,1697,14080,21,850,,False,66
21349,2021-06-01,1698,14103,17,851,,False,66
21349,2021-06-02,1699,14117,11,852,,False,66
21349,2021-06-03,1700,14129,9,853,,False,66
21349,2021-06-04,1701,14135,9,854,,False,66
21349,2021-06-05,1702,14143,12,854,,False,66
21349,2021-06-06,1703,14153,20,854,,False,66
21349,2021-06-07,1704,14164,8,856,,False,66
21349,2021-06-08,1705,14176,4,856,,False,66
21349,2021-06-09,1706,14183,7,856,,False,66
21349,2021-06-10,1707,14193,7,857,,False,66
21349,2021-06-11,1708,14201,11,857,,False,66
21349,2021-06-12,1709,14207,11,857,,False,66
21349,2021-06-13,1710,14219,8,855,,False,66
21349,2021-06-14,1711,14224,22,855,,False,66
21349,2021-06-15,1712,14234,8,855,,False,66
21349,2021-06-16,1713,14246,14,855,,False,66
21349,2021-06-17,1714,14254,12,853,,False,66
21349,2021-06-18,1715,14263,11,853,,False,66
21349,2021-06-19,1716,14274,13,856,,False,66
21349,2021-06-20,1717,14286,9,856,,False,66
21349,2021-06-21,1718,14290,13,857,,False,66
21349,2021-06-22,1719,14294,7,858,,False,66
21349,2021-06-23,1720,14301,7,857,,False,66
21349,2021-06-24,1721,14313,8,857,,False,66
21349,2021-06-25,1722,14322,11,857,,False,66
21349,2021-06-26,1723,14330,18,858,,False,66
21349,2021-06-27,1724,14341,18,859,,False,66
21349,2021-06-28,1725,14353,4,859,,False,66
21349,2021-06-29,1726,14356,10,861,,False,66
21349,2021-06-30,1727,14362,11,859,,False,66
21349,2021-07-01,1728,14369,12,859,,False,66
21349,2021-07-02,1729,14379,11,859,,False,66
21349,2021-07-03,1730,14388,12,858,,False,66
21349,2021-07-04,1731,14394,6,858,,False,66
21349,2021-07-05,1732,14405,19,860,,False,66
21349,2021-07-06,1733,14422,14,862,,False,66
21349,2021-07-07,1734,14435,12,861,,False,66
21349,2021-07-08,1735,14448,15,862,,False,66
21349,2021-07-09,1736,14456,2,860,,False,66
21349,2021-07-10,1737,14464,7,860,,False,66
21349,2021-07-11,1738,14470,11,860,,False,66
21349,2021-07-12,1739,14481,16,861,,False,66
21349,2021-07-13,1740,14497,19,863,,False,66
21349,2021-07-14,1741,14509,15,865,,False,66
21349,2021-07-15,1742,14524,16,865,,False,66
21349,2021-07-16,1743,14536,10,864,,False,66
21349,2021-07-17,1744,14547,5,862,,False,66
21349,2021-07-18,1745,14554,9,863,,False,66
21349,2021-07-19,1746,14564,18,866,,False,66
21349,2021-07-20,1747,14572,12,865,,False,66
21349,2021-07-21,1748,14579,20,865,,False,66
21349,2021-07-22,1749,14588,7,866,,False,66
21349,2021-07-23,1750,14601,10,866,,False,66
21349,2021-07-24,1751,14612,5,864,,False,66
21349,2021-07-25,1752,14624,7,865,,False,66
21349,2021-07-26,1753,14632,10,867,,False,66
21349,2021-07-27,1754,14642,6,867,,False,66
21349,2021-07-28,1755,14651,11,869,,False,66
21349,2021-07-29,1756,14662,19,870,,False,66
21349,2021-07-30,1757,14670,6,873,,False,66
21349,2021-07-31,1758,14676,12,874,,False,66
21349,2021-08-01,1759,14680,14,875,,False,66
21349,2021-08-02,1760,14689,11,876,,False,66
21349,2021-08-03,1761,14695,13,878,,False,66
21349,2021-08-04,1762,14702,6,879,,False,66
21349,2021-08-05,1763,14706,9,878,,False,66
21349,2021-08-06,1764,14715,7,879,,False,66
21349,2021-08-07,1765,14725,5,878,,False,66
21349,2021-08-08,1766,14728,14,878,,False,66
21349,2021-08-09,1767,14738,11,878,,False,66
21349,2021-08-10,1768,14759,10,879,,False,66
21349,2021-08-11,1769,14774,6,883,,False,66
21349,2021-08-12,1770,14777,18,883,,False,66
21349,2021-08-13,1771,14786,14,885,,False,66
21349,2021-08-14,1772,14791,10,885,,False,66
21349,2021-08-15,1773,14796,16,883,,False,66
21349,2021-08-16,1774,14812,7,883,,False,66
21349,2021-08-17,1775,14823,7,883,,False,66
21349,2021-08-18,1776,14836,12,883,,False,66
21349,2021-08-19,1777,14840,9,883,,False,66
21349,2021-08-20,1778,14854,10,884,,False,66
21349,2021-08-21,1779,14861,4,883,,False,66
21349,2021-08-22,1780,14863,15,883,,False,66
21349,2021-08-23,1781,14875,12,884,,False,66
21349,2021-08-24,1782,14881,8,885,,False,66
21349,2021-08-25,1783,14889,8,886,,False,66
21349,2021-08-26,1784,14894,9,886,,False,66
21349,2021-08-27,1785,14899,10,886,,False,66
21349,2021-08-28,1786,14910,3,889,,False,66
21349,2021-08-29,1787,14915,3,889,,False,66
21349,2021-08-30,1788,14920,4,889,,False,66
21349,2021-08-31,1789,14926,11,887,,False,66
21349,2021-09-01,1790,14934,6,887,,False,66
21349,2021-09-02,1791,14942,9,885,,False,66
21349,2021-09-03,1792,14947,7,884,,False,66
21349,2021-09-04,1793,14952,9,885,,False,66
21349,2021-09-05,1794,14958,12,890,,False,66
21349,2021-09-06,1795,14963,5,889,,False,66
21349,2021-09-07,1796,14972,7,890,,False,66
21349,2021-09-08,1797,14982,4,890,,False,66
21349,2021-09-09,1798,14990,7,890,,False,66
21349,2021-09-10,1799,14999,2,890,,False,66
21349,2021-09-11,1800,15004,5,889,,False,66
21349,2021-09-12,1801,15015,4,890,,False,66
21349,2021-09-13,1802,15020,4,891,,False,66
21349,2021-09-14,1803,15024,5,890,,False,66
21349,2021-09-15,1804,15035,5,890,,False,66
21349,2021-09-16,1805,15043,11,890,,False,66
21349,2021-09-17,1806,15052,14,890,,False,66
21349,2021-09-18,1807,15064,6,891,,False,66
21349,2021-09-19,1808,15070,10,891,,False,66
21349,2021-09-20,1809,15077,5,893,,False,66
21349,2021-09-21,1810,15086,6,894,,False,66
21349,2021-09-22,1811,15090,6,893,,False,66
21349,2021-09-23,1812,15099,7,893,,False,66
21349,2021-09-24,1813,15108,2,893,,False,66
21349,2021-09-25,1814,15113,15,894,,False,66
21349,2021-09-26,1815,15120,15,894,,False,66
21349,2021-09-27,1816,15131,12,893,,False,66
21349,2021-09-28,1817,15141,7,893,,False,66
21349,2021-09-29,1818,15146,16,896,,False,66
21349,2021-09-30,1819,15162,1,895,,False,66
21349,2021-10-01,1820,15162,6,895,,False,66
21349,2021-10-03,1822,15178,9,895,,False,66
21349,2021-10-04,1823,15182,8,896,,False,66
21349,2021-10-05,1824,15190,4,896,,False,66
21349,2021-10-06,1825,15197,2,895,,False,66
21349,2021-10-07,1826,15197,4,895,,False,66
21349,2021-10-08,1827,15205,6,896,,False,66
21349,2021-10-09,1828,15209,15,896,,False,66
21349,2021-10-10,1829,15215,11,895,,False,66
21349,2021-10-11,1830,15220,7,894,,False,66
21349,2021-10-12,1831,15224,4,893,,False,66
21349,2021-10-13,1832,15228,8,896,,False,66
21349,2021-10-14,1833,15238,7,897,,False,66
21349,2021-10-15,1834,15245,3,897,,False,66
21349,2021-10-16,1835,15252,10,898,,False,66
21349,2021-10-17,1836,15260,12,897,,False,66
21349,2021-10-18,1837,15270,8,897,,False,66
21349,2021-10-19,1838,15279,2,897,,False,66
21349,2021-10-20,1839,15290,4,897,,False,66
21349,2021-10-21,1840,15300,7,899,,False,66
21349,2021-10-22,1841,15311,7,899,,False,66
21349,2021-10-23,1842,15322,5,899,,False,66
21349,2021-10-24,1843,15330,6,899,,False,66
21349,2021-10-25,1844,15336,1,899,,False,66
21349,2021-10-26,1845,15337,9,899,,False,66
21349,2021-10-27,1846,15346,4,901,,False,66
21349,2021-10-28,1847,15351,1,900,,False,66
21349,2021-10-29,1848,15357,5,900,,False,66
21349,2021-10-30,1849,15362,6,900,,False,66
21349,2021-10-31,1850,15367,9,899,,False,66
21349,2021-11-01,1851,15375,5,898,,False,66
21349,2021-11-02,1852,15381,4,898,,False,66
21349,2021-11-03,1853,15387,4,898,,False,66
21349,2021-11-04,1854,15390,6,899,,False,66
21349,2021-11-05,1855,15394,2,900,,False,66
21349,2021-11-06,1856,15407,7,900,,False,66
21349,2021-11-07,1857,15410,5,901,,False,66
21349,2021-11-08,1858,15421,6,901,,False,66
21349,2021-11-09,1859,15425,4,901,,False,66
21349,2021-11-10,1860,15424,11,902,,False,66
21349,2021-11-11,1861,15429,4,902,,False,66
21349,2021-11-12,1862,15435,3,901,,False,66
21349,2021-11-13,1863,15436,5,901,,False,66
21349,2021-11-14,1864,15444,8,903,,False,66
21349,2021-11-15,1865,15447,3,904,,False,66
21349,2021-11-17,1867,15452,4,905,,False,66
21349,2021-11-18,1868,15458,5,907,,False,66
21349,2021-11-19,1869,15462,4,908,,False,66
21349,2021-11-20,1870,15468,5,908,,False,66
21349,2021-11-21,1871,15475,3,907,,False,66
21349,2021-11-22,1872,15483,4,909,,False,66
21349,2021-11-23,1873,15490,3,909,,False,66
21349,2021-11-24,1874,15495,2,909,,False,66
21349,2021-11-25,1875,15497,2,909,,False,66
21349,2021-11-26,1876,15500,2,911,,False,66
21349,2021-11-27,1877,15504,5,911,,False,66
21349,2021-11-28,1878,15509,6,911,,False,66
21349,2021-11-29,1879,15513,5,910,,False,66
21349,2021-11-30,1880,15524,6,912,,False,66
21349,2021-12-01,1881,15528,4,914,,False,66
21349,2021-12-02,1882,15531,3,913,,False,66
21349,2021-12-03,1883,15533,9,914,,False,66
21349,2021-12-04,1884,15541,3,916,,False,66
21349,2021-12-05,1885,15543,4,916,,False,66
21349,2021-12-06,1886,15548,3,917,,False,66
21349,2021-12-07,1887,15552,12,917,,False,66
21349,2021-12-08,1888,15553,7,919,,False,66
21349,2021-12-09,1889,15560,6,918,,False,66
21349,2021-12-10,1890,15567,4,917,,False,66
21349,2021-12-11,1891,15572,9,917,,False,66
21349,2021-12-12,1892,15580,7,916,,False,66
21349,2021-12-13,1893,15587,9,917,,False,66
21349,2021-12-14,1894,15592,10,917,,False,66
21349,2021-12-15,1895,15602,9,917,,False,66
21349,2021-12-16,1896,15606,11,918,,False,66
21349,2021-12-17,1897,15614,10,918,,False,66
21349,2021-12-18,1898,15622,13,919,,False,66
21349,2021-12-19,1899,15632,11,920,,False,66
21349,2021-12-20,1900,15641,9,919,,False,66
21349,2021-12-21,1901,15648,9,918,,False,66
21349,2021-12-22,1902,15657,6,918,,False,66
21349,2021-12-23,1903,15664,12,919,,False,66
21349,2021-12-24,1904,15669,7,923,,False,66
21349,2021-12-25,1905,15677,15,922,,False,66
21349,2021-12-26,1906,15683,14,923,,False,66
21349,2021-12-27,1907,15687,14,923,,False,66
21349,2021-12-28,1908,15696,13,921,,False,66
21349,2021-12-29,1909,15701,12,920,,False,66
21349,2021-12-30,1910,15713,10,921,,False,66
21349,2021-12-31,1911,15721,3,922,,False,66
21349,2022-01-01,1912,15726,5,922,,False,66
21349,2022-01-02,1913,15731,7,923,,False,66
21349,2022-01-03,1914,15741,3,923,,False,66
21349,2022-01-04,1915,15747,4,922,,False,66
21349,2022-01-05,1916,15753,7,924,,False,66
21349,2022-01-06,1917,15760,4,925,,False,66
21349,2022-01-07,1918,15766,15,925,,False,66
21349,2022-01-08,1919,15775,5,924,,False,66
21349,2022-01-09,1920,15785,6,925,,False,66
21349,2022-01-10,1921,15795,7,925,,False,66
21349,2022-01-11,1922,15806,7,923,,False,66
21349,2022-01-12,1923,15814,8,922,,False,66
21349,2022-01-13,1924,15822,7,923,,False,66
21349,2022-01-14,1925,15835,6,924,,False,66
21349,2022-01-15,1926,15843,9,927,,False,66
21349,2022-01-16,1927,15852,17,928,,False,66
21349,2022-01-17,1928,15863,18,928,,False,66
21349,2022-01-18,1929,15877,10,930,,False,66
21349,2022-01-19,1930,15884,10,927,,False,66
21349,2022-01-20,1931,15897,5,927,,False,66
21349,2022-01-21,1932,15905,5,927,,False,66
21349,2022-01-22,1933,15906,5,928,,False,66
21349,2022-01-23,1934,15921,12,929,,False,66
21349,2022-01-24,1935,15925,16,931,,False,66
21349,2022-01-25,1936,15934,12,931,,False,66
21349,2022-01-26,1937,15938,6,932,,False,66
21349,2022-01-27,1938,15940,4,931,,False,66
21349,2022-01-28,1939,15947,6,931,,False,66
21349,2022-01-29,1940,15953,5,931,,False,66
21349,2022-01-30,1941,15958,2,931,,False,66
21349,2022-01-31,1942,15961,12,931,,False,66
21349,2022-02-01,1943,15970,5,934,,False,66
21349,2022-02-02,1944,15980,7,934,,False,66
21349,2022-02-03,1945,15988,13,935,,False,66
21349,2022-02-04,1946,15996,13,936,,False,66
21349,2022-02-05,1947,16000,6,936,,False,66
21349,2022-02-06,1948,16004,8,936,,False,66
21349,2022-02-07,1949,16007,10,936,,False,66
21349,2022-02-08,1950,16014,14,937,,False,66
21349,2022-02-09,1951,16027,15,939,,False,66
21349,2022-02-10,1952,16032,5,938,,False,66
21349,2022-02-11,1953,16036,5,938,,False,66
21349,2022-02-12,1954,16040,8,938,,False,66
21349,2022-02-13,1955,16049,3,935,,False,66
21349,2022-02-14,1956,16054,8,936,,False,66
21349,2022-02-15,1957,16058,6,936,,False,66
21349,2022-02-16,1958,16063,13,936,,False,66
21349,2022-02-17,1959,16071,3,936,,False,66
21349,2022-02-18,1960,16076,5,936,,False,66
21349,2022-02-19,1961,16085,10,936,,False,66
21349,2022-02-20,1962,16087,7,936,,False,66
21349,2022-02-21,1963,16091,13,936,,False,66
21349,2022-02-22,1964,16103,7,938,,False,66
21349,2022-02-23,1965,16112,5,938,,False,66
21349,2022-02-24,1966,16122,12,938,,False,66
21349,2022-02-25,1967,16130,8,938,,False,66
21349,2022-02-26,1968,16138,2,939,,False,66
21349,2022-02-27,1969,16142,2,938,,False,66
21349,2022-02-28,1970,16146,3,938,,False,66
21349,2022-03-01,1971,16147,5,939,,False,66
21349,2022-03-02,1972,16151,13,939,,False,66
21349,2022-03-03,1973,16162,3,940,,False,66
21349,2022-03-04,1974,16164,5,939,,False,66
21349,2022-03-05,1975,16170,5,938,,False,66
21349,2022-03-06,1976,16176,6,937,,False,66
21349,2022-03-07,1977,16183,8,940,,False,66
21349,2022-03-08,1978,16185,6,940,,False,66
21349,2022-03-09,1979,16191,5,940,,False,66
21349,2022-03-10,1980,16194,8,940,,False,66
21349,2022-03-11,1981,16205,3,940,,False,66
21349,2022-03-12,1982,16210,7,941,,False,66
21349,2022-03-13,1983,16216,5,942,,False,66
21349,2022-03-14,1984,16218,2,939,,False,66
21349,2022-03-15,1985,16221,11,940,,False,66
21349,2022-03-16,1986,16233,2,940,,False,66
21349,2022-03-17,1987,16237,7,941,,False,66
21349,2022-03-18,1988,16244,6,942,,False,66
21349,2022-03-19,1989,16248,6,940,,False,66
21349,2022-03-20,1990,16253,8,939,,False,66
21349,2022-03-21,1991,16262,9,940,,False,66
21349,2022-03-22,1992,16268,9,942,,False,66
21349,2022-03-23,1993,16270,11,940,,False,66
21349,2022-03-24,1994,16280,3,942,,False,66
21349,2022-03-25,1995,16284,5,941,,False,66
21349,2022-03-26,1996,16294,1,943,,False,66
21349,2022-03-27,1997,16294,7,943,,False,66
21349,2022-03-28,1998,16299,8,944,,False,66
21349,2022-03-29,1999,16308,2,945,,False,66
21349,2022-03-31,2001,16320,8,945,,False,66
21349,2022-04-01,2002,16326,7,945,,False,66
21349,2022-04-02,2003,16340,2,947,,False,66
21349,2022-04-03,2004,16340,9,947,,False,66
21349,2022-04-04,2005,16352,8,948,,False,66
21349,2022-04-05,2006,16359,6,948,,False,66
21349,2022-04-06,2007,16368,9,948,,False,66
21349,2022-04-07,2008,16373,4,948,,False,66
21349,2022-04-08,2009,16377,10,948,,False,66
21349,2022-04-09,2010,16385,6,948,,False,66
21349,2022-04-10,2011,16398,5,947,,False,66
21349,2022-04-11,2012,16404,15,945,,False,66
21349,2022-04-12,2013,16411,2,944,,False,66
21349,2022-04-13,2014,16415,9,945,,False,66
21349,2022-04-14,2015,16423,3,946,,False,66
21349,2022-04-15,2016,16429,4,946,,False,66
21349,2022-04-16,2017,16436,4,946,,False,66
21349,2022-04-17,2018,16442,4,945,,False,66
21349,2022-04-18,2019,16455,4,945,,False,66
21349,2022-04-19,2020,16463,4,945,,False,66
21349,2022-04-20,2021,16467,4,945,,False,66
21349,2022-04-21,2022,16474,4,946,,False,66
21349,2022-04-22,2023,16478,6,947,,False,66
21349,2022-04-23,2024,16486,7,948,,False,66
21349,2022-04-24,2025,16495,7,951,,False,66
21349,2022-04-25,2026,16501,6,951,,False,66
21349,2022-04-26,2027,16513,5,952,,False,66
21349,2022-04-27,2028,16521,11,952,,False,66
21349,2022-04-28,2029,16529,7,952,,False,66
21349,2022-04-29,2030,16539,4,950,,False,66
21349,2022-04-30,2031,16544,10,950,,False,66
21349,2022-05-01,2032,16551,10,952,,False,66
21349,2022-05-02,2033,16560,16,953,,False,66
21349,2022-05-03,2034,16567,10,953,,False,66
21349,2022-05-04,2035,16577,5,953,,False,66
21349,2022-05-05,2036,16584,9,954,,False,66
21349,2022-05-06,2037,16594,8,955,,False,66
21349,2022-05-07,2038,16600,8,956,,False,66
21349,2022-05-08,2039,16608,6,955,,False,66
21349,2022-05-09,2040,16615,2,956,,False,66
21349,2022-05-10,2041,16617,4,956,,False,66
21349,2022-05-11,2042,16619,5,958,,False,66
21349,2022-05-12,2043,16627,4,958,,False,66
21349,2022-05-13,2044,16628,4,958,,False,66
21349,2022-05-14,2045,16630,11,958,,False,66
21349,2022-05-15,2046,16637,6,958,,False,66
21349,2022-05-16,2047,16641,11,958,,False,66
21349,2022-05-17,2048,16655,6,957,,False,66
21349,2022-05-18,2049,16661,2,957,,False,66
21349,2022-05-19,2050,16670,7,957,,False,66
21349,2022-05-20,2051,16673,4,957,,False,66
21349,2022-05-21,2052,16673,1,957,,False,66
21349,2022-05-22,2053,16675,12,957,,False,66
21349,2022-05-23,2054,16680,2,961,,False,66
21349,2022-05-24,2055,16686,9,962,,False,66
21349,2022-05-25,2056,16690,6,961,,False,66
21349,2022-05-26,2057,16695,1,961,,False,66
21349,2022-05-27,2058,16695,7,961,,False,66
21349,2022-05-28,2059,16701,6,960,,False,66
21349,2022-05-29,2060,16711,8,961,,False,66
21349,2022-05-30,2061,16726,5,963,,False,66
21349,2022-05-31,2062,16730,10,963,,False,66
21349,2022-06-01,2063,16737,1,962,,False,66
21349,2022-06-02,2064,16743,8,962,,False,66
21349,2022-06-03,2065,16750,3,961,,False,66
21349,2022-06-04,2066,16751,2,962,,False,66
21349,2022-06-05,2067,16752,6,961,,False,66
21349,2022-06-06,2068,16754,7,961,,False,66
21349,2022-06-07,2069,16763,7,963,,False,66
21349,2022-06-08,2070,16770,7,964,,False,66
21349,2022-06-09,2071,16773,5,964,,False,66
21349,2022-06-10,2072,16779,6,965,,False,66
21349,2022-06-11,2073,16787,4,967,,False,66
21349,2022-06-12,2074,16797,8,969,,False,66
21349,2022-06-13,2075,16807,4,972,,False,66
21349,2022-06-14,2076,16815,8,971,,False,66
21349,2022-06-15,2077,16821,8,971,,False,66
21349,2022-06-16,2078,16827,2,972,,False,66
21349,2022-06-17,2079,16833,6,975,,False,66
21349,2022-06-18,2080,16834,3,974,,False,66
21349,2022-06-19,2081,16843,6,975,,False,66
21349,2022-06-20,2082,16849,5,974,,False,66
21349,2022-06-21,2083,16853,5,974,,False,66
21349,2022-06-22,2084,16855,12,977,,False,66
21349,2022-06-23,2085,16862,12,979,,False,66
21349,2022-06-24,2086,16870,10,979,,False,66
21349,2022-06-25,2087,16874,9,981,,False,66
21349,2022-06-26,2088,16882,10,984,,False,66
21349,2022-06-27,2089,16894,5,985,,False,66
21349,2022-06-28,2090,16902,6,987,,False,66
21349,2022-06-29,2091,16907,8,988,,False,66
21349,2022-06-30,2092,16916,7,986,,False,66
21349,2022-07-01,2093,16923,5,987,,False,66
21349,2022-07-02,2094,16926,6,987,,False,66
21349,2022-07-03,2095,16931,8,990,,False,66
21349,2022-07-04,2096,16940,6,993,,False,66
21349,2022-07-05,2097,16941,12,994,,False,66
21349,2022-07-06,2098,16951,6,991,,False,66
21349,2022-07-07,2099,16958,7,989,,False,66
21349,2022-07-08,2100,16964,8,988,,False,66
21349,2022-07-09,2101,16972,10,989,,False,66
21349,2022-07-10,2102,16980,6,990,,False,66
21349,2022-07-11,2103,16982,7,988,,False,66
21349,2022-07-12,2104,16990,1,990,,False,66
21349,2022-07-13,2105,16995,9,991,,False,66
21349,2022-07-14,2106,17000,12,992,,False,66
21349,2022-07-15,2107,17008,4,992,,False,66
21349,2022-07-16,2108,17008,6,991,,False,66
21349,2022-07-17,2109,17009,13,992,,False,66
21349,2022-07-18,2110,17015,9,992,,False,66
21349,2022-07-19,2111,17020,5,992,,False,66
21349,2022-07-20,2112,17025,17,991,,False,66
21349,2022-07-21,2113,17035,4,992,,False,66
21349,2022-07-22,2114,17039,8,992,,False,66
21349,2022-07-23,2115,17049,8,992,,False,66
21349,2022-07-24,2116,17054,9,989,,False,66
21349,2022-07-25,2117,17058,5,987,,False,66
21349,2022-07-26,2118,17067,5,988,,False,66
21349,2022-07-27,2119,17071,3,988,,False,66
21349,2022-07-28,2120,17077,2,990,,False,66
21349,2022-07-29,2121,17082,3,992,,False,66
21349,2022-07-30,2122,17086,9,993,,False,66
21349,2022-07-31,2123,17102,6,995,,False,66
21349,2022-08-01,2124,17105,13,995,,False,66
21349,2022-08-02,2125,17117,4,995,,False,66
21349,2022-08-03,2126,17124,8,996,,False,66
21349,2022-08-04,2127,17131,13,996,,False,66
21349,2022-08-05,2128,17140,8,995,,False,66
21349,2022-08-06,2129,17145,10,996,,False,66
21349,2022-08-07,2130,17152,3,996,,False,66
21349,2022-08-08,2131,17151,3,995,,False,66
21349,2022-08-09,2132,17155,7,995,,False,66
21349,2022-08-10,2133,17163,7,996,,False,66
21349,2022-08-11,2134,17170,18,997,,False,66
21349,2022-08-12,2135,17178,5,997,,False,66
21349,2022-08-13,2136,17183,1,998,,False,66
21349,2022-08-14,2137,17186,3,999,,False,66
21349,2022-08-15,2138,17189,5,997,,False,66
21349,2022-08-16,2139,17196,2,997,,False,66
21349,2022-08-17,2140,17199,3,999,,False,66
21349,2022-08-18,2141,17203,10,1001,,False,66
21349,2022-08-19,2142,17212,6,1000,,False,66
21349,2022-08-20,2143,17220,2,1001,,False,66
21349,2022-08-21,2144,17220,11,1002,,False,66
21349,2022-08-22,2145,17227,2,1002,,False,66
21349,2022-08-23,2146,17231,11,1002,,False,66
21349,2022-08-24,2147,17238,7,1004,,False,66
21349,2022-08-25,2148,17241,8,1004,,False,66
21349,2022-08-26,2149,17247,7,1002,,False,66
21349,2022-08-27,2150,17251,7,1003,,False,66
21349,2022-08-28,2151,17255,4,1003,,False,66
21349,2022-08-29,2152,17260,4,1004,,False,66
21349,2022-08-30,2153,17261,6,1005,,False,66
21349,2022-08-31,2154,17263,11,1005,,False,66
21349,2022-09-01,2155,17268,14,1006,,False,66
21349,2022-09-02,2156,17272,6,1005,,False,66
21349,2022-09-03,2157,17274,4,1003,,False,66
21349,2022-09-04,2158,17275,3,1004,,False,66
21349,2022-09-05,2159,17280,2,1004,,False,66
21349,2022-09-06,2160,17284,7,1004,,False,66
21349,2022-09-07,2161,17289,6,1007,,False,66
21349,2022-09-08,2162,17292,7,1006,,False,66
21349,2022-09-09,2163,17297,5,1006,,False,66
21349,2022-09-10,2164,17305,5,1007,,False,66
21349,2022-09-11,2165,17308,14,1007,,False,66
21349,2022-09-12,2166,17318,8,1009,,False,66
21349,2022-09-13,2167,17325,11,1009,,False,66
21349,2022-09-14,2168,17331,14,1011,,False,66
21349,2022-09-15,2169,17336,13,1013,,False,66
21349,2022-09-16,2170,17347,4,1013,,False,66
21349,2022-09-17,2171,17351,5,1013,,False,66
21349,2022-09-18,2172,17356,4,1013,,False,66
21349,2022-09-19,2173,17360,4,1014,,False,66
21349,2022-09-20,2174,17361,3,1013,,False,66
21349,2022-09-21,2175,17366,6,1014,,False,66
21349,2022-09-22,2176,17373,3,1017,,False,66
21349,2022-09-23,2177,17381,2,1018,,False,66
21349,2022-09-24,2178,17385,12,1018,,False,66
21349,2022-09-25,2179,17392,6,1019,,False,66
21349,2022-09-26,2180,17394,4,1020,,False,66
21349,2022-09-27,2181,17397,8,1020,,False,66
21349,2022-09-28,2182,17398,10,1022,,False,66
21349,2022-09-29,2183,17404,17,1026,,False,66
21349,2022-09-30,2184,17409,7,1026,,False,66
21349,2022-10-01,2185,17415,10,1024,,False,66
21349,2022-10-02,2186,17422,12,1026,,False,66
21349,2022-10-03,2187,17430,6,1025,,False,66
21349,2022-10-04,2188,17438,13,1025,,False,66
21349,2022-10-05,2189,17444,3,1024,,False,66
21349,2022-10-06,2190,17447,6,1024,,False,66
21349,2022-10-07,2191,17449,7,1025,,False,66
21349,2022-10-08,2192,17452,4,1025,,False,66
21349,2022-10-09,2193,17452,5,1025,,False,66
21349,2022-10-10,2194,17454,7,1025,,False,66
21349,2022-10-11,2195,17461,9,1024,,False,66
21349,2022-10-12,2196,17470,7,1022,,False,66
21349,2022-10-13,2197,17478,5,1021,,False,66
21349,2022-10-14,2198,17481,7,1021,,False,66
21349,2022-10-15,2199,17485,20,1021,,False,66
21349,2022-10-16,2200,17495,17,1023,,False,66
21349,2022-10-17,2201,17502,17,1025,,False,66
21349,2022-10-18,2202,17509,8,1025,,False,66
21349,2022-10-19,2203,17510,6,1023,,False,66
21349,2022-10-21,2205,17516,6,1022,,False,66
21349,2022-10-22,2206,17521,7,1021,,False,66
21349,2022-10-23,2207,17530,5,1020,,False,66
21349,2022-10-24,2208,17540,1,1023,,False,66
21349,2022-10-25,2209,17540,4,1023,,False,66
21349,2022-10-26,2210,17544,8,1022,,False,66
21349,2022-10-27,2211,17550,3,1024,,False,66
21349,2022-10-28,2212,17557,4,1025,,False,66
21349,2022-10-29,2213,17555,3,1024,,False,66
21349,2022-10-30,2214,17559,11,1025,,False,66
21349,2022-10-31,2215,17566,7,1026,,False,66
21349,2022-11-01,2216,17575,3,1028,,False,66
21349,2022-11-02,2217,17578,3,1029,,False,66
21349,2022-11-03,2218,17581,4,1029,,False,66
21349,2022-11-04,2219,17586,7,1027,,False,66
21349,2022-11-05,2220,17589,1,1028,,False,66
21349,2022-11-06,2221,17592,5,1029,,False,66
21349,2022-11-07,2222,17598,6,1029,,False,66
21349,2022-11-08,2223,17605,5,1028,,False,66
21349,2022-11-09,2224,17608,2,1027,,False,66
21349,2022-11-10,2225,17613,7,1028,,False,66
21349,2022-11-11,2226,17615,6,1029,,False,66
21349,2022-11-12,2227,17616,3,1029,,False,66
21349,2022-11-13,2228,17616,10,1029,,False,66
21349,2022-11-14,2229,17629,11,1031,,False,66
21349,2022-11-15,2230,17631,2,1029,,False,66
21349,2022-11-16,2231,17638,3,1031,,False,66
21349,2022-11-17,2232,17640,5,1031,,False,66
21349,2022-11-18,2233,17645,9,1031,,False,66
21349,2022-11-19,2234,17645,7,1032,,False,66
21349,2022-11-20,2235,17647,9,1031,,False,66
21349,2022-11-22,2237,17660,2,1030,,False,66
21349,2022-11-23,2238,17662,3,1030,,False,66
21349,2022-11-24,2239,17665,3,1027,,False,66
21349,2022-11-25,2240,17669,6,1027,,False,66
21349,2022-11-26,2241,17675,9,1028,,False,66
21349,2022-11-27,2242,17681,5,1029,,False,66
21349,2022-11-28,2243,17687,7,1029,,False,66
21349,2022-11-29,2244,17690,5,1028,,False,66
21349,2022-11-30,2245,17692,10,1028,,False,66
21349,2022-12-01,2246,17700,2,1028,,False,66
21349,2022-12-02,2247,17702,7,1028,,False,66
21349,2022-12-03,2248,17708,1,1030,,False,66
21349,2022-12-04,2249,17712,10,1030,,False,66
21349,2022-12-05,2250,17718,4,1030,,False,66
21349,2022-12-06,2251,17721,6,1030,,False,66
21349,2022-12-07,2252,17723,7,1030,,False,66
21349,2022-12-08,2253,17729,6,1029,,False,66
21349,2022-12-09,2254,17732,8,1029,,False,66
21349,2022-12-10,2255,17736,4,1031,,False,66
21349,2022-12-11,2256,17740,6,1031,,False,66
21349,2022-12-12,2257,17740,2,1028,,False,66
21349,2022-12-13,2258,17741,3,1028,,False,66
21349,2022-12-14,2259,17747,3,1030,,False,66
21349,2022-12-15,2260,17753,4,1030,,False,66
21349,2022-12-16,2261,17761,4,1028,,False,66
21349,2022-12-17,2262,17766,2,1028,,False,66
21349,2022-12-18,2263,17767,1,1028,,False,66
21349,2022-12-19,2264,17770,4,1028,,False,66
21349,2022-12-20,2265,17776,9,1030,,False,66
21349,2022-12-21,2266,17782,1,1030,,False,66
21349,2022-12-22,2267,17790,2,1031,,False,66
21349,2022-12-23,2268,17792,4,1031,,False,66
21349,2022-12-24,2269,17802,6,1032,,False,66
21349,2022-12-25,2270,17809,5,1032,,False,66
21349,2022-12-26,2271,17811,10,1032,,False,66
21349,2022-12-27,2272,17818,10,1031,,False,66
21349,2022-12-28,2273,17825,9,1030,,False,66
21349,2022-12-29,2274,17829,12,1028,,False,66
21349,2022-12-30,2275,17843,4,1029,,False,66
21349,2022-12-31,2276,17847,8,1030,,False,66
21349,2023-01-01,2277,17854,7,1030,,False,66
21349,2023-01-02,2278,17861,5,1030,,False,66
21349,2023-01-03,2279,17865,5,1031,,False,66
21349,2023-01-04,2280,17872,7,1032,,False,66
21349,2023-01-05,2281,17881,5,1030,,False,66
21349,2023-01-06,2282,17885,10,1029,,False,66
21349,2023-01-07,2283,17893,7,1028,,False,66
21349,2023-01-08,2284,17900,8,1028,,False,66
21349,2023-01-09,2285,17907,15,1030,,False,66
21349,2023-01-10,2286,17915,10,1030,,False,66
21349,2023-01-11,2287,17921,8,1028,,False,66
21349,2023-01-12,2288,17930,2,1027,,False,66
21349,2023-01-13,2289,17931,3,1026,,False,66
21349,2023-01-14,2290,17934,8,1027,,False,66
21349,2023-01-15,2291,17942,6,1027,,False,66
21349,2023-01-16,2292,17947,11,1027,,False,66
21349,2023-01-17,2293,17955,13,1029,,False,66
21349,2023-01-18,2294,17967,4,1029,,False,66
21349,2023-01-19,2295,17969,13,1028,,False,66
21349,2023-01-20,2296,17977,7,1029,,False,66
21349,2023-01-21,2297,17984,7,1028,,False,66
21349,2023-01-22,2298,17992,2,1027,,False,66
21349,2023-01-23,2299,17990,3,1026,,False,66
21349,2023-01-24,2300,17999,2,1026,,False,66
21349,2023-01-25,2301,18004,1,1027,,False,66
21349,2023-01-26,2302,18007,6,1027,,False,66
21349,2023-01-27,2303,18016,2,1028,,False,66
21349,2023-01-28,2304,18019,4,1028,,False,66
21349,2023-01-29,2305,18024,1,1030,,False,66
21349,2023-01-30,2306,18026,2,1030,,False,66
21349,2023-01-31,2307,18031,4,1030,,False,66
21349,2023-02-01,2308,18035,9,1031,,False,66
21349,2023-02-02,2309,18035,6,1029,,False,66
21349,2023-02-03,2310,18043,3,1030,,False,66
21349,2023-02-04,2311,18046,2,1030,,False,66
21349,2023-02-05,2312,18050,6,1030,,False,66
21349,2023-02-06,2313,18055,12,1030,,False,66
21349,2023-02-07,2314,18066,10,1031,,False,66
21349,2023-02-08,2315,18069,8,1031,,False,66
21349,2023-02-09,2316,18078,6,1032,,False,66
21349,2023-02-10,2317,18083,3,1032,,False,66
21349,2023-02-11,2318,18086,3,1032,,False,66
21349,2023-02-12,2319,18087,5,1033,,False,66
21349,2023-02-13,2320,18091,6,1034,,False,66
21349,2023-02-14,2321,18099,5,1034,,False,66
21349,2023-02-15,2322,18102,5,1035,,False,66
21349,2023-02-16,2323,18108,3,1037,,False,66
21349,2023-02-17,2324,18111,1,1037,,False,66
21349,2023-02-18,2325,18111,7,1037,,False,66
21349,2023-02-19,2326,18116,14,1038,,False,66
21349,2023-02-20,2327,18119,8,1041,,False,66
21349,2023-02-21,2328,18123,5,1042,,False,66
21349,2023-02-22,2329,18123,3,1042,,False,66
21349,2023-02-23,2330,18125,10,1043,,False,66
21349,2023-02-24,2331,18132,5,1046,,False,66
21349,2023-02-25,2332,18137,12,1046,,False,66
21349,2023-02-26,2333,18143,6,1046,,False,66
21349,2023-02-27,2334,18146,11,1046,,False,66
21349,2023-02-28,2335,18153,7,1045,,False,66
21349,2023-03-01,2336,18156,7,1046,,False,66
21349,2023-03-02,2337,18158,4,1044,,False,66
21349,2023-03-03,2338,18164,3,1043,,False,66
21349,2023-03-04,2339,18165,5,1043,,False,66
21349,2023-03-05,2340,18167,4,1042,,False,66
21349,2023-03-06,2341,18171,4,1042,,False,66
21349,2023-03-07,2342,18169,9,1043,,False,66
21349,2023-03-08,2343,18176,5,1044,,False,66
21349,2023-03-09,2344,18180,2,1042,,False,66
21349,2023-03-10,2345,18184,2,1044,,False,66
21349,2023-03-11,2346,18187,2,1044,,False,66
21349,2023-03-12,2347,18189,7,1047,,False,66
21349,2023-03-13,2348,18196,8,1047,,False,66
21349,2023-03-15,2350,18202,4,1047,,False,66
21349,2023-03-16,2351,18210,1,1048,,False,66
21349,2023-03-17,2352,18213,3,1048,,False,66
21349,2023-03-18,2353,18216,4,1049,,False,66
21349,2023-03-19,2354,18220,3,1048,,False,66
21349,2023-03-20,2355,18227,12,1048,,False,66
21349,2023-03-21,2356,18229,6,1048,,False,66
21349,2023-03-22,2357,18236,4,1049,,False,66
21349,2023-03-23,2358,18237,10,1049,,False,66
21349,2023-03-24,2359,18242,7,1049,,False,66
21349,2023-03-25,2360,18252,6,1051,,False,66
21349,2023-03-26,2361,18258,7,1052,,False,66
21349,2023-03-27,2362,18268,10,1051,,False,66
21349,2023-03-28,2363,18275,19,1051,,False,66
21349,2023-03-29,2364,18290,12,1055,,False,66
21349,2023-03-30,2365,18302,22,1058,,False,66
21349,2023-03-31,2366,18325,19,1063,,False,66
21349,2023-04-01,2367,18334,22,1065,,False,66
21349,2023-04-02,2368,18356,16,1071,,False,66
21349,2023-04-03,2369,18368,25,1070,,False,66
21349,2023-04-04,2370,18384,13,1074,,False,66
21349,2023-04-05,2371,18393,14,1074,,False,66
21349,2023-04-06,2372,18400,25,1075,,False,66
21349,2023-04-07,2373,18418,17,1081,,False,66
21349,2023-04-08,2374,18420,23,1082,,False,66
21349,2023-04-09,2375,18427,13,1082,,False,66
21349,2023-04-10,2376,18433,8,1082,,False,66
21349,2023-04-11,2377,18439,9,1082,,False,66
21349,2023-04-12,2378,18451,4,1080,,False,66
21349,2023-04-13,2379,18457,2,1080,,False,66
21349,2023-04-14,2380,18458,5,1080,,False,66
21349,2023-04-15,2381,18462,6,1079,,False,66
21349,2023-04-16,2382,18463,9,1079,,False,66
21349,2023-04-17,2383,18474,9,1079,,False,66
21349,2023-04-18,2384,18477,13,1077,,False,66
21349,2023-04-19,2385,18488,15,1079,,False,66
21349,2023-04-20,2386,18501,37,1079,,False,66
21349,2023-04-21,2387,18514,15,1080,,False,66
21349,2023-04-22,2388,18521,21,1080,,False,66
21349,2023-04-23,2389,18537,12,1082,,False,66
21349,2023-04-24,2390,18546,7,1081,,False,66
21349,2023-04-25,2391,18556,6,1081,,False,66
21349,2023-04-26,2392,18558,12,1080,,False,66
21349,2023-04-27,2393,18566,14,1080,,False,66
21349,2023-04-28,2394,18572,6,1082,,False,66
21349,2023-04-29,2395,18581,13,1083,,False,66
21349,2023-04-30,2396,18591,7,1083,,False,66
21349,2023-05-01,2397,18599,5,1084,,False,66
21349,2023-05-02,2398,18604,13,1083,,False,66
21349,2023-05-03,2399,18612,4,1081,,False,66
21349,2023-05-04,2400,18617,4,1081,,False,66
21349,2023-05-05,2401,18622,2,1081,,False,66
21349,2023-05-06,2402,18625,21,1081,,False,66
21349,2023-05-07,2403,18627,10,1083,,False,66
21349,2023-05-08,2404,18635,7,1084,,False,66
21349,2023-05-09,2405,18638,12,1084,,False,66
21349,2023-05-10,2406,18647,7,1084,,False,66
21349,2023-05-11,2407,18653,5,1085,,False,66
21349,2023-05-12,2408,18662,8,1084,,False,66
21349,2023-05-13,2409,18670,9,1084,,False,66
21349,2023-05-14,2410,18706,2,1083,,False,66
21349,2023-05-15,2411,18752,12,1085,,False,66
21349,2023-05-16,2412,18781,6,1085,,False,66
21349,2023-05-17,2413,18791,4,1084,,False,66
21349,2023-05-18,2414,18799,6,1085,,False,66
21349,2023-05-19,2415,18806,2,1086,,False,66
21349,2023-05-20,2416,18814,8,1087,,False,66
21349,2023-05-21,2417,18825,6,1087,,False,66
21349,2023-05-22,2418,18837,2,1087,,False,66
21349,2023-05-23,2419,18839,7,1086,,False,66
21349,2023-05-24,2420,18847,9,1086,,False,66
21349,2023-05-25,2421,18858,11,1088,,False,66
21349,2023-05-26,2422,18866,1,1089,,False,66
21349,2023-05-27,2423,18866,4,1089,,False,66
21349,2023-05-28,2424,18869,3,1088,,False,66
21349,2023-05-29,2425,18873,6,1089,,False,66
21349,2023-05-30,2426,18877,9,1089,,False,66
21349,2023-05-31,2427,18888,5,1093,,False,66
21349,2023-06-01,2428,18889,10,1092,,False,66
21349,2023-06-02,2429,18895,2,1091,,False,66
21349,2023-06-03,2430,18895,10,1091,,False,66
21349,2023-06-04,2431,18904,6,1090,,False,66
21349,2023-06-05,2432,18912,12,1093,,False,66
21349,2023-06-06,2433,18920,6,1093,,False,66
21349,2023-06-07,2434,18922,5,1094,,False,66
21349,2023-06-08,2435,18928,4,1094,,False,66
21349,2023-06-09,2436,18931,8,1094,,False,66
21349,2023-06-10,2437,18936,6,1093,,False,66
21349,2023-06-11,2438,18944,9,1094,,False,66
21349,2023-06-12,2439,18947,3,1092,,False,66
21349,2023-06-13,2440,18952,5,1093,,False,66
21349,2023-06-14,2441,18957,9,1094,,False,66
21349,2023-06-15,2442,18964,3,1095,,False,66
21349,2023-06-16,2443,18965,4,1094,,False,66
21349,2023-06-17,2444,18969,2,1094,,False,66
21349,2023-06-18,2445,18970,3,1094,,False,66
21349,2023-06-19,2446,18971,10,1092,,False,66
21349,2023-06-20,2447,18983,14,1092,,False,66
21349,2023-06-21,2448,18991,2,1093,,False,66
21349,2023-06-22,2449,18994,2,1093,,False,66
21349,2023-06-23,2450,18999,4,1092,,False,66
21349,2023-06-24,2451,19006,5,1094,,False,66
21349,2023-06-25,2452,19011,6,1094,,False,66
21349,2023-06-26,2453,19014,5,1094,,False,66
21349,2023-06-27,2454,19017,13,1092,,False,66
21349,2023-06-28,2455,19027,16,1092,,False,66
21349,2023-06-29,2456,19034,10,1094,,False,66
21349,2023-06-30,2457,19042,8,1094,,False,66
21349,2023-07-01,2458,19051,5,1094,,False,66
21349,2023-07-02,2459,19053,14,1092,,False,66
21349,2023-07-03,2460,19066,10,1093,,False,66
21349,2023-07-04,2461,19072,5,1092,,False,66
21349,2023-07-05,2462,19081,5,1091,,False,66
21349,2023-07-06,2463,19080,8,1092,,False,66
21349,2023-07-07,2464,19089,6,1092,,False,66
21349,2023-07-08,2465,19098,1,1092,,False,66
21349,2023-07-09,2466,19104,12,1092,,False,66
21349,2023-07-10,2467,19109,12,1093,,False,66
21349,2023-07-11,2468,19116,11,1092,,False,66
21349,2023-07-12,2469,19123,4,1093,,False,66
21349,2023-07-13,2470,19131,6,1093,,False,66
21349,2023-07-14,2471,19141,11,1094,,False,66
21349,2023-07-15,2472,19144,17,1099,,False,66
21349,2023-07-16,2473,19151,7,1098,,False,66
21349,2023-07-17,2474,19153,2,1097,,False,66
21349,2023-07-18,2475,19158,6,1097,,False,66
21349,2023-07-19,2476,19161,14,1097,,False,66
21349,2023-07-20,2477,19177,8,1100,,False,66
21349,2023-07-21,2478,19181,9,1102,,False,66
21349,2023-07-22,2479,19187,13,1102,,False,66
21349,2023-07-23,2480,19192,7,1102,,False,66
21349,2023-07-24,2481,19201,4,1102,,False,66
21349,2023-07-25,2482,19205,6,1102,,False,66
21349,2023-07-26,2483,19212,4,1103,,False,66
21349,2023-07-27,2484,19218,7,1103,,False,66
21349,2023-07-28,2485,19224,4,1105,,False,66
21349,2023-07-29,2486,19233,12,1105,,False,66
21349,2023-07-30,2487,19236,4,1107,,False,66
21349,2023-07-31,2488,19239,5,1107,,False,66
21349,2023-08-01,2489,19245,3,1107,,False,66
21349,2023-08-02,2490,19254,1,1108,,False,66
21349,2023-08-03,2491,19258,5,1107,,False,66
21349,2023-08-04,2492,19264,5,1108,,False,66
21349,2023-08-05,2493,19265,5,1109,,False,66
21349,2023-08-06,2494,19271,5,1108,,False,66
21349,2023-08-07,2495,19277,2,1109,,False,66
21349,2023-08-08,2496,19281,8,1107,,False,66
21349,2023-08-09,2497,19288,5,1106,,False,66
21349,2023-08-10,2498,19292,2,1106,,False,66
21349,2023-08-11,2499,19291,2,1105,,False,66
21349,2023-08-12,2500,19294,3,1105,,False,66
21349,2023-08-13,2501,19301,11,1107,,False,66
21349,2023-08-14,2502,19310,5,1107,,False,66
21349,2023-08-15,2503,19314,3,1106,,False,66
21349,2023-08-16,2504,19322,7,1107,,False,66
21349,2023-08-17,2505,19327,1,1107,,False,66
21349,2023-08-18,2506,19331,3,1108,,False,66
21349,2023-08-19,2507,19333,6,1108,,False,66
21349,2023-08-20,2508,19341,1,1110,,False,66
21349,2023-08-21,2509,19346,7,1110,,False,66
21349,2023-08-23,2511,19352,5,1111,,False,66
21349,2023-08-24,2512,19356,9,1112,,False,66
21349,2023-08-25,2513,19360,4,1113,,False,66
21349,2023-08-26,2514,19365,2,1113,,False,66
21349,2023-08-27,2515,19367,6,1113,,False,66
21349,2023-08-28,2516,19372,4,1113,,False,66
21349,2023-08-29,2517,19379,9,1114,,False,66
21349,2023-08-30,2518,19383,9,1112,,False,66
21349,2023-08-31,2519,19389,8,1113,,False,66
21349,2023-09-01,2520,19398,7,1115,,False,66
21349,2023-09-02,2521,19407,9,1116,,False,66
21349,2023-09-03,2522,19416,10,1117,,False,66
21349,2023-09-04,2523,19427,2,1118,,False,66
21349,2023-09-05,2524,19427,9,1118,,False,66
21349,2023-09-06,2525,19435,3,1118,,False,66
21349,2023-09-07,2526,19436,2,1118,,False,66
21349,2023-09-08,2527,19437,9,1118,,False,66
21349,2023-09-09,2528,19445,5,1119,,False,66
21349,2023-09-10,2529,19449,12,1120,,False,66
21349,2023-09-11,2530,19453,8,1120,,False,66
21349,2023-09-12,2531,19458,5,1121,,False,66
21349,2023-09-13,2532,19461,5,1121,,False,66
21349,2023-09-14,2533,19468,6,1123,,False,66
21349,2023-09-15,2534,19473,4,1121,,False,66
21349,2023-09-16,2535,19476,4,1122,,False,66
21349,2023-09-17,2536,19480,3,1123,,False,66
21349,2023-09-18,2537,19484,8,1124,,False,66
21349,2023-09-19,2538,19490,6,1123,,False,66
21349,2023-09-20,2539,19492,3,1120,,False,66
21349,2023-09-21,2540,19495,15,1121,,False,66
21349,2023-09-22,2541,19501,24,1124,,False,66
21349,2023-09-23,2542,19517,13,1127,,False,66
21349,2023-09-24,2543,19525,10,1126,,False,66
21349,2023-09-25,2544,19537,23,1129,,False,66
21349,2023-09-26,2545,19554,9,1133,,False,66
21349,2023-09-27,2546,19560,10,1133,,False,66
21349,2023-09-28,2547,19565,5,1133,,False,66
21349,2023-09-29,2548,19571,6,1130,,False,66
21349,2023-09-30,2549,19577,7,1132,,False,66
21349,2023-10-01,2550,19581,13,1133,,False,66
21349,2023-10-02,2551,19588,12,1134,,False,66
21349,2023-10-03,2552,19595,3,1134,,False,66
21349,2023-10-04,2553,19598,7,1135,,False,66
21349,2023-10-05,2554,19602,7,1135,,False,66
21349,2023-10-06,2555,19610,2,1136,,False,66
21349,2023-10-07,2556,19615,6,1137,,False,66
21349,2023-10-08,2557,19622,8,1137,,False,66
21349,2023-10-09,2558,19625,14,1137,,False,66
21349,2023-10-10,2559,19635,9,1136,,False,66
21349,2023-10-11,2560,19645,7,1138,,False,66
21349,2023-10-12,2561,19649,6,1138,,False,66
21349,2023-10-13,2562,19653,4,1140,,False,66
21349,2023-10-14,2563,19655,9,1137,,False,66
21349,2023-10-15,2564,19667,8,1137,,False,66
21349,2023-10-16,2565,19672,4,1136,,False,66
21349,2023-10-17,2566,19674,5,1135,,False,66
21349,2023-10-18,2567,19681,7,1135,,False,66
21349,2023-10-19,2568,19685,3,1135,,False,66
21349,2023-10-20,2569,19687,6,1135,,False,66
21349,2023-10-21,2570,19687,7,1136,,False,66
21349,2023-10-22,2571,19691,17,1136,,False,66
21349,2023-10-23,2572,19699,8,1137,,False,66
21349,2023-10-24,2573,19702,1,1137,,False,66
21349,2023-10-25,2574,19707,2,1138,,False,66
21349,2023-10-26,2575,19710,10,1140,,False,66
21349,2023-10-27,2576,19716,4,1141,,False,66
21349,2023-10-28,2577,19719,10,1140,,False,66
21349,2023-10-29,2578,19733,3,1142,,False,66
21349,2023-10-30,2579,19733,4,1142,,False,66
21349,2023-10-31,2580,19739,4,1142,,False,66
21349,2023-11-01,2581,19746,7,1141,,False,66
21349,2023-11-02,2582,19754,4,1141,,False,66
21349,2023-11-03,2583,19756,3,1139,,False,66
21349,2023-11-04,2584,19757,2,1139,,False,66
21349,2023-11-05,2585,19763,3,1139,,False,66
21349,2023-11-06,2586,19764,6,1139,,False,66
21349,2023-11-07,2587,19768,4,1137,,False,66
21349,2023-11-08,2588,19776,1,1138,,False,66
21349,2023-11-09,2589,19779,5,1138,,False,66
21349,2023-11-10,2590,19784,2,1139,,False,66
21349,2023-11-11,2591,19787,4,1139,,False,66
21349,2023-11-12,2592,19790,7,1140,,False,66
21349,2023-11-13,2593,19797,8,1141,,False,66
21349,2023-11-15,2595,19809,5,1142,,False,66
21349,2023-11-16,2596,19811,6,1143,,False,66
21349,2023-11-17,2597,19817,3,1142,,False,66
21349,2023-11-18,2598,19818,6,1142,,False,66
21349,2023-11-19,2599,19824,2,1142,,False,66
21349,2023-11-21,2601,19832,2,1143,,False,66
21349,2023-11-22,2602,19839,5,1144,,False,66
21349,2023-11-23,2603,19843,6,1144,,False,66
21349,2023-11-24,2604,19846,3,1144,,False,66
21349,2023-11-25,2605,19852,2,1145,,False,66
21349,2023-11-26,2606,19859,6,1146,,False,66
21349,2023-11-27,2607,19870,9,1147,,False,66
21349,2023-11-28,2608,19878,6,1149,,False,66
21349,2023-11-29,2609,19887,6,1149,,False,66
21349,2023-11-30,2610,19891,2,1149,,False,66
21349,2023-12-01,2611,19896,2,1149,,False,66
21349,2023-12-02,2612,19897,4,1149,,False,66
21349,2023-12-03,2613,19901,4,1149,,False,66
21349,2023-12-04,2614,19906,4,1149,,False,66
21349,2023-12-05,2615,19910,6,1149,,False,66
21349,2023-12-06,2616,19917,2,1149,,False,66
21349,2023-12-07,2617,19917,4,1149,,False,66
21349,2023-12-08,2618,19920,2,1149,,False,66
21349,2023-12-09,2619,19925,4,1150,,False,66
21349,2023-12-10,2620,19930,8,1152,,False,66
21349,2023-12-11,2621,19940,3,1155,,False,66
21349,2023-12-12,2622,19948,3,1155,,False,66
21349,2023-12-13,2623,19951,12,1155,,False,66
21349,2023-12-14,2624,19959,2,1153,,False,66
21349,2023-12-15,2625,19968,5,1154,,False,66
21349,2023-12-16,2626,19971,4,1153,,False,66
21349,2023-12-17,2627,19975,3,1153,,False,66
21349,2023-12-18,2628,19979,6,1153,,False,66
21349,2023-12-19,2629,19985,4,1155,,False,66
21349,2023-12-20,2630,19989,5,1156,,False,66
21349,2023-12-21,2631,19994,4,1157,,False,66
21349,2023-12-22,2632,20002,10,1158,,False,66
21349,2023-12-23,2633,20008,6,1158,,False,66
21349,2023-12-24,2634,20014,5,1157,,False,66
21349,2023-12-25,2635,20018,6,1157,,False,66
21349,2023-12-26,2636,20024,8,1157,,False,66
21349,2023-12-27,2637,20029,3,1157,,False,66
21349,2023-12-28,2638,20033,4,1158,,False,66
21349,2023-12-29,2639,20038,5,1158,,False,66
21349,2023-12-30,2640,20043,5,1159,,False,66
21349,2023-12-31,2641,20047,11,1160,,False,66
21349,2024-01-01,2642,20053,6,1160,,False,66
21349,2024-01-02,2643,20059,3,1160,,False,66
21349,2024-01-03,2644,20063,5,1159,,False,66
21349,2024-01-04,2645,20071,4,1159,,False,66
21349,2024-01-05,2646,20074,7,1159,,False,66
21349,2024-01-06,2647,20080,7,1160,,False,66
21349,2024-01-07,2648,20085,3,1160,,False,66
21349,2024-01-08,2649,20089,4,1160,,False,66
21349,2024-01-09,2650,20093,6,1162,,False,66
21349,2024-01-10,2651,20102,8,1164,,False,66
21349,2024-01-11,2652,20111,1,1164,,False,66
21349,2024-01-12,2653,20116,1,1164,,False,66
21349,2024-01-13,2654,20120,15,1165,,False,66
21349,2024-01-14,2655,20124,5,1165,,False,66
21349,2024-01-15,2656,20126,4,1164,,False,66
21349,2024-01-16,2657,20129,8,1163,,False,66
21349,2024-01-18,2659,20143,3,1165,,False,66
21349,2024-01-19,2660,20146,4,1165,,False,66
21349,2024-01-20,2661,20148,13,1166,,False,66
21349,2024-01-21,2662,20158,9,1167,,False,66
21349,2024-01-22,2663,20166,8,1168,,False,66
21349,2024-01-23,2664,20171,7,1168,,False,66
21349,2024-01-24,2665,20180,4,1170,,False,66
21349,2024-01-25,2666,20182,4,1169,,False,66
21349,2024-01-26,2667,20187,9,1167,,False,66
21349,2024-01-27,2668,20195,9,1165,,False,66
21349,2024-01-28,2669,20203,19,1168,,False,66
21349,2024-01-29,2670,20208,9,1168,,False,66
21349,2024-01-30,2671,20213,8,1168,,False,66
21349,2024-01-31,2672,20219,10,1170,,False,66
21349,2024-02-01,2673,20225,9,1170,,False,66
21349,2024-02-02,2674,20229,9,1171,,False,66
21349,2024-02-03,2675,20236,9,1170,,False,66
21349,2024-02-04,2676,20245,3,1169,,False,66
21349,2024-02-05,2677,20248,3,1168,,False,66
21349,2024-02-06,2678,20255,5,1168,,False,66
21349,2024-02-07,2679,20258,3,1167,,False,66
21349,2024-02-08,2680,20265,3,1167,,False,66
21349,2024-02-10,2682,20269,11,1167,,False,66
21349,2024-02-11,2683,20271,10,1167,,False,66
21349,2024-02-12,2684,20275,2,1167,,False,66
21349,2024-02-13,2685,20279,2,1167,,False,66
21349,2024-02-14,2686,20282,9,1167,,False,66
21349,2024-02-15,2687,20292,2,1167,,False,66
21349,2024-02-16,2688,20295,2,1169,,False,66
21349,2024-02-17,2689,20300,2,1171,,False,66
21349,2024-02-18,2690,20307,5,1171,,False,66
21349,2024-02-19,2691,20309,3,1171,,False,66
21349,2024-02-20,2692,20313,6,1172,,False,66
21349,2024-02-21,2693,20322,2,1174,,False,66
21349,2024-02-22,2694,20325,2,1173,,False,66
21349,2024-02-23,2695,20330,1,1175,,False,66
21349,2024-02-24,2696,20333,1,1175,,False,66
21349,2024-02-25,2697,20335,6,1175,,False,66
21349,2024-02-27,2699,20338,1,1173,,False,66
21349,2024-02-28,2700,20340,4,1173,,False,66
21349,2024-02-29,2701,20342,1,1173,,False,66
21349,2024-03-01,2702,20346,8,1173,,False,66
21349,2024-03-02,2703,20349,9,1175,,False,66
21349,2024-03-03,2704,20356,2,1175,,False,66
21349,2024-03-04,2705,20357,6,1174,,False,66
21349,2024-03-05,2706,20367,2,1176,,False,66
21349,2024-03-06,2707,20368,3,1175,,False,66
21349,2024-03-07,2708,20380,5,1175,,False,66
21349,2024-03-08,2709,20381,2,1175,,False,66
21349,2024-03-09,2710,20385,5,1174,,False,66
21349,2024-03-10,2711,20392,2,1175,,False,66
21349,2024-03-11,2712,20399,1,1176,,False,66
21349,2024-03-12,2713,20403,2,1175,,False,66
21349,2024-03-14,2715,20415,5,1177,,False,66
21349,2024-03-15,2716,20420,3,1177,,False,66
21349,2024-03-16,2717,20425,5,1178,,False,66
21349,2024-03-17,2718,20432,7,1179,,False,66
21349,2024-03-18,2719,20436,1,1179,,False,66
21349,2024-03-19,2720,20436,3,1178,,False,66
21349,2024-03-20,2721,20438,1,1178,,False,66
21349,2024-03-21,2722,20439,1,1181,,False,66
21349,2024-03-22,2723,20439,6,1181,,False,66
21349,2024-03-23,2724,20447,2,1181,,False,66
21349,2024-03-25,2726,20452,2,1182,,False,66
21349,2024-03-26,2727,20454,1,1182,,False,66
21349,2024-03-27,2728,20456,2,1182,,False,66
21349,2024-03-28,2729,20460,3,1182,,False,66
21349,2024-03-29,2730,20464,5,1182,,False,66
21349,2024-03-31,2732,20471,6,1182,,False,66
21349,2024-04-01,2733,20482,8,1182,,False,66
21349,2024-04-02,2734,20491,7,1182,,False,66
21349,2024-04-03,2735,20496,3,1182,,False,66
21349,2024-04-04,2736,20496,7,1182,,False,66
21349,2024-04-05,2737,20508,8,1181,,False,66
21349,2024-04-06,2738,20512,9,1182,,False,66
21349,2024-04-07,2739,20512,8,1182,,False,66
21349,2024-04-08,2740,20523,9,1183,,False,66
21349,2024-04-09,2741,20523,16,1183,,False,66
21349,2024-04-10,2742,20545,5,1181,,False,66
21349,2024-04-11,2743,20551,10,1182,,False,66
21349,2024-04-12,2744,20559,12,1183,,False,66
21349,2024-04-13,2745,20565,5,1183,,False,66
21349,2024-04-14,2746,20570,6,1181,,False,66
21349,2024-04-15,2747,20571,1,1180,,False,66
21349,2024-04-16,2748,20574,2,1180,,False,66
21349,2024-04-17,2749,20577,4,1181,,False,66
21349,2024-04-18,2750,20583,7,1181,,False,66
21349,2024-04-19,2751,20592,3,1181,,False,66
21349,2024-04-20,2752,20597,5,1183,,False,66
21349,2024-04-21,2753,20605,5,1183,,False,66
21349,2024-04-22,2754,20608,1,1183,,False,66
21349,2024-04-23,2755,20608,3,1183,,False,66
21349,2024-04-24,2756,20611,2,1184,,False,66
21349,2024-04-25,2757,20610,6,1182,,False,66
21349,2024-04-27,2759,20618,2,1184,,False,66
21349,2024-04-28,2760,20622,5,1186,,False,66
21349,2024-04-29,2761,20627,1,1187,,False,66
21349,2024-04-30,2762,20631,2,1188,,False,66
21349,2024-05-01,2763,20634,4,1188,,False,66
21349,2024-05-02,2764,20636,4,1187,,False,66
21349,2024-05-03,2765,20639,13,1188,,False,66
21349,2024-05-04,2766,20651,2,1188,,False,66
21349,2024-05-05,2767,20653,4,1187,,False,66
21349,2024-05-06,2768,20660,3,1188,,False,66
21349,2024-05-07,2769,20665,10,1188,,False,66
21349,2024-05-08,2770,20669,8,1188,,False,66
21349,2024-05-09,2771,20672,3,1188,,False,66
21349,2024-05-10,2772,20678,7,1188,,False,66
21349,2024-05-11,2773,20680,8,1187,,False,66
21349,2024-05-12,2774,20685,14,1187,,False,66
21349,2024-05-13,2775,20693,3,1191,,False,66
21349,2024-05-14,2776,20695,3,1192,,False,66
21349,2024-05-15,2777,20699,14,1192,,False,66
21349,2024-05-16,2778,20706,3,1193,,False,66
21349,2024-05-17,2779,20709,2,1193,,False,66
21349,2024-05-18,2780,20710,5,1193,,False,66
21349,2024-05-19,2781,20714,3,1192,,False,66
21349,2024-05-20,2782,20718,4,1193,,False,66
21349,2024-05-21,2783,20718,6,1193,,False,66
21349,2024-05-22,2784,20724,4,1194,,False,66
21349,2024-05-23,2785,20731,3,1195,,False,66
21349,2024-05-24,2786,20731,3,1194,,False,66
21349,2024-05-25,2787,20735,3,1192,,False,66
21349,2024-05-26,2788,20741,8,1193,,False,66
21349,2024-05-27,2789,20748,3,1193,,False,66
21349,2024-05-28,2790,20747,3,1191,,False,66
21349,2024-05-29,2791,20747,5,1191,,False,66
21349,2024-05-30,2792,20757,1,1191,,False,66
21349,2024-05-31,2793,20763,3,1192,,False,66
21349,2024-06-01,2794,20765,2,1192,,False,66
21349,2024-06-02,2795,20769,2,1192,,False,66
21349,2024-06-03,2796,20773,2,1192,,False,66
21349,2024-06-04,2797,20777,3,1193,,False,66
21349,2024-06-05,2798,20782,3,1193,,False,66
21349,2024-06-06,2799,20785,4,1193,,False,66
21349,2024-06-07,2800,20785,2,1193,,False,66
21349,2024-06-08,2801,20790,1,1194,,False,66
21349,2024-06-09,2802,20790,8,1194,,False,66
21349,2024-06-10,2803,20797,3,1196,,False,66
21349,2024-06-11,2804,20799,4,1197,,False,66
21349,2024-06-12,2805,20799,8,1197,,False,66
21349,2024-06-13,2806,20802,14,1197,,False,66
21349,2024-06-14,2807,20810,4,1199,,False,66
21349,2024-06-15,2808,20818,1,1198,,False,66
21349,2024-06-16,2809,20818,4,1198,,False,66
21349,2024-06-17,2810,20826,3,1196,,False,66
21349,2024-06-18,2811,20830,4,1195,,False,66
21349,2024-06-19,2812,20830,3,1195,,False,66
21349,2024-06-20,2813,20835,5,1196,,False,66
21349,2024-06-21,2814,20835,10,1196,,False,66
21349,2024-06-22,2815,20836,8,1196,,False,66
21349,2024-06-23,2816,20839,5,1195,,False,66
21349,2024-06-24,2817,20845,11,1195,,False,66
21349,2024-06-25,2818,20850,3,1195,,False,66
21349,2024-06-26,2819,20853,7,1194,,False,66
21349,2024-06-27,2820,20858,4,1195,,False,66
21349,2024-06-28,2821,20858,7,1195,,False,66
21349,2024-06-29,2822,20862,4,1194,,False,66
21349,2024-06-30,2823,20869,7,1194,,False,66
21349,2024-07-01,2824,20877,6,1194,,False,66
21349,2024-07-02,2825,20877,6,1194,,False,66
21349,2024-07-03,2826,20885,3,1194,,False,66
21349,2024-07-04,2827,20887,3,1194,,False,66
21349,2024-07-05,2828,20890,6,1194,,False,66
21349,2024-07-06,2829,20890,10,1194,,False,66
21349,2024-07-07,2830,20898,3,1194,,False,66
21349,2024-07-08,2831,20898,12,1194,,False,66
21349,2024-07-09,2832,20898,6,1194,,False,66
21349,2024-07-10,2833,20910,2,1190,,False,66
21349,2024-07-11,2834,20910,7,1190,,False,66
21349,2024-07-12,2835,20915,7,1189,,False,66
21349,2024-07-13,2836,20926,4,1189,,False,66
21349,2024-07-14,2837,20926,8,1189,,False,66
21349,2024-07-15,2838,20932,4,1191,,False,66
21349,2024-07-16,2839,20936,7,1190,,False,66
21349,2024-07-17,2840,20938,6,1191,,False,66
21349,2024-07-18,2841,20945,3,1190,,False,66
21349,2024-07-19,2842,20950,1,1192,,False,66
21349,2024-07-20,2843,20950,2,1192,,False,66
21349,2024-07-21,2844,20954,10,1193,,False,66
21349,2024-07-22,2845,20959,4,1193,,False,66
21349,2024-07-23,2846,20959,5,1193,,False,66
21349,2024-07-25,2848,20965,3,1193,,False,66
21349,2024-07-26,2849,20975,2,1193,,False,66
21349,2024-07-27,2850,20977,6,1193,,False,66
21349,2024-07-28,2851,20977,15,1193,,False,66
21349,2024-07-29,2852,20981,3,1197,,False,66
21349,2024-07-30,2853,20981,1,1197,,False,66
21349,2024-07-31,2854,20989,9,1197,,False,66
21349,2024-08-01,2855,20995,7,1198,,False,66
21349,2024-08-02,2856,20995,6,1198,,False,66
21349,2024-08-03,2857,21004,6,1199,,False,66
21349,2024-08-04,2858,21013,2,1198,,False,66
21349,2024-08-06,2860,21015,5,1200,,False,66
21349,2024-08-07,2861,21023,2,1200,,False,66
21349,2024-08-08,2862,21029,5,1199,,False,66
21349,2024-08-09,2863,21033,2,1198,,False,66
21349,2024-08-10,2864,21033,2,1198,,False,66
21349,2024-08-11,2865,21042,2,1199,,False,66
21349,2024-08-12,2866,21047,3,1199,,False,66
21349,2024-08-13,2867,21056,7,1200,,False,66
21349,2024-08-14,2868,21063,4,1200,,False,66
21349,2024-08-15,2869,21063,4,1200,,False,66
21349,2024-08-16,2870,21067,6,1198,,False,66
21349,2024-08-17,2871,21073,5,1199,,False,66
21349,2024-08-18,2872,21074,2,1199,,False,66
21349,2024-08-19,2873,21077,3,1200,,False,66
21349,2024-08-20,2874,21081,3,1200,,False,66
21349,2024-08-21,2875,21089,5,1202,,False,66
21349,2024-08-22,2876,21089,8,1202,,False,66
21349,2024-08-23,2877,21102,6,1202,,False,66
21349,2024-08-24,2878,21105,5,1203,,False,66
21349,2024-08-25,2879,21105,10,1203,,False,66
21349,2024-08-26,2880,21110,5,1204,,False,66
21349,2024-08-27,2881,21121,12,1205,,False,66
21349,2024-08-28,2882,21121,7,1205,,False,66
21349,2024-08-29,2883,21195,8,1220,,False,66
21349,2024-08-30,2884,21209,9,1221,,False,66
21349,2024-08-31,2885,21222,8,1220,,False,66
21349,2024-09-01,2886,21234,1,1222,,False,66
21349,2024-09-02,2887,21248,4,1222,,False,66
21349,2024-09-03,2888,21248,6,1222,,False,66
21349,2024-09-04,2889,21262,3,1222,,False,66
21349,2024-09-05,2890,21265,6,1225,,False,66
21349,2024-09-06,2891,21265,5,1225,,False,66
21349,2024-09-07,2892,21274,7,1224,,False,66
21349,2024-09-08,2893,21286,3,1225,,False,66
21349,2024-09-09,2894,21286,8,1225,,False,66
21349,2024-09-10,2895,21292,3,1225,,False,66
21349,2024-09-11,2896,21303,6,1225,,False,66
21349,2024-09-12,2897,21312,5,1229,,False,66
21349,2024-09-13,2898,21312,5,1229,,False,66
21349,2024-09-14,2899,21323,5,1232,,False,66
21349,2024-09-15,2900,21327,7,1231,,False,66
21349,2024-09-16,2901,21332,7,1231,,False,66
21349,2024-09-17,2902,21336,6,1231,,False,66
21349,2024-09-18,2903,21340,4,1231,,False,66
21349,2024-09-19,2904,21349,1,1233,,False,66
21349,2024-09-20,2905,21350,3,1233,,False,66
21349,2024-09-21,2906,21356,2,1233,,False,66
21349,2024-09-22,2907,21363,1,1235,,False,66
21349,2024-09-23,2908,21369,13,1235,,False,66
21349,2024-09-24,2909,21376,4,1238,,False,66
21349,2024-09-25,2910,21380,4,1238,,False,66
21349,2024-09-26,2911,21383,6,1238,,False,66
21349,2024-09-27,2912,21387,4,1239,,False,66
21349,2024-09-28,2913,21392,4,1239,,False,66
21349,2024-09-29,2914,21400,4,1240,,False,66
21349,2024-10-01,2916,21409,3,1241,,False,66
21349,2024-10-02,2917,21412,6,1242,,False,66
21349,2024-10-03,2918,21419,1,1241,,False,66
21349,2024-10-04,2919,21422,6,1241,,False,66
21349,2024-10-05,2920,21423,8,1241,,False,66
21349,2024-10-06,2921,21436,2,1242,,False,66
21349,2024-10-07,2922,21442,23,1241,,False,66
21349,2024-10-08,2923,21458,36,1249,,False,66
21349,2024-10-09,2924,21479,38,1256,,False,66
21349,2024-10-10,2925,21498,16,1260,,False,66
21349,2024-10-11,2926,21506,29,1262,,False,66
21349,2024-10-12,2927,21521,22,1266,,False,66
21349,2024-10-13,2928,21529,20,1268,,False,66
21349,2024-10-14,2929,21541,19,1269,,False,66
21349,2024-10-15,2930,21557,22,1274,,False,66
21349,2024-10-16,2931,21569,18,1277,,False,66
21349,2024-10-17,2932,21574,13,1279,,False,66
21349,2024-10-18,2933,21581,12,1278,,False,66
21349,2024-10-19,2934,21591,11,1281,,False,66
21349,2024-10-20,2935,21596,17,1282,,False,66
21349,2024-10-21,2936,21599,12,1285,,False,66
21349,2024-10-22,2937,21609,3,1283,,False,66
21349,2024-10-23,2938,21616,3,1285,,False,66
21349,2024-10-24,2939,21620,6,1286,,False,66
21349,2024-10-25,2940,21628,7,1286,,False,66
21349,2024-10-26,2941,21639,9,1287,,False,66
21349,2024-10-27,2942,21647,5,1290,,False,66
21349,2024-10-28,2943,21654,7,1290,,False,66
21349,2024-10-29,2944,21662,4,1290,,False,66
21349,2024-10-30,2945,21665,8,1290,,False,66
21349,2024-10-31,2946,21675,3,1293,,False,66
21349,2024-11-01,2947,21675,5,1293,,False,66
21349,2024-11-02,2948,21684,19,1296,,False,66
21349,2024-11-03,2949,21696,17,1297,,False,66
21349,2024-11-04,2950,21700,10,1293,,False,66
21349,2024-11-05,2951,21708,11,1296,,False,66
21349,2024-11-06,2952,21714,5,1294,,False,66
21349,2024-11-07,2953,21723,4,1293,,False,66
21349,2024-11-08,2954,21727,3,1292,,False,66
21349,2024-11-09,2955,21735,6,1292,,False,66
21349,2024-11-10,2956,21739,3,1291,,False,66
21349,2024-11-11,2957,21744,2,1292,,False,66
21349,2024-11-12,2958,21748,9,1291,,False,66
21349,2024-11-13,2959,21752,6,1291,,False,66
21349,2024-11-14,2960,21756,4,1294,,False,66
21349,2024-11-15,2961,21762,3,1294,,False,66
21349,2024-11-16,2962,21763,4,1294,,False,66
21349,2024-11-17,2963,21769,6,1294,,False,66
21349,2024-11-18,2964,21769,7,1294,,False,66
21349,2024-11-19,2965,21786,5,1294,,False,66
21349,2024-11-26,2972,21824,5,1299,,False,66
21349,2024-11-27,2973,21834,7,1299,,False,66
21349,2024-11-28,2974,21838,1,1300,,False,66
21349,2024-11-29,2975,21841,5,1299,,False,66
21349,2024-11-30,2976,21849,4,1297,,False,66
21349,2024-12-01,2977,21853,4,1298,,False,66
21349,2024-12-02,2978,21857,4,1298,,False,66
21349,2024-12-03,2979,21863,1,1299,,False,66
21349,2024-12-04,2980,21870,1,1299,,False,66
21349,2024-12-05,2981,21877,1,1298,,False,66
21349,2024-12-06,2982,21882,5,1297,,False,66
21349,2024-12-07,2983,21887,2,1296,,False,66
21349,2024-12-08,2984,21895,3,1296,,False,66
21349,2024-12-09,2985,21899,8,1297,,False,66
21349,2024-12-10,2986,21909,3,1297,,False,66
21349,2024-12-11,2987,21917,1,1298,,False,66
21349,2024-12-12,2988,21919,4,1296,,False,66
21349,2024-12-13,2989,21925,5,1296,,False,66
21349,2024-12-14,2990,21928,3,1296,,False,66
21349,2024-12-15,2991,21932,8,1296,,False,66
21349,2024-12-16,2992,21938,3,1296,,False,66
21349,2024-12-17,2993,21941,2,1296,,False,66
21349,2024-12-18,2994,21943,4,1296,,False,66
21349,2024-12-19,2995,21948,4,1296,,False,66
21349,2024-12-20,2996,21954,5,1297,,False,66
21349,2024-12-21,2997,21959,9,1296,,False,66
21349,2024-12-22,2998,21959,5,1296,,False,66
21349,2024-12-23,2999,21961,15,1296,,False,66
21349,2024-12-24,3000,21969,10,1294,,False,66
21349,2024-12-25,3001,21976,3,1293,,False,66
21349,2024-12-26,3002,21979,8,1294,,False,66
21349,2024-12-27,3003,21985,12,1294,,False,66
21349,2024-12-28,3004,21992,7,1298,,False,66
21349,2024-12-29,3005,21997,8,1298,,False,66
21349,2024-12-30,3006,22004,14,1296,,False,66
21349,2024-12-31,3007,22008,7,1296,,False,66
21349,2025-01-01,3008,22015,6,1297,,False,66
21349,2025-01-02,3009,22020,2,1298,,False,66
21349,2025-01-03,3010,22023,2,1299,,False,66
21349,2025-01-04,3011,22026,4,1299,,False,66
21349,2025-01-05,3012,22030,8,1298,,False,66
21349,2025-01-06,3013,22040,1,1298,,False,66
21349,2025-01-07,3014,22048,3,1299,,False,66
21349,2025-01-08,3015,22049,9,1300,,False,66
21349,2025-01-09,3016,22057,10,1299,,False,66
21349,2025-01-10,3017,22068,7,1297,,False,66
21349,2025-01-11,3018,22074,4,1295,,False,66
21349,2025-01-12,3019,22081,4,1294,,False,66
21349,2025-01-13,3020,22088,6,1294,,False,66
21349,2025-01-14,3021,22099,2,1294,,False,66
21349,2025-01-16,3023,22104,5,1294,,False,66
21349,2025-01-17,3024,22108,1,1294,,False,66
21349,2025-01-18,3025,22113,3,1293,,False,66
21349,2025-01-20,3027,22120,10,1293,,False,66
21349,2025-01-21,3028,22129,8,1295,,False,66
21349,2025-01-22,3029,22134,3,1296,,False,66
21349,2025-01-23,3030,22138,9,1295,,False,66
21349,2025-01-24,3031,22142,5,1296,,False,66
21349,2025-01-25,3032,22142,3,1294,,False,66
21349,2025-01-26,3033,22147,3,1293,,False,66
21349,2025-01-27,3034,22156,3,1293,,False,66
21349,2025-01-28,3035,22160,3,1294,,False,66
21349,2025-01-29,3036,22161,10,1294,,False,66
21349,2025-01-30,3037,22173,1,1299,,False,66
21349,2025-01-31,3038,22176,4,1299,,False,66
21349,2025-02-01,3039,22178,4,1300,,False,66
21349,2025-02-02,3040,22180,2,1299,,False,66
21349,2025-02-03,3041,22182,11,1300,,False,66
21349,2025-02-04,3042,22190,4,1298,,False,66
21349,2025-02-05,3043,22193,3,1298,,False,66
21349,2025-02-06,3044,22197,1,1297,,False,66
21349,2025-02-07,3045,22204,4,1299,,False,66
21349,2025-02-08,3046,22208,3,1299,,False,66
21349,2025-02-09,3047,22211,5,1299,,False,66
21349,2025-02-10,3048,22219,4,1299,,False,66
21349,2025-02-11,3049,22227,2,1300,,False,66
21349,2025-02-12,3050,22230,3,1302,,False,66
21349,2025-02-13,3051,22234,9,1301,,False,66
21349,2025-02-14,3052,22240,3,1302,,False,66
21349,2025-02-15,3053,22246,3,1304,,False,66
21349,2025-02-16,3054,22248,3,1303,,False,66
21349,2025-02-17,3055,22255,5,1306,,False,66
21349,2025-02-18,3056,22258,2,1306,,False,66
21349,2025-02-19,3057,22263,4,1307,,False,66
21349,2025-02-20,3058,22266,16,1307,,False,66
21349,2025-02-21,3059,22277,9,1307,,False,66
21349,2025-02-22,3060,22278,8,1307,,False,66
21349,2025-02-23,3061,22285,16,1306,,False,66
21349,2025-02-24,3062,22294,9,1308,,False,66
21349,2025-02-25,3063,22296,6,1309,,False,66
21349,2025-02-26,3064,22302,3,1308,,False,66
21349,2025-02-27,3065,22304,4,1308,,False,66
21349,2025-02-28,3066,22311,8,1309,,False,66
21349,2025-03-01,3067,22317,3,1310,,False,66
21349,2025-03-02,3068,22321,6,1311,,False,66
21349,2025-03-03,3069,22327,2,1311,,False,66
21349,2025-03-04,3070,22337,9,1312,,False,66
21349,2025-03-05,3071,22347,15,1313,,False,66
21349,2025-03-06,3072,22355,7,1314,,False,66
21349,2025-03-07,3073,22359,6,1314,,False,66
21349,2025-03-08,3074,22361,12,1313,,False,66
21349,2025-03-09,3075,22374,8,1313,,False,66
21349,2025-03-10,3076,22383,9,1315,,False,66
21349,2025-03-11,3077,22390,7,1314,,False,66
21349,2025-03-12,3078,22392,3,1314,,False,66
21349,2025-03-14,3080,22402,5,1313,,False,66
21349,2025-03-15,3081,22405,4,1314,,False,66
21349,2025-03-16,3082,22408,5,1314,,False,66
21349,2025-03-17,3083,22414,7,1315,,False,66
21349,2025-03-18,3084,22418,4,1315,,False,66
21349,2025-03-19,3085,22430,3,1318,,False,66
21349,2025-03-20,3086,22435,7,1318,,False,66
21349,2025-03-21,3087,22441,5,1319,,False,66
21349,2025-03-22,3088,22447,2,1318,,False,66
21349,2025-03-23,3089,22449,9,1319,,False,66
21349,2025-03-24,3090,22456,12,1319,,False,66
21349,2025-03-25,3091,22464,9,1321,,False,66
21349,2025-03-26,3092,22473,5,1320,,False,66
21349,2025-03-27,3093,22482,14,1320,,False,66
21349,2025-03-28,3094,22504,6,1323,,False,66
21349,2025-03-29,3095,22511,6,1324,,False,66
21349,2025-03-30,3096,22519,5,1324,,False,66
21349,2025-03-31,3097,22519,4,1324,,False,66
21349,2025-04-01,3098,22533,2,1324,,False,66
21349,2025-04-02,3099,22539,3,1324,,False,66
21349,2025-04-03,3100,22578,2,1325,,False,66
21349,2025-04-04,3101,22612,4,1325,,False,66
21349,2025-04-05,3102,22625,13,1324,,False,66
21349,2025-04-06,3103,22645,5,1325,,False,66
21349,2025-04-07,3104,22664,4,1323,,False,66
21349,2025-04-08,3105,22668,7,1322,,False,66
21349,2025-04-09,3106,22679,6,1323,,False,66
21349,2025-04-10,3107,22690,1,1323,,False,66
21349,2025-04-11,3108,22695,8,1323,,False,66
21349,2025-04-12,3109,22704,6,1323,,False,66
21349,2025-04-13,3110,22704,7,1323,,False,66
21349,2025-04-14,3111,22719,3,1327,,False,66
21349,2025-04-15,3112,22726,4,1327,,False,66
21349,2025-04-16,3113,22732,11,1328,,False,66
21349,2025-04-17,3114,22744,2,1330,,False,66
21349,2025-04-18,3115,22748,1,1330,,False,66
21349,2025-04-19,3116,22754,2,1331,,False,66
21349,2025-04-20,3117,22757,2,1332,,False,66
21349,2025-04-21,3118,22761,6,1331,,False,66
21349,2025-04-22,3119,22770,5,1334,,False,66
21349,2025-04-23,3120,22772,11,1334,,False,66
21349,2025-04-24,3121,22776,7,1333,,False,66
21349,2025-04-25,3122,22777,6,1332,,False,66
21349,2025-04-26,3123,22783,8,1332,,False,66
21349,2025-04-27,3124,22790,7,1332,,False,66
21349,2025-04-28,3125,22794,4,1332,,False,66
21349,2025-04-29,3126,22798,4,1332,,False,66
21349,2025-04-30,3127,22803,2,1333,,False,66
21349,2025-05-01,3128,22807,4,1332,,False,66
21349,2025-05-02,3129,22812,6,1335,,False,66
21349,2025-05-03,3130,22817,6,1334,,False,66
21349,2025-05-05,3132,22827,2,1334,,False,66
21349,2025-05-06,3133,22826,6,1334,,False,66
21349,2025-05-07,3134,22829,3,1334,,False,66
21349,2025-05-08,3135,22833,3,1336,,False,66
21349,2025-05-09,3136,22852,2,1335,,False,66
21349,2025-05-10,3137,22883,10,1337,,False,66
21349,2025-05-11,3138,22883,5,1337,,False,66
21349,2025-05-12,3139,22913,5,1339,,False,66
21349,2025-05-13,3140,22923,5,1339,,False,66
21349,2025-05-14,3141,22931,2,1339,,False,66
21349,2025-05-15,3142,22937,1,1340,,False,66
21349,2025-05-16,3143,22942,1,1340,,False,66
21349,2025-05-17,3144,22952,4,1340,,False,66
21349,2025-05-18,3145,22954,4,1339,,False,66
21349,2025-05-19,3146,22961,5,1339,,False,66
21349,2025-05-20,3147,22967,9,1339,,False,66
21349,2025-05-21,3148,22975,2,1341,,False,66
21349,2025-05-22,3149,22978,7,1342,,False,66
21349,2025-05-23,3150,22982,3,1343,,False,66
21349,2025-05-24,3151,22987,7,1343,,False,66
21349,2025-05-25,3152,22993,14,1343,,False,66
21349,2025-05-26,3153,22999,5,1342,,False,66
21349,2025-05-27,3154,23004,4,1342,,False,66
21349,2025-05-28,3155,23008,2,1344,,False,66
21349,2025-05-29,3156,23016,15,1344,,False,66
21349,2025-05-30,3157,23018,3,1344,,False,66
21349,2025-05-31,3158,23020,3,1344,,False,66
21349,2025-06-02,3160,23021,5,1344,,False,66
21349,2025-06-03,3161,23023,4,1344,,False,66
21349,2025-06-04,3162,23025,4,1345,,False,66
21349,2025-06-05,3163,23028,2,1345,,False,66
21349,2025-06-06,3164,23032,1,1344,,False,66
21349,2025-06-07,3165,23037,5,1345,,False,66
21349,2025-06-08,3166,23038,9,1345,,False,66
21349,2025-06-09,3167,23043,4,1346,,False,66
21349,2025-06-10,3168,23047,11,1345,,False,66
21349,2025-06-11,3169,23053,4,1346,,False,66
21349,2025-06-12,3170,23054,11,1346,,False,66
21349,2025-06-13,3171,23061,1,1346,,False,66
21349,2025-06-14,3172,23065,7,1347,,False,66
21349,2025-06-15,3173,23074,3,1348,,False,66
21349,2025-06-16,3174,23075,8,1348,,False,66
21349,2025-06-17,3175,23079,4,1348,,False,66
21349,2025-06-18,3176,23083,8,1348,,False,66
21349,2025-06-19,3177,23087,8,1348,,False,66
21349,2025-06-20,3178,23093,7,1349,,False,66
21349,2025-06-21,3179,23093,6,1349,,False,66
21349,2025-06-22,3180,23096,2,1349,,False,66
21349,2025-06-23,3181,23103,3,1350,,False,67
21349,2025-06-24,3182,23110,6,1350,,False,67
21349,2025-06-25,3183,23117,7,1351,,False,67
21349,2025-06-26,3184,23117,5,1351,,False,67
21349,2025-06-27,3185,23128,6,1354,,False,67
21349,2025-06-28,3186,23131,5,1355,,False,67
21349,2025-06-29,3187,23133,1,1355,,False,67
21349,2025-06-30,3188,23133,10,1355,,False,67
21349,2025-07-01,3189,23141,1,1355,,False,67
21349,2025-07-02,3190,23142,4,1355,,False,67
21349,2025-07-03,3191,23142,4,1355,,False,67
21349,2025-07-04,3192,23151,4,1357,,False,67
21349,2025-07-05,3193,23151,6,1357,,False,67
21349,2025-07-06,3194,23158,2,1356,,False,67
21349,2025-07-07,3195,23163,1,1355,,False,67
21349,2025-07-08,3196,23163,2,1354,,False,67
21349,2025-07-09,3197,23165,2,1355,,False,67
21349,2025-07-10,3198,23165,3,1355,,False,67
21349,2025-07-11,3199,23170,4,1357,,False,67
21349,2025-07-12,3200,23170,2,1357,,False,67
21349,2025-07-13,3201,23174,2,1356,,False,67
21349,2025-07-14,3202,23180,3,1355,,False,67
21349,2025-07-15,3203,23185,6,1355,,False,67
21349,2025-07-16,3204,23193,4,1355,,False,67
21349,2025-07-17,3205,23204,3,1356,,False,67
21349,2025-07-19,3207,23207,7,1356,,False,67
21349,2025-07-20,3208,23215,6,1356,,False,67
21349,2025-07-21,3209,23219,4,1355,,False,67
21349,2025-07-22,3210,23228,6,1357,,False,67
21349,2025-07-23,3211,23235,9,1356,,False,67
21349,2025-07-24,3212,23240,6,1355,,False,67
21349,2025-07-25,3213,23256,1,1355,,False,67
21349,2025-07-26,3214,23256,1,1355,,False,67
21349,2025-07-27,3215,23260,7,1356,,False,67
21349,2025-07-28,3216,23264,4,1357,,False,67
21349,2025-07-29,3217,23268,4,1358,,False,67
21349,2025-07-30,3218,23271,3,1356,,False,67
21349,2025-07-31,3219,23275,13,1355,,False,67
21349,2025-08-01,3220,23285,5,1355,,False,67
21349,2025-08-02,3221,23285,1,1355,,False,67
21349,2025-08-03,3222,23287,1,1355,,False,67
21349,2025-08-04,3223,23289,4,1355,,False,67
21349,2025-08-05,3224,23295,7,1354,,False,67
21349,2025-08-06,3225,23295,13,1354,,False,67
21349,2025-08-07,3226,23305,8,1354,,False,67
21349,2025-08-08,3227,23305,11,1354,,False,67
21349,2025-08-09,3228,23311,4,1354,,False,67
21349,2025-08-10,3229,23320,3,1355,,False,67
21349,2025-08-11,3230,23320,2,1355,,False,67
21349,2025-08-12,3231,23325,3,1356,,False,67
21349,2025-08-13,3232,23327,5,1356,,False,67
21349,2025-08-14,3233,23331,4,1357,,False,67
21349,2025-08-15,3234,23332,6,1357,,False,67
21349,2025-08-16,3235,23337,5,1357,,False,67
21349,2025-08-17,3236,23345,2,1358,,False,67
21349,2025-08-18,3237,23360,4,1361,,False,67
21349,2025-08-19,3238,23360,3,1361,,False,67
21349,2025-08-20,3239,23368,4,1361,,False,67
21349,2025-08-21,3240,23375,5,1361,,False,67
21349,2025-08-22,3241,23378,6,1361,,False,67
21349,2025-08-23,3242,23383,4,1361,,False,67
21349,2025-08-24,3243,23384,9,1361,,False,67
21349,2025-08-25,3244,23394,1,1363,,False,67
21349,2025-08-26,3245,23401,4,1362,,False,67
21349,2025-08-27,3246,23409,5,1362,,False,67
21349,2025-08-28,3247,23414,4,1364,,False,67
21349,2025-08-29,3248,23414,8,1364,,False,67
21349,2025-08-30,3249,23421,14,1365,,False,67
21349,2025-08-31,3250,23426,6,1363,,False,67
21349,2025-09-01,3251,23430,8,1363,,False,67
21349,2025-09-02,3252,23437,14,1363,,False,67
21349,2025-09-03,3253,23437,6,1362,,False,67
21349,2025-09-04,3254,23437,4,1362,,False,67
21349,2025-09-05,3255,23447,3,1363,,False,67
21349,2025-09-06,3256,23450,4,1364,,False,67
21349,2025-09-07,3257,23450,3,1364,,False,67
21349,2025-09-08,3258,23454,3,1364,,False,67
21349,2025-09-09,3259,23454,10,1364,,False,67
21349,2025-09-10,3260,23461,9,1364,,False,67
21349,2025-09-11,3261,23464,1,1364,,False,67
21349,2025-09-13,3263,23471,2,1366,,False,67
21349,2025-09-14,3264,23472,4,1365,,False,67
21349,2025-09-15,3265,23474,5,1365,,False,67
21349,2025-09-16,3266,23478,3,1366,,False,67
21349,2025-09-17,3267,23478,2,1366,,False,67
21349,2025-09-18,3268,23483,2,1366,,False,67
21349,2025-09-19,3269,23484,5,1366,,False,67
21349,2025-09-21,3271,23490,1,1365,,False,67
21349,2025-09-22,3272,23495,2,1366,,False,67
21349,2025-09-23,3273,23503,4,1367,,False,67
21349,2025-09-24,3274,23503,3,1367,,False,67
21349,2025-09-25,3275,23509,3,1367,,False,67
21349,2025-09-26,3276,23515,2,1366,,False,67
21349,2025-09-27,3277,23515,7,1366,,False,67
21349,2025-09-28,3278,23521,7,1366,,False,67
21349,2025-09-29,3279,23531,3,1367,,False,67
21349,2025-09-30,3280,23532,4,1366,,False,67
21349,2025-10-01,3281,23541,5,1364,,False,67
21349,2025-10-03,3283,23550,2,1365,,False,67
21349,2025-10-05,3285,23555,5,1364,,False,67
21349,2025-10-06,3286,23559,4,1364,,False,67
21349,2025-10-07,3287,23559,6,1364,,False,67
21349,2025-10-08,3288,23562,5,1363,,False,67
21349,2025-10-09,3289,23568,4,1364,,False,67
21349,2025-10-10,3290,23568,4,1364,,False,67
21349,2025-10-11,3291,23575,1,1364,,False,67
21349,2025-10-12,3292,23580,3,1362,,False,67
21349,2025-10-13,3293,23580,4,1362,,False,67
21349,2025-10-14,3294,23585,2,1363,,False,67
21349,2025-10-15,3295,23588,2,1362,,False,67
21349,2025-10-16,3296,23591,1,1362,,False,67
21349,2025-10-17,3297,23596,4,1365,,False,67
21349,2025-10-18,3298,23599,1,1365,,False,67
21349,2025-10-19,3299,23599,1,1365,,False,67
21349,2025-10-20,3300,23604,4,1365,,False,67
21349,2025-10-21,3301,23607,5,1366,,False,67
21349,2025-10-22,3302,23607,3,1365,,False,67
21349,2025-10-23,3303,23617,8,1365,,False,67
21349,2025-10-24,3304,23621,8,1365,,False,67
21349,2025-10-25,3305,23627,8,1368,,False,67
21349,2025-10-26,3306,23634,8,1368,,False,67
21349,2025-10-27,3307,23648,4,1367,,False,67
21349,2025-10-28,3308,23648,5,1367,,False,67
21349,2025-10-29,3309,23655,9,1367,,False,67
21349,2025-10-30,3310,23658,7,1368,,False,67
21349,2025-10-31,3311,23671,2,1370,,False,67
21349,2025-11-01,3312,23674,6,1371,,False,67
21349,2025-11-02,3313,23677,15,1371,,False,67
21349,2025-11-03,3314,23683,14,1372,,False,67
21349,2025-11-04,3315,23693,8,1373,,False,67
21349,2025-11-05,3316,23692,9,1371,,False,67
21349,2025-11-06,3317,23708,3,1373,,False,67
21349,2025-11-07,3318,23712,4,1373,,False,67
21349,2025-11-08,3319,23717,3,1374,,False,67
21349,2025-11-09,3320,23722,11,1375,,False,67
21349,2025-11-10,3321,23732,16,1374,,False,67
21349,2025-11-11,3322,23732,3,1374,,False,67
21349,2025-11-12,3323,23743,8,1374,,False,67
21349,2025-11-13,3324,23751,9,1375,,False,67
21349,2025-11-14,3325,23757,2,1375,,False,67
21349,2025-11-15,3326,23757,6,1375,,False,67
21349,2025-11-16,3327,23761,2,1376,,False,67
21349,2025-11-17,3328,23762,7,1376,,False,67
21349,2025-11-18,3329,23769,4,1375,,False,67
21349,2025-11-19,3330,23769,7,1375,,False,67
21349,2025-11-20,3331,23770,2,1375,,False,66
21349,2025-11-21,3332,23779,8,1376,,False,67
21349,2025-11-22,3333,23787,14,1378,,False,67
21349,2025-11-23,3334,23795,5,1378,,False,67
21349,2025-11-24,3335,23795,7,1378,,False,67
21349,2025-11-25,3336,23798,4,1379,,False,67
21349,2025-11-26,3337,23802,5,1379,,False,67
21349,2025-11-27,3338,23806,4,1380,,False,67
21349,2025-11-28,3339,23807,15,1380,,False,66
21349,2025-11-29,3340,23811,7,1381,,False,66
21349,2025-11-30,3341,23822,8,1382,,False,66
21349,2025-12-01,3342,23822,3,1381,,False,66
21349,2025-12-02,3343,23822,5,1381,,False,66
21349,2025-12-03,3344,23830,6,1382,,False,66
21349,2025-12-04,3345,23849,3,1385,,False,66
21349,2025-12-05,3346,23850,6,1385,,False,66
21349,2025-12-06,3347,23850,9,1385,,False,66
21349,2025-12-07,3348,23851,3,1385,,False,66
21349,2025-12-08,3349,23859,4,1386,,False,66
21349,2025-12-09,3350,23859,3,1386,,False,66
21349,2025-12-10,3351,23867,2,1386,,False,67
21349,2025-12-11,3352,23871,2,1386,,False,67
21349,2025-12-12,3353,23871,5,1386,,False,67
21349,2025-12-13,3354,23872,5,1385,,False,67
21349,2025-12-14,3355,23875,5,1385,,False,67
21349,2025-12-15,3356,23877,1,1385,,False,67
21349,2025-12-16,3357,23880,2,1385,,False,66
21349,2025-12-17,3358,23882,4,1385,,False,66
21349,2025-12-18,3359,23888,6,1386,,False,66
21349,2025-12-19,3360,23899,4,1386,,False,66
21349,2025-12-20,3361,23902,2,1386,,False,66
21349,2025-12-21,3362,23902,2,1386,,False,66
21349,2025-12-22,3363,23904,7,1386,,False,66
21349,2025-12-23,3364,23910,7,1388,,False,66
21349,2025-12-24,3365,23918,4,1389,,False,66
21349,2025-12-25,3366,23923,12,1389,,False,66
21349,2025-12-26,3367,23928,7,1393,,False,66
21349,2025-12-27,3368,23935,9,1393,,False,66
21349,2025-12-28,3369,23947,5,1393,,False,66
21349,2025-12-29,3370,23947,8,1393,,False,66
21349,2025-12-30,3371,23963,12,1395,,False,66
21349,2025-12-31,3372,23963,10,1395,,False,66
21349,2026-01-01,3373,23970,5,1398,,False,66
21349,2026-01-02,3374,23978,7,1399,,False,66
21349,2026-01-03,3375,23978,5,1399,,False,66
21349,2026-01-04,3376,23984,6,1397,,False,66
21349,2026-01-05,3377,23984,10,1397,,False,66
21349,2026-01-06,3378,23993,9,1395,,False,67
21349,2026-01-07,3379,23993,12,1395,,False,67
21349,2026-01-08,3380,24009,9,1397,,False,67
21349,2026-01-09,3381,24009,11,1397,,False,67
21349,2026-01-10,3382,24025,3,1399,,False,67
21349,2026-01-11,3383,24035,7,1399,,False,67
21349,2026-01-12,3384,24035,5,1399,,False,67
21349,2026-01-13,3385,24050,14,1399,,False,67
21349,2026-01-14,3386,24053,6,1400,,False,67
21349,2026-01-15,3387,24064,7,1399,,False,67
21349,2026-01-16,3388,24073,7,1402,,False,66
21349,2026-01-17,3389,24081,5,1400,,False,66
21349,2026-01-18,3390,24084,7,1401,,False,66
21349,2026-01-19,3391,24091,7,1401,,False,66
21349,2026-01-20,3392,24099,3,1402,,False,66
21349,2026-01-21,3393,24103,16,1403,,False,66
21349,2026-01-22,3394,24113,2,1402,,False,66
21349,2026-01-23,3395,24117,11,1401,,False,66
21349,2026-01-24,3396,24124,6,1402,,False,66
21349,2026-01-25,3397,24127,6,1401,,False,66
21349,2026-01-26,3398,24131,5,1402,,False,66
21349,2026-01-27,3399,24141,3,1402,,False,66
21349,2026-01-28,3400,24147,5,1402,,False,66
21349,2026-01-29,3401,24153,13,1403,,False,66
21349,2026-01-30,3402,24161,5,1404,,False,66
21349,2026-01-31,3403,24166,16,1404,,False,66
21349,2026-02-01,3404,24171,12,1405,,False,66
21349,2026-02-02,3405,24175,2,1404,,False,66
21349,2026-02-03,3406,24178,6,1404,,False,66
21349,2026-02-04,3407,24186,7,1406,,False,66
21349,2026-02-05,3408,24186,5,1406,,False,66
21349,2026-02-06,3409,24193,2,1407,,False,66
21349,2026-02-07,3410,24193,4,1407,,False,66
21349,2026-02-08,3411,24202,5,1407,,False,66
21349,2026-02-09,3412,24209,13,1406,,False,66
21349,2026-02-10,3413,24209,13,1406,,False,66
21349,2026-02-11,3414,24222,7,1407,,False,66
21349,2026-02-12,3415,24229,9,1408,,False,66
21349,2026-02-13,3416,24233,6,1408,,False,66
21349,2026-02-14,3417,24238,3,1408,,False,66
21349,2026-02-15,3418,24241,12,1408,,False,66
21349,2026-02-16,3419,24248,3,1410,,False,66
21349,2026-02-17,3420,24250,3,1410,,False,66
21349,2026-02-18,3421,24250,5,1410,,False,66
21349,2026-02-19,3422,24260,1,1411,,False,66
21349,2026-02-20,3423,24261,8,1411,,False,66
21349,2026-02-21,3424,24261,6,1411,,False,66
21349,2026-02-22,3425,24267,13,1411,,False,66
21349,2026-02-23,3426,24272,11,1410,,False,66
21349,2026-02-24,3427,24280,8,1409,,False,66
21349,2026-02-25,3428,24287,5,1412,,False,66
21349,2026-02-26,3429,24300,2,1412,,False,66
21349,2026-02-27,3430,24303,3,1412,,False,66
21349,2026-02-28,3431,24307,2,1413,,False,66
21349,2026-03-01,3432,24313,1,1413,,False,66
21349,2026-03-02,3433,24313,7,1413,,False,66
21349,2026-03-03,3434,24319,6,1414,,False,66
21349,2026-03-04,3435,24321,1,1413,,False,66
21349,2026-03-05,3436,24334,8,1413,,False,66
21349,2026-03-06,3437,24344,5,1413,,False,66
21349,2026-03-07,3438,24344,8,1413,,False,66
21349,2026-03-08,3439,24350,3,1413,,False,66
21349,2026-03-09,3440,24355,8,1413,,False,66
21349,2026-03-10,3441,24364,6,1414,,False,66
21349,2026-03-11,3442,24368,8,1413,,False,66
21349,2026-03-12,3443,24379,3,1415,,False,66
21349,2026-03-13,3444,24382,4,1414,,False,66
21349,2026-03-14,3445,24387,13,1415,,False,66
21349,2026-03-15,3446,24401,8,1417,,False,66
21349,2026-03-16,3447,24419,2,1415,,False,66
21349,2026-03-17,3448,24419,3,1415,,False,66
21349,2026-03-18,3449,24438,9,1416,,False,67
21349,2026-03-19,3450,24438,9,1416,,False,67
21349,2026-03-20,3451,24452,2,1418,,False,67
21349,2026-03-21,3452,24460,14,1421,,False,67
21349,2026-03-22,3453,24475,7,1423,,False,67
21349,2026-03-23,3454,24484,9,1423,,False,67
21349,2026-03-24,3455,24493,6,1424,,False,67
21349,2026-03-25,3456,24499,7,1424,,False,67
21349,2026-03-26,3457,24499,12,1424,,False,67
21349,2026-03-27,3458,24509,5,1426,,False,67
21349,2026-03-28,3459,24514,8,1427,,False,67
21349,2026-03-29,3460,24522,3,1428,,False,67
21349,2026-03-30,3461,24522,4,1428,,False,67
21349,2026-03-31,3462,24540,1,1431,,False,67
21349,2026-04-01,3463,24541,2,1431,,False,67
21349,2026-04-20,3482,24703,3,1444,,False,67
21349,2026-04-21,3483,24710,3,1443,,False,67
21349,2026-04-23,3485,24721,4,1444,,False,67
21349,2026-04-24,3486,24728,13,1445,,False,67
21349,2026-04-25,3487,24729,8,1447,,False,67
21349,2026-04-26,3488,24737,8,1448,,False,67
21349,2026-04-27,3489,24744,11,1448,,False,67
21349,2026-04-28,3490,24758,8,1450,,False,67
21349,2026-04-29,3491,24765,13,1451,,False,67
21349,2026-04-30,3492,24776,3,1456,,False,67
21349,2026-05-01,3493,24783,3,1456,,False,67
21349,2026-05-02,3494,24791,2,1456,,False,67
21349,2026-05-03,3495,24799,7,1456,,False,67
21349,2026-05-04,3496,24799,5,1456,,False,67
21349,2026-05-05,3497,24820,6,1459,,False,67
21349,2026-05-06,3498,24831,3,1461,,False,67
21349,2026-05-07,3499,24839,2,1462,,False,67
21349,2026-05-08,3500,24848,2,1462,,False,67
21349,2026-05-09,3501,24854,5,1463,,False,67
21349,2026-05-10,3502,24863,11,1465,,False,67
21349,2026-05-11,3503,24863,15,1465,,False,67
21349,2026-05-12,3504,24989,9,1509,,False,67
21349,2026-05-13,3505,25016,14,1516,,False,67
21349,2026-05-14,3506,25044,4,1521,,False,67
21349,2026-05-15,3507,25044,7,1521,,False,67
21349,2026-05-16,3508,25073,7,1529,,False,67
21349,2026-05-17,3509,25088,9,1532,,False,67
21349,2026-05-18,3510,25088,11,1532,,False,67
21349,2026-05-19,3511,25104,8,1538,,False,67
21349,2026-05-20,3512,25126,5,1542,,False,67
21349,2026-05-21,3513,25139,21,1546,,False,67
21349,2026-05-22,3514,25148,2,1545,,False,67
21349,2026-05-23,3515,25153,20,1546,,False,67
21349,2026-05-24,3516,25153,9,1546,,False,67
21349,2026-05-25,3517,25167,5,1549,,False,67
21349,2026-05-26,3518,25189,7,1553,,False,67
21349,2026-05-27,3519,25202,5,1553,,False,67
21349,2026-05-28,3520,25212,8,1555,,False,67
21349,2026-05-29,3521,25226,8,1558,,False,67
21349,2026-05-30,3522,25238,2,1558,,False,67
21349,2026-05-31,3523,25242,11,1558,,False,67
21349,2026-06-01,3524,25242,5,1558,,False,67
21349,2026-06-02,3525,25252,4,1558,,False,67
21349,2026-06-03,3526,25258,6,1557,,False,67
21349,2026-06-04,3527,25271,8,1557,,False,67
21349,2026-06-05,3528,25273,10,1557,,False,67
21349,2026-06-06,3529,25283,2,1559,,False,67
21349,2026-06-07,3530,25286,4,1559,,False,67
21349,2026-06-08,3531,25292,7,1559,,False,67
21349,2026-06-09,3532,25306,8,1562,,False,67
21349,2026-06-10,3533,25315,12,1566,,False,67
21349,2026-06-11,3534,25322,4,1565,,False,67
21349,2026-06-12,3535,25328,12,1565,,False,67
21349,2026-06-13,3536,25339,6,1564,,False,67
21349,2026-06-14,3537,25339,8,1564,,False,67
21349,2026-06-15,3538,25350,12,1563,,False,67
21349,2026-06-16,3539,25359,4,1565,,False,67
21349,2026-06-17,3540,25366,3,1565,,False,67
21349,2026-06-18,3541,25366,9,1565,,False,67
21349,2026-06-19,3542,25372,8,1566,,False,67
21349,2026-06-20,3543,25392,4,1566,,False,67
21349,2026-06-21,3544,25397,9,1568,,False,67
21349,2026-06-22,3545,25404,17,1568,,False,67
21349,2026-06-23,3546,25404,14,1568,,False,67
21349,2026-06-24,3547,25431,12,1571,,False,67
21349,2026-06-25,3548,25436,10,1572,,False,67
21349,2026-06-26,3549,25440,5,1573,,False,67
21349,2026-06-27,3550,25452,3,1575,,False,67
21349,2026-06-28,3551,25457,3,1574,,False,67
21349,2026-06-29,3552,25457,6,1574,,False,67
21349,2026-06-30,3553,25458,10,1574,,False,67
21349,2026-07-01,3554,25466,5,1574,,False,67
21349,2026-07-02,3555,25474,9,1575,,False,67
21349,2026-07-03,3556,25482,20,1575,,False,67
21349,2026-07-04,3557,25489,8,1575,,False,67
21349,2026-07-05,3558,25504,13,1574,,False,67
21349,2026-07-06,3559,25504,7,1574,,False,67
21349,2026-07-10,3563,25557,4,1584,,False,67
21349,2026-07-11,3564,25578,6,1584,,False,67
21349,2026-07-12,3565,25578,12,1584,,False,67
21349,2026-07-13,3566,25588,4,1585,,False,67
21349,2026-07-14,3567,25604,13,1587,,False,67
21349,2026-07-15,3568,25604,11,1587,,False,67
21349,2026-07-16,3569,25616,10,1587,,False,67
21349,2026-07-17,3570,25631,6,1588,,False,67
21349,2026-07-18,3571,25631,7,1588,,False,67
21349,2026-07-19,3572,25642,3,1587,,False,67
21349,2026-07-20,3573,25642,8,1587,,False,67
21349,2026-07-21,3574,25648,2,1588,,False,67
21349,2026-07-22,3575,25662,12,1588,,False,67
21349,2026-07-23,3576,25662,13,1588,,False,67
21349,2026-07-24,3577,25679,8,1593,,False,67
21349,2026-07-25,3578,25683,8,1592,,False,67
21349,2026-07-26,3579,25683,11,1592,,False,67
21349,2026-07-27,3580,25691,21,1593,,False,67
21349,2026-07-28,3581,25709,4,1595,,False,67
21349,2026-07-29,3582,25708,5,1595,,False,67
21349,2026-07-30,3583,25708,15,1595,,False,67
21349,2026-07-31,3584,25717,8,1596,,False,67
21349,2026-08-01,3585,25722,10,1599,,False,67
21349,2026-08-02,3586,25730,6,1602,,False,67
21349,2026-08-03,3587,25732,13,1600,,False,67
21349,2026-08-04,3588,25737,6,1602,,False,67
21349,2026-08-05,3589,25749,3,1601,,False,67
21349,2026-08-06,3590,25749,9,1601,,False,67
21349,2026-08-07,3591,25761,6,1601,,False,67
21349,2026-08-08,3592,25772,3,1607,,False,67
21349,2026-08-09,3593,25771,18,1608,,False,67
21349,2026-08-10,3594,25771,7,1608,,False,67
21349,2026-08-11,3595,25779,1,1608,,False,67
21349,2026-08-12,3596,25782,3,1609,,False,67
21349,2026-08-13,3597,25787,2,1609,,False,67
21349,2026-08-14,3598,25793,3,1609,,False,67
21349,2026-08-15,3599,25796,2,1609,,False,67
21349,2026-08-16,3600,25800,6,1609,,False,67
21349,2026-08-17,3601,25800,3,1609,,False,67
21349,2026-08-18,3602,25809,3,1608,,False,67
21349,2026-08-19,3603,25809,7,1608,,False,67
21349,2026-08-20,3604,25813,3,1608,,False,67
21349,2026-08-21,3605,25824,4,1607,,False,67
21349,2026-08-22,3606,25824,9,1607,,False,67
21349,2026-08-23,3607,25831,8,1607,,False,67
21349,2026-08-24,3608,25839,2,1607,,False,67
21349,2026-08-25,3609,25842,13,1609,,False,67
21349,2026-08-26,3610,25842,9,1609,,False,67
21349,2026-08-27,3611,25853,17,1613,,False,67
21349,2026-08-28,3612,25853,11,1613,,False,67
21349,2026-08-29,3613,25860,9,1615,,False,67
21349,2026-08-30,3614,25872,14,1616,,False,67
21349,2026-08-31,3615,25872,10,1616,,False,67
21349,2026-09-01,3616,25881,14,1617,,False,67
21349,2026-09-02,3617,25891,3,1618,,False,67
21349,2026-09-03,3618,25893,1,1617,,False,67
21349,2026-09-04,3619,25900,6,1617,,False,67
21349,2026-09-05,3620,25907,8,1621,,False,67
21349,2026-09-06,3621,25907,14,1621,,False,67
21349,2026-09-07,3622,25914,7,1622,,False,67
21349,2026-09-08,3623,25921,4,1622,,False,67
21349,2026-09-09,3624,25928,3,1622,,False,67
21349,2026-09-10,3625,25933,7,1623,,False,67
21349,2026-09-11,3626,25937,13,1623,,False,67
21349,2026-09-12,3627,25947,10,1626,,False,67
21349,2026-09-13,3628,25947,2,1626,,False,67
21349,2026-09-14,3629,25949,7,1626,,False,67
21349,2026-09-15,3630,25960,4,1628,,False,67
21349,2026-09-16,3631,25967,4,1629,,False,67
21349,2026-09-17,3632,25967,9,1629,,False,67
21349,2026-09-18,3633,25976,9,1630,,False,67
21349,2026-09-19,3634,25987,14,1632,,False,67
21349,2026-09-20,3635,25987,6,1632,,False,67
21349,2026-09-21,3636,25987,7,1632,,False,67
21349,2026-09-22,3637,26003,2,1632,,False,67
21349,2026-09-23,3638,26009,3,1634,,False,67
21349,2026-09-24,3639,26012,4,1635,,False,67
21349,2026-09-25,3640,26012,9,1635,,False,67
21349,2026-09-26,3641,26018,3,1636,,False,67
21349,2026-09-27,3642,26028,4,1635,,False,67
21349,2026-09-28,3643,26028,9,1635,,False,67
21349,2026-09-29,3644,26035,5,1634,,False,67
21349,2026-09-30,3645,26045,1,1633,,False,67
21349,2026-10-01,3646,26045,5,1633,,False,67
21349,2026-10-02,3647,26056,2,1637,,False,67
21349,2026-10-03,3648,26056,5,1637,,False,67
21349,2026-10-04,3649,26071,8,1640,,False,67
21349,2026-10-05,3650,26071,12,1640,,False,67
21349,2026-10-06,3651,26082,7,1642,,False,67
21349,2026-10-07,3652,26087,7,1643,,False,67
21349,2026-10-08,3653,26087,2,1643,,False,67
21390,2015-09-30,-185,,32,,,False,
21390,2015-10-01,-184,,13,,,False,
21390,2015-10-02,-183,,8,,,False,
21390,2015-10-03,-182,,10,,,False,
21390,2015-10-04,-181,,27,,,False,
21390,2015-10-05,-180,,19,,,False,
21390,2015-10-06,-179,,5,,,False,
21390,2015-10-07,-178,,5,,,False,
21390,2015-10-08,-177,,4,,,False,
21390,2015-10-10,-175,,4,,,False,
21390,2015-10-11,-174,,8,,,False,
21390,2015-10-12,-173,,6,,,False,
21390,2015-10-13,-172,,2,,,False,
21390,2015-10-16,-169,,5,,,False,
21390,2015-10-17,-168,,2,,,False,
21390,2015-10-18,-167,,5,,,False,
21390,2015-10-19,-166,,3,,,False,
21390,2015-10-20,-165,,3,,,False,
21390,2015-10-21,-164,,2,,,False,
21390,2015-10-22,-163,,2,,,False,
21390,2015-10-23,-162,,2,,,False,
21390,2015-10-25,-160,,2,,,False,
21390,2015-10-26,-159,,2,,,False,
21390,2015-10-27,-158,,2,,,False,
21390,2015-10-28,-157,,2,,,False,
21390,2015-11-01,-153,,3,,,False,
21390,2015-11-02,-152,,2,,,False,
21390,2015-11-03,-151,,2,,,False,
21390,2015-11-09,-145,,2,,,False,
21390,2015-11-13,-141,,2,,,False,
21390,2015-11-16,-138,,3,,,False,
21390,2015-11-19,-135,,2,,,False,
21390,2015-11-22,-132,,2,,,False,
21390,2015-11-27,-127,,3,,,False,
21390,2015-11-28,-126,,2,,,False,
21390,2015-11-29,-125,,4,,,False,
21390,2015-12-01,-123,,3,,,False,
21390,2015-12-09,-115,,3,,,False,
21390,2015-12-13,-111,,8,,,False,
21390,2015-12-15,-109,,4,,,False,
21390,2015-12-16,-108,,3,,,False,
21390,2015-12-17,-107,,4,,,False,
21390,2015-12-18,-106,,3,,,False,
21390,2015-12-19,-105,,5,,,False,
21390,2015-12-20,-104,,19,,,False,
21390,2015-12-21,-103,,19,,,False,
21390,2015-12-22,-102,,9,,,False,
21390,2015-12-23,-101,,12,,,False,
21390,2015-12-24,-100,,5,,,False,
21390,2015-12-26,-98,,4,,,False,
21390,2015-12-27,-97,,3,,,False,
21390,2015-12-28,-96,,4,,,False,
21390,2015-12-29,-95,,6,,,False,
21390,2015-12-30,-94,,3,,,False,
21390,2015-12-31,-93,,5,,,False,
21390,2016-01-01,-92,,6,,,False,
21390,2016-01-02,-91,,4,,,False,
21390,2016-01-03,-90,,3,,,False,
21390,2016-01-04,-89,,6,,,False,
21390,2016-01-05,-88,,12,,,False,
21390,2016-01-06,-87,,3,,,False,
21390,2016-01-07,-86,,5,,,False,
21390,2016-01-08,-85,,3,,,False,
21390,2016-01-09,-84,,8,,,False,
21390,2016-01-10,-83,,6,,,False,
21390,2016-01-11,-82,,8,,,False,
21390,2016-01-12,-81,,7,,,False,
21390,2016-01-13,-80,,7,,,False,
21390,2016-01-14,-79,,4,,,False,
21390,2016-01-15,-78,,2,,,False,
21390,2016-01-16,-77,,5,,,False,
21390,2016-01-17,-76,,5,,,False,
21390,2016-01-18,-75,,4,,,False,
21390,2016-01-19,-74,,2,,,False,
21390,2016-01-20,-73,,4,,,False,
21390,2016-01-22,-71,,5,,,False,
21390,2016-01-23,-70,,3,,,False,
21390,2016-01-24,-69,,3,,,False,
21390,2016-01-25,-68,,3,,,False,
21390,2016-01-28,-65,,5,,,False,
21390,2016-01-29,-64,,3,,,False,
21390,2016-01-30,-63,,5,,,False,
21390,2016-01-31,-62,,4,,,False,
21390,2016-02-01,-61,,3,,,False,
21390,2016-02-04,-58,,2,,,False,
21390,2016-02-05,-57,,3,,,False,
21390,2016-02-06,-56,,5,,,False,
21390,2016-02-08,-54,,3,,,False,
21390,2016-02-11,-51,,5,,,False,
21390,2016-02-13,-49,,2,,,False,
21390,2016-02-14,-48,,4,,,False,
21390,2016-02-15,-47,,5,,,False,
21390,2016-02-17,-45,,2,,,False,
21390,2016-02-18,-44,,7,,,False,
21390,2016-02-19,-43,,2,,,False,
21390,2016-02-21,-41,,3,,,False,
21390,2016-02-22,-40,,4,,,False,
21390,2016-02-23,-39,,2,,,False,
21390,2016-02-26,-36,,2,,,False,
21390,2016-02-27,-35,,2,,,False,
21390,2016-02-28,-34,,5,,,False,
21390,2016-02-29,-33,,2,,,False,
21390,2016-03-01,-32,,8,,,False,
21390,2016-03-02,-31,,8,,,False,
21390,2016-03-03,-30,,9,,,False,
21390,2016-03-04,-29,,4,,,False,
21390,2016-03-05,-28,,8,,,False,
21390,2016-03-06,-27,,4,,,False,
21390,2016-03-07,-26,,4,,,False,
21390,2016-03-08,-25,,7,,,False,
21390,2016-03-09,-24,,6,,,False,
21390,2016-03-11,-22,,7,,,False,
21390,2016-03-12,-21,,6,,,False,
21390,2016-03-13,-20,,11,,,False,
21390,2016-03-14,-19,,7,,,False,
21390,2016-03-15,-18,,4,,,False,
21390,2016-03-16,-17,,3,,,False,
21390,2016-03-17,-16,,11,,,False,
21390,2016-03-18,-15,,2,,,False,
21390,2016-03-19,-14,,9,,,False,
21390,2016-03-20,-13,,7,,,False,
21390,2016-03-21,-12,,10,,,False,
21390,2016-03-22,-11,,7,,,False,
21390,2016-03-23,-10,,8,,,False,
21390,2016-03-24,-9,,8,,,False,
21390,2016-03-25,-8,,11,,,False,
21390,2016-03-26,-7,,7,,,False,
21390,2016-03-27,-6,,9,,,False,
21390,2016-03-28,-5,,20,,,False,
21390,2016-03-29,-4,,12,,,False,
21390,2016-03-30,-3,,10,,,False,
21390,2016-03-31,-2,,10,,,False,
21390,2016-04-01,-1,,12,,,False,
21390,2016-04-02,0,,22,,,False,
21390,2016-04-03,1,,215,,,False,
21390,2016-04-04,2,,93,,,False,
21390,2016-04-05,3,,54,,,False,
21390,2016-04-06,4,,39,,,False,
21390,2016-04-07,5,,21,,,False,
21390,2016-04-08,6,,28,,,False,
21390,2016-04-09,7,,26,,,False,
21390,2016-04-10,8,,197,,,False,
21390,2016-04-11,9,,77,,,False,
21390,2016-04-12,10,,42,,,False,
21390,2016-04-13,11,,31,,,False,
21390,2016-04-14,12,,13,,,False,
21390,2016-04-15,13,,21,,,False,
21390,2016-04-16,14,,36,,,False,
21390,2016-04-17,15,,181,,,False,
21390,2016-04-18,16,,81,,,False,
21390,2016-04-19,17,,42,,,False,
21390,2016-04-20,18,,31,,,False,
21390,2016-04-21,19,,23,,,False,
21390,2016-04-22,20,,27,,,False,
21390,2016-04-23,21,,23,,,False,
21390,2016-04-24,22,,199,,,False,
21390,2016-04-25,23,,62,,,False,
21390,2016-04-26,24,,38,,,False,
21390,2016-04-27,25,,25,,,False,
21390,2016-04-28,26,,20,,,False,
21390,2016-04-29,27,,14,,,False,
21390,2016-04-30,28,,24,,,False,
21390,2016-05-01,29,,188,,,False,
21390,2016-05-02,30,,74,,,False,
21390,2016-05-03,31,,32,,,False,
21390,2016-05-04,32,,33,,,False,
21390,2016-05-05,33,,27,,,False,
21390,2016-05-06,34,,17,,,False,
21390,2016-05-07,35,,26,,,False,
21390,2016-05-08,36,,182,,,False,
21390,2016-05-09,37,,80,,,False,
21390,2016-05-10,38,,36,,,False,
21390,2016-05-11,39,,28,,,False,
21390,2016-05-12,40,,27,,,False,
21390,2016-05-13,41,,17,,,False,
21390,2016-05-14,42,,16,,,False,
21390,2016-05-15,43,,194,,,False,
21390,2016-05-16,44,,67,,,False,
21390,2016-05-17,45,,43,,,False,
21390,2016-05-18,46,,18,,,False,
21390,2016-05-19,47,,12,,,False,
21390,2016-05-20,48,,15,,,False,
21390,2016-05-21,49,,22,,,False,
21390,2016-05-22,50,,176,,,False,
21390,2016-05-23,51,,78,,,False,
21390,2016-05-24,52,,34,,,False,
21390,2016-05-25,53,,22,,,False,
21390,2016-05-26,54,,29,,,False,
21390,2016-05-27,55,,18,,,False,
21390,2016-05-28,56,,31,,,False,
21390,2016-05-29,57,,185,,,False,
21390,2016-05-30,58,,58,,,False,
21390,2016-05-31,59,,29,,,False,
21390,2016-06-01,60,,26,,,False,
21390,2016-06-02,61,,14,,,False,
21390,2016-06-03,62,,22,,,False,
21390,2016-06-04,63,,17,,,False,
21390,2016-06-05,64,,164,,,False,
21390,2016-06-06,65,,66,,,False,
21390,2016-06-07,66,,39,,,False,
21390,2016-06-08,67,,27,,,False,
21390,2016-06-09,68,,24,,,False,
21390,2016-06-10,69,,11,,,False,
21390,2016-06-11,70,,21,,,False,
21390,2016-06-12,71,,167,,,False,
21390,2016-06-13,72,,67,,,False,
21390,2016-06-14,73,,33,,,False,
21390,2016-06-15,74,,21,,,False,
21390,2016-06-16,75,,17,,,False,
21390,2016-06-17,76,,18,,,False,
21390,2016-06-18,77,,25,,,False,
21390,2016-06-19,78,,187,,,False,
21390,2016-06-20,79,,67,,,False,
21390,2016-06-21,80,,55,,,False,
21390,2016-06-22,81,,40,,,False,
21390,2016-06-23,82,,31,,,False,
21390,2016-06-24,83,,29,,,False,
21390,2016-06-25,84,,34,,,False,
21390,2016-06-26,85,,40,,,False,
21390,2016-06-27,86,,28,,,False,
21390,2016-06-28,87,,24,,,False,
21390,2016-06-29,88,,21,,,False,
21390,2016-06-30,89,,17,,,False,
21390,2016-07-01,90,,17,,,False,
21390,2016-07-02,91,,24,,,False,
21390,2016-07-03,92,,18,,,False,
21390,2016-07-04,93,,18,,,False,
21390,2016-07-05,94,,23,,,False,
21390,2016-07-06,95,,19,,,False,
21390,2016-07-07,96,,9,,,False,
21390,2016-07-08,97,,15,,,False,
21390,2016-07-09,98,,14,,,False,
21390,2016-07-10,99,,7,,,False,
21390,2016-07-11,100,,9,,,False,
21390,2016-07-12,101,,6,,,False,
21390,2016-07-13,102,,11,,,False,
21390,2016-07-14,103,,6,,,False,
21390,2016-07-15,104,,8,,,False,
21390,2016-07-16,105,,6,,,False,
21390,2016-07-17,106,,7,,,False,
21390,2016-07-18,107,,12,,,False,
21390,2016-07-19,108,,10,,,False,
21390,2016-07-20,109,,5,,,False,
21390,2016-07-21,110,,2,,,False,
21390,2016-07-22,111,,3,,,False,
21390,2016-07-23,112,,8,,,False,
21390,2016-07-24,113,,8,,,False,
21390,2016-07-25,114,,5,,,False,
21390,2016-07-27,116,,5,,,False,
21390,2016-07-28,117,,7,,,False,
21390,2016-07-29,118,,3,,,False,
21390,2016-07-30,119,,4,,,False,
21390,2016-07-31,120,,2,,,False,
21390,2016-08-01,121,,3,,,False,
21390,2016-08-02,122,,5,,,False,
21390,2016-08-03,123,,2,,,False,
21390,2016-08-04,124,,5,,,False,
21390,2016-08-05,125,,4,,,False,
21390,2016-08-06,126,,3,,,False,
21390,2016-08-08,128,,5,,,False,
21390,2016-08-09,129,,3,,,False,
21390,2016-08-10,130,,3,,,False,
21390,2016-08-12,132,,6,,,False,
21390,2016-08-13,133,,3,,,False,
21390,2016-08-14,134,,5,,,False,
21390,2016-08-15,135,,5,,,False,
21390,2016-08-16,136,,4,,,False,
21390,2016-08-17,137,,7,,,False,
21390,2016-08-18,138,,4,,,False,
21390,2016-08-19,139,,2,,,False,
21390,2016-08-20,140,,2,,,False,
21390,2016-08-21,141,,2,,,False,
21390,2016-08-22,142,,6,,,False,
21390,2016-08-23,143,,6,,,False,
21390,2016-08-24,144,,3,,,False,
21390,2016-08-28,148,,7,,,False,
21390,2016-08-29,149,,6,,,False,
21390,2016-08-30,150,,2,,,False,
21390,2016-08-31,151,,2,,,False,
21390,2016-09-03,154,,2,,,False,
21390,2016-09-04,155,,5,,,False,
21390,2016-09-05,156,,6,,,False,
21390,2016-09-07,158,,4,,,False,
21390,2016-09-08,159,,4,,,False,
21390,2016-09-09,160,,5,,,False,
21390,2016-09-10,161,,3,,,False,
21390,2016-09-11,162,,4,,,False,
21390,2016-09-12,163,,4,,,False,
21390,2016-09-14,165,,2,,,False,
21390,2016-09-15,166,,2,,,False,
21390,2016-09-16,167,,2,,,False,
21390,2016-09-17,168,,7,,,False,
21390,2016-09-18,169,,3,,,False,
21390,2016-09-19,170,,7,,,False,
21390,2016-09-20,171,,6,,,False,
21390,2016-09-21,172,,7,,,False,
21390,2016-09-22,173,,4,,,False,
21390,2016-09-23,174,,7,,,False,
21390,2016-09-24,175,,5,,,False,
21390,2016-09-25,176,,7,,,False,
21390,2016-09-26,177,,2,,,False,
21390,2016-09-27,178,,5,,,False,
21390,2016-09-28,179,,6,,,False,
21390,2016-09-29,180,,5,,,False,
21390,2016-09-30,181,,5,,,False,
21390,2016-10-01,182,,3,,,False,
21390,2016-10-02,183,,6,,,False,
21390,2016-10-03,184,,10,,,False,
21390,2016-10-04,185,,4,,,False,
21390,2016-10-05,186,,3,,,False,
21390,2016-10-06,187,,5,,,False,
21390,2016-10-07,188,,2,,,False,
21390,2016-10-08,189,,4,,,False,
21390,2016-10-09,190,,2,,,False,
21390,2016-10-10,191,,6,,,False,
21390,2016-10-11,192,,5,,,False,
21390,2016-10-12,193,,4,,,False,
21390,2016-10-13,194,,4,,,False,
21390,2016-10-14,195,,3,,,False,
21390,2016-10-15,196,,2,,,False,
21390,2016-10-16,197,,3,,,False,
21390,2016-10-22,203,,4,,,False,
21390,2016-10-23,204,,2,,,False,
21390,2016-10-24,205,,5,,,False,
21390,2016-10-26,207,,2,,,False,
21390,2016-10-29,210,,3,,,False,
21390,2016-10-30,211,,5,,,False,
21390,2016-10-31,212,,5,,,False,
21390,2016-11-02,214,,5,,,False,
21390,2016-11-03,215,,2,,,False,
21390,2016-11-04,216,,2,,,False,
21390,2016-11-05,217,,4,,,False,
21390,2016-11-06,218,,2,,,False,
21390,2016-11-07,219,,2,,,False,
21390,2016-11-08,220,,2,,,False,
21390,2016-11-09,221,,2,,,False,
21390,2016-11-10,222,,2,,,False,
21390,2016-11-11,223,,2,,,False,
21390,2016-11-13,225,,4,,,False,
21390,2016-11-14,226,,2,,,False,
21390,2016-11-16,228,,4,,,False,
21390,2016-11-18,230,,5,,,False,
21390,2016-11-20,232,,2,,,False,
21390,2016-11-21,233,,3,,,False,
21390,2016-11-23,235,,2,,,False,
21390,2016-11-25,237,,4,,,False,
21390,2016-11-28,240,,2,,,False,
21390,2016-11-30,242,,2,,,False,
21390,2016-12-01,243,,3,,,False,
21390,2016-12-04,246,,3,,,False,
21390,2016-12-05,247,,2,,,False,
21390,2016-12-06,248,,5,,,False,
21390,2016-12-07,249,,2,,,False,
21390,2016-12-08,250,,2,,,False,
21390,2016-12-09,251,,4,,,False,
21390,2016-12-11,253,,3,,,False,
21390,2016-12-12,254,,2,,,False,
21390,2016-12-13,255,,2,,,False,
21390,2016-12-15,257,,4,,,False,
21390,2016-12-16,258,,2,,,False,
21390,2016-12-18,260,,5,,,False,
21390,2016-12-20,262,,2,,,False,
21390,2016-12-21,263,,2,,,False,
21390,2016-12-23,265,,2,,,False,
21390,2016-12-26,268,,3,,,False,
21390,2016-12-27,269,,2,,,False,
21390,2016-12-29,271,,4,,,False,
21390,2016-12-30,272,,2,,,False,
21390,2016-12-31,273,,4,,,False,
21390,2017-01-01,274,,4,,,False,
21390,2017-01-02,275,,6,,,False,
21390,2017-01-03,276,,4,,,False,
21390,2017-01-04,277,,3,,,False,
21390,2017-01-05,278,,4,,,False,
21390,2017-01-06,279,,5,,,False,
21390,2017-01-07,280,,5,,,False,
21390,2017-01-08,281,,6,,,False,
21390,2017-01-09,282,,5,,,False,
21390,2017-01-10,283,,3,,,False,
21390,2017-01-12,285,,2,,,False,
21390,2017-01-14,287,,3,,,False,
21390,2017-01-16,289,,2,,,False,
21390,2017-01-17,290,,2,,,False,
21390,2017-01-19,292,,3,,,False,
21390,2017-01-21,294,,3,,,False,
21390,2017-01-23,296,,5,,,False,
21390,2017-01-27,300,,3,,,False,
21390,2017-01-30,303,,3,,,False,
21390,2017-01-31,304,,2,,,False,
21390,2017-02-06,310,,4,,,False,
21390,2017-02-07,311,,4,,,False,
21390,2017-02-08,312,,4,,,False,
21390,2017-02-09,313,,2,,,False,
21390,2017-02-11,315,,2,,,False,
21390,2017-02-12,316,,4,,,False,
21390,2017-02-14,318,,7,,,False,
21390,2017-02-15,319,,3,,,False,
21390,2017-02-16,320,,6,,,False,
21390,2017-02-17,321,,3,,,False,
21390,2017-02-18,322,,6,,,False,
21390,2017-02-19,323,,3,,,False,
21390,2017-02-21,325,,2,,,False,
21390,2017-02-22,326,,3,,,False,
21390,2017-02-23,327,,3,,,False,
21390,2017-02-24,328,,2,,,False,
21390,2017-02-25,329,,6,,,False,
21390,2017-02-27,331,,2,,,False,
21390,2017-02-28,332,,5,,,False,
21390,2017-03-01,333,,3,,,False,
21390,2017-03-02,334,,2,,,False,
21390,2017-03-06,338,,2,,,False,
21390,2017-03-07,339,,3,,,False,
21390,2017-03-09,341,,2,,,False,
21390,2017-03-12,344,,2,,,False,
21390,2017-03-13,345,,2,,,False,
21390,2017-03-14,346,,4,,,False,
21390,2017-03-16,348,,2,,,False,
21390,2017-03-19,351,,3,,,False,
21390,2017-03-20,352,,2,,,False,
21390,2017-03-21,353,,2,,,False,
21390,2017-03-22,354,,3,,,False,
21390,2017-03-23,355,,5,,,False,
21390,2017-03-25,357,,2,,,False,
21390,2017-03-28,360,,3,,,False,
21390,2017-03-29,361,,2,,,False,
21390,2017-03-30,362,,2,,,False,
21390,2017-03-31,363,,2,,,False,
21390,2017-04-01,364,,2,,,False,
21390,2017-04-02,365,,2,,,False,
21390,2017-04-03,366,,5,,,False,
21390,2017-04-04,367,,5,,,False,
21390,2017-04-05,368,,3,,,False,
21390,2017-04-06,369,,2,,,False,
21390,2017-04-08,371,,3,,,False,
21390,2017-04-09,372,,3,,,False,
21390,2017-04-10,373,,5,,,False,
21390,2017-04-11,374,,7,,,False,
21390,2017-04-12,375,,2,,,False,
21390,2017-04-13,376,,3,,,False,
21390,2017-04-15,378,,4,,,False,
21390,2017-04-16,379,,3,,,False,
21390,2017-04-17,380,,6,,,False,
21390,2017-04-18,381,,2,,,False,
21390,2017-04-19,382,,2,,,False,
21390,2017-04-22,385,,2,,,False,
21390,2017-04-23,386,,5,,,False,
21390,2017-04-24,387,,2,,,False,
21390,2017-04-25,388,,2,,,False,
21390,2017-04-28,391,,2,,,False,
21390,2017-04-30,393,,7,,,False,
21390,2017-05-02,395,,4,,,False,
21390,2017-05-03,396,,3,,,False,
21390,2017-05-06,399,,2,,,False,
21390,2017-05-07,400,,5,,,False,
21390,2017-05-09,402,,5,,,False,
21390,2017-05-10,403,,4,,,False,
21390,2017-05-11,404,,3,,,False,
21390,2017-05-14,407,,3,,,False,
21390,2017-05-15,408,,3,,,False,
21390,2017-05-16,409,,4,,,False,
21390,2017-05-18,411,,2,,,False,
21390,2017-05-20,413,,6,,,False,
21390,2017-05-21,414,,2,,,False,
21390,2017-05-22,415,,2,,,False,
21390,2017-05-23,416,,3,,,False,
21390,2017-05-25,418,,3,,,False,
21390,2017-05-26,419,,4,,,False,
21390,2017-05-27,420,,5,,,False,
21390,2017-05-29,422,,4,,,False,
21390,2017-05-30,423,,4,,,False,
21390,2017-06-01,425,,3,,,False,
21390,2017-06-04,428,,5,,,False,
21390,2017-06-05,429,,3,,,False,
21390,2017-06-07,431,,3,,,False,
21390,2017-06-08,432,,2,,,False,
21390,2017-06-09,433,,2,,,False,
21390,2017-06-10,434,,2,,,False,
21390,2017-06-11,435,,5,,,False,
21390,2017-06-12,436,,2,,,False,
21390,2017-06-13,437,,3,,,False,
21390,2017-06-15,439,,5,,,False,
21390,2017-06-20,444,,4,,,False,
21390,2017-06-23,447,,3,,,False,
21390,2017-06-25,449,,2,,,False,
21390,2017-06-28,452,,2,,,False,
21390,2017-07-02,456,,3,,,False,
21390,2017-07-03,457,,5,,,False,
21390,2017-07-05,459,,2,,,False,
21390,2017-07-06,460,,2,,,False,
21390,2017-07-07,461,,6,,,False,
21390,2017-07-08,462,,3,,,False,
21390,2017-07-09,463,,3,,,False,
21390,2017-07-11,465,,2,,,False,
21390,2017-07-13,467,,2,,,False,
21390,2017-07-14,468,,3,,,False,
21390,2017-07-15,469,,5,,,False,
21390,2017-07-17,471,,5,,,False,
21390,2017-07-19,473,,2,,,False,
21390,2017-07-20,474,,2,,,False,
21390,2017-07-21,475,,3,,,False,
21390,2017-07-23,477,,2,,,False,
21390,2017-07-24,478,,4,,,False,
21390,2017-07-27,481,,3,,,False,
21390,2017-08-01,486,,3,,,False,
21390,2017-08-02,487,,2,,,False,
21390,2017-08-06,491,,3,,,False,
21390,2017-08-07,492,,4,,,False,
21390,2017-08-08,493,,2,,,False,
21390,2017-08-12,497,,3,,,False,
21390,2017-08-13,498,,4,,,False,
21390,2017-08-14,499,,4,,,False,
21390,2017-08-15,500,,2,,,False,
21390,2017-08-16,501,,5,,,False,
21390,2017-08-20,505,,3,,,False,
21390,2017-08-21,506,,2,,,False,
21390,2017-08-22,507,,3,,,False,
21390,2017-08-25,510,,2,,,False,
21390,2017-08-28,513,,2,,,False,
21390,2017-09-01,517,,3,,,False,
21390,2017-09-04,520,,2,,,False,
21390,2017-09-05,521,,5,,,False,
21390,2017-09-06,522,,2,,,False,
21390,2017-09-07,523,,2,,,False,
21390,2017-09-09,525,,2,,,False,
21390,2017-09-10,526,,3,,,False,
21390,2017-09-11,527,,2,,,False,
21390,2017-09-12,528,,4,,,False,
21390,2017-09-13,529,,3,,,False,
21390,2017-09-14,530,,3,,,False,
21390,2017-09-17,533,,2,,,False,
21390,2017-09-18,534,,3,,,False,
21390,2017-09-19,535,,2,,,False,
21390,2017-09-20,536,,2,,,False,
21390,2017-09-21,537,,2,,,False,
21390,2017-09-22,538,,3,,,False,
21390,2017-09-26,542,,7,,,False,
21390,2017-09-27,543,,2,,,False,
21390,2017-09-28,544,,3,,,False,
21390,2017-10-01,547,,4,,,False,
21390,2017-10-02,548,,2,,,False,
21390,2017-10-03,549,,2,,,False,
21390,2017-10-05,551,,6,,,False,
21390,2017-10-06,552,,3,,,False,
21390,2017-10-07,553,,6,,,False,
21390,2017-10-08,554,,2,,,False,
21390,2017-10-10,556,,3,,,False,
21390,2017-10-15,561,,2,,,False,
21390,2017-10-18,564,,3,,,False,
21390,2017-10-19,565,,4,,,False,
21390,2017-10-20,566,,4,,,False,
21390,2017-10-23,569,,3,,,False,
21390,2017-10-24,570,,4,,,False,
21390,2017-10-28,574,,4,,,False,
21390,2017-11-01,578,,2,,,False,
21390,2017-11-02,579,,2,,,False,
21390,2017-11-03,580,,2,,,False,
21390,2017-11-04,581,,3,,,False,
21390,2017-11-05,582,,2,,,False,
21390,2017-11-06,583,,4,,,False,
21390,2017-11-07,584,,4,,,False,
21390,2017-11-08,585,,2,,,False,
21390,2017-11-09,586,,3,,,False,
21390,2017-11-10,587,,2,,,False,
21390,2017-11-12,589,,2,,,False,
21390,2017-11-20,597,,2,,,False,
21390,2017-11-23,600,,3,,,False,
21390,2017-11-24,601,,2,,,False,
21390,2017-11-25,602,,4,,,False,
21390,2017-11-26,603,,4,,,False,
21390,2017-11-27,604,,2,,,False,
21390,2017-11-29,606,,4,,,False,
21390,2017-11-30,607,,2,,,False,
21390,2017-12-01,608,,2,,,False,
21390,2017-12-02,609,,2,,,False,
21390,2017-12-07,614,,2,,,False,
21390,2017-12-10,617,,2,,,False,
21390,2017-12-13,620,,2,,,False,
21390,2017-12-15,622,,2,,,False,
21390,2017-12-16,623,,2,,,False,
21390,2017-12-18,625,,3,,,False,
21390,2017-12-19,626,,4,,,False,
21390,2017-12-21,628,,2,,,False,
21390,2017-12-22,629,,3,,,False,
21390,2017-12-23,630,,3,,,False,
21390,2017-12-25,632,,3,,,False,
21390,2017-12-29,636,,2,,,False,
21390,2017-12-30,637,,4,,,False,
21390,2017-12-31,638,,5,,,False,
21390,2018-01-02,640,,5,,,False,
21390,2018-01-03,641,,2,,,False,
21390,2018-01-04,642,,2,,,False,
21390,2018-01-05,643,,5,,,False,
21390,2018-01-06,644,,4,,,False,
21390,2018-01-07,645,,6,,,False,
21390,2018-01-10,648,,3,,,False,
21390,2018-01-11,649,,2,,,False,
21390,2018-01-12,650,,2,,,False,
21390,2018-01-13,651,,3,,,False,
21390,2018-01-15,653,,4,,,False,
21390,2018-01-17,655,,5,,,False,
21390,2018-01-18,656,,6,,,False,
21390,2018-01-19,657,,2,,,False,
21390,2018-01-20,658,,2,,,False,
21390,2018-01-21,659,,2,,,False,
21390,2018-01-22,660,,2,,,False,
21390,2018-01-23,661,,3,,,False,
21390,2018-01-24,662,,3,,,False,
21390,2018-01-26,664,,3,,,False,
21390,2018-01-27,665,,2,,,False,
21390,2018-01-28,666,,3,,,False,
21390,2018-01-30,668,,2,,,False,
21390,2018-01-31,669,,3,,,False,
21390,2018-02-01,670,,4,,,False,
21390,2018-02-02,671,,2,,,False,
21390,2018-02-03,672,,2,,,False,
21390,2018-02-05,674,,2,,,False,
21390,2018-02-07,676,,3,,,False,
21390,2018-02-08,677,,2,,,False,
21390,2018-02-09,678,,2,,,False,
21390,2018-02-10,679,,2,,,False,
21390,2018-02-11,680,,2,,,False,
21390,2018-02-12,681,,5,,,False,
21390,2018-02-15,684,,3,,,False,
21390,2018-02-18,687,,2,,,False,
21390,2018-02-23,692,,5,,,False,
21390,2018-02-24,693,,4,,,False,
21390,2018-02-25,694,,3,,,False,
21390,2018-02-26,695,,2,,,False,
21390,2018-03-02,699,,2,,,False,
21390,2018-03-04,701,,4,,,False,
21390,2018-03-06,703,,3,,,False,
21390,2018-03-07,704,,2,,,False,
21390,2018-03-08,705,,3,,,False,
21390,2018-03-09,706,,4,,,False,
21390,2018-03-10,707,,3,,,False,
21390,2018-03-11,708,,2,,,False,
21390,2018-03-12,709,,4,,,False,
21390,2018-03-13,710,,4,,,False,
21390,2018-03-15,712,,3,,,False,
21390,2018-03-21,718,4580,2,582,,False,70
21390,2018-03-22,719,4588,1,583,,False,70
21390,2018-03-23,720,4593,1,583,,False,70
21390,2018-03-24,721,4596,1,582,,False,70
21390,2018-03-25,722,4597,3,582,,False,70
21390,2018-03-26,723,4597,6,582,,False,70
21390,2018-03-27,724,4612,7,585,,False,70
21390,2018-03-28,725,4612,2,585,,False,70
21390,2018-03-29,726,4620,2,586,,False,70
21390,2018-03-30,727,4627,4,587,,False,70
21390,2018-03-31,728,4631,3,586,,False,70
21390,2018-04-01,729,4639,6,586,,False,70
21390,2018-04-02,730,4645,4,588,,False,70
21390,2018-04-03,731,4652,2,586,,False,70
21390,2018-04-04,732,4658,5,584,,False,70
21390,2018-04-05,733,4658,5,584,,False,70
21390,2018-04-06,734,4679,3,583,,False,70
21390,2018-04-07,735,4688,1,583,,False,70
21390,2018-04-08,736,4699,3,584,,False,70
21390,2018-04-09,737,4704,2,583,,False,70
21390,2018-04-11,739,4712,3,584,,False,70
21390,2018-04-12,740,4712,5,584,,False,70
21390,2018-04-13,741,4725,5,583,,False,70
21390,2018-04-14,742,4733,2,583,,False,70
21390,2018-04-15,743,4738,1,582,,False,70
21390,2018-04-16,744,4744,1,582,,False,70
21390,2018-04-17,745,4751,3,582,,False,70
21390,2018-04-18,746,4754,1,581,,False,70
21390,2018-04-19,747,4754,6,581,,False,70
21390,2018-04-20,748,4764,2,582,,False,70
21390,2018-04-21,749,4768,1,582,,False,70
21390,2018-04-22,750,4769,2,581,,False,70
21390,2018-04-24,752,4777,3,581,,False,70
21390,2018-04-25,753,4780,4,581,,False,70
21390,2018-04-26,754,4783,1,581,,False,70
21390,2018-04-27,755,4786,2,582,,False,70
21390,2018-04-28,756,4792,3,582,,False,70
21390,2018-04-29,757,4794,1,582,,False,70
21390,2018-04-30,758,4795,1,581,,False,70
21390,2018-05-01,759,4800,1,581,,False,70
21390,2018-05-02,760,4804,2,581,,False,70
21390,2018-05-05,763,4817,1,582,,False,70
21390,2018-05-06,764,4817,3,582,,False,70
21390,2018-05-07,765,4819,3,583,,False,70
21390,2018-05-08,766,4829,5,583,,False,70
21390,2018-05-10,768,4840,2,581,,False,70
21390,2018-05-11,769,4842,1,582,,False,70
21390,2018-05-12,770,4847,2,582,,False,70
21390,2018-05-13,771,4851,2,583,,False,70
21390,2018-05-14,772,4851,4,583,,False,70
21390,2018-05-17,775,4856,3,582,,False,70
21390,2018-05-18,776,4866,1,582,,False,70
21390,2018-05-19,777,4869,2,584,,False,70
21390,2018-05-20,778,4871,1,583,,False,70
21390,2018-05-21,779,4871,4,583,,False,70
21390,2018-05-22,780,4874,1,581,,False,70
21390,2018-05-23,781,4875,1,581,,False,70
21390,2018-05-24,782,4875,6,581,,False,70
21390,2018-05-25,783,4880,9,582,,False,70
21390,2018-05-26,784,4880,8,582,,False,70
21390,2018-05-27,785,4886,10,583,,False,70
21390,2018-05-28,786,4915,11,583,,False,70
21390,2018-05-29,787,5115,18,586,,False,70
21390,2018-05-30,788,5237,46,587,,False,70
21390,2018-05-31,789,5282,63,587,,False,70
21390,2018-06-01,790,5394,54,592,,False,69
21390,2018-06-02,791,5541,55,591,,False,69
21390,2018-06-03,792,5662,44,591,,False,69
21390,2018-06-04,793,6971,19,616,,False,68
21390,2018-06-05,794,6971,20,616,,False,68
21390,2018-06-06,795,7220,16,619,,False,68
21390,2018-06-07,796,7376,13,623,,False,68
21390,2018-06-08,797,7488,13,623,,False,68
21390,2018-06-09,798,7557,19,623,,False,68
21390,2018-06-10,799,7714,16,627,,False,68
21390,2018-06-11,800,7714,9,627,,False,68
21390,2018-06-12,801,7792,16,634,,False,68
21390,2018-06-13,802,7843,23,635,,False,68
21390,2018-06-14,803,7905,13,638,,False,68
21390,2018-06-15,804,8039,7,642,,False,68
21390,2018-06-16,805,8083,6,644,,False,68
21390,2018-06-17,806,8143,13,645,,False,68
21390,2018-06-18,807,8213,14,646,,False,68
21390,2018-06-19,808,8280,10,649,,False,68
21390,2018-06-20,809,8280,21,649,,False,68
21390,2018-06-21,810,8378,17,648,,False,68
21390,2018-06-22,811,8534,6,651,,False,68
21390,2018-06-23,812,8600,10,652,,False,68
21390,2018-06-24,813,8600,21,652,,False,68
21390,2018-06-25,814,8648,18,653,,False,68
21390,2018-06-26,815,8769,16,660,,False,68
21390,2018-06-27,816,8769,16,660,,False,68
21390,2018-06-28,817,8845,12,662,,False,68
21390,2018-06-29,818,8895,13,660,,False,68
21390,2018-06-30,819,8985,15,662,,False,68
21390,2018-07-01,820,9042,15,662,,False,68
21390,2018-07-02,821,9042,27,662,,False,68
21390,2018-07-03,822,9108,16,661,,False,68
21390,2018-07-04,823,9197,17,662,,False,68
21390,2018-07-05,824,9268,15,662,,False,68
21390,2018-07-06,825,9320,18,663,,False,68
21390,2018-07-07,826,9379,31,666,,False,68
21390,2018-07-08,827,9456,20,672,,False,68
21390,2018-07-09,828,9520,24,670,,False,68
21390,2018-07-10,829,9589,26,674,,False,68
21390,2018-07-11,830,9671,23,677,,False,68
21390,2018-07-12,831,9785,24,681,,False,68
21390,2018-07-13,832,9785,26,681,,False,68
21390,2018-07-14,833,9866,19,683,,False,68
21390,2018-07-15,834,9931,38,684,,False,68
21390,2018-07-16,835,10002,41,687,,False,68
21390,2018-07-17,836,10079,22,689,,False,68
21390,2018-07-18,837,10148,31,688,,False,68
21390,2018-07-19,838,10208,31,692,,False,68
21390,2018-07-20,839,10279,29,694,,False,68
21390,2018-07-21,840,10337,17,694,,False,68
21390,2018-07-22,841,10460,18,697,,False,68
21390,2018-07-23,842,10460,30,697,,False,68
21390,2018-07-24,843,10540,23,698,,False,68
21390,2018-07-25,844,10624,28,700,,False,68
21390,2018-07-26,845,10674,22,702,,False,68
21390,2018-07-27,846,10727,23,704,,False,68
21390,2018-07-28,847,10775,36,703,,False,68
21390,2018-07-29,848,10826,17,708,,False,68
21390,2018-07-30,849,10881,20,708,,False,68
21390,2018-07-31,850,10917,25,710,,False,68
21390,2018-08-01,851,10967,20,710,,False,68
21390,2018-08-02,852,11025,26,716,,False,68
21390,2018-08-03,853,11066,23,717,,False,68
21390,2018-08-04,854,11119,19,718,,False,68
21390,2018-08-05,855,11160,19,718,,False,68
21390,2018-08-06,856,11202,21,720,,False,68
21390,2018-08-07,857,11244,23,722,,False,68
21390,2018-08-08,858,11301,22,724,,False,68
21390,2018-08-09,859,11340,9,724,,False,68
21390,2018-08-10,860,11374,14,720,,False,68
21390,2018-08-11,861,11407,25,720,,False,68
21390,2018-08-12,862,11435,17,724,,False,68
21390,2018-08-13,863,11462,22,726,,False,68
21390,2018-08-14,864,11500,9,727,,False,68
21390,2018-08-15,865,11538,19,726,,False,68
21390,2018-08-16,866,11578,8,729,,False,68
21390,2018-08-17,867,11606,12,729,,False,68
21390,2018-08-18,868,11629,14,728,,False,68
21390,2018-08-19,869,11661,7,728,,False,68
21390,2018-08-20,870,11689,9,728,,False,68
21390,2018-08-21,871,11717,11,730,,False,68
21390,2018-08-22,872,11762,13,732,,False,68
21390,2018-08-23,873,11762,15,732,,False,68
21390,2018-08-24,874,11793,14,737,,False,68
21390,2018-08-25,875,11847,7,739,,False,68
21390,2018-08-26,876,11847,13,739,,False,68
21390,2018-08-27,877,11866,13,737,,False,68
21390,2018-08-28,878,11880,18,738,,False,68
21390,2018-08-29,879,11949,11,736,,False,68
21390,2018-08-30,880,11949,13,736,,False,68
21390,2018-08-31,881,11977,12,738,,False,68
21390,2018-09-01,882,12000,14,739,,False,68
21390,2018-09-02,883,12026,6,742,,False,68
21390,2018-09-03,884,12046,20,741,,False,68
21390,2018-09-04,885,12086,10,745,,False,68
21390,2018-09-05,886,12086,7,745,,False,68
21390,2018-09-06,887,12100,13,744,,False,68
21390,2018-09-07,888,12145,8,745,,False,68
21390,2018-09-08,889,12166,8,745,,False,68
21390,2018-09-09,890,12189,9,746,,False,68
21390,2018-09-10,891,12204,12,746,,False,68
21390,2018-09-11,892,12204,11,746,,False,68
21390,2018-09-12,893,12228,6,748,,False,68
21390,2018-09-13,894,12258,13,747,,False,68
21390,2018-09-14,895,12274,15,749,,False,68
21390,2018-09-15,896,12299,12,749,,False,68
21390,2018-09-16,897,12317,20,748,,False,68
21390,2018-09-17,898,12350,24,749,,False,68
21390,2018-09-18,899,12371,18,750,,False,68
21390,2018-09-19,900,12394,9,753,,False,68
21390,2018-09-20,901,12419,10,750,,False,68
21390,2018-09-21,902,12436,8,750,,False,68
21390,2018-09-22,903,12459,17,750,,False,68
21390,2018-09-23,904,12469,20,750,,False,68
21390,2018-09-24,905,12497,28,752,,False,68
21390,2018-09-25,906,12529,15,751,,False,68
21390,2018-09-26,907,12563,12,754,,False,68
21390,2018-09-27,908,12587,18,753,,False,68
21390,2018-09-28,909,12605,9,750,,False,68
21390,2018-09-29,910,12618,11,749,,False,68
21390,2018-09-30,911,12666,16,750,,False,68
21390,2018-10-01,912,12666,12,750,,False,68
21390,2018-10-02,913,12723,9,753,,False,68
21390,2018-10-03,914,12742,19,755,,False,68
21390,2018-10-04,915,12742,7,755,,False,68
21390,2018-10-05,916,12796,13,752,,False,68
21390,2018-10-06,917,12814,9,753,,False,68
21390,2018-10-07,918,12814,19,753,,False,68
21390,2018-10-08,919,12838,11,751,,False,68
21390,2018-10-09,920,12884,23,751,,False,68
21390,2018-10-10,921,12937,13,754,,False,68
21390,2018-10-11,922,12937,12,754,,False,68
21390,2018-10-12,923,12960,17,752,,False,68
21390,2018-10-13,924,12993,12,752,,False,68
21390,2018-10-14,925,13019,13,753,,False,68
21390,2018-10-15,926,13051,16,754,,False,68
21390,2018-10-16,927,13079,8,755,,False,68
21390,2018-10-17,928,13111,10,754,,False,68
21390,2018-10-18,929,13139,16,756,,False,68
21390,2018-10-19,930,13166,14,759,,False,68
21390,2018-10-20,931,13190,15,760,,False,68
21390,2018-10-21,932,13212,13,758,,False,68
21390,2018-10-22,933,13236,15,759,,False,68
21390,2018-10-23,934,13264,12,759,,False,68
21390,2018-10-24,935,13292,10,761,,False,68
21390,2018-10-25,936,13319,11,759,,False,68
21390,2018-10-26,937,13341,10,760,,False,68
21390,2018-10-27,938,13365,8,761,,False,68
21390,2018-10-28,939,13387,13,762,,False,68
21390,2018-10-29,940,13411,14,762,,False,68
21390,2018-10-30,941,13411,12,762,,False,68
21390,2018-10-31,942,13436,10,763,,False,68
21390,2018-11-01,943,13464,8,765,,False,68
21390,2018-11-02,944,13483,14,763,,False,68
21390,2018-11-03,945,13497,10,763,,False,68
21390,2018-11-04,946,13540,5,759,,False,68
21390,2018-11-05,947,13555,10,759,,False,68
21390,2018-11-06,948,13572,10,761,,False,68
21390,2018-11-07,949,13572,12,761,,False,68
21390,2018-11-08,950,13590,9,760,,False,68
21390,2018-11-09,951,13608,15,761,,False,68
21390,2018-11-10,952,13619,15,762,,False,68
21390,2018-11-11,953,13639,19,761,,False,68
21390,2018-11-12,954,13663,21,763,,False,68
21390,2018-11-13,955,13695,9,766,,False,68
21390,2018-11-14,956,13728,6,764,,False,68
21390,2018-11-15,957,13728,8,764,,False,68
21390,2018-11-16,958,13745,11,765,,False,68
21390,2018-11-17,959,13766,12,764,,False,68
21390,2018-11-18,960,13785,16,765,,False,68
21390,2018-11-19,961,13813,14,767,,False,68
21390,2018-11-20,962,13828,10,768,,False,68
21390,2018-11-21,963,13864,12,767,,False,68
21390,2018-11-22,964,13864,17,767,,False,68
21390,2018-11-23,965,13904,8,769,,False,68
21390,2018-11-24,966,13920,12,771,,False,68
21390,2018-11-25,967,13920,14,771,,False,68
21390,2018-11-26,968,13964,11,771,,False,68
21390,2018-11-27,969,13964,8,771,,False,68
21390,2018-11-28,970,13979,13,770,,False,68
21390,2018-11-29,971,14010,10,773,,False,68
21390,2018-11-30,972,14010,16,773,,False,68
21390,2018-12-01,973,14028,12,773,,False,68
21390,2018-12-02,974,14045,11,771,,False,68
21390,2018-12-03,975,14071,7,772,,False,68
21390,2018-12-04,976,14071,14,772,,False,68
21390,2018-12-05,977,14093,19,771,,False,68
21390,2018-12-06,978,14110,14,774,,False,68
21390,2018-12-07,979,14150,5,774,,False,68
21390,2018-12-08,980,14165,7,775,,False,68
21390,2018-12-09,981,14175,10,775,,False,68
21390,2018-12-10,982,14175,12,775,,False,68
21390,2018-12-11,983,14188,16,776,,False,68
21390,2018-12-12,984,14203,7,778,,False,68
21390,2018-12-13,985,14223,14,778,,False,68
21390,2018-12-14,986,14236,14,778,,False,68
21390,2018-12-15,987,14260,11,778,,False,68
21390,2018-12-16,988,14279,12,777,,False,68
21390,2018-12-17,989,14302,8,779,,False,68
21390,2018-12-18,990,14342,5,777,,False,68
21390,2018-12-19,991,14342,15,777,,False,68
21390,2018-12-20,992,14357,12,778,,False,68
21390,2018-12-21,993,14381,7,782,,False,68
21390,2018-12-22,994,14411,5,781,,False,68
21390,2018-12-23,995,14411,11,781,,False,68
21390,2018-12-24,996,14442,22,784,,False,68
21390,2018-12-25,997,14462,20,784,,False,68
21390,2018-12-26,998,14485,16,782,,False,68
21390,2018-12-27,999,14508,15,787,,False,68
21390,2018-12-28,1000,14532,14,784,,False,68
21390,2018-12-29,1001,14559,23,784,,False,68
21390,2018-12-30,1002,14613,6,785,,False,68
21390,2018-12-31,1003,14613,14,785,,False,68
21390,2019-01-01,1004,14662,6,783,,False,68
21390,2019-01-02,1005,14681,9,783,,False,68
21390,2019-01-03,1006,14681,19,783,,False,68
21390,2019-01-04,1007,14710,8,783,,False,68
21390,2019-01-05,1008,14746,20,785,,False,68
21390,2019-01-06,1009,14780,25,784,,False,68
21390,2019-01-07,1010,14817,25,789,,False,68
21390,2019-01-08,1011,14847,20,790,,False,68
21390,2019-01-09,1012,14875,23,788,,False,68
21390,2019-01-10,1013,14905,14,789,,False,68
21390,2019-01-11,1014,14935,17,789,,False,68
21390,2019-01-12,1015,14969,28,789,,False,68
21390,2019-01-13,1016,14997,22,791,,False,68
21390,2019-01-14,1017,15025,18,791,,False,68
21390,2019-01-15,1018,15059,16,793,,False,68
21390,2019-01-16,1019,15100,16,794,,False,68
21390,2019-01-17,1020,15124,16,793,,False,68
21390,2019-01-18,1021,15207,17,793,,False,68
21390,2019-01-19,1022,15259,19,792,,False,68
21390,2019-01-20,1023,15291,14,794,,False,68
21390,2019-01-21,1024,15329,17,792,,False,68
21390,2019-01-22,1025,15360,15,792,,False,68
21390,2019-01-23,1026,15399,11,795,,False,68
21390,2019-01-24,1027,15420,25,795,,False,68
21390,2019-01-25,1028,15448,10,798,,False,68
21390,2019-01-26,1029,15489,10,799,,False,68
21390,2019-01-27,1030,15511,12,800,,False,68
21390,2019-01-28,1031,15547,8,798,,False,68
21390,2019-01-29,1032,15566,13,801,,False,68
21390,2019-01-30,1033,15584,21,802,,False,68
21390,2019-01-31,1034,15584,18,802,,False,68
21390,2019-02-01,1035,15626,8,805,,False,68
21390,2019-02-02,1036,15626,17,805,,False,68
21390,2019-02-03,1037,15645,10,804,,False,68
21390,2019-02-04,1038,15665,13,803,,False,68
21390,2019-02-05,1039,15696,10,803,,False,68
21390,2019-02-06,1040,15696,19,803,,False,68
21390,2019-02-07,1041,15731,10,806,,False,68
21390,2019-02-08,1042,15731,15,806,,False,68
21390,2019-02-09,1043,15749,18,807,,False,68
21390,2019-02-10,1044,15770,18,807,,False,68
21390,2019-02-11,1045,15795,15,809,,False,68
21390,2019-02-12,1046,15851,19,809,,False,68
21390,2019-02-13,1047,15851,12,809,,False,68
21390,2019-02-14,1048,15873,8,804,,False,68
21390,2019-02-15,1049,15890,12,805,,False,68
21390,2019-02-16,1050,15905,9,806,,False,68
21390,2019-02-17,1051,15917,21,807,,False,68
21390,2019-02-18,1052,15937,14,810,,False,68
21390,2019-02-19,1053,15969,9,815,,False,68
21390,2019-02-20,1054,15985,19,816,,False,68
21390,2019-02-21,1055,16025,15,818,,False,68
21390,2019-02-22,1056,16043,17,816,,False,68
21390,2019-02-23,1057,16043,14,816,,False,68
21390,2019-02-24,1058,16068,15,818,,False,68
21390,2019-02-25,1059,16086,11,818,,False,68
21390,2019-02-26,1060,16109,17,817,,False,68
21390,2019-02-27,1061,16134,10,817,,False,68
21390,2019-02-28,1062,16152,9,818,,False,68
21390,2019-03-01,1063,16183,12,821,,False,68
21390,2019-03-02,1064,16200,17,821,,False,68
21390,2019-03-03,1065,16244,7,822,,False,68
21390,2019-03-04,1066,16244,14,822,,False,68
21390,2019-03-05,1067,16288,13,823,,False,68
21390,2019-03-06,1068,16288,25,823,,False,68
21390,2019-03-07,1069,16315,19,824,,False,68
21390,2019-03-08,1070,16336,17,824,,False,68
21390,2019-03-09,1071,16400,26,829,,False,68
21390,2019-03-10,1072,16444,14,830,,False,68
21390,2019-03-11,1073,16486,20,830,,False,69
21390,2019-03-12,1074,16515,23,830,,False,69
21390,2019-03-13,1075,16575,12,829,,False,69
21390,2019-03-14,1076,16575,13,829,,False,69
21390,2019-03-15,1077,16600,17,827,,False,69
21390,2019-03-16,1078,16621,9,828,,False,69
21390,2019-03-17,1079,16645,10,828,,False,69
21390,2019-03-18,1080,16708,6,830,,False,69
21390,2019-03-19,1081,16708,15,830,,False,69
21390,2019-03-20,1082,16726,11,831,,False,68
21390,2019-03-21,1083,16747,15,833,,False,68
21390,2019-03-22,1084,16786,7,835,,False,69
21390,2019-03-23,1085,16830,22,836,,False,68
21390,2019-03-24,1086,16852,14,837,,False,68
21390,2019-03-25,1087,16894,17,834,,False,68
21390,2019-03-26,1088,16919,21,835,,False,69
21390,2019-03-27,1089,16950,25,837,,False,69
21390,2019-03-28,1090,16982,15,837,,False,69
21390,2019-03-29,1091,17020,16,838,,False,69
21390,2019-03-30,1092,17072,12,836,,False,69
21390,2019-03-31,1093,17072,15,836,,False,69
21390,2019-04-01,1094,17096,38,835,,False,69
21390,2019-04-02,1095,17138,32,834,,False,69
21390,2019-04-03,1096,17217,23,837,,False,69
21390,2019-04-04,1097,17278,31,837,,False,69
21390,2019-04-05,1098,17325,18,837,,False,69
21390,2019-04-06,1099,17408,11,837,,False,69
21390,2019-04-07,1100,17437,11,837,,False,69
21390,2019-04-08,1101,17465,20,839,,False,69
21390,2019-04-09,1102,17503,12,842,,False,69
21390,2019-04-10,1103,17503,20,842,,False,69
21390,2019-04-11,1104,17580,14,845,,False,69
21390,2019-04-12,1105,17603,12,845,,False,69
21390,2019-04-13,1106,17623,16,848,,False,69
21390,2019-04-14,1107,17623,18,848,,False,69
21390,2019-04-15,1108,17656,21,848,,False,69
21390,2019-04-16,1109,17697,15,847,,False,68
21390,2019-04-17,1110,17735,19,846,,False,69
21390,2019-04-18,1111,17764,15,846,,False,69
21390,2019-04-19,1112,17791,17,849,,False,69
21390,2019-04-20,1113,17806,22,847,,False,69
21390,2019-04-21,1114,17836,14,849,,False,69
21390,2019-04-22,1115,17861,21,849,,False,69
21390,2019-04-23,1116,17890,27,851,,False,69
21390,2019-04-24,1117,17926,11,857,,False,69
21390,2019-04-25,1118,17959,16,856,,False,69
21390,2019-04-26,1119,17983,16,859,,False,69
21390,2019-04-27,1120,18014,19,860,,False,69
21390,2019-04-28,1121,18043,14,862,,False,69
21390,2019-04-29,1122,18075,15,860,,False,69
21390,2019-04-30,1123,18120,22,861,,False,69
21390,2019-05-01,1124,18177,17,864,,False,69
21390,2019-05-02,1125,18177,14,864,,False,69
21390,2019-05-03,1126,18201,20,863,,False,69
21390,2019-05-04,1127,18228,11,862,,False,69
21390,2019-05-05,1128,18256,28,862,,False,69
21390,2019-05-06,1129,18282,12,862,,False,69
21390,2019-05-07,1130,18337,10,863,,False,69
21390,2019-05-08,1131,18337,10,863,,False,69
21390,2019-05-09,1132,18353,18,864,,False,69
21390,2019-05-10,1133,18388,10,866,,False,69
21390,2019-05-11,1134,18388,27,866,,False,69
21390,2019-05-12,1135,18410,10,869,,False,69
21390,2019-05-13,1136,18455,13,867,,False,69
21390,2019-05-14,1137,18455,21,867,,False,69
21390,2019-05-15,1138,18492,13,866,,False,69
21390,2019-05-16,1139,18516,20,869,,False,69
21390,2019-05-17,1140,18541,14,873,,False,69
21390,2019-05-18,1141,18569,13,874,,False,69
21390,2019-05-19,1142,18595,19,874,,False,68
21390,2019-05-20,1143,18613,19,873,,False,68
21390,2019-05-21,1144,18637,14,872,,False,68
21390,2019-05-22,1145,18656,11,870,,False,68
21390,2019-05-23,1146,18696,16,872,,False,68
21390,2019-05-24,1147,18696,9,872,,False,68
21390,2019-05-25,1148,18716,16,872,,False,68
21390,2019-05-26,1149,18758,9,876,,False,68
21390,2019-05-27,1150,18758,15,876,,False,68
21390,2019-05-28,1151,18786,19,877,,False,68
21390,2019-05-29,1152,18827,8,879,,False,68
21390,2019-05-30,1153,18827,11,879,,False,68
21390,2019-05-31,1154,18839,15,881,,False,68
21390,2019-06-01,1155,18855,21,880,,False,68
21390,2019-06-02,1156,18902,10,885,,False,68
21390,2019-06-03,1157,18902,19,885,,False,68
21390,2019-06-04,1158,18920,11,887,,False,68
21390,2019-06-05,1159,18962,22,887,,False,69
21390,2019-06-06,1160,18962,25,887,,False,69
21390,2019-06-07,1161,19027,14,887,,False,69
21390,2019-06-08,1162,19060,13,888,,False,69
21390,2019-06-09,1163,19114,11,889,,False,69
21390,2019-06-10,1164,19114,13,889,,False,69
21390,2019-06-11,1165,19149,17,891,,False,69
21390,2019-06-12,1166,19176,14,892,,False,69
21390,2019-06-13,1167,19194,10,892,,False,69
21390,2019-06-14,1168,19211,17,893,,False,69
21390,2019-06-15,1169,19230,18,892,,False,69
21390,2019-06-16,1170,19252,21,892,,False,69
21390,2019-06-17,1171,19283,11,893,,False,69
21390,2019-06-18,1172,19337,13,891,,False,69
21390,2019-06-19,1173,19353,16,892,,False,69
21390,2019-06-20,1174,19382,19,896,,False,69
21390,2019-06-21,1175,19382,34,896,,False,69
21390,2019-06-22,1176,19414,18,899,,False,69
21390,2019-06-23,1177,19466,22,903,,False,69
21390,2019-06-24,1178,19466,18,903,,False,69
21390,2019-06-25,1179,19544,18,903,,False,69
21390,2019-06-26,1180,19544,14,903,,False,69
21390,2019-06-27,1181,19575,22,903,,False,69
21390,2019-06-28,1182,19595,16,905,,False,69
21390,2019-06-29,1183,19650,12,906,,False,69
21390,2019-06-30,1184,19650,18,906,,False,69
21390,2019-07-01,1185,19691,16,908,,False,69
21390,2019-07-02,1186,19691,16,908,,False,69
21390,2019-07-03,1187,19723,8,908,,False,69
21390,2019-07-04,1188,19770,16,911,,False,69
21390,2019-07-05,1189,19770,12,911,,False,69
21390,2019-07-06,1190,19798,15,910,,False,69
21390,2019-07-07,1191,19852,13,915,,False,69
21390,2019-07-08,1192,19852,20,915,,False,69
21390,2019-07-09,1193,19928,18,916,,False,69
21390,2019-07-10,1194,19928,23,916,,False,69
21390,2019-07-11,1195,19996,15,918,,False,69
21390,2019-07-12,1196,19996,34,918,,False,69
21390,2019-07-13,1197,20036,18,921,,False,69
21390,2019-07-14,1198,20074,21,918,,False,69
21390,2019-07-15,1199,20100,20,921,,False,69
21390,2019-07-16,1200,20159,17,921,,False,69
21390,2019-07-17,1201,20159,21,921,,False,69
21390,2019-07-18,1202,20190,21,923,,False,69
21390,2019-07-19,1203,20222,25,926,,False,69
21390,2019-07-20,1204,20254,17,926,,False,69
21390,2019-07-21,1205,20282,15,923,,False,69
21390,2019-07-22,1206,20312,24,924,,False,69
21390,2019-07-23,1207,20345,19,924,,False,69
21390,2019-07-24,1208,20404,22,925,,False,69
21390,2019-07-25,1209,20404,23,925,,False,69
21390,2019-07-26,1210,20442,16,929,,False,69
21390,2019-07-27,1211,20476,10,928,,False,69
21390,2019-07-28,1212,20502,11,931,,False,69
21390,2019-07-29,1213,20546,17,932,,False,69
21390,2019-07-30,1214,20574,12,929,,False,69
21390,2019-07-31,1215,20574,25,929,,False,69
21390,2019-08-01,1216,20596,26,930,,False,69
21390,2019-08-02,1217,20627,26,936,,False,69
21390,2019-08-03,1218,20653,19,931,,False,69
21390,2019-08-04,1219,20680,10,929,,False,69
21390,2019-08-05,1220,20709,19,930,,False,69
21390,2019-08-06,1221,20754,13,932,,False,69
21390,2019-08-07,1222,20754,14,932,,False,69
21390,2019-08-08,1223,20770,8,931,,False,69
21390,2019-08-09,1224,20792,16,929,,False,69
21390,2019-08-10,1225,20832,8,930,,False,69
21390,2019-08-11,1226,20832,12,930,,False,69
21390,2019-08-12,1227,20854,15,933,,False,69
21390,2019-08-13,1228,20912,17,935,,False,69
21390,2019-08-14,1229,20912,20,935,,False,69
21390,2019-08-15,1230,20964,13,936,,False,69
21390,2019-08-16,1231,20964,22,936,,False,69
21390,2019-08-17,1232,20990,23,934,,False,69
21390,2019-08-18,1233,21017,18,935,,False,69
21390,2019-08-19,1234,21049,14,937,,False,69
21390,2019-08-20,1235,21073,14,937,,False,69
21390,2019-08-21,1236,21089,20,938,,False,69
21390,2019-08-22,1237,21115,11,936,,False,69
21390,2019-08-23,1238,21161,12,938,,False,69
21390,2019-08-24,1239,21180,9,939,,False,69
21390,2019-08-25,1240,21180,21,939,,False,69
21390,2019-08-26,1241,21200,11,940,,False,69
21390,2019-08-27,1242,21250,19,939,,False,69
21390,2019-08-28,1243,21250,12,939,,False,69
21390,2019-08-29,1244,21300,13,941,,False,69
21390,2019-08-30,1245,21300,12,941,,False,69
21390,2019-08-31,1246,21339,10,941,,False,69
21390,2019-09-01,1247,21339,13,941,,False,69
21390,2019-09-02,1248,21355,16,941,,False,69
21390,2019-09-03,1249,21377,17,944,,False,69
21390,2019-09-04,1250,21392,10,943,,False,69
21390,2019-09-05,1251,21416,8,947,,False,69
21390,2019-09-06,1252,21434,10,944,,False,69
21390,2019-09-07,1253,21468,13,945,,False,69
21390,2019-09-08,1254,21468,16,945,,False,69
21390,2019-09-09,1255,21496,12,947,,False,69
21390,2019-09-10,1256,21525,9,947,,False,69
21390,2019-09-11,1257,21569,9,951,,False,69
21390,2019-09-12,1258,21569,10,951,,False,69
21390,2019-09-13,1259,21598,11,954,,False,69
21390,2019-09-14,1260,21598,13,954,,False,69
21390,2019-09-15,1261,21622,13,957,,False,69
21390,2019-09-16,1262,21647,10,955,,False,69
21390,2019-09-17,1263,21670,6,958,,False,69
21390,2019-09-18,1264,21693,9,958,,False,69
21390,2019-09-19,1265,21705,21,958,,False,69
21390,2019-09-20,1266,21732,15,960,,False,69
21390,2019-09-21,1267,21754,10,957,,False,69
21390,2019-09-22,1268,21792,11,959,,False,69
21390,2019-09-23,1269,21792,11,959,,False,69
21390,2019-09-24,1270,21842,17,957,,False,69
21390,2019-09-25,1271,21842,10,957,,False,69
21390,2019-09-26,1272,21886,15,960,,False,69
21390,2019-09-27,1273,21886,11,960,,False,69
21390,2019-09-28,1274,21908,13,962,,False,69
21390,2019-09-29,1275,21938,21,965,,False,69
21390,2019-09-30,1276,21967,28,967,,False,69
21390,2019-10-01,1277,21996,12,966,,False,69
21390,2019-10-02,1278,22053,20,966,,False,69
21390,2019-10-03,1279,22073,5,963,,False,69
21390,2019-10-04,1280,22099,14,966,,False,69
21390,2019-10-05,1281,22099,16,966,,False,69
21390,2019-10-06,1282,22145,12,967,,False,69
21390,2019-10-07,1283,22145,15,967,,False,69
21390,2019-10-08,1284,22166,9,966,,False,69
21390,2019-10-09,1285,22222,11,968,,False,68
21390,2019-10-10,1286,22222,17,968,,False,68
21390,2019-10-11,1287,22268,15,974,,False,68
21390,2019-10-12,1288,22268,29,974,,False,68
21390,2019-10-13,1289,22327,15,977,,False,68
21390,2019-10-14,1290,22327,14,977,,False,68
21390,2019-10-15,1291,22351,19,972,,False,68
21390,2019-10-16,1292,22424,25,976,,False,68
21390,2019-10-17,1293,22445,18,979,,False,68
21390,2019-10-18,1294,22462,13,978,,False,68
21390,2019-10-19,1295,22480,9,980,,False,68
21390,2019-10-20,1296,22502,13,979,,False,68
21390,2019-10-21,1297,22528,10,978,,False,68
21390,2019-10-22,1298,22548,19,977,,False,68
21390,2019-10-23,1299,22548,8,977,,False,68
21390,2019-10-24,1300,22570,13,977,,False,68
21390,2019-10-25,1301,22608,14,978,,False,68
21390,2019-10-26,1302,22623,17,978,,False,68
21390,2019-10-27,1303,22645,12,980,,False,68
21390,2019-10-28,1304,22668,6,980,,False,68
21390,2019-10-29,1305,22668,8,980,,False,68
21390,2019-10-30,1306,22693,6,981,,False,68
21390,2019-10-31,1307,22706,10,982,,False,68
21390,2019-11-01,1308,22706,7,982,,False,68
21390,2019-11-02,1309,22738,8,982,,False,68
21390,2019-11-03,1310,22754,9,982,,False,68
21390,2019-11-04,1311,22754,10,982,,False,68
21390,2019-11-05,1312,22805,18,986,,False,68
21390,2019-11-06,1313,22823,14,986,,False,68
21390,2019-11-07,1314,22837,12,987,,False,68
21390,2019-11-08,1315,22837,13,987,,False,68
21390,2019-11-09,1316,22859,6,987,,False,68
21390,2019-11-10,1317,22892,12,988,,False,68
21390,2019-11-11,1318,22892,10,988,,False,68
21390,2019-11-12,1319,22934,11,988,,False,68
21390,2019-11-13,1320,22955,15,988,,False,68
21390,2019-11-14,1321,22966,10,986,,False,68
21390,2019-11-15,1322,22966,11,986,,False,68
21390,2019-11-16,1323,22982,10,987,,False,68
21390,2019-11-17,1324,23013,13,986,,False,68
21390,2019-11-18,1325,23013,13,986,,False,68
21390,2019-11-19,1326,23041,12,987,,False,68
21390,2019-11-20,1327,23061,14,989,,False,68
21390,2019-11-21,1328,23061,9,989,,False,68
21390,2019-11-22,1329,23076,8,987,,False,68
21390,2019-11-23,1330,23101,13,986,,False,68
21390,2019-11-24,1331,23119,14,987,,False,68
21390,2019-11-25,1332,23147,23,988,,False,68
21390,2019-11-26,1333,23147,9,988,,False,68
21390,2019-11-27,1334,23166,14,992,,False,68
21390,2019-11-28,1335,23194,12,989,,False,68
21390,2019-11-29,1336,23194,7,989,,False,68
21390,2019-11-30,1337,23211,9,988,,False,68
21390,2019-12-01,1338,23229,18,989,,False,68
21390,2019-12-02,1339,23247,13,988,,False,68
21390,2019-12-03,1340,23267,15,987,,False,68
21390,2019-12-04,1341,23305,9,987,,False,68
21390,2019-12-05,1342,23305,12,987,,False,68
21390,2019-12-06,1343,23342,6,988,,False,68
21390,2019-12-07,1344,23342,9,988,,False,68
21390,2019-12-08,1345,23355,11,987,,False,68
21390,2019-12-09,1346,23388,16,988,,False,68
21390,2019-12-10,1347,23388,14,988,,False,68
21390,2019-12-11,1348,23408,23,991,,False,68
21390,2019-12-12,1349,23449,21,991,,False,68
21390,2019-12-13,1350,23465,12,993,,False,68
21390,2019-12-14,1351,23479,10,993,,False,68
21390,2019-12-15,1352,23479,13,993,,False,68
21390,2019-12-16,1353,23514,8,997,,False,68
21390,2019-12-17,1354,23527,6,997,,False,68
21390,2019-12-18,1355,23545,18,998,,False,68
21390,2019-12-19,1356,23545,14,998,,False,68
21390,2019-12-20,1357,23562,11,997,,False,68
21390,2019-12-21,1358,23575,14,994,,False,68
21390,2019-12-22,1359,23599,17,995,,False,68
21390,2019-12-23,1360,23637,14,997,,False,68
21390,2019-12-24,1361,23656,14,998,,False,68
21390,2019-12-25,1362,23672,8,998,,False,68
21390,2019-12-26,1363,23684,19,1000,,False,68
21390,2019-12-27,1364,23684,13,1000,,False,68
21390,2019-12-28,1365,23719,10,1000,,False,68
21390,2019-12-29,1366,23719,11,1000,,False,68
21390,2019-12-30,1367,23752,13,1000,,False,68
21390,2019-12-31,1368,23752,19,1000,,False,68
21390,2020-01-01,1369,23781,14,1000,,False,68
21390,2020-01-02,1370,23825,10,1002,,False,68
21390,2020-01-03,1371,23851,18,1004,,False,68
21390,2020-01-04,1372,23880,22,1004,,False,68
21390,2020-01-05,1373,23905,30,1003,,False,68
21390,2020-01-06,1374,23943,30,999,,False,68
21390,2020-01-07,1375,23981,19,998,,False,68
21390,2020-01-08,1376,23981,15,998,,False,68
21390,2020-01-09,1377,24018,27,1001,,False,68
21390,2020-01-10,1378,24043,12,1003,,False,68
21390,2020-01-11,1379,24064,18,1001,,False,68
21390,2020-01-12,1380,24092,15,1003,,False,68
21390,2020-01-13,1381,24141,13,1005,,False,68
21390,2020-01-14,1382,24168,17,1006,,False,68
21390,2020-01-15,1383,24193,14,1007,,False,68
21390,2020-01-16,1384,24218,19,1008,,False,68
21390,2020-01-17,1385,24244,10,1009,,False,68
21390,2020-01-18,1386,24262,15,1010,,False,68
21390,2020-01-19,1387,24274,17,1009,,False,68
21390,2020-01-20,1388,24309,17,1011,,False,68
21390,2020-01-21,1389,24309,24,1011,,False,68
21390,2020-01-22,1390,24348,16,1011,,False,68
21390,2020-01-23,1391,24367,22,1014,,False,68
21390,2020-01-24,1392,24367,24,1014,,False,68
21390,2020-01-25,1393,24395,20,1016,,False,68
21390,2020-01-26,1394,24457,29,1018,,False,68
21390,2020-01-27,1395,24488,36,1019,,False,68
21390,2020-01-28,1396,24488,45,1019,,False,68
21390,2020-01-29,1397,24521,30,1021,,False,68
21390,2020-01-30,1398,24588,15,1017,,False,68
21390,2020-01-31,1399,24608,12,1019,,False,68
21390,2020-02-01,1400,24629,19,1021,,False,68
21390,2020-02-02,1401,24629,18,1021,,False,68
21390,2020-02-03,1402,24685,17,1023,,False,68
21390,2020-02-04,1403,24685,26,1023,,False,68
21390,2020-02-05,1404,24704,16,1022,,False,68
21390,2020-02-06,1405,24727,21,1018,,False,68
21390,2020-02-07,1406,24782,18,1021,,False,68
21390,2020-02-08,1407,24811,8,1020,,False,68
21390,2020-02-09,1408,24834,28,1023,,False,68
21390,2020-02-10,1409,24834,21,1023,,False,68
21390,2020-02-11,1410,24888,12,1026,,False,68
21390,2020-02-12,1411,24888,19,1026,,False,68
21390,2020-02-13,1412,24908,18,1026,,False,68
21390,2020-02-14,1413,24944,7,1027,,False,68
21390,2020-02-15,1414,24989,8,1025,,False,68
21390,2020-02-16,1415,24989,36,1025,,False,68
21390,2020-02-17,1416,25015,21,1025,,False,68
21390,2020-02-18,1417,25050,18,1027,,False,68
21390,2020-02-19,1418,25102,21,1030,,False,68
21390,2020-02-20,1419,25102,18,1030,,False,68
21390,2020-02-21,1420,25179,12,1032,,False,68
21390,2020-02-22,1421,25262,15,1031,,False,68
21390,2020-02-23,1422,25262,16,1031,,False,68
21390,2020-02-24,1423,25294,12,1033,,False,68
21390,2020-02-25,1424,25348,4,1035,,False,68
21390,2020-02-26,1425,25369,25,1036,,False,68
21390,2020-02-27,1426,25369,13,1036,,False,68
21390,2020-02-28,1427,25415,12,1039,,False,68
21390,2020-02-29,1428,25415,8,1039,,False,68
21390,2020-03-01,1429,25435,18,1038,,False,68
21390,2020-03-02,1430,25449,23,1037,,False,68
21390,2020-03-03,1431,25515,24,1039,,False,68
21390,2020-03-04,1432,25515,11,1039,,False,68
21390,2020-03-05,1433,25558,25,1039,,False,68
21390,2020-03-06,1434,25558,11,1039,,False,68
21390,2020-03-07,1435,25575,12,1039,,False,68
21390,2020-03-08,1436,25624,13,1040,,False,68
21390,2020-03-09,1437,25648,11,1043,,False,68
21390,2020-03-10,1438,25648,14,1043,,False,68
21390,2020-03-11,1439,25678,13,1044,,False,68
21390,2020-03-12,1440,25703,23,1045,,False,68
21390,2020-03-13,1441,25724,13,1045,,False,68
21390,2020-03-14,1442,25746,18,1044,,False,68
21390,2020-03-15,1443,25759,12,1044,,False,68
21390,2020-03-16,1444,25790,21,1043,,False,68
21390,2020-03-17,1445,25852,16,1047,,False,68
21390,2020-03-18,1446,25852,24,1047,,False,68
21390,2020-03-19,1447,25885,23,1049,,False,68
21390,2020-03-20,1448,25945,20,1051,,False,68
21390,2020-03-21,1449,25945,22,1051,,False,68
21390,2020-03-22,1450,25968,34,1050,,False,68
21390,2020-03-23,1451,26005,24,1052,,False,68
21390,2020-03-24,1452,26065,19,1054,,False,68
21390,2020-03-25,1453,26065,24,1054,,False,68
21390,2020-03-26,1454,26101,23,1056,,False,68
21390,2020-03-27,1455,26170,26,1057,,False,68
21390,2020-03-28,1456,26170,35,1057,,False,68
21390,2020-03-29,1457,26201,24,1059,,False,68
21390,2020-03-30,1458,26289,19,1060,,False,68
21390,2020-03-31,1459,26289,23,1060,,False,68
21390,2020-04-01,1460,26360,22,1064,,False,68
21390,2020-04-02,1461,26360,22,1064,,False,68
21390,2020-04-03,1462,26431,29,1066,,False,68
21390,2020-04-04,1463,26478,19,1066,,False,68
21390,2020-04-05,1464,26478,30,1066,,False,68
21390,2020-04-06,1465,26560,42,1069,,False,68
21390,2020-04-07,1466,26560,42,1069,,False,68
21390,2020-04-08,1467,26724,29,1073,,False,68
21390,2020-04-09,1468,26724,22,1073,,False,68
21390,2020-04-10,1469,26791,39,1070,,False,68
21390,2020-04-11,1470,26888,31,1073,,False,68
21390,2020-04-12,1471,26888,36,1073,,False,68
21390,2020-04-13,1472,26931,41,1074,,False,68
21390,2020-04-14,1473,26989,30,1075,,False,68
21390,2020-04-15,1474,27098,40,1076,,False,68
21390,2020-04-16,1475,27098,44,1076,,False,68
21390,2020-04-17,1476,27190,44,1073,,False,68
21390,2020-04-18,1477,27190,36,1073,,False,68
21390,2020-04-19,1478,27248,44,1075,,False,68
21390,2020-04-20,1479,27294,39,1080,,False,68
21390,2020-04-21,1480,27349,50,1078,,False,68
21390,2020-04-22,1481,27466,37,1085,,False,68
21390,2020-04-23,1482,27466,51,1085,,False,68
21390,2020-04-24,1483,27521,48,1086,,False,68
21390,2020-04-25,1484,27587,36,1090,,False,68
21390,2020-04-26,1485,27693,44,1096,,False,68
21390,2020-04-27,1486,27693,31,1096,,False,68
21390,2020-04-28,1487,27736,45,1094,,False,68
21390,2020-04-29,1488,27779,33,1093,,False,68
21390,2020-04-30,1489,27833,40,1096,,False,68
21390,2020-05-01,1490,27891,38,1097,,False,68
21390,2020-05-02,1491,27951,26,1096,,False,68
21390,2020-05-03,1492,28003,40,1095,,False,68
21390,2020-05-04,1493,28052,37,1097,,False,68
21390,2020-05-05,1494,28138,25,1101,,False,68
21390,2020-05-06,1495,28138,45,1101,,False,68
21390,2020-05-07,1496,28240,35,1101,,False,68
21390,2020-05-08,1497,28240,34,1101,,False,68
21390,2020-05-09,1498,28344,36,1104,,False,68
21390,2020-05-10,1499,28344,41,1104,,False,68
21390,2020-05-11,1500,28394,27,1110,,False,68
21390,2020-05-12,1501,28441,50,1112,,False,68
21390,2020-05-13,1502,28496,21,1119,,False,68
21390,2020-05-14,1503,28554,40,1117,,False,68
21390,2020-05-15,1504,28602,42,1119,,False,68
21390,2020-05-16,1505,28662,39,1122,,False,68
21390,2020-05-17,1506,28716,44,1121,,False,68
21390,2020-05-18,1507,28768,37,1123,,False,68
21390,2020-05-19,1508,28814,31,1130,,False,68
21390,2020-05-20,1509,28902,33,1134,,False,68
21390,2020-05-21,1510,28902,31,1134,,False,68
21390,2020-05-22,1511,28987,63,1137,,False,68
21390,2020-05-23,1512,28987,34,1137,,False,68
21390,2020-05-24,1513,29055,52,1139,,False,68
21390,2020-05-25,1514,29108,28,1140,,False,68
21390,2020-05-26,1515,29173,51,1146,,False,68
21390,2020-05-27,1516,29224,37,1153,,False,68
21390,2020-05-28,1517,29282,31,1152,,False,68
21390,2020-05-29,1518,29331,33,1156,,False,68
21390,2020-05-30,1519,29375,27,1154,,False,68
21390,2020-05-31,1520,29427,31,1157,,False,68
21390,2020-06-01,1521,29468,45,1162,,False,68
21390,2020-06-02,1522,29515,31,1158,,False,68
21390,2020-06-03,1523,29575,38,1159,,False,68
21390,2020-06-04,1524,29624,23,1162,,False,68
21390,2020-06-05,1525,29679,37,1159,,False,68
21390,2020-06-06,1526,29714,26,1162,,False,68
21390,2020-06-07,1527,29771,32,1164,,False,68
21390,2020-06-08,1528,29813,52,1166,,False,68
21390,2020-06-09,1529,29922,48,1173,,False,68
21390,2020-06-10,1530,29922,46,1173,,False,68
21390,2020-06-11,1531,29996,38,1175,,False,68
21390,2020-06-12,1532,30063,39,1179,,False,68
21390,2020-06-13,1533,30123,37,1174,,False,68
21390,2020-06-14,1534,30180,28,1176,,False,68
21390,2020-06-15,1535,30237,38,1182,,False,68
21390,2020-06-16,1536,30297,46,1183,,False,68
21390,2020-06-17,1537,30344,52,1182,,False,68
21390,2020-06-18,1538,30394,37,1180,,False,68
21390,2020-06-19,1539,30484,23,1183,,False,68
21390,2020-06-20,1540,30484,34,1183,,False,68
21390,2020-06-21,1541,30523,41,1182,,False,68
21390,2020-06-22,1542,30577,25,1186,,False,68
21390,2020-06-23,1543,30644,30,1187,,False,68
21390,2020-06-24,1544,30730,24,1190,,False,68
21390,2020-06-25,1545,30730,24,1190,,False,68
21390,2020-06-26,1546,30764,22,1189,,False,68
21390,2020-06-27,1547,30816,24,1189,,False,68
21390,2020-06-28,1548,30858,46,1190,,False,68
21390,2020-06-29,1549,30897,40,1192,,False,68
21390,2020-06-30,1550,30957,35,1191,,False,68
21390,2020-07-01,1551,31013,32,1195,,False,68
21390,2020-07-02,1552,31067,36,1198,,False,68
21390,2020-07-03,1553,31105,45,1196,,False,68
21390,2020-07-04,1554,31218,38,1200,,False,68
21390,2020-07-05,1555,31268,60,1204,,False,68
21390,2020-07-06,1556,31341,55,1203,,False,68
21390,2020-07-07,1557,31341,45,1203,,False,68
21390,2020-07-08,1558,31405,50,1207,,False,68
21390,2020-07-09,1559,31464,50,1205,,False,68
21390,2020-07-10,1560,31535,53,1210,,False,68
21390,2020-07-11,1561,31677,59,1213,,False,68
21390,2020-07-12,1562,31856,55,1217,,False,68
21390,2020-07-13,1563,31953,46,1221,,False,68
21390,2020-07-14,1564,32096,43,1223,,False,68
21390,2020-07-15,1565,32162,52,1221,,False,68
21390,2020-07-16,1566,32233,56,1221,,False,68
21390,2020-07-17,1567,32342,36,1226,,False,68
21390,2020-07-18,1568,32342,42,1226,,False,68
21390,2020-07-19,1569,32403,42,1224,,False,68
21390,2020-07-20,1570,32460,54,1231,,False,68
21390,2020-07-21,1571,32509,63,1231,,False,68
21390,2020-07-22,1572,32633,47,1234,,False,68
21390,2020-07-23,1573,32736,33,1243,,False,68
21390,2020-07-24,1574,32814,32,1243,,False,68
21390,2020-07-25,1575,32862,38,1245,,False,68
21390,2020-07-26,1576,32915,35,1246,,False,68
21390,2020-07-27,1577,32962,52,1248,,False,68
21390,2020-07-28,1578,33008,75,1249,,False,68
21390,2020-07-29,1579,33062,42,1248,,False,68
21390,2020-07-30,1580,33164,47,1245,,False,68
21390,2020-07-31,1581,33269,59,1246,,False,68
21390,2020-08-01,1582,33269,42,1246,,False,68
21390,2020-08-02,1583,33335,41,1255,,False,68
21390,2020-08-03,1584,33383,48,1258,,False,68
21390,2020-08-04,1585,33418,36,1252,,False,68
21390,2020-08-05,1586,33514,42,1257,,False,68
21390,2020-08-06,1587,33514,30,1257,,False,68
21390,2020-08-07,1588,33564,43,1258,,False,68
21390,2020-08-08,1589,33614,31,1261,,False,68
21390,2020-08-09,1590,33675,26,1265,,False,68
21390,2020-08-10,1591,33717,31,1265,,False,68
21390,2020-08-11,1592,33777,41,1264,,False,68
21390,2020-08-12,1593,33817,46,1267,,False,68
21390,2020-08-13,1594,33867,34,1268,,False,68
21390,2020-08-14,1595,33930,40,1266,,False,68
21390,2020-08-15,1596,33973,43,1265,,False,68
21390,2020-08-16,1597,34018,47,1266,,False,68
21390,2020-08-17,1598,34079,48,1266,,False,68
21390,2020-08-18,1599,34151,47,1267,,False,68
21390,2020-08-19,1600,34207,48,1270,,False,68
21390,2020-08-20,1601,34265,60,1271,,False,68
21390,2020-08-21,1602,34323,55,1272,,False,68
21390,2020-08-22,1603,34375,54,1274,,False,68
21390,2020-08-23,1604,34429,48,1276,,False,68
21390,2020-08-24,1605,34477,57,1277,,False,68
21390,2020-08-25,1606,34530,33,1274,,False,68
21390,2020-08-26,1607,34595,47,1278,,False,68
21390,2020-08-27,1608,34677,29,1278,,False,68
21390,2020-08-28,1609,34677,32,1278,,False,68
21390,2020-08-29,1610,34724,52,1281,,False,68
21390,2020-08-30,1611,34821,48,1284,,False,68
21390,2020-08-31,1612,34821,53,1284,,False,68
21390,2020-09-01,1613,34874,60,1282,,False,68
21390,2020-09-02,1614,34933,30,1283,,False,68
21390,2020-09-03,1615,34991,31,1285,,False,68
21390,2020-09-04,1616,35037,45,1289,,False,68
21390,2020-09-05,1617,35077,28,1290,,False,68
21390,2020-09-06,1618,35120,38,1288,,False,68
21390,2020-09-07,1619,35158,30,1290,,False,68
21390,2020-09-08,1620,35209,31,1290,,False,68
21390,2020-09-09,1621,35243,48,1290,,False,68
21390,2020-09-10,1622,35278,31,1289,,False,68
21390,2020-09-11,1623,35334,24,1291,,False,68
21390,2020-09-12,1624,35372,39,1290,,False,68
21390,2020-09-13,1625,35410,46,1291,,False,68
21390,2020-09-14,1626,35470,49,1290,,False,68
21390,2020-09-15,1627,35527,36,1292,,False,68
21390,2020-09-16,1628,35573,30,1297,,False,68
21390,2020-09-17,1629,35613,35,1302,,False,68
21390,2020-09-18,1630,35657,56,1308,,False,68
21390,2020-09-19,1631,35711,48,1308,,False,68
21390,2020-09-20,1632,35760,52,1310,,False,68
21390,2020-09-21,1633,35800,32,1312,,False,68
21390,2020-09-22,1634,35865,45,1315,,False,68
21390,2020-09-23,1635,35906,36,1319,,False,68
21390,2020-09-24,1636,35952,38,1320,,False,68
21390,2020-09-25,1637,35999,51,1321,,False,68
21390,2020-09-26,1638,36059,45,1324,,False,68
21390,2020-09-27,1639,36100,41,1324,,False,68
21390,2020-09-28,1640,36152,39,1324,,False,68
21390,2020-09-29,1641,36211,58,1326,,False,68
21390,2020-09-30,1642,36266,48,1331,,False,68
21390,2020-10-01,1643,36326,37,1334,,False,68
21390,2020-10-02,1644,36391,35,1337,,False,68
21390,2020-10-03,1645,36432,38,1340,,False,68
21390,2020-10-04,1646,36473,37,1338,,False,68
21390,2020-10-05,1647,36521,43,1345,,False,68
21390,2020-10-06,1648,36565,44,1343,,False,68
21390,2020-10-07,1649,36605,36,1343,,False,68
21390,2020-10-08,1650,36647,43,1341,,False,68
21390,2020-10-09,1651,36705,42,1342,,False,68
21390,2020-10-10,1652,36740,44,1341,,False,68
21390,2020-10-11,1653,36790,52,1344,,False,68
21390,2020-10-12,1654,36839,25,1346,,False,68
21390,2020-10-13,1655,36894,45,1348,,False,68
21390,2020-10-14,1656,36940,46,1350,,False,68
21390,2020-10-15,1657,36987,38,1350,,False,68
21390,2020-10-16,1658,37038,41,1352,,False,68
21390,2020-10-17,1659,37095,44,1352,,False,68
21390,2020-10-18,1660,37139,58,1353,,False,68
21390,2020-10-19,1661,37197,48,1354,,False,68
21390,2020-10-20,1662,37262,62,1355,,False,68
21390,2020-10-21,1663,37327,38,1356,,False,68
21390,2020-10-22,1664,37395,28,1356,,False,68
21390,2020-10-23,1665,37438,38,1355,,False,68
21390,2020-10-24,1666,37484,42,1361,,False,68
21390,2020-10-25,1667,37530,54,1362,,False,68
21390,2020-10-26,1668,37573,46,1362,,False,68
21390,2020-10-27,1669,37626,41,1360,,False,68
21390,2020-10-28,1670,37664,48,1362,,False,68
21390,2020-10-29,1671,37708,47,1367,,False,68
21390,2020-10-30,1672,37745,37,1367,,False,68
21390,2020-10-31,1673,37782,30,1364,,False,68
21390,2020-11-01,1674,37813,39,1363,,False,68
21390,2020-11-02,1675,37840,33,1363,,False,68
21390,2020-11-03,1676,37888,42,1364,,False,68
21390,2020-11-04,1677,37936,35,1363,,False,68
21390,2020-11-05,1678,37980,55,1365,,False,68
21390,2020-11-06,1679,38021,55,1366,,False,68
21390,2020-11-07,1680,38144,38,1364,,False,68
21390,2020-11-08,1681,38144,42,1364,,False,68
21390,2020-11-09,1682,38191,48,1372,,False,68
21390,2020-11-10,1683,38237,39,1374,,False,68
21390,2020-11-11,1684,38278,32,1373,,False,68
21390,2020-11-12,1685,38329,47,1374,,False,68
21390,2020-11-13,1686,38364,44,1378,,False,68
21390,2020-11-14,1687,38418,43,1378,,False,68
21390,2020-11-15,1688,38459,42,1379,,False,68
21390,2020-11-16,1689,38498,41,1381,,False,68
21390,2020-11-17,1690,38552,44,1386,,False,68
21390,2020-11-18,1691,38589,57,1384,,False,68
21390,2020-11-19,1692,38625,37,1382,,False,68
21390,2020-11-20,1693,38684,37,1383,,False,68
21390,2020-11-21,1694,38724,63,1387,,False,68
21390,2020-11-22,1695,38772,47,1388,,False,68
21390,2020-11-23,1696,38817,42,1386,,False,68
21390,2020-11-24,1697,38852,40,1387,,False,68
21390,2020-11-25,1698,38887,45,1391,,False,68
21390,2020-11-26,1699,38938,52,1389,,False,68
21390,2020-11-27,1700,38992,29,1392,,False,68
21390,2020-11-28,1701,39043,39,1393,,False,68
21390,2020-11-29,1702,39080,30,1392,,False,68
21390,2020-11-30,1703,39119,41,1393,,False,68
21390,2020-12-01,1704,39162,48,1398,,False,68
21390,2020-12-02,1705,39206,32,1393,,False,68
21390,2020-12-03,1706,39244,45,1390,,False,68
21390,2020-12-04,1707,39296,27,1391,,False,68
21390,2020-12-05,1708,39347,24,1394,,False,68
21390,2020-12-06,1709,39381,34,1395,,False,68
21390,2020-12-07,1710,39414,28,1397,,False,68
21390,2020-12-08,1711,39461,45,1398,,False,68
21390,2020-12-09,1712,39501,31,1399,,False,68
21390,2020-12-10,1713,39546,45,1397,,False,68
21390,2020-12-11,1714,39589,47,1402,,False,68
21390,2020-12-12,1715,39630,37,1407,,False,68
21390,2020-12-13,1716,39670,37,1405,,False,68
21390,2020-12-14,1717,39720,40,1408,,False,68
21390,2020-12-15,1718,39762,53,1407,,False,68
21390,2020-12-16,1719,39815,46,1407,,False,68
21390,2020-12-17,1720,39876,37,1411,,False,68
21390,2020-12-18,1721,39965,23,1413,,False,68
21390,2020-12-19,1722,39965,47,1413,,False,68
21390,2020-12-20,1723,39991,38,1410,,False,68
21390,2020-12-21,1724,40045,45,1414,,False,68
21390,2020-12-22,1725,40090,45,1416,,False,68
21390,2020-12-23,1726,40132,60,1413,,False,68
21390,2020-12-24,1727,40180,50,1412,,False,68
21390,2020-12-25,1728,40225,35,1414,,False,68
21390,2020-12-26,1729,40280,41,1413,,False,68
21390,2020-12-27,1730,40327,43,1421,,False,68
21390,2020-12-28,1731,40380,73,1421,,False,68
21390,2020-12-29,1732,40442,43,1419,,False,68
21390,2020-12-30,1733,40514,58,1424,,False,68
21390,2020-12-31,1734,40565,42,1420,,False,68
21390,2021-01-01,1735,40620,58,1422,,False,68
21390,2021-01-02,1736,40674,71,1429,,False,68
21390,2021-01-03,1737,40731,57,1428,,False,68
21390,2021-01-04,1738,40795,38,1425,,False,68
21390,2021-01-05,1739,40860,50,1423,,False,68
21390,2021-01-06,1740,40910,56,1423,,False,68
21390,2021-01-07,1741,40971,38,1428,,False,68
21390,2021-01-08,1742,41040,3,1430,,False,68
21390,2021-01-09,1743,41150,36,1428,,False,68
21390,2021-01-10,1744,41175,58,1430,,False,68
21390,2021-01-11,1745,41226,55,1427,,False,68
21390,2021-01-12,1746,41280,70,1428,,False,68
21390,2021-01-13,1747,41354,68,1430,,False,68
21390,2021-01-14,1748,41427,52,1432,,False,68
21390,2021-01-15,1749,41488,69,1436,,False,68
21390,2021-01-16,1750,41558,50,1439,,False,68
21390,2021-01-17,1751,41616,54,1439,,False,68
21390,2021-01-18,1752,41657,57,1433,,False,68
21390,2021-01-19,1753,41728,54,1436,,False,68
21390,2021-01-20,1754,41795,70,1436,,False,68
21390,2021-01-21,1755,41857,57,1439,,False,68
21390,2021-01-22,1756,41918,46,1440,,False,68
21390,2021-01-23,1757,41980,43,1440,,False,68
21390,2021-01-24,1758,42020,69,1440,,False,68
21390,2021-01-25,1759,42076,62,1442,,False,68
21390,2021-01-26,1760,42160,76,1442,,False,68
21390,2021-01-27,1761,42226,46,1444,,False,68
21390,2021-01-28,1762,42313,72,1448,,False,68
21390,2021-01-29,1763,42387,60,1448,,False,68
21390,2021-01-30,1764,42438,40,1449,,False,68
21390,2021-01-31,1765,42496,47,1446,,False,68
21390,2021-02-01,1766,42547,68,1448,,False,68
21390,2021-02-02,1767,42616,48,1444,,False,68
21390,2021-02-03,1768,42667,54,1446,,False,68
21390,2021-02-04,1769,42729,61,1448,,False,68
21390,2021-02-05,1770,42801,54,1449,,False,68
21390,2021-02-06,1771,42851,33,1446,,False,68
21390,2021-02-07,1772,42903,58,1448,,False,68
21390,2021-02-08,1773,42965,52,1451,,False,68
21390,2021-02-09,1774,43022,48,1454,,False,68
21390,2021-02-10,1775,43085,56,1459,,False,68
21390,2021-02-11,1776,43139,56,1460,,False,68
21390,2021-02-12,1777,43190,46,1462,,False,68
21390,2021-02-13,1778,43241,52,1459,,False,68
21390,2021-02-14,1779,43289,48,1464,,False,68
21390,2021-02-15,1780,43331,53,1467,,False,68
21390,2021-02-16,1781,43385,58,1464,,False,68
21390,2021-02-17,1782,43450,53,1462,,False,68
21390,2021-02-18,1783,43500,45,1463,,False,68
21390,2021-02-19,1784,43556,30,1464,,False,68
21390,2021-02-20,1785,43586,42,1467,,False,68
21390,2021-02-21,1786,43633,47,1466,,False,68
21390,2021-02-22,1787,43701,27,1471,,False,68
21390,2021-02-23,1788,43751,54,1474,,False,68
21390,2021-02-24,1789,43810,87,1477,,False,68
21390,2021-02-25,1790,43910,52,1483,,False,68
21390,2021-02-26,1791,44005,75,1482,,False,68
21390,2021-02-27,1792,44105,56,1483,,False,68
21390,2021-02-28,1793,44186,46,1483,,False,68
21390,2021-03-01,1794,44252,75,1486,,False,68
21390,2021-03-02,1795,44340,61,1492,,False,68
21390,2021-03-03,1796,44409,63,1492,,False,68
21390,2021-03-04,1797,44489,72,1493,,False,68
21390,2021-03-05,1798,44555,57,1497,,False,68
21390,2021-03-06,1799,44620,52,1495,,False,68
21390,2021-03-07,1800,44692,62,1493,,False,68
21390,2021-03-08,1801,44753,62,1493,,False,68
21390,2021-03-09,1802,44821,63,1498,,False,68
21390,2021-03-10,1803,44876,64,1501,,False,68
21390,2021-03-11,1804,44943,60,1503,,False,68
21390,2021-03-12,1805,45009,46,1496,,False,68
21390,2021-03-13,1806,45080,37,1503,,False,68
21390,2021-03-14,1807,45131,41,1508,,False,68
21390,2021-03-15,1808,45183,69,1509,,False,68
21390,2021-03-16,1809,45262,67,1511,,False,68
21390,2021-03-17,1810,45323,68,1516,,False,68
21390,2021-03-18,1811,45397,54,1518,,False,68
21390,2021-03-19,1812,45467,56,1515,,False,68
21390,2021-03-20,1813,45535,53,1519,,False,68
21390,2021-03-21,1814,45605,57,1525,,False,68
21390,2021-03-22,1815,45661,59,1526,,False,68
21390,2021-03-23,1816,45730,54,1529,,False,68
21390,2021-03-24,1817,45794,51,1528,,False,68
21390,2021-03-25,1818,45875,56,1532,,False,68
21390,2021-03-26,1819,45936,79,1529,,False,68
21390,2021-03-27,1820,46023,50,1535,,False,68
21390,2021-03-28,1821,46113,62,1532,,False,68
21390,2021-03-29,1822,46197,59,1536,,False,68
21390,2021-03-30,1823,46257,64,1534,,False,68
21390,2021-03-31,1824,46344,57,1539,,False,68
21390,2021-04-01,1825,46414,61,1541,,False,68
21390,2021-04-02,1826,46474,79,1536,,False,68
21390,2021-04-03,1827,46573,48,1540,,False,68
21390,2021-04-04,1828,46648,52,1537,,False,68
21390,2021-04-05,1829,46692,71,1536,,False,68
21390,2021-04-06,1830,46778,50,1541,,False,68
21390,2021-04-07,1831,46845,62,1541,,False,68
21390,2021-04-08,1832,46939,50,1543,,False,68
21390,2021-04-09,1833,47006,68,1544,,False,68
21390,2021-04-10,1834,47079,62,1549,,False,68
21390,2021-04-11,1835,47145,56,1551,,False,68
21390,2021-04-12,1836,47205,65,1553,,False,68
21390,2021-04-13,1837,47288,51,1556,,False,68
21390,2021-04-14,1838,47360,61,1556,,False,68
21390,2021-04-15,1839,47424,54,1553,,False,68
21390,2021-04-16,1840,47498,49,1562,,False,68
21390,2021-04-17,1841,47562,41,1564,,False,68
21390,2021-04-18,1842,47621,52,1562,,False,68
21390,2021-04-19,1843,47682,36,1561,,False,68
21390,2021-04-20,1844,47753,62,1561,,False,68
21390,2021-04-21,1845,47827,58,1561,,False,68
21390,2021-04-22,1846,47911,63,1557,,False,68
21390,2021-04-23,1847,47976,45,1559,,False,68
21390,2021-04-24,1848,48039,49,1562,,False,68
21390,2021-04-25,1849,48088,45,1563,,False,68
21390,2021-04-26,1850,48150,54,1567,,False,68
21390,2021-04-27,1851,48212,45,1566,,False,68
21390,2021-04-28,1852,48269,45,1570,,False,68
21390,2021-04-29,1853,48322,51,1574,,False,68
21390,2021-04-30,1854,48371,32,1575,,False,68
21390,2021-05-01,1855,48427,36,1573,,False,68
21390,2021-05-02,1856,48471,52,1576,,False,68
21390,2021-05-03,1857,48531,52,1581,,False,68
21390,2021-05-04,1858,48593,49,1580,,False,68
21390,2021-05-05,1859,48660,53,1580,,False,68
21390,2021-05-06,1860,48718,54,1585,,False,68
21390,2021-05-07,1861,48782,53,1587,,False,68
21390,2021-05-08,1862,48842,35,1590,,False,68
21390,2021-05-09,1863,48893,42,1593,,False,68
21390,2021-05-10,1864,48945,44,1592,,False,68
21390,2021-05-11,1865,48992,42,1591,,False,68
21390,2021-05-12,1866,49053,46,1594,,False,68
21390,2021-05-13,1867,49097,63,1595,,False,68
21390,2021-05-14,1868,49157,46,1599,,False,68
21390,2021-05-15,1869,49214,69,1597,,False,68
21390,2021-05-16,1870,49278,49,1599,,False,68
21390,2021-05-17,1871,49325,42,1601,,False,68
21390,2021-05-18,1872,49366,59,1605,,False,68
21390,2021-05-19,1873,49427,34,1602,,False,68
21390,2021-05-20,1874,49486,46,1601,,False,68
21390,2021-05-21,1875,49543,42,1604,,False,68
21390,2021-05-22,1876,49585,39,1608,,False,68
21390,2021-05-23,1877,49640,44,1607,,False,68
21390,2021-05-24,1878,49676,39,1606,,False,68
21390,2021-05-25,1879,49729,48,1605,,False,68
21390,2021-05-26,1880,49792,56,1610,,False,68
21390,2021-05-27,1881,49852,48,1613,,False,68
21390,2021-05-28,1882,49886,46,1611,,False,68
21390,2021-05-29,1883,49952,88,1612,,False,68
21390,2021-05-30,1884,50024,79,1612,,False,68
21390,2021-05-31,1885,50108,73,1611,,False,68
21390,2021-06-01,1886,50185,61,1611,,False,68
21390,2021-06-02,1887,50244,43,1612,,False,68
21390,2021-06-03,1888,50304,55,1610,,False,68
21390,2021-06-04,1889,50365,53,1616,,False,68
21390,2021-06-05,1890,50433,47,1618,,False,68
21390,2021-06-06,1891,50502,43,1617,,False,68
21390,2021-06-07,1892,50558,25,1621,,False,68
21390,2021-06-08,1893,50599,42,1621,,False,68
21390,2021-06-09,1894,50644,50,1624,,False,68
21390,2021-06-10,1895,50701,43,1626,,False,68
21390,2021-06-11,1896,50742,46,1626,,False,68
21390,2021-06-12,1897,50784,61,1627,,False,68
21390,2021-06-13,1898,50834,44,1633,,False,68
21390,2021-06-14,1899,50883,34,1631,,False,68
21390,2021-06-15,1900,50933,39,1630,,False,68
21390,2021-06-16,1901,50978,34,1631,,False,68
21390,2021-06-17,1902,51014,35,1635,,False,68
21390,2021-06-18,1903,51057,34,1634,,False,68
21390,2021-06-19,1904,51099,31,1632,,False,68
21390,2021-06-20,1905,51136,51,1633,,False,68
21390,2021-06-21,1906,51175,41,1631,,False,68
21390,2021-06-22,1907,51226,34,1631,,False,68
21390,2021-06-23,1908,51270,41,1635,,False,68
21390,2021-06-24,1909,51306,49,1638,,False,68
21390,2021-06-25,1910,51340,34,1646,,False,68
21390,2021-06-26,1911,51383,41,1645,,False,68
21390,2021-06-27,1912,51432,46,1649,,False,68
21390,2021-06-28,1913,51477,38,1645,,False,68
21390,2021-06-29,1914,51519,63,1648,,False,68
21390,2021-06-30,1915,51572,33,1648,,False,68
21390,2021-07-01,1916,51609,46,1645,,False,68
21390,2021-07-02,1917,51658,44,1648,,False,68
21390,2021-07-03,1918,51721,50,1652,,False,68
21390,2021-07-04,1919,51776,56,1654,,False,68
21390,2021-07-05,1920,51826,34,1651,,False,68
21390,2021-07-06,1921,51882,43,1650,,False,68
21390,2021-07-07,1922,51928,50,1649,,False,68
21390,2021-07-08,1923,51986,36,1651,,False,68
21390,2021-07-09,1924,52039,42,1656,,False,68
21390,2021-07-10,1925,52096,51,1663,,False,68
21390,2021-07-11,1926,52149,28,1660,,False,68
21390,2021-07-12,1927,52196,45,1661,,False,68
21390,2021-07-13,1928,52247,61,1661,,False,68
21390,2021-07-14,1929,52306,47,1657,,False,68
21390,2021-07-15,1930,52372,48,1657,,False,68
21390,2021-07-16,1931,52425,44,1659,,False,68
21390,2021-07-17,1932,52478,30,1659,,False,68
21390,2021-07-18,1933,52519,38,1662,,False,68
21390,2021-07-19,1934,52566,48,1661,,False,68
21390,2021-07-20,1935,52602,35,1658,,False,68
21390,2021-07-21,1936,52654,33,1659,,False,68
21390,2021-07-22,1937,52700,22,1661,,False,68
21390,2021-07-23,1938,52743,29,1660,,False,68
21390,2021-07-24,1939,52779,26,1660,,False,68
21390,2021-07-25,1940,52821,33,1658,,False,68
21390,2021-07-26,1941,52862,21,1661,,False,68
21390,2021-07-27,1942,52900,42,1663,,False,68
21390,2021-07-28,1943,52937,43,1665,,False,68
21390,2021-07-29,1944,52985,24,1669,,False,68
21390,2021-07-30,1945,53016,31,1670,,False,68
21390,2021-07-31,1946,53048,23,1671,,False,68
21390,2021-08-01,1947,53070,31,1669,,False,68
21390,2021-08-02,1948,53101,31,1666,,False,68
21390,2021-08-03,1949,53142,31,1670,,False,68
21390,2021-08-04,1950,53182,28,1668,,False,68
21390,2021-08-05,1951,53211,28,1668,,False,68
21390,2021-08-06,1952,53250,30,1670,,False,68
21390,2021-08-07,1953,53280,35,1666,,False,68
21390,2021-08-08,1954,53317,34,1665,,False,68
21390,2021-08-09,1955,53355,37,1666,,False,68
21390,2021-08-10,1956,53392,34,1664,,False,68
21390,2021-08-11,1957,53435,42,1662,,False,68
21390,2021-08-12,1958,53481,30,1661,,False,68
21390,2021-08-13,1959,53511,43,1661,,False,68
21390,2021-08-14,1960,53554,29,1663,,False,68
21390,2021-08-15,1961,53590,25,1662,,False,68
21390,2021-08-16,1962,53628,36,1663,,False,68
21390,2021-08-17,1963,53678,36,1667,,False,68
21390,2021-08-18,1964,53717,38,1668,,False,68
21390,2021-08-19,1965,53760,37,1667,,False,68
21390,2021-08-20,1966,53800,29,1671,,False,68
21390,2021-08-21,1967,53831,34,1672,,False,68
21390,2021-08-22,1968,53865,27,1674,,False,68
21390,2021-08-23,1969,53901,30,1676,,False,68
21390,2021-08-24,1970,53943,30,1675,,False,68
21390,2021-08-25,1971,53982,34,1677,,False,68
21390,2021-08-26,1972,54028,41,1683,,False,68
21390,2021-08-27,1973,54075,34,1686,,False,68
21390,2021-08-28,1974,54120,38,1688,,False,68
21390,2021-08-29,1975,54164,36,1688,,False,68
21390,2021-08-30,1976,54210,39,1688,,False,68
21390,2021-08-31,1977,54250,43,1687,,False,68
21390,2021-09-01,1978,54298,38,1690,,False,68
21390,2021-09-02,1979,54332,31,1687,,False,68
21390,2021-09-03,1980,54374,28,1686,,False,68
21390,2021-09-04,1981,54406,27,1688,,False,68
21390,2021-09-05,1982,54437,38,1717,,False,68
21390,2021-09-06,1983,54477,30,1726,,False,68
21390,2021-09-07,1984,54508,36,1727,,False,68
21390,2021-09-08,1985,54545,31,1720,,False,68
21390,2021-09-09,1986,54584,29,1717,,False,68
21390,2021-09-10,1987,54613,25,1716,,False,68
21390,2021-09-11,1988,54640,27,1716,,False,68
21390,2021-09-12,1989,54672,28,1718,,False,68
21390,2021-09-13,1990,54716,22,1718,,False,68
21390,2021-09-14,1991,54755,24,1719,,False,68
21390,2021-09-15,1992,54791,39,1716,,False,68
21390,2021-09-16,1993,54837,20,1719,,False,68
21390,2021-09-17,1994,54869,31,1721,,False,68
21390,2021-09-18,1995,54908,29,1722,,False,68
21390,2021-09-19,1996,54937,30,1720,,False,68
21390,2021-09-20,1997,54964,29,1719,,False,68
21390,2021-09-21,1998,55003,35,1720,,False,68
21390,2021-09-22,1999,55048,30,1718,,False,68
21390,2021-09-23,2000,55087,24,1718,,False,68
21390,2021-09-24,2001,55120,23,1722,,False,68
21390,2021-09-25,2002,55157,22,1725,,False,68
21390,2021-09-26,2003,55192,32,1728,,False,68
21390,2021-09-27,2004,55227,33,1726,,False,68
21390,2021-09-28,2005,55271,27,1724,,False,68
21390,2021-09-29,2006,55305,23,1722,,False,68
21390,2021-09-30,2007,55333,27,1720,,False,68
21390,2021-10-01,2008,55365,20,1721,,False,68
21390,2021-10-03,2010,55423,29,1723,,False,68
21390,2021-10-04,2011,55460,19,1723,,False,68
21390,2021-10-05,2012,55492,29,1721,,False,68
21390,2021-10-06,2013,55528,17,1724,,False,68
21390,2021-10-07,2014,55556,35,1723,,False,68
21390,2021-10-08,2015,55585,20,1721,,False,68
21390,2021-10-09,2016,55613,32,1721,,False,68
21390,2021-10-10,2017,55656,31,1722,,False,68
21390,2021-10-11,2018,55700,34,1725,,False,68
21390,2021-10-12,2019,55734,33,1726,,False,68
21390,2021-10-13,2020,55770,35,1726,,False,68
21390,2021-10-14,2021,55809,25,1727,,False,68
21390,2021-10-15,2022,55837,26,1729,,False,68
21390,2021-10-16,2023,55867,35,1730,,False,68
21390,2021-10-17,2024,55887,35,1727,,False,68
21390,2021-10-18,2025,55932,24,1730,,False,68
21390,2021-10-19,2026,55966,33,1730,,False,68
21390,2021-10-20,2027,55998,30,1730,,False,68
21390,2021-10-21,2028,56039,26,1732,,False,68
21390,2021-10-22,2029,56073,20,1734,,False,68
21390,2021-10-23,2030,56088,20,1732,,False,68
21390,2021-10-24,2031,56120,25,1734,,False,68
21390,2021-10-25,2032,56146,28,1741,,False,68
21390,2021-10-26,2033,56180,29,1741,,False,68
21390,2021-10-27,2034,56224,32,1745,,False,68
21390,2021-10-28,2035,56255,23,1748,,False,68
21390,2021-10-29,2036,56272,23,1746,,False,68
21390,2021-10-30,2037,56300,33,1747,,False,68
21390,2021-10-31,2038,56339,20,1746,,False,68
21390,2021-11-01,2039,56370,18,1745,,False,68
21390,2021-11-02,2040,56401,21,1748,,False,68
21390,2021-11-03,2041,56438,16,1748,,False,68
21390,2021-11-04,2042,56467,19,1749,,False,68
21390,2021-11-05,2043,56488,26,1748,,False,68
21390,2021-11-06,2044,56519,28,1748,,False,68
21390,2021-11-07,2045,56542,21,1748,,False,68
21390,2021-11-08,2046,56571,22,1746,,False,68
21390,2021-11-09,2047,56603,26,1747,,False,68
21390,2021-11-10,2048,56636,28,1749,,False,68
21390,2021-11-11,2049,56671,22,1755,,False,68
21390,2021-11-12,2050,56702,24,1755,,False,68
21390,2021-11-13,2051,56736,32,1756,,False,68
21390,2021-11-14,2052,56773,37,1759,,False,68
21390,2021-11-15,2053,56796,27,1758,,False,68
21390,2021-11-16,2054,56832,28,1757,,False,68
21390,2021-11-17,2055,56866,28,1760,,False,68
21390,2021-11-18,2056,56901,23,1759,,False,68
21390,2021-11-19,2057,56927,36,1762,,False,68
21390,2021-11-20,2058,56951,17,1761,,False,68
21390,2021-11-21,2059,56973,31,1762,,False,68
21390,2021-11-22,2060,57011,25,1761,,False,68
21390,2021-11-23,2061,57052,10,1762,,False,68
21390,2021-11-24,2062,57076,30,1767,,False,68
21390,2021-11-25,2063,57101,34,1769,,False,68
21390,2021-11-26,2064,57129,43,1770,,False,68
21390,2021-11-27,2065,57159,32,1766,,False,68
21390,2021-11-28,2066,57197,23,1768,,False,68
21390,2021-11-29,2067,57220,12,1770,,False,68
21390,2021-11-30,2068,57239,27,1774,,False,68
21390,2021-12-01,2069,57275,23,1773,,False,68
21390,2021-12-02,2070,57304,22,1777,,False,68
21390,2021-12-03,2071,57324,19,1776,,False,68
21390,2021-12-04,2072,57347,16,1776,,False,68
21390,2021-12-05,2073,57373,19,1778,,False,68
21390,2021-12-06,2074,57394,36,1780,,False,68
21390,2021-12-07,2075,57430,21,1778,,False,68
21390,2021-12-08,2076,57449,10,1778,,False,68
21390,2021-12-09,2077,57470,10,1780,,False,68
21390,2021-12-10,2078,57489,21,1781,,False,68
21390,2021-12-11,2079,57514,32,1780,,False,68
21390,2021-12-12,2080,57546,39,1783,,False,68
21390,2021-12-13,2081,57580,22,1784,,False,68
21390,2021-12-14,2082,57602,30,1785,,False,68
21390,2021-12-15,2083,57643,24,1783,,False,68
21390,2021-12-16,2084,57673,30,1784,,False,68
21390,2021-12-17,2085,57702,19,1784,,False,68
21390,2021-12-18,2086,57724,13,1783,,False,68
21390,2021-12-19,2087,57742,25,1781,,False,68
21390,2021-12-20,2088,57763,29,1783,,False,68
21390,2021-12-21,2089,57803,30,1784,,False,68
21390,2021-12-22,2090,57822,24,1781,,False,68
21390,2021-12-23,2091,57845,20,1787,,False,68
21390,2021-12-24,2092,57870,39,1786,,False,68
21390,2021-12-25,2093,57911,25,1786,,False,68
21390,2021-12-26,2094,57942,39,1788,,False,68
21390,2021-12-27,2095,57968,21,1785,,False,68
21390,2021-12-28,2096,58003,40,1784,,False,68
21390,2021-12-29,2097,58057,45,1790,,False,68
21390,2021-12-30,2098,58102,33,1791,,False,68
21390,2021-12-31,2099,58142,54,1793,,False,68
21390,2022-01-01,2100,58193,30,1794,,False,68
21390,2022-01-02,2101,58222,41,1791,,False,68
21390,2022-01-03,2102,58267,31,1791,,False,68
21390,2022-01-04,2103,58298,31,1795,,False,68
21390,2022-01-05,2104,58340,35,1790,,False,68
21390,2022-01-06,2105,58373,46,1789,,False,68
21390,2022-01-07,2106,58406,58,1790,,False,68
21390,2022-01-08,2107,58449,36,1791,,False,68
21390,2022-01-09,2108,58510,52,1792,,False,68
21390,2022-01-10,2109,58560,22,1794,,False,68
21390,2022-01-11,2110,58600,46,1793,,False,68
21390,2022-01-12,2111,58642,46,1795,,False,68
21390,2022-01-13,2112,58687,32,1794,,False,68
21390,2022-01-14,2113,58720,34,1793,,False,68
21390,2022-01-15,2114,58765,37,1795,,False,68
21390,2022-01-16,2115,58816,40,1794,,False,68
21390,2022-01-17,2116,58867,30,1793,,False,68
21390,2022-01-18,2117,58902,32,1795,,False,68
21390,2022-01-19,2118,58943,26,1796,,False,68
21390,2022-01-20,2119,58984,28,1797,,False,68
21390,2022-01-21,2120,59018,34,1799,,False,68
21390,2022-01-22,2121,59056,25,1800,,False,68
21390,2022-01-23,2122,59084,27,1799,,False,68
21390,2022-01-24,2123,59120,29,1798,,False,68
21390,2022-01-25,2124,59162,25,1800,,False,68
21390,2022-01-26,2125,59189,33,1797,,False,68
21390,2022-01-27,2126,59224,29,1799,,False,68
21390,2022-01-28,2127,59257,24,1801,,False,68
21390,2022-01-29,2128,59280,27,1800,,False,68
21390,2022-01-30,2129,59313,34,1802,,False,68
21390,2022-01-31,2130,59349,31,1802,,False,68
21390,2022-02-01,2131,59389,18,1802,,False,68
21390,2022-02-02,2132,59414,30,1806,,False,68
21390,2022-02-03,2133,59442,33,1802,,False,68
21390,2022-02-04,2134,59470,14,1799,,False,68
21390,2022-02-05,2135,59495,19,1798,,False,68
21390,2022-02-06,2136,59517,25,1797,,False,68
21390,2022-02-07,2137,59548,30,1797,,False,68
21390,2022-02-08,2138,59582,38,1802,,False,68
21390,2022-02-09,2139,59616,25,1804,,False,68
21390,2022-02-10,2140,59647,19,1801,,False,68
21390,2022-02-11,2141,59668,20,1802,,False,68
21390,2022-02-12,2142,59690,15,1801,,False,68
21390,2022-02-13,2143,59712,36,1798,,False,68
21390,2022-02-14,2144,59756,19,1800,,False,68
21390,2022-02-15,2145,59788,34,1802,,False,68
21390,2022-02-16,2146,59825,18,1802,,False,68
21390,2022-02-17,2147,59862,43,1806,,False,68
21390,2022-02-18,2148,59899,29,1804,,False,68
21390,2022-02-19,2149,59939,20,1803,,False,68
21390,2022-02-20,2150,59968,33,1804,,False,68
21390,2022-02-21,2151,60002,23,1806,,False,68
21390,2022-02-22,2152,60042,28,1809,,False,68
21390,2022-02-23,2153,60082,30,1808,,False,68
21390,2022-02-24,2154,60121,22,1811,,False,68
21390,2022-02-25,2155,60154,15,1813,,False,68
21390,2022-02-26,2156,60174,25,1812,,False,68
21390,2022-02-27,2157,60203,23,1814,,False,68
21390,2022-02-28,2158,60233,25,1812,,False,68
21390,2022-03-01,2159,60262,25,1816,,False,68
21390,2022-03-02,2160,60286,22,1818,,False,68
21390,2022-03-03,2161,60313,37,1819,,False,68
21390,2022-03-04,2162,60352,38,1824,,False,68
21390,2022-03-05,2163,60380,31,1824,,False,68
21390,2022-03-06,2164,60409,25,1823,,False,68
21390,2022-03-07,2165,60433,28,1824,,False,68
21390,2022-03-08,2166,60467,23,1827,,False,68
21390,2022-03-09,2167,60496,35,1825,,False,68
21390,2022-03-10,2168,60537,21,1831,,False,68
21390,2022-03-11,2169,60570,25,1833,,False,68
21390,2022-03-12,2170,60587,30,1837,,False,68
21390,2022-03-13,2171,60622,23,1837,,False,68
21390,2022-03-14,2172,60652,20,1835,,False,68
21390,2022-03-15,2173,60677,22,1834,,False,68
21390,2022-03-16,2174,60709,37,1833,,False,68
21390,2022-03-17,2175,60739,15,1836,,False,68
21390,2022-03-18,2176,60767,29,1838,,False,68
21390,2022-03-19,2177,60802,29,1841,,False,68
21390,2022-03-20,2178,60835,31,1843,,False,68
21390,2022-03-21,2179,60872,35,1849,,False,68
21390,2022-03-22,2180,60915,24,1845,,False,68
21390,2022-03-23,2181,60944,25,1847,,False,68
21390,2022-03-24,2182,60974,32,1849,,False,68
21390,2022-03-25,2183,61005,31,1849,,False,68
21390,2022-03-26,2184,61047,25,1853,,False,68
21390,2022-03-27,2185,61078,32,1850,,False,68
21390,2022-03-28,2186,61127,37,1852,,False,68
21390,2022-03-29,2187,61186,34,1852,,False,68
21390,2022-03-30,2188,61232,36,1853,,False,68
21390,2022-03-31,2189,61273,27,1852,,False,68
21390,2022-04-01,2190,61307,36,1854,,False,68
21390,2022-04-02,2191,61355,37,1855,,False,68
21390,2022-04-03,2192,61415,31,1853,,False,68
21390,2022-04-04,2193,61461,31,1853,,False,68
21390,2022-04-05,2194,61508,22,1853,,False,68
21390,2022-04-06,2195,61553,24,1853,,False,68
21390,2022-04-07,2196,61596,32,1856,,False,68
21390,2022-04-08,2197,61635,35,1855,,False,68
21390,2022-04-09,2198,61678,28,1858,,False,68
21390,2022-04-10,2199,61724,53,1859,,False,68
21390,2022-04-11,2200,61782,35,1864,,False,68
21390,2022-04-12,2201,61837,41,1861,,False,68
21390,2022-04-13,2202,61888,30,1862,,False,68
21390,2022-04-14,2203,61930,28,1861,,False,68
21390,2022-04-15,2204,61969,45,1862,,False,68
21390,2022-04-16,2205,62021,45,1862,,False,68
21390,2022-04-17,2206,62080,37,1863,,False,68
21390,2022-04-18,2207,62135,21,1861,,False,68
21390,2022-04-19,2208,62186,36,1865,,False,68
21390,2022-04-20,2209,62219,21,1867,,False,68
21390,2022-04-21,2210,62253,26,1870,,False,68
21390,2022-04-22,2211,62285,24,1871,,False,68
21390,2022-04-23,2212,62308,32,1870,,False,68
21390,2022-04-24,2213,62353,44,1872,,False,68
21390,2022-04-25,2214,62400,23,1873,,False,68
21390,2022-04-26,2215,62442,29,1875,,False,68
21390,2022-04-27,2216,62481,23,1874,,False,68
21390,2022-04-28,2217,62513,28,1875,,False,68
21390,2022-04-29,2218,62557,24,1878,,False,68
21390,2022-04-30,2219,62587,21,1880,,False,68
21390,2022-05-01,2220,62614,43,1879,,False,68
21390,2022-05-02,2221,62656,36,1878,,False,68
21390,2022-05-03,2222,62691,42,1878,,False,68
21390,2022-05-04,2223,62741,38,1882,,False,68
21390,2022-05-05,2224,62772,21,1878,,False,68
21390,2022-05-06,2225,62800,25,1877,,False,68
21390,2022-05-07,2226,62821,23,1876,,False,68
21390,2022-05-08,2227,62856,25,1878,,False,68
21390,2022-05-09,2228,62888,25,1876,,False,68
21390,2022-05-10,2229,62926,31,1880,,False,68
21390,2022-05-11,2230,62966,36,1879,,False,68
21390,2022-05-12,2231,63001,11,1879,,False,68
21390,2022-05-13,2232,63020,31,1880,,False,68
21390,2022-05-14,2233,63056,24,1880,,False,68
21390,2022-05-15,2234,63085,19,1881,,False,68
21390,2022-05-16,2235,63118,37,1884,,False,68
21390,2022-05-17,2236,63146,28,1883,,False,68
21390,2022-05-18,2237,63184,27,1885,,False,68
21390,2022-05-19,2238,63213,31,1885,,False,68
21390,2022-05-20,2239,63249,30,1890,,False,68
21390,2022-05-21,2240,63278,28,1893,,False,68
21390,2022-05-22,2241,63310,19,1894,,False,68
21390,2022-05-23,2242,63341,27,1890,,False,68
21390,2022-05-24,2243,63372,23,1891,,False,68
21390,2022-05-25,2244,63407,24,1891,,False,68
21390,2022-05-26,2245,63441,35,1894,,False,68
21390,2022-05-27,2246,63476,27,1897,,False,68
21390,2022-05-28,2247,63505,29,1898,,False,68
21390,2022-05-29,2248,63539,41,1902,,False,68
21390,2022-05-30,2249,63576,33,1909,,False,68
21390,2022-05-31,2250,63612,29,1910,,False,68
21390,2022-06-01,2251,63638,19,1905,,False,68
21390,2022-06-02,2252,63667,26,1903,,False,68
21390,2022-06-03,2253,63693,23,1905,,False,68
21390,2022-06-04,2254,63722,29,1907,,False,68
21390,2022-06-05,2255,63749,31,1910,,False,68
21390,2022-06-06,2256,63778,29,1913,,False,68
21390,2022-06-07,2257,63807,26,1914,,False,68
21390,2022-06-08,2258,63840,35,1915,,False,68
21390,2022-06-09,2259,63876,26,1915,,False,68
21390,2022-06-10,2260,63905,22,1911,,False,68
21390,2022-06-11,2261,63926,26,1911,,False,68
21390,2022-06-12,2262,63955,18,1912,,False,68
21390,2022-06-13,2263,63978,28,1914,,False,68
21390,2022-06-14,2264,64012,27,1918,,False,68
21390,2022-06-15,2265,64044,24,1919,,False,68
21390,2022-06-16,2266,64070,37,1919,,False,68
21390,2022-06-17,2267,64102,35,1921,,False,68
21390,2022-06-18,2268,64133,26,1919,,False,68
21390,2022-06-19,2269,64159,19,1922,,False,68
21390,2022-06-20,2270,64179,40,1921,,False,68
21390,2022-06-21,2271,64215,22,1922,,False,68
21390,2022-06-22,2272,64248,30,1920,,False,68
21390,2022-06-23,2273,64279,34,1923,,False,68
21390,2022-06-24,2274,64310,36,1922,,False,68
21390,2022-06-25,2275,64345,29,1922,,False,68
21390,2022-06-26,2276,64382,30,1922,,False,68
21390,2022-06-27,2277,64420,43,1927,,False,68
21390,2022-06-28,2278,64450,42,1927,,False,68
21390,2022-06-29,2279,64492,33,1927,,False,68
21390,2022-06-30,2280,64560,30,1927,,False,68
21390,2022-07-01,2281,64619,30,1929,,False,68
21390,2022-07-02,2282,64668,28,1932,,False,68
21390,2022-07-03,2283,64703,34,1933,,False,68
21390,2022-07-04,2284,64733,29,1932,,False,68
21390,2022-07-05,2285,64765,25,1931,,False,68
21390,2022-07-06,2286,64799,25,1930,,False,68
21390,2022-07-07,2287,64834,35,1932,,False,68
21390,2022-07-08,2288,64869,32,1934,,False,68
21390,2022-07-09,2289,64903,36,1935,,False,68
21390,2022-07-10,2290,64940,31,1936,,False,68
21390,2022-07-11,2291,64976,35,1936,,False,68
21390,2022-07-12,2292,65015,25,1942,,False,68
21390,2022-07-13,2293,65040,33,1941,,False,68
21390,2022-07-14,2294,65081,23,1945,,False,68
21390,2022-07-15,2295,65111,34,1944,,False,68
21390,2022-07-16,2296,65146,21,1943,,False,68
21390,2022-07-17,2297,65167,32,1946,,False,68
21390,2022-07-18,2298,65205,39,1951,,False,68
21390,2022-07-19,2299,65244,31,1954,,False,68
21390,2022-07-20,2300,65284,33,1957,,False,68
21390,2022-07-21,2301,65329,41,1963,,False,68
21390,2022-07-22,2302,65363,27,1969,,False,68
21390,2022-07-23,2303,65393,29,1970,,False,68
21390,2022-07-24,2304,65419,24,1969,,False,68
21390,2022-07-25,2305,65453,55,1971,,False,68
21390,2022-07-26,2306,65496,32,1976,,False,68
21390,2022-07-27,2307,65526,33,1974,,False,68
21390,2022-07-28,2308,65563,24,1974,,False,68
21390,2022-07-29,2309,65601,23,1975,,False,68
21390,2022-07-30,2310,65626,15,1975,,False,68
21390,2022-07-31,2311,65647,14,1975,,False,68
21390,2022-08-01,2312,65671,30,1980,,False,68
21390,2022-08-02,2313,65706,25,1978,,False,68
21390,2022-08-03,2314,65735,21,1978,,False,68
21390,2022-08-04,2315,65765,27,1979,,False,68
21390,2022-08-05,2316,65797,26,1979,,False,68
21390,2022-08-06,2317,65831,26,1978,,False,68
21390,2022-08-07,2318,65858,31,1978,,False,68
21390,2022-08-08,2319,65893,26,1983,,False,68
21390,2022-08-09,2320,65917,26,1985,,False,68
21390,2022-08-10,2321,65948,28,1987,,False,68
21390,2022-08-11,2322,65978,35,1987,,False,68
21390,2022-08-12,2323,66008,27,1990,,False,68
21390,2022-08-13,2324,66036,21,1991,,False,68
21390,2022-08-14,2325,66062,26,1993,,False,68
21390,2022-08-15,2326,66079,16,1988,,False,68
21390,2022-08-16,2327,66104,29,1990,,False,68
21390,2022-08-17,2328,66135,26,1993,,False,68
21390,2022-08-18,2329,66161,12,1990,,False,68
21390,2022-08-19,2330,66189,22,1991,,False,68
21390,2022-08-20,2331,66212,19,1990,,False,68
21390,2022-08-21,2332,66234,24,1991,,False,68
21390,2022-08-22,2333,66250,31,1992,,False,68
21390,2022-08-23,2334,66286,22,1992,,False,68
21390,2022-08-24,2335,66315,28,1993,,False,68
21390,2022-08-25,2336,66340,18,1993,,False,68
21390,2022-08-26,2337,66358,19,1993,,False,68
21390,2022-08-27,2338,66381,23,1994,,False,68
21390,2022-08-28,2339,66402,36,1993,,False,68
21390,2022-08-29,2340,66435,21,1995,,False,68
21390,2022-08-30,2341,66460,21,1994,,False,68
21390,2022-08-31,2342,66482,25,1994,,False,68
21390,2022-09-01,2343,66508,18,1994,,False,68
21390,2022-09-02,2344,66526,23,1995,,False,68
21390,2022-09-03,2345,66555,11,1996,,False,68
21390,2022-09-04,2346,66570,31,1993,,False,68
21390,2022-09-05,2347,66603,14,1992,,False,68
21390,2022-09-06,2348,66630,31,1996,,False,68
21390,2022-09-07,2349,66667,20,2000,,False,68
21390,2022-09-08,2350,66692,17,1998,,False,68
21390,2022-09-09,2351,66712,21,2000,,False,68
21390,2022-09-10,2352,66733,20,1999,,False,68
21390,2022-09-11,2353,66758,42,2003,,False,68
21390,2022-09-12,2354,66790,22,2002,,False,68
21390,2022-09-13,2355,66818,19,2001,,False,68
21390,2022-09-14,2356,66844,15,2001,,False,68
21390,2022-09-15,2357,66863,16,2000,,False,68
21390,2022-09-16,2358,66890,20,2001,,False,68
21390,2022-09-17,2359,66909,21,2001,,False,68
21390,2022-09-18,2360,66934,28,2005,,False,68
21390,2022-09-19,2361,66962,23,2007,,False,68
21390,2022-09-20,2362,66992,22,2006,,False,68
21390,2022-09-21,2363,67019,31,2006,,False,68
21390,2022-09-22,2364,67048,21,2006,,False,68
21390,2022-09-23,2365,67078,34,2005,,False,68
21390,2022-09-24,2366,67114,22,2006,,False,68
21390,2022-09-25,2367,67143,31,2007,,False,68
21390,2022-09-26,2368,67176,23,2007,,False,68
21390,2022-09-27,2369,67209,26,2006,,False,68
21390,2022-09-28,2370,67243,23,2009,,False,68
21390,2022-09-29,2371,67281,42,2008,,False,68
21390,2022-09-30,2372,67312,21,2010,,False,68
21390,2022-10-01,2373,67341,25,2014,,False,68
21390,2022-10-02,2374,67367,25,2011,,False,68
21390,2022-10-03,2375,67394,24,2011,,False,68
21390,2022-10-04,2376,67425,24,2012,,False,68
21390,2022-10-05,2377,67455,14,2014,,False,68
21390,2022-10-06,2378,67480,25,2014,,False,68
21390,2022-10-07,2379,67508,12,2014,,False,68
21390,2022-10-08,2380,67526,23,2014,,False,68
21390,2022-10-09,2381,67551,27,2015,,False,68
21390,2022-10-10,2382,67576,14,2013,,False,68
21390,2022-10-11,2383,67606,27,2014,,False,68
21390,2022-10-12,2384,67645,25,2011,,False,68
21390,2022-10-13,2385,67674,25,2013,,False,68
21390,2022-10-14,2386,67707,24,2013,,False,68
21390,2022-10-15,2387,67731,35,2014,,False,68
21390,2022-10-16,2388,67764,29,2010,,False,67
21390,2022-10-17,2389,67794,18,2010,,False,67
21390,2022-10-18,2390,67821,17,2009,,False,67
21390,2022-10-19,2391,67842,18,2011,,False,67
21390,2022-10-20,2392,67862,25,2010,,False,67
21390,2022-10-21,2393,67896,23,2010,,False,67
21390,2022-10-22,2394,67921,28,2009,,False,67
21390,2022-10-23,2395,67944,35,2011,,False,67
21390,2022-10-24,2396,67974,34,2014,,False,67
21390,2022-10-25,2397,68009,21,2017,,False,67
21390,2022-10-26,2398,68034,17,2019,,False,67
21390,2022-10-27,2399,68051,18,2020,,False,67
21390,2022-10-28,2400,68080,15,2025,,False,67
21390,2022-10-29,2401,68099,39,2029,,False,67
21390,2022-10-30,2402,68136,26,2031,,False,67
21390,2022-10-31,2403,68157,28,2033,,False,67
21390,2022-11-01,2404,68192,19,2033,,False,67
21390,2022-11-02,2405,68219,21,2035,,False,67
21390,2022-11-03,2406,68246,25,2040,,False,67
21390,2022-11-04,2407,68277,11,2042,,False,67
21390,2022-11-05,2408,68296,9,2043,,False,67
21390,2022-11-06,2409,68314,26,2042,,False,67
21390,2022-11-07,2410,68343,17,2044,,False,67
21390,2022-11-08,2411,68369,18,2045,,False,67
21390,2022-11-09,2412,68398,25,2044,,False,67
21390,2022-11-10,2413,68422,23,2043,,False,67
21390,2022-11-11,2414,68445,23,2044,,False,67
21390,2022-11-12,2415,68470,1,2046,,False,67
21390,2022-11-13,2416,68470,13,2046,,False,67
21390,2022-11-14,2417,68510,28,2050,,False,67
21390,2022-11-15,2418,68544,21,2049,,False,67
21390,2022-11-16,2419,68564,18,2049,,False,67
21390,2022-11-17,2420,68583,24,2052,,False,67
21390,2022-11-18,2421,68605,24,2053,,False,67
21390,2022-11-19,2422,68636,26,2056,,False,67
21390,2022-11-20,2423,68656,32,2057,,False,67
21390,2022-11-21,2424,68685,26,2059,,False,67
21390,2022-11-22,2425,68708,20,2057,,False,67
21390,2022-11-23,2426,68735,16,2056,,False,67
21390,2022-11-24,2427,68756,24,2057,,False,67
21390,2022-11-25,2428,68775,20,2057,,False,67
21390,2022-11-26,2429,68800,23,2058,,False,67
21390,2022-11-27,2430,68823,34,2059,,False,67
21390,2022-11-28,2431,68854,21,2061,,False,67
21390,2022-11-29,2432,68881,19,2063,,False,67
21390,2022-11-30,2433,68900,16,2063,,False,67
21390,2022-12-01,2434,68918,26,2067,,False,67
21390,2022-12-02,2435,68947,22,2071,,False,67
21390,2022-12-03,2436,68963,34,2071,,False,67
21390,2022-12-04,2437,68989,37,2072,,False,67
21390,2022-12-05,2438,69017,19,2075,,False,67
21390,2022-12-06,2439,69036,16,2078,,False,67
21390,2022-12-07,2440,69059,27,2076,,False,67
21390,2022-12-08,2441,69078,17,2077,,False,67
21390,2022-12-09,2442,69101,25,2078,,False,67
21390,2022-12-10,2443,69122,12,2077,,False,67
21390,2022-12-11,2444,69134,23,2078,,False,67
21390,2022-12-12,2445,69159,23,2077,,False,67
21390,2022-12-13,2446,69188,17,2077,,False,67
21390,2022-12-14,2447,69210,17,2080,,False,67
21390,2022-12-15,2448,69235,17,2079,,False,67
21390,2022-12-16,2449,69264,11,2080,,False,67
21390,2022-12-17,2450,69286,10,2081,,False,67
21390,2022-12-18,2451,69301,18,2082,,False,67
21390,2022-12-19,2452,69317,16,2081,,False,67
21390,2022-12-20,2453,69347,21,2080,,False,67
21390,2022-12-21,2454,69374,25,2082,,False,67
21390,2022-12-22,2455,69409,18,2082,,False,67
21390,2022-12-23,2456,69430,30,2085,,False,67
21390,2022-12-24,2457,69471,34,2088,,False,67
21390,2022-12-25,2458,69548,20,2095,,False,67
21390,2022-12-26,2459,69577,22,2099,,False,67
21390,2022-12-27,2460,69624,32,2100,,False,67
21390,2022-12-28,2461,69667,21,2099,,False,67
21390,2022-12-29,2462,69706,17,2101,,False,67
21390,2022-12-30,2463,69735,22,2103,,False,67
21390,2022-12-31,2464,69764,48,2105,,False,67
21390,2023-01-01,2465,69798,28,2107,,False,67
21390,2023-01-02,2466,69826,26,2110,,False,67
21390,2023-01-03,2467,69853,26,2112,,False,67
21390,2023-01-04,2468,69888,24,2112,,False,67
21390,2023-01-05,2469,69924,28,2113,,False,67
21390,2023-01-06,2470,69962,32,2115,,False,67
21390,2023-01-07,2471,70004,61,2117,,False,67
21390,2023-01-08,2472,70071,40,2120,,False,67
21390,2023-01-09,2473,70111,36,2121,,False,67
21390,2023-01-10,2474,70148,24,2123,,False,67
21390,2023-01-11,2475,70190,28,2125,,False,67
21390,2023-01-12,2476,70228,31,2123,,False,67
21390,2023-01-13,2477,70260,31,2128,,False,67
21390,2023-01-14,2478,70291,34,2131,,False,67
21390,2023-01-15,2479,70318,26,2130,,False,67
21390,2023-01-16,2480,70349,26,2130,,False,67
21390,2023-01-17,2481,70389,23,2129,,False,67
21390,2023-01-18,2482,70431,27,2129,,False,67
21390,2023-01-19,2483,70463,28,2131,,False,67
21390,2023-01-20,2484,70497,23,2133,,False,67
21390,2023-01-21,2485,70527,21,2133,,False,67
21390,2023-01-22,2486,70552,21,2132,,False,67
21390,2023-01-23,2487,70567,22,2133,,False,67
21390,2023-01-24,2488,70599,10,2133,,False,67
21390,2023-01-25,2489,70624,29,2134,,False,67
21390,2023-01-26,2490,70657,27,2133,,False,67
21390,2023-01-27,2491,70682,19,2131,,False,67
21390,2023-01-28,2492,70707,25,2130,,False,67
21390,2023-01-29,2493,70733,21,2132,,False,67
21390,2023-01-30,2494,70758,26,2131,,False,67
21390,2023-01-31,2495,70784,21,2130,,False,67
21390,2023-02-01,2496,70795,31,2133,,False,67
21390,2023-02-02,2497,70830,18,2135,,False,67
21390,2023-02-03,2498,70852,22,2136,,False,67
21390,2023-02-04,2499,70872,17,2138,,False,67
21390,2023-02-05,2500,70892,31,2136,,False,67
21390,2023-02-06,2501,70921,31,2139,,False,67
21390,2023-02-07,2502,70943,27,2138,,False,67
21390,2023-02-08,2503,70972,12,2138,,False,67
21390,2023-02-09,2504,70984,18,2137,,False,67
21390,2023-02-10,2505,71003,17,2134,,False,67
21390,2023-02-11,2506,71025,19,2137,,False,67
21390,2023-02-12,2507,71043,26,2139,,False,67
21390,2023-02-13,2508,71064,17,2138,,False,67
21390,2023-02-14,2509,71090,25,2142,,False,67
21390,2023-02-15,2510,71113,12,2144,,False,67
21390,2023-02-16,2511,71137,17,2146,,False,67
21390,2023-02-17,2512,71156,12,2146,,False,67
21390,2023-02-18,2513,71178,21,2146,,False,67
21390,2023-02-19,2514,71206,16,2148,,False,67
21390,2023-02-20,2515,71227,22,2152,,False,67
21390,2023-02-21,2516,71257,20,2156,,False,67
21390,2023-02-22,2517,71279,13,2152,,False,67
21390,2023-02-23,2518,71306,23,2153,,False,67
21390,2023-02-24,2519,71334,25,2156,,False,67
21390,2023-02-25,2520,71359,25,2155,,False,67
21390,2023-02-26,2521,71378,18,2154,,False,67
21390,2023-02-27,2522,71407,14,2153,,False,67
21390,2023-02-28,2523,71435,14,2156,,False,67
21390,2023-03-01,2524,71459,28,2157,,False,67
21390,2023-03-02,2525,71481,33,2157,,False,67
21390,2023-03-03,2526,71512,15,2160,,False,67
21390,2023-03-04,2527,71535,28,2164,,False,67
21390,2023-03-05,2528,71565,26,2165,,False,67
21390,2023-03-06,2529,71594,17,2171,,False,67
21390,2023-03-07,2530,71613,11,2172,,False,67
21390,2023-03-08,2531,71628,20,2171,,False,67
21390,2023-03-09,2532,71655,22,2172,,False,67
21390,2023-03-10,2533,71675,21,2171,,False,67
21390,2023-03-11,2534,71705,19,2172,,False,67
21390,2023-03-12,2535,71724,23,2172,,False,67
21390,2023-03-13,2536,71755,23,2177,,False,67
21390,2023-03-14,2537,71787,16,2176,,False,67
21390,2023-03-15,2538,71807,19,2178,,False,67
21390,2023-03-16,2539,71823,23,2180,,False,67
21390,2023-03-17,2540,71840,12,2178,,False,67
21390,2023-03-18,2541,71855,21,2179,,False,67
21390,2023-03-19,2542,71878,18,2181,,False,67
21390,2023-03-20,2543,71903,20,2182,,False,67
21390,2023-03-21,2544,71928,20,2185,,False,67
21390,2023-03-22,2545,71949,18,2185,,False,67
21390,2023-03-23,2546,71974,20,2184,,False,67
21390,2023-03-24,2547,72002,16,2187,,False,67
21390,2023-03-25,2548,72026,34,2188,,False,67
21390,2023-03-26,2549,72058,21,2191,,False,67
21390,2023-03-27,2550,72090,21,2190,,False,67
21390,2023-03-28,2551,72115,20,2191,,False,67
21390,2023-03-29,2552,72143,20,2194,,False,67
21390,2023-03-30,2553,72166,17,2197,,False,67
21390,2023-03-31,2554,72197,25,2196,,False,67
21390,2023-04-01,2555,72234,25,2196,,False,67
21390,2023-04-02,2556,72264,27,2197,,False,67
21390,2023-04-03,2557,72298,17,2195,,False,67
21390,2023-04-04,2558,72322,14,2193,,False,67
21390,2023-04-05,2559,72346,29,2196,,False,67
21390,2023-04-06,2560,72381,23,2197,,False,67
21390,2023-04-07,2561,72403,11,2196,,False,67
21390,2023-04-08,2562,72428,14,2195,,False,67
21390,2023-04-09,2563,72455,29,2197,,False,67
21390,2023-04-10,2564,72484,27,2196,,False,67
21390,2023-04-11,2565,72518,26,2199,,False,67
21390,2023-04-12,2566,72554,17,2201,,False,67
21390,2023-04-13,2567,72582,16,2203,,False,67
21390,2023-04-14,2568,72611,22,2204,,False,67
21390,2023-04-15,2569,72645,24,2206,,False,67
21390,2023-04-16,2570,72682,38,2209,,False,67
21390,2023-04-17,2571,72726,21,2211,,False,67
21390,2023-04-18,2572,72747,17,2209,,False,67
21390,2023-04-19,2573,72776,19,2210,,False,67
21390,2023-04-20,2574,72807,22,2209,,False,67
21390,2023-04-21,2575,72838,19,2214,,False,67
21390,2023-04-22,2576,72860,22,2214,,False,67
21390,2023-04-23,2577,72878,27,2216,,False,67
21390,2023-04-24,2578,72901,21,2215,,False,67
21390,2023-04-25,2579,72930,23,2218,,False,67
21390,2023-04-26,2580,72960,24,2222,,False,67
21390,2023-04-27,2581,72986,14,2224,,False,67
21390,2023-04-28,2582,73002,15,2223,,False,67
21390,2023-04-29,2583,73023,25,2222,,False,67
21390,2023-04-30,2584,73042,12,2224,,False,67
21390,2023-05-01,2585,73062,25,2224,,False,67
21390,2023-05-02,2586,73082,19,2224,,False,67
21390,2023-05-03,2587,73102,22,2224,,False,67
21390,2023-05-04,2588,73130,11,2223,,False,67
21390,2023-05-05,2589,73142,17,2226,,False,67
21390,2023-05-06,2590,73159,21,2228,,False,67
21390,2023-05-07,2591,73177,16,2230,,False,67
21390,2023-05-08,2592,73206,14,2232,,False,67
21390,2023-05-09,2593,73226,13,2233,,False,67
21390,2023-05-10,2594,73250,12,2232,,False,67
21390,2023-05-11,2595,73276,41,2233,,False,67
21390,2023-05-12,2596,73317,48,2236,,False,67
21390,2023-05-13,2597,73365,49,2236,,False,67
21390,2023-05-14,2598,73572,40,2245,,False,67
21390,2023-05-15,2599,73732,22,2248,,False,67
21390,2023-05-16,2600,73793,25,2248,,False,67
21390,2023-05-17,2601,73835,19,2248,,False,67
21390,2023-05-18,2602,73877,23,2249,,False,67
21390,2023-05-19,2603,73905,20,2249,,False,67
21390,2023-05-20,2604,73927,30,2250,,False,67
21390,2023-05-21,2605,73978,23,2252,,False,67
21390,2023-05-22,2606,74017,26,2252,,False,67
21390,2023-05-23,2607,74040,24,2254,,False,67
21390,2023-05-24,2608,74076,13,2253,,False,67
21390,2023-05-25,2609,74101,25,2251,,False,67
21390,2023-05-26,2610,74129,16,2255,,False,67
21390,2023-05-27,2611,74150,16,2256,,False,67
21390,2023-05-28,2612,74171,20,2257,,False,67
21390,2023-05-29,2613,74203,24,2258,,False,67
21390,2023-05-30,2614,74226,20,2260,,False,67
21390,2023-05-31,2615,74252,23,2262,,False,67
21390,2023-06-01,2616,74281,44,2262,,False,67
21390,2023-06-02,2617,74312,15,2264,,False,67
21390,2023-06-03,2618,74342,17,2263,,False,67
21390,2023-06-04,2619,74366,22,2264,,False,67
21390,2023-06-05,2620,74391,26,2265,,False,67
21390,2023-06-06,2621,74418,18,2265,,False,67
21390,2023-06-07,2622,74435,12,2267,,False,67
21390,2023-06-08,2623,74451,12,2266,,False,67
21390,2023-06-09,2624,74471,17,2267,,False,67
21390,2023-06-10,2625,74492,25,2272,,False,67
21390,2023-06-11,2626,74518,23,2275,,False,67
21390,2023-06-12,2627,74543,26,2278,,False,67
21390,2023-06-13,2628,74570,11,2280,,False,67
21390,2023-06-14,2629,74583,15,2280,,False,67
21390,2023-06-15,2630,74603,38,2280,,False,67
21390,2023-06-16,2631,74631,17,2284,,False,67
21390,2023-06-17,2632,74652,26,2285,,False,67
21390,2023-06-18,2633,74669,21,2285,,False,67
21390,2023-06-19,2634,74696,25,2285,,False,67
21390,2023-06-20,2635,74724,24,2287,,False,67
21390,2023-06-21,2636,74755,20,2289,,False,67
21390,2023-06-22,2637,74779,26,2294,,False,67
21390,2023-06-23,2638,74805,22,2292,,False,67
21390,2023-06-24,2639,74826,15,2292,,False,67
21390,2023-06-25,2640,74853,21,2291,,False,67
21390,2023-06-26,2641,74884,17,2295,,False,67
21390,2023-06-27,2642,74902,28,2294,,False,67
21390,2023-06-28,2643,74940,28,2296,,False,67
21390,2023-06-29,2644,74965,37,2298,,False,67
21390,2023-06-30,2645,74999,29,2298,,False,67
21390,2023-07-01,2646,75030,25,2298,,False,67
21390,2023-07-02,2647,75052,19,2296,,False,67
21390,2023-07-03,2648,75087,26,2300,,False,67
21390,2023-07-04,2649,75114,19,2298,,False,67
21390,2023-07-05,2650,75135,26,2300,,False,67
21390,2023-07-06,2651,75158,23,2300,,False,67
21390,2023-07-07,2652,75207,16,2299,,False,67
21390,2023-07-08,2653,75240,25,2300,,False,67
21390,2023-07-09,2654,75260,29,2300,,False,67
21390,2023-07-10,2655,75283,21,2303,,False,67
21390,2023-07-11,2656,75309,24,2305,,False,67
21390,2023-07-12,2657,75331,35,2305,,False,67
21390,2023-07-13,2658,75375,36,2306,,False,67
21390,2023-07-14,2659,75405,30,2309,,False,67
21390,2023-07-15,2660,75434,34,2311,,False,67
21390,2023-07-16,2661,75465,39,2312,,False,67
21390,2023-07-17,2662,75491,22,2311,,False,67
21390,2023-07-18,2663,75523,20,2311,,False,67
21390,2023-07-19,2664,75548,27,2313,,False,67
21390,2023-07-20,2665,75592,24,2318,,False,67
21390,2023-07-21,2666,75615,29,2320,,False,67
21390,2023-07-22,2667,75632,39,2320,,False,67
21390,2023-07-23,2668,75663,46,2325,,False,67
21390,2023-07-24,2669,75687,24,2327,,False,67
21390,2023-07-25,2670,75717,36,2324,,False,67
21390,2023-07-26,2671,75745,22,2326,,False,67
21390,2023-07-27,2672,75769,15,2323,,False,67
21390,2023-07-28,2673,75799,38,2329,,False,67
21390,2023-07-29,2674,75832,14,2331,,False,67
21390,2023-07-30,2675,75842,18,2332,,False,67
21390,2023-07-31,2676,75859,23,2333,,False,67
21390,2023-08-01,2677,75887,14,2335,,False,67
21390,2023-08-02,2678,75908,16,2334,,False,67
21390,2023-08-03,2679,75924,18,2330,,False,67
21390,2023-08-04,2680,75945,25,2331,,False,67
21390,2023-08-05,2681,75965,26,2328,,False,67
21390,2023-08-06,2682,75994,20,2329,,False,67
21390,2023-08-07,2683,76007,17,2327,,False,67
21390,2023-08-08,2684,76026,17,2328,,False,67
21390,2023-08-09,2685,76042,30,2328,,False,67
21390,2023-08-10,2686,76069,12,2329,,False,67
21390,2023-08-11,2687,76088,24,2330,,False,67
21390,2023-08-12,2688,76112,16,2331,,False,67
21390,2023-08-13,2689,76136,25,2333,,False,67
21390,2023-08-14,2690,76163,16,2331,,False,67
21390,2023-08-15,2691,76185,10,2337,,False,67
21390,2023-08-16,2692,76205,15,2339,,False,67
21390,2023-08-17,2693,76221,20,2335,,False,67
21390,2023-08-18,2694,76245,17,2339,,False,67
21390,2023-08-19,2695,76261,17,2341,,False,67
21390,2023-08-20,2696,76280,26,2340,,False,67
21390,2023-08-21,2697,76309,22,2341,,False,67
21390,2023-08-22,2698,76329,29,2343,,False,67
21390,2023-08-23,2699,76361,16,2345,,False,67
21390,2023-08-24,2700,76382,26,2349,,False,67
21390,2023-08-25,2701,76409,20,2352,,False,67
21390,2023-08-26,2702,76430,18,2354,,False,67
21390,2023-08-27,2703,76447,13,2351,,False,67
21390,2023-08-28,2704,76464,15,2353,,False,67
21390,2023-08-29,2705,76493,29,2355,,False,67
21390,2023-08-30,2706,76519,16,2354,,False,67
21390,2023-08-31,2707,76543,31,2356,,False,67
21390,2023-09-01,2708,76564,15,2356,,False,67
21390,2023-09-02,2709,76585,24,2359,,False,67
21390,2023-09-03,2710,76608,21,2359,,False,67
21390,2023-09-04,2711,76634,10,2361,,False,67
21390,2023-09-05,2712,76652,9,2358,,False,67
21390,2023-09-06,2713,76669,26,2358,,False,67
21390,2023-09-07,2714,76684,18,2357,,False,67
21390,2023-09-08,2715,76699,17,2358,,False,67
21390,2023-09-09,2716,76719,15,2358,,False,67
21390,2023-09-10,2717,76731,17,2358,,False,67
21390,2023-09-11,2718,76743,21,2361,,False,67
21390,2023-09-12,2719,76761,19,2361,,False,67
21390,2023-09-13,2720,76782,25,2362,,False,67
21390,2023-09-14,2721,76803,17,2366,,False,67
21390,2023-09-15,2722,76823,19,2366,,False,67
21390,2023-09-16,2723,76836,18,2365,,False,67
21390,2023-09-17,2724,76852,21,2365,,False,67
21390,2023-09-18,2725,76866,18,2366,,False,67
21390,2023-09-19,2726,76885,26,2365,,False,67
21390,2023-09-20,2727,76903,18,2365,,False,67
21390,2023-09-21,2728,76924,5,2366,,False,67
21390,2023-09-22,2729,76932,17,2367,,False,67
21390,2023-09-23,2730,76954,16,2366,,False,67
21390,2023-09-24,2731,76969,16,2366,,False,67
21390,2023-09-25,2732,76996,14,2366,,False,67
21390,2023-09-26,2733,77024,10,2366,,False,67
21390,2023-09-27,2734,77046,25,2368,,False,67
21390,2023-09-28,2735,77063,13,2369,,False,67
21390,2023-09-29,2736,77085,11,2371,,False,67
21390,2023-09-30,2737,77097,14,2371,,False,67
21390,2023-10-01,2738,77111,16,2369,,False,67
21390,2023-10-02,2739,77128,13,2370,,False,67
21390,2023-10-03,2740,77150,23,2369,,False,67
21390,2023-10-04,2741,77172,21,2367,,False,67
21390,2023-10-05,2742,77196,22,2368,,False,67
21390,2023-10-06,2743,77221,15,2369,,False,67
21390,2023-10-07,2744,77236,21,2367,,False,67
21390,2023-10-08,2745,77254,20,2369,,False,67
21390,2023-10-09,2746,77276,22,2370,,False,67
21390,2023-10-10,2747,77298,16,2370,,False,67
21390,2023-10-11,2748,77315,37,2369,,False,67
21390,2023-10-12,2749,77345,18,2374,,False,67
21390,2023-10-13,2750,77367,17,2376,,False,67
21390,2023-10-14,2751,77386,18,2372,,False,67
21390,2023-10-15,2752,77411,25,2373,,False,67
21390,2023-10-16,2753,77424,26,2373,,False,67
21390,2023-10-17,2754,77442,22,2374,,False,67
21390,2023-10-18,2755,77462,14,2376,,False,67
21390,2023-10-19,2756,77481,19,2376,,False,67
21390,2023-10-20,2757,77501,11,2375,,False,67
21390,2023-10-21,2758,77516,22,2373,,False,67
21390,2023-10-22,2759,77534,30,2376,,False,67
21390,2023-10-23,2760,77558,12,2377,,False,67
21390,2023-10-24,2761,77576,14,2374,,False,67
21390,2023-10-25,2762,77589,18,2376,,False,67
21390,2023-10-26,2763,77610,10,2375,,False,67
21390,2023-10-27,2764,77631,12,2375,,False,67
21390,2023-10-28,2765,77645,24,2377,,False,67
21390,2023-10-29,2766,77676,12,2378,,False,67
21390,2023-10-30,2767,77690,19,2380,,False,67
21390,2023-10-31,2768,77711,21,2383,,False,67
21390,2023-11-01,2769,77738,14,2384,,False,67
21390,2023-11-02,2770,77756,9,2385,,False,67
21390,2023-11-03,2771,77770,17,2385,,False,67
21390,2023-11-04,2772,77792,17,2385,,False,67
21390,2023-11-05,2773,77807,18,2387,,False,67
21390,2023-11-06,2774,77826,22,2386,,False,67
21390,2023-11-07,2775,77848,14,2387,,False,67
21390,2023-11-08,2776,77863,16,2389,,False,67
21390,2023-11-09,2777,77881,13,2389,,False,67
21390,2023-11-10,2778,77891,6,2387,,False,67
21390,2023-11-11,2779,77900,16,2386,,False,67
21390,2023-11-12,2780,77921,13,2386,,False,67
21390,2023-11-13,2781,77937,18,2388,,False,67
21390,2023-11-14,2782,77964,13,2389,,False,67
21390,2023-11-15,2783,77980,14,2388,,False,67
21390,2023-11-16,2784,78002,17,2388,,False,67
21390,2023-11-17,2785,78018,15,2388,,False,67
21390,2023-11-18,2786,78029,10,2389,,False,67
21390,2023-11-19,2787,78043,20,2387,,False,67
21390,2023-11-20,2788,78061,9,2387,,False,67
21390,2023-11-21,2789,78076,16,2387,,False,67
21390,2023-11-22,2790,78100,7,2387,,False,67
21390,2023-11-23,2791,78111,15,2388,,False,67
21390,2023-11-24,2792,78127,15,2388,,False,67
21390,2023-11-25,2793,78145,9,2391,,False,67
21390,2023-11-26,2794,78169,10,2389,,False,67
21390,2023-11-27,2795,78176,21,2390,,False,67
21390,2023-11-28,2796,78197,12,2391,,False,67
21390,2023-11-29,2797,78213,16,2394,,False,67
21390,2023-11-30,2798,78228,13,2394,,False,67
21390,2023-12-01,2799,78245,12,2395,,False,67
21390,2023-12-02,2800,78263,6,2394,,False,67
21390,2023-12-03,2801,78272,19,2395,,False,67
21390,2023-12-04,2802,78294,16,2395,,False,67
21390,2023-12-05,2803,78316,13,2396,,False,67
21390,2023-12-06,2804,78330,17,2395,,False,67
21390,2023-12-07,2805,78346,13,2399,,False,67
21390,2023-12-08,2806,78366,15,2400,,False,67
21390,2023-12-09,2807,78378,17,2399,,False,67
21390,2023-12-10,2808,78399,15,2399,,False,67
21390,2023-12-11,2809,78413,10,2397,,False,67
21390,2023-12-12,2810,78424,15,2396,,False,67
21390,2023-12-13,2811,78441,9,2397,,False,67
21390,2023-12-14,2812,78446,13,2396,,False,67
21390,2023-12-15,2813,78465,19,2394,,False,67
21390,2023-12-16,2814,78489,18,2394,,False,67
21390,2023-12-17,2815,78503,9,2393,,False,67
21390,2023-12-18,2816,78517,7,2393,,False,67
21390,2023-12-19,2817,78530,11,2393,,False,67
21390,2023-12-20,2818,78547,15,2397,,False,67
21390,2023-12-21,2819,78566,18,2400,,False,67
21390,2023-12-22,2820,78577,11,2398,,False,67
21390,2023-12-23,2821,78592,10,2395,,False,67
21390,2023-12-24,2822,78606,12,2396,,False,67
21390,2023-12-25,2823,78627,15,2398,,False,67
21390,2023-12-26,2824,78648,29,2398,,False,67
21390,2023-12-27,2825,78667,25,2402,,False,67
21390,2023-12-28,2826,78687,18,2401,,False,67
21390,2023-12-29,2827,78706,16,2405,,False,67
21390,2023-12-30,2828,78721,18,2405,,False,67
21390,2023-12-31,2829,78751,18,2403,,False,67
21390,2024-01-01,2830,78774,22,2404,,False,67
21390,2024-01-02,2831,78790,26,2400,,False,67
21390,2024-01-03,2832,78821,28,2400,,False,67
21390,2024-01-04,2833,78851,26,2401,,False,67
21390,2024-01-05,2834,78883,22,2404,,False,67
21390,2024-01-06,2835,78910,22,2407,,False,67
21390,2024-01-07,2836,78940,26,2410,,False,67
21390,2024-01-08,2837,78974,26,2409,,False,67
21390,2024-01-09,2838,79006,19,2407,,False,67
21390,2024-01-10,2839,79034,21,2407,,False,67
21390,2024-01-11,2840,79059,20,2405,,False,67
21390,2024-01-12,2841,79095,8,2407,,False,67
21390,2024-01-13,2842,79112,24,2407,,False,67
21390,2024-01-14,2843,79144,21,2410,,False,67
21390,2024-01-15,2844,79173,24,2413,,False,67
21390,2024-01-16,2845,79199,15,2415,,False,67
21390,2024-01-17,2846,79221,21,2414,,False,67
21390,2024-01-18,2847,79244,26,2413,,False,67
21390,2024-01-19,2848,79274,8,2410,,False,67
21390,2024-01-20,2849,79293,18,2412,,False,67
21390,2024-01-21,2850,79319,16,2414,,False,67
21390,2024-01-22,2851,79345,18,2416,,False,67
21390,2024-01-23,2852,79371,17,2416,,False,67
21390,2024-01-24,2853,79406,19,2418,,False,67
21390,2024-01-25,2854,79429,21,2419,,False,67
21390,2024-01-26,2855,79451,17,2418,,False,67
21390,2024-01-27,2856,79474,24,2420,,False,67
21390,2024-01-28,2857,79495,21,2421,,False,67
21390,2024-01-29,2858,79515,22,2422,,False,67
21390,2024-01-30,2859,79547,11,2423,,False,67
21390,2024-01-31,2860,79572,27,2429,,False,67
21390,2024-02-01,2861,79603,18,2432,,False,67
21390,2024-02-02,2862,79625,13,2431,,False,67
21390,2024-02-03,2863,79647,13,2431,,False,67
21390,2024-02-04,2864,79680,27,2432,,False,67
21390,2024-02-05,2865,79720,12,2435,,False,67
21390,2024-02-06,2866,79743,18,2435,,False,67
21390,2024-02-07,2867,79764,25,2436,,False,67
21390,2024-02-08,2868,79787,27,2435,,False,67
21390,2024-02-09,2869,79812,19,2437,,False,67
21390,2024-02-10,2870,79832,18,2437,,False,67
21390,2024-02-11,2871,79851,13,2437,,False,67
21390,2024-02-12,2872,79869,18,2436,,False,67
21390,2024-02-13,2873,79890,20,2437,,False,67
21390,2024-02-14,2874,79916,11,2438,,False,67
21390,2024-02-15,2875,79935,21,2440,,False,67
21390,2024-02-16,2876,79962,17,2440,,False,67
21390,2024-02-17,2877,79981,15,2439,,False,67
21390,2024-02-18,2878,80005,19,2439,,False,67
21390,2024-02-19,2879,80036,13,2440,,False,67
21390,2024-02-20,2880,80054,23,2443,,False,67
21390,2024-02-21,2881,80075,18,2443,,False,67
21390,2024-02-22,2882,80101,21,2449,,False,67
21390,2024-02-23,2883,80132,16,2452,,False,67
21390,2024-02-24,2884,80160,14,2454,,False,67
21390,2024-02-25,2885,80176,19,2454,,False,67
21390,2024-02-26,2886,80194,10,2455,,False,67
21390,2024-02-27,2887,80209,8,2454,,False,67
21390,2024-02-28,2888,80227,9,2456,,False,67
21390,2024-02-29,2889,80238,19,2458,,False,67
21390,2024-03-01,2890,80259,19,2456,,False,67
21390,2024-03-02,2891,80279,13,2458,,False,67
21390,2024-03-03,2892,80299,17,2460,,False,67
21390,2024-03-04,2893,80315,18,2460,,False,67
21390,2024-03-05,2894,80342,12,2460,,False,67
21390,2024-03-06,2895,80361,15,2458,,False,67
21390,2024-03-07,2896,80374,17,2457,,False,67
21390,2024-03-08,2897,80399,13,2458,,False,67
21390,2024-03-09,2898,80421,21,2458,,False,67
21390,2024-03-10,2899,80442,13,2456,,False,67
21390,2024-03-11,2900,80457,10,2457,,False,67
21390,2024-03-12,2901,80479,20,2456,,False,67
21390,2024-03-13,2902,80499,20,2459,,False,67
21390,2024-03-14,2903,80530,16,2462,,False,67
21390,2024-03-15,2904,80550,15,2461,,False,67
21390,2024-03-16,2905,80570,18,2461,,False,67
21390,2024-03-17,2906,80591,9,2463,,False,67
21390,2024-03-18,2907,80606,8,2463,,False,67
21390,2024-03-19,2908,80625,13,2463,,False,67
21390,2024-03-20,2909,80643,4,2464,,False,67
21390,2024-03-21,2910,80656,6,2465,,False,67
21390,2024-03-22,2911,80670,13,2466,,False,67
21390,2024-03-23,2912,80691,18,2466,,False,67
21390,2024-03-24,2913,80691,25,2466,,False,67
21390,2024-03-25,2914,80710,24,2467,,False,67
21390,2024-03-26,2915,80757,28,2470,,False,67
21390,2024-03-27,2916,80781,17,2471,,False,67
21390,2024-03-28,2917,80798,13,2469,,False,67
21390,2024-03-29,2918,80820,15,2469,,False,67
21390,2024-03-30,2919,80841,14,2468,,False,67
21390,2024-03-31,2920,80871,25,2470,,False,67
21390,2024-04-01,2921,80900,20,2470,,False,67
21390,2024-04-02,2922,80923,8,2470,,False,67
21390,2024-04-03,2923,80945,25,2474,,False,67
21390,2024-04-04,2924,80973,13,2472,,False,67
21390,2024-04-05,2925,81000,19,2472,,False,67
21390,2024-04-06,2926,81023,10,2471,,False,67
21390,2024-04-07,2927,81023,15,2471,,False,67
21390,2024-04-08,2928,81049,17,2472,,False,67
21390,2024-04-09,2929,81117,15,2477,,False,67
21390,2024-04-10,2930,81147,24,2476,,False,67
21390,2024-04-11,2931,81176,7,2476,,False,67
21390,2024-04-12,2932,81194,17,2475,,False,67
21390,2024-04-13,2933,81225,11,2477,,False,67
21390,2024-04-14,2934,81244,29,2478,,False,67
21390,2024-04-15,2935,81271,11,2477,,False,67
21390,2024-04-16,2936,81285,16,2475,,False,67
21390,2024-04-17,2937,81309,18,2477,,False,67
21390,2024-04-18,2938,81330,20,2476,,False,67
21390,2024-04-19,2939,81356,18,2477,,False,67
21390,2024-04-20,2940,81384,17,2477,,False,67
21390,2024-04-21,2941,81406,27,2477,,False,67
21390,2024-04-22,2942,81434,18,2478,,False,67
21390,2024-04-23,2943,81458,14,2480,,False,67
21390,2024-04-24,2944,81482,5,2481,,False,67
21390,2024-04-25,2945,81499,21,2481,,False,67
21390,2024-04-26,2946,81524,12,2483,,False,67
21390,2024-04-27,2947,81544,17,2483,,False,67
21390,2024-04-28,2948,81564,18,2484,,False,67
21390,2024-04-29,2949,81582,22,2482,,False,67
21390,2024-04-30,2950,81602,17,2481,,False,67
21390,2024-05-01,2951,81628,16,2482,,False,67
21390,2024-05-02,2952,81646,20,2482,,False,67
21390,2024-05-03,2953,81662,21,2483,,False,67
21390,2024-05-04,2954,81681,12,2483,,False,67
21390,2024-05-05,2955,81698,12,2484,,False,67
21390,2024-05-06,2956,81712,15,2486,,False,67
21390,2024-05-07,2957,81729,17,2487,,False,67
21390,2024-05-08,2958,81742,17,2486,,False,67
21390,2024-05-09,2959,81764,15,2484,,False,67
21390,2024-05-10,2960,81776,14,2485,,False,67
21390,2024-05-11,2961,81790,13,2484,,False,67
21390,2024-05-12,2962,81805,15,2484,,False,67
21390,2024-05-13,2963,81816,12,2485,,False,67
21390,2024-05-14,2964,81831,10,2485,,False,67
21390,2024-05-15,2965,81845,12,2484,,False,67
21390,2024-05-16,2966,81858,15,2485,,False,67
21390,2024-05-17,2967,81873,18,2487,,False,67
21390,2024-05-18,2968,81891,18,2484,,False,67
21390,2024-05-19,2969,81912,11,2481,,False,67
21390,2024-05-20,2970,81927,20,2480,,False,67
21390,2024-05-21,2971,81927,18,2480,,False,67
21390,2024-05-22,2972,81974,10,2484,,False,67
21390,2024-05-23,2973,81987,8,2485,,False,67
21390,2024-05-24,2974,82000,23,2487,,False,67
21390,2024-05-25,2975,82016,9,2489,,False,67
21390,2024-05-26,2976,82016,11,2489,,False,67
21390,2024-05-27,2977,82031,18,2489,,False,67
21390,2024-05-28,2978,82051,14,2489,,False,67
21390,2024-05-29,2979,82065,11,2489,,False,67
21390,2024-05-30,2980,82091,22,2488,,False,67
21390,2024-05-31,2981,82117,8,2489,,False,67
21390,2024-06-01,2982,82117,8,2489,,False,67
21390,2024-06-02,2983,82136,12,2490,,False,67
21390,2024-06-03,2984,82161,17,2489,,False,67
21390,2024-06-04,2985,82161,17,2489,,False,67
21390,2024-06-05,2986,82187,11,2490,,False,67
21390,2024-06-06,2987,82215,9,2491,,False,67
21390,2024-06-07,2988,82226,13,2491,,False,67
21390,2024-06-08,2989,82226,13,2491,,False,67
21390,2024-06-09,2990,82234,17,2492,,False,67
21390,2024-06-10,2991,82252,11,2491,,False,67
21390,2024-06-11,2992,82285,9,2490,,False,67
21390,2024-06-12,2993,82304,12,2491,,False,67
21390,2024-06-13,2994,82315,8,2492,,False,67
21390,2024-06-14,2995,82332,10,2492,,False,67
21390,2024-06-15,2996,82332,20,2492,,False,67
21390,2024-06-16,2997,82345,12,2492,,False,67
21390,2024-06-17,2998,82362,13,2497,,False,67
21390,2024-06-18,2999,82381,12,2496,,False,67
21390,2024-06-19,3000,82393,26,2496,,False,67
21390,2024-06-20,3001,82431,15,2494,,False,67
21390,2024-06-21,3002,82447,11,2496,,False,67
21390,2024-06-22,3003,82447,7,2496,,False,67
21390,2024-06-23,3004,82463,12,2496,,False,67
21390,2024-06-24,3005,82480,15,2497,,False,67
21390,2024-06-25,3006,82511,15,2495,,False,67
21390,2024-06-26,3007,82532,13,2495,,False,67
21390,2024-06-27,3008,82565,14,2497,,False,67
21390,2024-06-28,3009,82565,14,2497,,False,67
21390,2024-06-29,3010,82573,13,2496,,False,67
21390,2024-06-30,3011,82602,18,2494,,False,67
21390,2024-07-01,3012,82602,16,2494,,False,67
21390,2024-07-02,3013,82631,11,2495,,False,67
21390,2024-07-03,3014,82650,19,2495,,False,67
21390,2024-07-04,3015,82666,10,2496,,False,67
21390,2024-07-05,3016,82703,12,2496,,False,67
21390,2024-07-06,3017,82703,21,2496,,False,67
21390,2024-07-07,3018,82727,14,2498,,False,67
21390,2024-07-08,3019,82752,9,2499,,False,67
21390,2024-07-09,3020,82780,16,2500,,False,67
21390,2024-07-10,3021,82793,19,2500,,False,67
21390,2024-07-11,3022,82833,13,2501,,False,67
21390,2024-07-12,3023,82833,17,2501,,False,67
21390,2024-07-13,3024,82849,25,2502,,False,67
21390,2024-07-14,3025,82869,12,2505,,False,67
21390,2024-07-15,3026,82895,22,2507,,False,67
21390,2024-07-16,3027,82916,30,2509,,False,67
21390,2024-07-17,3028,82935,9,2510,,False,67
21390,2024-07-18,3029,82959,11,2508,,False,67
21390,2024-07-19,3030,82975,8,2509,,False,67
21390,2024-07-20,3031,83006,12,2509,,False,67
21390,2024-07-21,3032,83006,15,2509,,False,67
21390,2024-07-22,3033,83021,19,2510,,False,67
21390,2024-07-23,3034,83036,16,2511,,False,67
21390,2024-07-24,3035,83065,8,2510,,False,67
21390,2024-07-25,3036,83065,31,2510,,False,67
21390,2024-07-26,3037,83083,14,2512,,False,67
21390,2024-07-27,3038,83105,12,2513,,False,67
21390,2024-07-28,3039,83129,18,2512,,False,67
21390,2024-07-29,3040,83129,10,2512,,False,67
21390,2024-07-30,3041,83171,4,2516,,False,67
21390,2024-07-31,3042,83180,9,2517,,False,67
21390,2024-08-01,3043,83192,14,2516,,False,67
21390,2024-08-02,3044,83192,8,2516,,False,67
21390,2024-08-03,3045,83209,11,2518,,False,67
21390,2024-08-04,3046,83224,27,2518,,False,67
21390,2024-08-05,3047,83239,14,2519,,False,67
21390,2024-08-06,3048,83278,11,2519,,False,67
21390,2024-08-07,3049,83289,10,2519,,False,67
21390,2024-08-08,3050,83289,13,2519,,False,67
21390,2024-08-09,3051,83314,15,2521,,False,67
21390,2024-08-10,3052,83332,10,2520,,False,67
21390,2024-08-11,3053,83350,11,2523,,False,67
21390,2024-08-12,3054,83369,13,2524,,False,67
21390,2024-08-13,3055,83388,28,2524,,False,67
21390,2024-08-14,3056,83432,12,2527,,False,67
21390,2024-08-15,3057,83451,17,2525,,False,67
21390,2024-08-16,3058,83451,8,2525,,False,67
21390,2024-08-17,3059,83484,19,2524,,False,67
21390,2024-08-18,3060,83484,16,2524,,False,67
21390,2024-08-19,3061,83506,21,2524,,False,67
21390,2024-08-20,3062,83536,32,2526,,False,67
21390,2024-08-21,3063,83557,14,2526,,False,67
21390,2024-08-22,3064,83580,8,2526,,False,67
21390,2024-08-23,3065,83598,16,2525,,False,67
21390,2024-08-24,3066,83611,7,2529,,False,67
21390,2024-08-25,3067,83632,24,2529,,False,67
21390,2024-08-26,3068,83645,21,2530,,False,67
21390,2024-08-27,3069,83667,27,2528,,False,67
21390,2024-08-28,3070,83695,36,2533,,False,67
21390,2024-08-29,3071,83861,26,2549,,False,67
21390,2024-08-30,3072,84075,23,2555,,False,67
21390,2024-08-31,3073,84174,20,2563,,False,67
21390,2024-09-01,3074,84250,25,2568,,False,67
21390,2024-09-02,3075,84330,14,2571,,False,67
21390,2024-09-03,3076,84392,22,2573,,False,67
21390,2024-09-04,3077,84434,18,2572,,False,67
21390,2024-09-05,3078,84474,31,2575,,False,67
21390,2024-09-06,3079,84555,12,2579,,False,67
21390,2024-09-07,3080,84555,29,2579,,False,67
21390,2024-09-08,3081,84594,26,2580,,False,67
21390,2024-09-09,3082,84631,16,2582,,False,67
21390,2024-09-10,3083,84687,20,2587,,False,67
21390,2024-09-11,3084,84753,14,2585,,False,67
21390,2024-09-12,3085,84753,15,2585,,False,67
21390,2024-09-13,3086,84810,12,2587,,False,67
21390,2024-09-14,3087,84810,11,2587,,False,67
21390,2024-09-15,3088,84841,12,2588,,False,67
21390,2024-09-16,3089,84862,14,2589,,False,67
21390,2024-09-17,3090,84893,13,2592,,False,67
21390,2024-09-18,3091,84923,12,2593,,False,67
21390,2024-09-19,3092,84951,18,2594,,False,67
21390,2024-09-20,3093,84992,7,2596,,False,67
21390,2024-09-21,3094,85020,14,2598,,False,67
21390,2024-09-22,3095,85044,26,2601,,False,67
21390,2024-09-23,3096,85072,13,2605,,False,67
21390,2024-09-24,3097,85096,28,2606,,False,67
21390,2024-09-25,3098,85126,23,2607,,False,67
21390,2024-09-26,3099,85153,10,2606,,False,67
21390,2024-09-27,3100,85171,17,2609,,False,67
21390,2024-09-28,3101,85194,13,2609,,False,67
21390,2024-09-29,3102,85222,25,2609,,False,67
21390,2024-09-30,3103,85254,19,2611,,False,67
21390,2024-10-01,3104,85286,24,2614,,False,67
21390,2024-10-02,3105,85322,15,2615,,False,67
21390,2024-10-03,3106,85347,24,2617,,False,67
21390,2024-10-04,3107,85379,19,2619,,False,67
21390,2024-10-05,3108,85412,22,2623,,False,67
21390,2024-10-06,3109,85450,16,2619,,False,67
21390,2024-10-07,3110,85483,13,2619,,False,67
21390,2024-10-08,3111,85511,17,2622,,False,67
21390,2024-10-09,3112,85539,22,2623,,False,67
21390,2024-10-10,3113,85562,18,2622,,False,67
21390,2024-10-11,3114,85592,16,2625,,False,67
21390,2024-10-12,3115,85625,7,2627,,False,67
21390,2024-10-13,3116,85652,23,2629,,False,67
21390,2024-10-14,3117,85687,31,2630,,False,67
21390,2024-10-15,3118,85723,17,2631,,False,67
21390,2024-10-16,3119,85753,17,2632,,False,67
21390,2024-10-17,3120,85783,18,2636,,False,67
21390,2024-10-18,3121,85808,11,2636,,False,67
21390,2024-10-19,3122,85827,20,2637,,False,67
21390,2024-10-20,3123,85861,16,2638,,False,67
21390,2024-10-21,3124,85884,15,2642,,False,67
21390,2024-10-22,3125,85911,24,2646,,False,67
21390,2024-10-23,3126,85931,19,2647,,False,67
21390,2024-10-24,3127,85952,24,2648,,False,67
21390,2024-10-25,3128,85977,9,2651,,False,67
21390,2024-10-26,3129,85997,20,2651,,False,67
21390,2024-10-27,3130,86019,15,2652,,False,67
21390,2024-10-28,3131,86044,43,2654,,False,67
21390,2024-10-29,3132,86079,28,2657,,False,67
21390,2024-10-30,3133,86106,19,2661,,False,67
21390,2024-10-31,3134,86129,19,2658,,False,67
21390,2024-11-01,3135,86138,6,2657,,False,67
21390,2024-11-02,3136,86161,13,2661,,False,67
21390,2024-11-03,3137,86181,18,2662,,False,67
21390,2024-11-04,3138,86203,23,2667,,False,67
21390,2024-11-05,3139,86217,19,2666,,False,67
21390,2024-11-06,3140,86236,25,2665,,False,67
21390,2024-11-07,3141,86269,13,2664,,False,67
21390,2024-11-08,3142,86296,10,2665,,False,67
21390,2024-11-09,3143,86311,12,2667,,False,67
21390,2024-11-10,3144,86331,12,2669,,False,67
21390,2024-11-11,3145,86354,16,2670,,False,67
21390,2024-11-12,3146,86379,16,2669,,False,67
21390,2024-11-13,3147,86394,20,2666,,False,67
21390,2024-11-14,3148,86417,15,2663,,False,67
21390,2024-11-15,3149,86429,8,2664,,False,67
21390,2024-11-16,3150,86441,8,2665,,False,67
21390,2024-11-17,3151,86457,12,2665,,False,67
21390,2024-11-18,3152,86481,18,2666,,False,67
21390,2024-11-19,3153,86512,8,2667,,False,67
21390,2024-11-20,3154,86527,3,2668,,False,67
21390,2024-11-26,3160,86633,3,2664,,False,67
21390,2024-11-27,3161,86655,9,2665,,False,67
21390,2024-11-28,3162,86671,17,2665,,False,67
21390,2024-11-29,3163,86687,8,2666,,False,67
21390,2024-11-30,3164,86709,15,2666,,False,67
21390,2024-12-01,3165,86726,27,2667,,False,67
21390,2024-12-02,3166,86745,12,2669,,False,67
21390,2024-12-03,3167,86766,7,2668,,False,67
21390,2024-12-04,3168,86786,13,2670,,False,67
21390,2024-12-05,3169,86816,25,2671,,False,67
21390,2024-12-06,3170,86840,31,2673,,False,67
21390,2024-12-07,3171,86862,10,2674,,False,67
21390,2024-12-08,3172,86878,15,2672,,False,67
21390,2024-12-09,3173,86901,18,2673,,False,67
21390,2024-12-10,3174,86928,16,2676,,False,67
21390,2024-12-11,3175,86951,20,2680,,False,67
21390,2024-12-12,3176,86972,17,2682,,False,67
21390,2024-12-13,3177,86994,15,2682,,False,67
21390,2024-12-14,3178,87009,8,2682,,False,67
21390,2024-12-15,3179,87024,15,2683,,False,67
21390,2024-12-16,3180,87043,12,2683,,False,67
21390,2024-12-17,3181,87067,18,2682,,False,67
21390,2024-12-18,3182,87090,20,2683,,False,67
21390,2024-12-19,3183,87117,15,2682,,False,67
21390,2024-12-20,3184,87140,13,2684,,False,67
21390,2024-12-21,3185,87153,20,2685,,False,67
21390,2024-12-22,3186,87173,13,2685,,False,67
21390,2024-12-23,3187,87199,13,2684,,False,67
21390,2024-12-24,3188,87211,17,2685,,False,67
21390,2024-12-25,3189,87233,19,2683,,False,67
21390,2024-12-26,3190,87253,15,2686,,False,67
21390,2024-12-27,3191,87269,19,2688,,False,67
21390,2024-12-28,3192,87289,22,2690,,False,67
21390,2024-12-29,3193,87317,23,2692,,False,67
21390,2024-12-30,3194,87339,20,2692,,False,67
21390,2024-12-31,3195,87361,31,2696,,False,67
21390,2025-01-01,3196,87394,12,2699,,False,67
21390,2025-01-02,3197,87403,19,2697,,False,67
21390,2025-01-03,3198,87423,21,2697,,False,67
21390,2025-01-04,3199,87450,24,2699,,False,67
21390,2025-01-05,3200,87476,37,2701,,False,67
21390,2025-01-06,3201,87518,17,2704,,False,67
21390,2025-01-07,3202,87551,21,2705,,False,67
21390,2025-01-08,3203,87584,15,2703,,False,67
21390,2025-01-09,3204,87610,21,2704,,False,67
21390,2025-01-10,3205,87638,22,2706,,False,67
21390,2025-01-11,3206,87668,15,2705,,False,67
21390,2025-01-12,3207,87695,22,2705,,False,67
21390,2025-01-13,3208,87727,18,2707,,False,67
21390,2025-01-14,3209,87749,17,2706,,False,67
21390,2025-01-15,3210,87778,16,2711,,False,67
21390,2025-01-16,3211,87804,20,2713,,False,67
21390,2025-01-17,3212,87823,19,2712,,False,67
21390,2025-01-18,3213,87852,21,2715,,False,67
21390,2025-01-19,3214,87879,24,2715,,False,67
21390,2025-01-20,3215,87910,15,2717,,False,67
21390,2025-01-21,3216,87943,15,2721,,False,67
21390,2025-01-22,3217,87967,10,2723,,False,67
21390,2025-01-23,3218,87977,14,2724,,False,67
21390,2025-01-24,3219,87995,19,2726,,False,67
21390,2025-01-25,3220,88022,29,2725,,False,67
21390,2025-01-26,3221,88056,21,2726,,False,67
21390,2025-01-27,3222,88085,23,2727,,False,67
21390,2025-01-28,3223,88120,13,2728,,False,67
21390,2025-01-29,3224,88140,6,2728,,False,67
21390,2025-01-30,3225,88159,12,2728,,False,67
21390,2025-01-31,3226,88173,13,2729,,False,67
21390,2025-02-01,3227,88192,8,2730,,False,67
21390,2025-02-02,3228,88213,14,2731,,False,67
21390,2025-02-03,3229,88235,33,2731,,False,67
21390,2025-02-04,3230,88264,18,2728,,False,67
21390,2025-02-05,3231,88285,12,2730,,False,67
21390,2025-02-06,3232,88305,20,2731,,False,67
21390,2025-02-07,3233,88330,19,2729,,False,67
21390,2025-02-08,3234,88357,16,2729,,False,67
21390,2025-02-09,3235,88378,15,2731,,False,67
21390,2025-02-10,3236,88405,15,2734,,False,67
21390,2025-02-11,3237,88429,16,2735,,False,67
21390,2025-02-12,3238,88449,8,2734,,False,67
21390,2025-02-13,3239,88461,20,2734,,False,67
21390,2025-02-14,3240,88480,9,2735,,False,67
21390,2025-02-15,3241,88502,9,2736,,False,67
21390,2025-02-16,3242,88522,12,2736,,False,67
21390,2025-02-17,3243,88556,20,2738,,False,67
21390,2025-02-18,3244,88584,20,2741,,False,67
21390,2025-02-19,3245,88612,19,2742,,False,67
21390,2025-02-20,3246,88637,13,2741,,False,67
21390,2025-02-21,3247,88669,21,2744,,False,67
21390,2025-02-22,3248,88690,12,2744,,False,67
21390,2025-02-23,3249,88707,32,2745,,False,67
21390,2025-02-24,3250,88747,27,2744,,False,67
21390,2025-02-25,3251,88780,16,2743,,False,67
21390,2025-02-26,3252,88801,23,2745,,False,67
21390,2025-02-27,3253,88829,30,2752,,False,67
21390,2025-02-28,3254,88853,12,2750,,False,67
21390,2025-03-01,3255,88870,15,2749,,False,67
21390,2025-03-02,3256,88894,15,2749,,False,67
21390,2025-03-03,3257,88914,13,2749,,False,67
21390,2025-03-04,3258,88941,7,2747,,False,67
21390,2025-03-05,3259,88957,13,2747,,False,67
21390,2025-03-06,3260,88980,17,2748,,False,67
21390,2025-03-07,3261,89003,13,2749,,False,67
21390,2025-03-08,3262,89029,12,2751,,False,67
21390,2025-03-09,3263,89056,13,2751,,False,67
21390,2025-03-10,3264,89088,20,2753,,False,67
21390,2025-03-11,3265,89122,20,2752,,False,67
21390,2025-03-12,3266,89155,14,2754,,False,67
21390,2025-03-13,3267,89169,14,2755,,False,67
21390,2025-03-14,3268,89189,6,2755,,False,67
21390,2025-03-15,3269,89199,13,2755,,False,67
21390,2025-03-16,3270,89216,24,2756,,False,67
21390,2025-03-17,3271,89236,20,2757,,False,67
21390,2025-03-18,3272,89262,15,2758,,False,67
21390,2025-03-19,3273,89282,13,2759,,False,67
21390,2025-03-20,3274,89296,22,2760,,False,67
21390,2025-03-21,3275,89312,22,2764,,False,67
21390,2025-03-22,3276,89336,18,2765,,False,67
21390,2025-03-23,3277,89356,17,2766,,False,67
21390,2025-03-24,3278,89377,17,2764,,False,67
21390,2025-03-25,3279,89407,16,2763,,False,67
21390,2025-03-26,3280,89434,9,2765,,False,67
21390,2025-03-27,3281,89450,15,2765,,False,67
21390,2025-03-28,3282,89469,14,2768,,False,67
21390,2025-03-29,3283,89483,15,2767,,False,67
21390,2025-03-30,3284,89507,13,2766,,False,67
21390,2025-03-31,3285,89507,23,2766,,False,67
21390,2025-04-01,3286,89551,22,2764,,False,67
21390,2025-04-02,3287,89573,7,2766,,False,67
21390,2025-04-03,3288,89707,13,2766,,False,67
21390,2025-04-04,3289,89815,12,2770,,False,67
21390,2025-04-05,3290,89860,10,2773,,False,67
21390,2025-04-06,3291,89860,17,2773,,False,67
21390,2025-04-07,3292,89898,12,2773,,False,67
21390,2025-04-08,3293,89974,19,2775,,False,67
21390,2025-04-09,3294,90071,13,2781,,False,67
21390,2025-04-10,3295,90094,17,2783,,False,67
21390,2025-04-11,3296,90122,16,2783,,False,67
21390,2025-04-12,3297,90149,16,2783,,False,67
21390,2025-04-13,3298,90149,23,2783,,False,67
21390,2025-04-14,3299,90184,10,2784,,False,67
21390,2025-04-15,3300,90230,16,2786,,False,67
21390,2025-04-16,3301,90253,12,2786,,False,67
21390,2025-04-17,3302,90269,20,2786,,False,67
21390,2025-04-18,3303,90293,18,2785,,False,67
21390,2025-04-19,3304,90313,16,2784,,False,67
21390,2025-04-20,3305,90334,10,2787,,False,67
21390,2025-04-21,3306,90355,17,2788,,False,67
21390,2025-04-22,3307,90386,17,2787,,False,67
21390,2025-04-23,3308,90408,13,2788,,False,67
21390,2025-04-24,3309,90429,19,2791,,False,67
21390,2025-04-25,3310,90448,9,2791,,False,67
21390,2025-04-26,3311,90460,6,2793,,False,67
21390,2025-04-27,3312,90477,11,2800,,False,67
21390,2025-04-28,3313,90494,12,2801,,False,67
21390,2025-04-29,3314,90519,22,2801,,False,67
21390,2025-04-30,3315,90540,24,2803,,False,67
21390,2025-05-01,3316,90561,9,2802,,False,67
21390,2025-05-02,3317,90580,13,2804,,False,67
21390,2025-05-03,3318,90605,12,2801,,False,67
21390,2025-05-04,3319,90623,6,2800,,False,67
21390,2025-05-05,3320,90640,27,2804,,False,67
21390,2025-05-06,3321,90670,23,2806,,False,67
21390,2025-05-07,3322,90686,7,2807,,False,67
21390,2025-05-08,3323,90694,12,2804,,False,67
21390,2025-05-09,3324,90741,8,2804,,False,67
21390,2025-05-10,3325,90857,18,2804,,False,67
21390,2025-05-11,3326,90952,19,2805,,False,67
21390,2025-05-12,3327,90952,17,2805,,False,67
21390,2025-05-13,3328,91046,9,2811,,False,67
21390,2025-05-14,3329,91084,14,2810,,False,67
21390,2025-05-15,3330,91117,13,2812,,False,67
21390,2025-05-16,3331,91138,11,2814,,False,67
21390,2025-05-17,3332,91166,20,2817,,False,67
21390,2025-05-18,3333,91192,12,2817,,False,67
21390,2025-05-19,3334,91223,12,2820,,False,67
21390,2025-05-20,3335,91253,23,2820,,False,67
21390,2025-05-21,3336,91281,20,2819,,False,67
21390,2025-05-22,3337,91301,10,2817,,False,67
21390,2025-05-23,3338,91317,10,2817,,False,67
21390,2025-05-24,3339,91335,14,2817,,False,67
21390,2025-05-25,3340,91354,16,2817,,False,67
21390,2025-05-26,3341,91354,20,2817,,False,67
21390,2025-05-27,3342,91404,9,2818,,False,67
21390,2025-05-28,3343,91436,21,2817,,False,67
21390,2025-05-29,3344,91465,14,2818,,False,67
21390,2025-05-30,3345,91480,13,2820,,False,67
21390,2025-05-31,3346,91499,9,2821,,False,67
21390,2025-06-01,3347,91499,12,2821,,False,67
21390,2025-06-02,3348,91540,9,2824,,False,67
21390,2025-06-03,3349,91562,17,2826,,False,67
21390,2025-06-04,3350,91576,22,2825,,False,67
21390,2025-06-05,3351,91595,18,2825,,False,67
21390,2025-06-06,3352,91616,19,2825,,False,67
21390,2025-06-07,3353,91636,20,2826,,False,67
21390,2025-06-08,3354,91636,19,2826,,False,67
21390,2025-06-09,3355,91676,16,2827,,False,67
21390,2025-06-10,3356,91702,11,2828,,False,67
21390,2025-06-11,3357,91722,14,2828,,False,67
21390,2025-06-12,3358,91741,14,2828,,False,67
21390,2025-06-13,3359,91762,14,2830,,False,67
21390,2025-06-14,3360,91778,6,2830,,False,67
21390,2025-06-15,3361,91795,16,2832,,False,67
21390,2025-06-16,3362,91807,22,2832,,False,67
21390,2025-06-17,3363,91820,17,2832,,False,67
21390,2025-06-18,3364,91837,23,2834,,False,67
21390,2025-06-19,3365,91861,16,2832,,False,67
21390,2025-06-20,3366,91878,15,2830,,False,67
21390,2025-06-21,3367,91896,18,2834,,False,67
21390,2025-06-22,3368,91896,30,2834,,False,67
21390,2025-06-23,3369,91946,23,2832,,False,67
21390,2025-06-24,3370,91969,11,2831,,False,67
21390,2025-06-25,3371,91991,16,2831,,False,67
21390,2025-06-26,3372,92016,25,2834,,False,67
21390,2025-06-27,3373,92016,19,2834,,False,67
21390,2025-06-28,3374,92051,21,2833,,False,67
21390,2025-06-29,3375,92067,19,2835,,False,67
21390,2025-06-30,3376,92067,21,2835,,False,67
21390,2025-07-01,3377,92090,8,2834,,False,67
21390,2025-07-02,3378,92109,11,2834,,False,67
21390,2025-07-03,3379,92117,19,2835,,False,67
21390,2025-07-04,3380,92136,12,2834,,False,67
21390,2025-07-05,3381,92155,16,2835,,False,67
21390,2025-07-06,3382,92179,13,2836,,False,67
21390,2025-07-07,3383,92204,15,2836,,False,67
21390,2025-07-08,3384,92246,23,2836,,False,67
21390,2025-07-09,3385,92246,15,2836,,False,67
21390,2025-07-10,3386,92285,24,2834,,False,67
21390,2025-07-11,3387,92303,8,2835,,False,67
21390,2025-07-12,3388,92320,10,2834,,False,67
21390,2025-07-13,3389,92338,16,2835,,False,67
21390,2025-07-14,3390,92353,6,2834,,False,67
21390,2025-07-15,3391,92371,12,2835,,False,67
21390,2025-07-16,3392,92383,15,2833,,False,67
21390,2025-07-17,3393,92401,19,2836,,False,67
21390,2025-07-18,3394,92422,16,2837,,False,67
21390,2025-07-19,3395,92441,16,2838,,False,67
21390,2025-07-20,3396,92472,21,2840,,False,67
21390,2025-07-21,3397,92498,19,2840,,False,67
21390,2025-07-22,3398,92523,20,2840,,False,67
21390,2025-07-23,3399,92554,9,2841,,False,67
21390,2025-07-24,3400,92571,10,2842,,False,67
21390,2025-07-25,3401,92586,25,2845,,False,67
21390,2025-07-26,3402,92602,13,2847,,False,67
21390,2025-07-27,3403,92629,18,2844,,False,67
21390,2025-07-28,3404,92648,17,2845,,False,67
21390,2025-07-29,3405,92664,8,2844,,False,67
21390,2025-07-30,3406,92669,17,2844,,False,67
21390,2025-07-31,3407,92686,29,2844,,False,67
21390,2025-08-01,3408,92736,6,2848,,False,67
21390,2025-08-02,3409,92746,13,2849,,False,67
21390,2025-08-03,3410,92746,14,2849,,False,67
21390,2025-08-04,3411,92762,20,2849,,False,67
21390,2025-08-05,3412,92805,15,2850,,False,67
21390,2025-08-06,3413,92805,18,2850,,False,67
21390,2025-08-07,3414,92844,13,2851,,False,67
21390,2025-08-08,3415,92859,12,2852,,False,67
21390,2025-08-09,3416,92859,8,2852,,False,67
21390,2025-08-10,3417,92877,9,2852,,False,67
21390,2025-08-11,3418,92893,26,2852,,False,67
21390,2025-08-12,3419,92917,14,2855,,False,67
21390,2025-08-13,3420,92930,6,2856,,False,67
21390,2025-08-14,3421,92945,18,2855,,False,67
21390,2025-08-15,3422,92960,20,2856,,False,67
21390,2025-08-16,3423,92973,17,2859,,False,67
21390,2025-08-17,3424,92997,7,2859,,False,67
21390,2025-08-18,3425,92997,24,2859,,False,67
21390,2025-08-19,3426,93029,18,2862,,False,67
21390,2025-08-20,3427,93067,12,2866,,False,67
21390,2025-08-21,3428,93095,15,2867,,False,67
21390,2025-08-22,3429,93114,12,2869,,False,67
21390,2025-08-23,3430,93126,7,2869,,False,67
21390,2025-08-24,3431,93139,30,2870,,False,67
21390,2025-08-25,3432,93154,13,2870,,False,67
21390,2025-08-26,3433,93170,15,2868,,False,67
21390,2025-08-27,3434,93186,20,2869,,False,67
21390,2025-08-28,3435,93208,12,2870,,False,67
21390,2025-08-29,3436,93228,15,2872,,False,67
21390,2025-08-30,3437,93243,6,2872,,False,67
21390,2025-08-31,3438,93261,6,2871,,False,67
21390,2025-09-01,3439,93273,20,2871,,False,67
21390,2025-09-02,3440,93273,22,2871,,False,67
21390,2025-09-03,3441,93334,11,2880,,False,67
21390,2025-09-04,3442,93334,16,2880,,False,67
21390,2025-09-05,3443,93374,9,2884,,False,67
21390,2025-09-06,3444,93374,21,2884,,False,67
21390,2025-09-07,3445,93390,20,2885,,False,67
21390,2025-09-08,3446,93407,13,2890,,False,67
21390,2025-09-09,3447,93436,7,2891,,False,67
21390,2025-09-10,3448,93444,20,2889,,False,67
21390,2025-09-11,3449,93454,4,2890,,False,67
21390,2025-09-12,3450,93463,12,2890,,False,67
21390,2025-09-13,3451,93478,6,2886,,False,67
21390,2025-09-14,3452,93485,9,2887,,False,67
21390,2025-09-15,3453,93494,7,2887,,False,67
21390,2025-09-16,3454,93504,10,2888,,False,67
21390,2025-09-17,3455,93511,10,2888,,False,67
21390,2025-09-18,3456,93536,25,2889,,False,67
21390,2025-09-19,3457,93558,15,2891,,False,67
21390,2025-09-20,3458,93571,20,2892,,False,67
21390,2025-09-21,3459,93571,17,2892,,False,67
21390,2025-09-22,3460,93626,20,2892,,False,67
21390,2025-09-23,3461,93626,18,2892,,False,67
21390,2025-09-24,3462,93655,12,2893,,False,67
21390,2025-09-25,3463,93682,10,2896,,False,67
21390,2025-09-26,3464,93695,14,2897,,False,67
21390,2025-09-27,3465,93709,17,2896,,False,67
21390,2025-09-28,3466,93724,17,2897,,False,67
21390,2025-09-29,3467,93752,20,2900,,False,67
21390,2025-09-30,3468,93761,12,2895,,False,67
21390,2025-10-01,3469,93775,14,2896,,False,67
21390,2025-10-02,3470,93787,23,2898,,False,67
21390,2025-10-03,3471,93814,15,2900,,False,67
21390,2025-10-04,3472,93835,11,2902,,False,67
21390,2025-10-05,3473,93835,18,2902,,False,67
21390,2025-10-06,3474,93856,19,2900,,False,67
21390,2025-10-07,3475,93893,22,2903,,False,67
21390,2025-10-08,3476,93908,23,2904,,False,67
21390,2025-10-09,3477,93927,14,2901,,False,67
21390,2025-10-10,3478,93944,17,2900,,False,67
21390,2025-10-11,3479,93967,10,2900,,False,67
21390,2025-10-12,3480,93984,9,2901,,False,67
21390,2025-10-13,3481,94004,20,2900,,False,67
21390,2025-10-14,3482,94016,10,2899,,False,67
21390,2025-10-15,3483,94041,8,2902,,False,67
21390,2025-10-16,3484,94053,19,2904,,False,67
21390,2025-10-17,3485,94071,17,2902,,False,67
21390,2025-10-18,3486,94089,18,2901,,False,67
21390,2025-10-19,3487,94108,13,2904,,False,67
21390,2025-10-20,3488,94128,4,2904,,False,67
21390,2025-10-21,3489,94145,12,2905,,False,67
21390,2025-10-22,3490,94158,19,2905,,False,67
21390,2025-10-23,3491,94175,12,2903,,False,67
21390,2025-10-24,3492,94192,8,2906,,False,67
21390,2025-10-25,3493,94207,18,2908,,False,67
21390,2025-10-26,3494,94219,19,2909,,False,67
21390,2025-10-27,3495,94219,19,2909,,False,67
21390,2025-10-28,3496,94256,18,2906,,False,67
21390,2025-10-29,3497,94274,22,2907,,False,67
21390,2025-10-30,3498,94292,13,2909,,False,67
21390,2025-10-31,3499,94315,2,2910,,False,67
21390,2025-11-01,3500,94315,14,2910,,False,67
21390,2025-11-02,3501,94327,7,2909,,False,67
21390,2025-11-03,3502,94347,14,2913,,False,67
21390,2025-11-04,3503,94363,20,2912,,False,67
21390,2025-11-05,3504,94386,27,2911,,False,67
21390,2025-11-06,3505,94411,16,2910,,False,67
21390,2025-11-07,3506,94425,19,2911,,False,67
21390,2025-11-08,3507,94436,13,2910,,False,67
21390,2025-11-09,3508,94447,14,2910,,False,67
21390,2025-11-10,3509,94467,16,2912,,False,67
21390,2025-11-11,3510,94483,16,2910,,False,67
21390,2025-11-12,3511,94483,23,2910,,False,67
21390,2025-11-13,3512,94522,16,2910,,False,67
21390,2025-11-14,3513,94536,20,2911,,False,67
21390,2025-11-15,3514,94544,19,2911,,False,67
21390,2025-11-16,3515,94564,14,2910,,False,67
21390,2025-11-17,3516,94580,17,2909,,False,67
21390,2025-11-18,3517,94596,12,2911,,False,67
21390,2025-11-19,3518,94609,9,2911,,False,67
21390,2025-11-20,3519,94609,9,2911,,False,67
21390,2025-11-21,3520,94621,20,2913,,False,67
21390,2025-11-22,3521,94651,7,2914,,False,67
21390,2025-11-23,3522,94660,22,2915,,False,67
21390,2025-11-24,3523,94660,8,2915,,False,67
21390,2025-11-25,3524,94677,12,2917,,False,67
21390,2025-11-26,3525,94689,28,2917,,False,67
21390,2025-11-27,3526,94702,13,2918,,False,67
21390,2025-11-28,3527,94718,13,2920,,False,67
21390,2025-11-29,3528,94741,13,2922,,False,67
21390,2025-11-30,3529,94759,15,2920,,False,67
21390,2025-12-01,3530,94777,24,2922,,False,67
21390,2025-12-02,3531,94777,12,2922,,False,67
21390,2025-12-03,3532,94813,16,2921,,False,67
21390,2025-12-04,3533,94839,16,2921,,False,67
21390,2025-12-05,3534,94856,11,2922,,False,67
21390,2025-12-06,3535,94860,22,2922,,False,67
21390,2025-12-07,3536,94877,18,2922,,False,67
21390,2025-12-08,3537,94908,9,2922,,False,67
21390,2025-12-09,3538,94908,2,2922,,False,67
21390,2025-12-10,3539,94930,3,2923,,False,67
21390,2025-12-11,3540,94948,8,2925,,False,67
21390,2025-12-12,3541,94948,8,2925,,False,67
21390,2025-12-13,3542,94969,11,2927,,False,67
21390,2025-12-14,3543,94985,16,2928,,False,67
21390,2025-12-15,3544,94998,17,2929,,False,67
21390,2025-12-16,3545,95027,19,2929,,False,67
21390,2025-12-17,3546,95052,7,2928,,False,67
21390,2025-12-18,3547,95059,15,2928,,False,67
21390,2025-12-19,3548,95059,19,2928,,False,67
21390,2025-12-20,3549,95078,11,2932,,False,67
21390,2025-12-21,3550,95093,11,2930,,False,67
21390,2025-12-22,3551,95112,16,2930,,False,67
21390,2025-12-23,3552,95138,14,2930,,False,67
21390,2025-12-24,3553,95155,16,2930,,False,67
21390,2025-12-25,3554,95177,9,2932,,False,67
21390,2025-12-26,3555,95193,19,2930,,False,67
21390,2025-12-27,3556,95212,13,2929,,False,67
21390,2025-12-28,3557,95212,30,2929,,False,67
21390,2025-12-29,3558,95242,19,2929,,False,67
21390,2025-12-30,3559,95280,18,2931,,False,67
21390,2025-12-31,3560,95280,9,2931,,False,67
21390,2026-01-01,3561,95321,11,2933,,False,67
21390,2026-01-02,3562,95339,19,2934,,False,67
21390,2026-01-03,3563,95339,17,2934,,False,67
21390,2026-01-04,3564,95373,23,2932,,False,67
21390,2026-01-05,3565,95373,29,2932,,False,67
21390,2026-01-06,3566,95427,14,2933,,False,67
21390,2026-01-07,3567,95427,13,2933,,False,67
21390,2026-01-08,3568,95476,20,2936,,False,67
21390,2026-01-09,3569,95524,19,2935,,False,67
21390,2026-01-10,3570,95524,25,2935,,False,67
21390,2026-01-11,3571,95580,18,2936,,False,67
21390,2026-01-12,3572,95580,16,2936,,False,67
21390,2026-01-13,3573,95628,19,2936,,False,67
21390,2026-01-14,3574,95656,8,2936,,False,67
21390,2026-01-15,3575,95678,12,2936,,False,67
21390,2026-01-16,3576,95703,16,2940,,False,67
21390,2026-01-17,3577,95723,25,2939,,False,67
21390,2026-01-18,3578,95745,20,2939,,False,67
21390,2026-01-19,3579,95779,21,2939,,False,67
21390,2026-01-20,3580,95806,16,2942,,False,67
21390,2026-01-21,3581,95829,21,2939,,False,67
21390,2026-01-22,3582,95853,17,2939,,False,67
21390,2026-01-23,3583,95878,17,2939,,False,67
21390,2026-01-24,3584,95907,9,2941,,False,67
21390,2026-01-25,3585,95925,27,2942,,False,67
21390,2026-01-26,3586,95950,16,2943,,False,67
21390,2026-01-27,3587,95981,10,2944,,False,67
21390,2026-01-28,3588,96001,6,2943,,False,67
21390,2026-01-29,3589,96019,19,2945,,False,67
21390,2026-01-30,3590,96039,28,2948,,False,67
21390,2026-01-31,3591,96066,14,2947,,False,67
21390,2026-02-01,3592,96091,20,2949,,False,67
21390,2026-02-02,3593,96111,16,2949,,False,67
21390,2026-02-03,3594,96136,15,2949,,False,67
21390,2026-02-04,3595,96157,19,2949,,False,67
21390,2026-02-05,3596,96157,15,2949,,False,67
21390,2026-02-06,3597,96177,9,2947,,False,67
21390,2026-02-07,3598,96216,13,2948,,False,67
21390,2026-02-08,3599,96233,18,2948,,False,67
21390,2026-02-09,3600,96259,10,2948,,False,67
21390,2026-02-10,3601,96282,23,2952,,False,67
21390,2026-02-11,3602,96282,12,2952,,False,67
21390,2026-02-12,3603,96316,14,2951,,False,67
21390,2026-02-13,3604,96335,12,2950,,False,67
21390,2026-02-14,3605,96353,8,2953,,False,67
21390,2026-02-15,3606,96353,20,2953,,False,67
21390,2026-02-16,3607,96370,13,2953,,False,67
21390,2026-02-17,3608,96394,10,2952,,False,67
21390,2026-02-18,3609,96405,9,2953,,False,67
21390,2026-02-19,3610,96405,14,2953,,False,67
21390,2026-02-20,3611,96429,15,2953,,False,67
21390,2026-02-21,3612,96443,10,2952,,False,67
21390,2026-02-22,3613,96456,17,2951,,False,67
21390,2026-02-23,3614,96471,18,2953,,False,67
21390,2026-02-24,3615,96498,14,2952,,False,67
21390,2026-02-25,3616,96513,8,2952,,False,67
21390,2026-02-26,3617,96536,6,2952,,False,67
21390,2026-02-27,3618,96565,15,2952,,False,67
21390,2026-02-28,3619,96565,8,2952,,False,67
21390,2026-03-01,3620,96586,16,2954,,False,67
21390,2026-03-02,3621,96607,13,2954,,False,67
21390,2026-03-03,3622,96638,14,2954,,False,67
21390,2026-03-04,3623,96644,8,2951,,False,67
21390,2026-03-05,3624,96678,8,2953,,False,67
21390,2026-03-06,3625,96678,10,2953,,False,67
21390,2026-03-07,3626,96690,12,2951,,False,67
21390,2026-03-08,3627,96709,25,2952,,False,67
21390,2026-03-09,3628,96726,11,2952,,False,67
21390,2026-03-10,3629,96747,25,2952,,False,67
21390,2026-03-11,3630,96760,11,2953,,False,67
21390,2026-03-12,3631,96781,20,2955,,False,67
21390,2026-03-13,3632,96808,15,2955,,False,67
21390,2026-03-14,3633,96828,44,2954,,False,67
21390,2026-03-15,3634,96903,49,2957,,False,67
21390,2026-03-16,3635,96993,31,2959,,False,67
21390,2026-03-17,3636,96993,26,2959,,False,67
21390,2026-03-18,3637,97098,35,2962,,False,67
21390,2026-03-19,3638,97098,25,2962,,False,67
21390,2026-03-20,3639,97152,19,2965,,False,67
21390,2026-03-21,3640,97196,26,2965,,False,67
21390,2026-03-22,3641,97232,22,2967,,False,67
21390,2026-03-23,3642,97263,20,2967,,False,67
21390,2026-03-24,3643,97304,29,2969,,False,67
21390,2026-03-25,3644,97334,10,2972,,False,67
21390,2026-03-26,3645,97334,13,2972,,False,67
21390,2026-03-27,3646,97383,20,2977,,False,67
21390,2026-03-28,3647,97415,34,2976,,False,67
21390,2026-03-29,3648,97449,23,2975,,False,67
21390,2026-03-30,3649,97449,13,2975,,False,67
21390,2026-03-31,3650,97519,9,2978,,False,67
21390,2026-04-01,3651,97544,8,2977,,False,67
21390,2026-04-02,3652,97571,3,2975,,False,67
21390,2026-04-20,3670,98261,9,2995,,False,67
21390,2026-04-21,3671,98284,20,2995,,False,67
21390,2026-04-22,3672,98306,26,2996,,False,67
21390,2026-04-23,3673,98352,41,3000,,False,67
21390,2026-04-24,3674,98394,23,2999,,False,67
21390,2026-04-25,3675,98427,29,3002,,False,67
21390,2026-04-26,3676,98479,25,3008,,False,67
21390,2026-04-27,3677,98526,19,3011,,False,67
21390,2026-04-28,3678,98565,17,3014,,False,67
21390,2026-04-29,3679,98598,22,3017,,False,67
21390,2026-04-30,3680,98639,18,3017,,False,67
21390,2026-05-01,3681,98673,19,3017,,False,67
21390,2026-05-02,3682,98716,27,3020,,False,67
21390,2026-05-03,3683,98750,25,3024,,False,67
21390,2026-05-04,3684,98750,16,3024,,False,67
21390,2026-05-05,3685,98838,25,3027,,False,67
21390,2026-05-06,3686,98887,21,3029,,False,67
21390,2026-05-07,3687,98922,21,3031,,False,67
21390,2026-05-08,3688,98957,18,3030,,False,67
21390,2026-05-09,3689,98987,18,3031,,False,67
21390,2026-05-10,3690,99026,50,3034,,False,67
21390,2026-05-11,3691,99026,57,3034,,False,67
21390,2026-05-12,3692,99562,41,3100,,False,67
21390,2026-05-13,3693,99732,42,3127,,False,67
21390,2026-05-14,3694,99842,30,3134,,False,67
21390,2026-05-15,3695,99842,43,3134,,False,67
21390,2026-05-16,3696,99998,36,3148,,False,67
21390,2026-05-17,3697,100069,36,3152,,False,67
21390,2026-05-18,3698,100135,39,3155,,False,67
21390,2026-05-19,3699,100135,24,3155,,False,67
21390,2026-05-20,3700,100224,28,3162,,False,67
21390,2026-05-21,3701,100272,22,3163,,False,67
21390,2026-05-22,3702,100315,24,3164,,False,67
21390,2026-05-23,3703,100363,23,3166,,False,67
21390,2026-05-24,3704,100409,27,3166,,False,67
21390,2026-05-25,3705,100462,27,3176,,False,67
21390,2026-05-26,3706,100507,27,3177,,False,67
21390,2026-05-27,3707,100550,32,3176,,False,67
21390,2026-05-28,3708,100598,26,3176,,False,67
21390,2026-05-29,3709,100598,26,3176,,False,67
21390,2026-05-30,3710,100638,23,3179,,False,67
21390,2026-05-31,3711,100666,35,3179,,False,67
21390,2026-06-01,3712,100712,29,3181,,False,67
21390,2026-06-02,3713,100751,35,3182,,False,67
21390,2026-06-03,3714,100796,31,3181,,False,67
21390,2026-06-04,3715,100836,38,3185,,False,67
21390,2026-06-05,3716,100880,34,3188,,False,67
21390,2026-06-06,3717,100913,30,3188,,False,67
21390,2026-06-07,3718,101007,28,3197,,False,67
21390,2026-06-08,3719,101007,28,3197,,False,67
21390,2026-06-09,3720,101092,42,3201,,False,67
21390,2026-06-10,3721,101092,30,3201,,False,67
21390,2026-06-11,3722,101169,34,3204,,False,67
21390,2026-06-12,3723,101169,27,3204,,False,67
21390,2026-06-13,3724,101237,29,3207,,False,67
21390,2026-06-14,3725,101237,32,3207,,False,67
21390,2026-06-15,3726,101305,33,3210,,False,67
21390,2026-06-16,3727,101305,24,3210,,False,67
21390,2026-06-17,3728,101341,24,3211,,False,67
21390,2026-06-18,3729,101374,26,3212,,False,67
21390,2026-06-19,3730,101451,16,3216,,False,67
21390,2026-06-20,3731,101451,30,3216,,False,67
21390,2026-06-21,3732,101527,25,3221,,False,67
21390,2026-06-22,3733,101527,37,3221,,False,67
21390,2026-06-23,3734,101610,43,3221,,False,67
21390,2026-06-24,3735,101610,45,3221,,False,67
21390,2026-06-25,3736,101657,30,3225,,False,67
21390,2026-06-26,3737,101690,23,3225,,False,67
21390,2026-06-27,3738,101732,33,3229,,False,67
21390,2026-06-28,3739,101773,28,3235,,False,67
21390,2026-06-29,3740,101812,30,3236,,False,67
21390,2026-06-30,3741,101854,35,3241,,False,67
21390,2026-07-01,3742,101894,24,3243,,False,67
21390,2026-07-02,3743,101932,46,3247,,False,67
21390,2026-07-03,3744,101954,37,3247,,False,67
21390,2026-07-04,3745,102006,27,3248,,False,67
21390,2026-07-05,3746,102046,25,3253,,False,67
21390,2026-07-06,3747,102046,5,3253,,False,67
21390,2026-07-09,3750,102240,5,3261,,False,67
21390,2026-07-10,3751,102240,29,3261,,False,67
21390,2026-07-11,3752,102240,29,3261,,False,67
21390,2026-07-12,3753,102321,44,3266,,False,67
21390,2026-07-13,3754,102352,23,3272,,False,67
21390,2026-07-14,3755,102396,19,3273,,False,67
21390,2026-07-15,3756,102427,43,3272,,False,67
21390,2026-07-16,3757,102463,32,3271,,False,67
21390,2026-07-17,3758,102509,38,3273,,False,67
21390,2026-07-18,3759,102541,30,3272,,False,67
21390,2026-07-19,3760,102583,31,3277,,False,67
21390,2026-07-20,3761,102612,34,3274,,False,67
21390,2026-07-21,3762,102643,26,3274,,False,67
21390,2026-07-22,3763,102675,27,3278,,False,67
21390,2026-07-23,3764,102719,26,3283,,False,67
21390,2026-07-24,3765,102775,28,3283,,False,67
21390,2026-07-25,3766,102775,39,3283,,False,67
21390,2026-07-26,3767,102809,30,3285,,False,67
21390,2026-07-27,3768,102866,8,3285,,False,67
21390,2026-07-28,3769,102881,24,3286,,False,67
21390,2026-07-29,3770,102881,30,3286,,False,67
21390,2026-07-30,3771,102917,18,3294,,False,67
21390,2026-07-31,3772,102945,33,3295,,False,67
21390,2026-08-01,3773,102967,20,3298,,False,67
21390,2026-08-02,3774,103006,25,3303,,False,67
21390,2026-08-03,3775,103024,33,3303,,False,67
21390,2026-08-04,3776,103051,39,3304,,False,67
21390,2026-08-05,3777,103085,40,3309,,False,67
21390,2026-08-06,3778,103125,27,3312,,False,67
21390,2026-08-07,3779,103152,21,3312,,False,67
21390,2026-08-08,3780,103182,20,3313,,False,67
21390,2026-08-09,3781,103206,32,3317,,False,67
21390,2026-08-10,3782,103225,46,3320,,False,67
21390,2026-08-11,3783,103279,24,3323,,False,67
21390,2026-08-12,3784,103279,27,3323,,False,67
21390,2026-08-13,3785,103307,28,3329,,False,67
21390,2026-08-14,3786,103330,27,3330,,False,67
21390,2026-08-15,3787,103358,18,3334,,False,67
21390,2026-08-16,3788,103382,27,3335,,False,67
21390,2026-08-17,3789,103402,22,3334,,False,67
21390,2026-08-18,3790,103440,21,3334,,False,67
21390,2026-08-19,3791,103475,35,3338,,False,67
21390,2026-08-20,3792,103490,21,3340,,False,67
21390,2026-08-21,3793,103513,27,3343,,False,67
21390,2026-08-22,3794,103559,22,3343,,False,67
21390,2026-08-23,3795,103559,28,3343,,False,67
21390,2026-08-24,3796,103559,25,3343,,False,67
21390,2026-08-25,3797,103622,27,3349,,False,67
21390,2026-08-26,3798,103639,31,3350,,False,67
21390,2026-08-27,3799,103681,30,3354,,False,67
21390,2026-08-28,3800,103681,25,3354,,False,67
21390,2026-08-29,3801,103724,25,3353,,False,67
21390,2026-08-30,3802,103724,28,3353,,False,67
21390,2026-08-31,3803,103753,13,3355,,False,67
21390,2026-09-01,3804,103773,26,3355,,False,67
21390,2026-09-02,3805,103789,29,3355,,False,67
21390,2026-09-03,3806,103812,23,3357,,False,67
21390,2026-09-04,3807,103863,26,3360,,False,67
21390,2026-09-05,3808,103863,32,3360,,False,67
21390,2026-09-06,3809,103898,20,3359,,False,67
21390,2026-09-07,3810,103927,21,3360,,False,67
21390,2026-09-08,3811,103947,25,3361,,False,67
21390,2026-09-09,3812,103994,24,3365,,False,67
21390,2026-09-10,3813,103994,20,3365,,False,67
21390,2026-09-11,3814,104035,26,3363,,False,67
21390,2026-09-12,3815,104063,18,3367,,False,67
21390,2026-09-13,3816,104063,16,3367,,False,67
21390,2026-09-14,3817,104076,20,3368,,False,67
21390,2026-09-15,3818,104097,23,3371,,False,67
21390,2026-09-16,3819,104113,32,3371,,False,67
21390,2026-09-17,3820,104133,10,3375,,False,67
21390,2026-09-18,3821,104170,13,3374,,False,67
21390,2026-09-19,3822,104176,25,3375,,False,67
21390,2026-09-20,3823,104194,30,3375,,False,67
21390,2026-09-21,3824,104194,23,3375,,False,67
21390,2026-09-22,3825,104246,23,3375,,False,67
21390,2026-09-23,3826,104270,44,3375,,False,67
21390,2026-09-24,3827,104297,17,3372,,False,67
21390,2026-09-25,3828,104340,13,3373,,False,67
21390,2026-09-26,3829,104366,17,3374,,False,67
21390,2026-09-27,3830,104382,25,3375,,False,67
21390,2026-09-28,3831,104405,31,3374,,False,67
21390,2026-09-29,3832,104442,28,3373,,False,67
21390,2026-09-30,3833,104466,25,3376,,False,67
21390,2026-10-01,3834,104503,21,3379,,False,67
21390,2026-10-02,3835,104536,15,3382,,False,67
21390,2026-10-03,3836,104560,17,3384,,False,67
21390,2026-10-04,3837,104580,15,3384,,False,67
21390,2026-10-05,3838,104606,25,3386,,False,67
21390,2026-10-06,3839,104636,21,3387,,False,67
21390,2026-10-07,3840,104661,31,3387,,False,67
21390,2026-10-08,3841,104689,11,3394,,False,67
21459,2015-10-29,-157,,29,,,False,
21459,2015-10-30,-156,,17,,,False,
21459,2015-10-31,-155,,13,,,False,
21459,2015-11-01,-154,,10,,,False,
21459,2015-11-02,-153,,10,,,False,
21459,2015-11-03,-152,,4,,,False,
21459,2015-11-04,-151,,5,,,False,
21459,2015-11-05,-150,,2,,,False,
21459,2015-11-06,-149,,3,,,False,
21459,2015-11-07,-148,,2,,,False,
21459,2015-11-09,-146,,2,,,False,
21459,2015-11-11,-144,,2,,,False,
21459,2015-11-19,-136,,2,,,False,
21459,2015-11-22,-133,,4,,,False,
21459,2015-11-23,-132,,2,,,False,
21459,2015-11-30,-125,,3,,,False,
21459,2015-12-03,-122,,2,,,False,
21459,2015-12-05,-120,,2,,,False,
21459,2015-12-06,-119,,4,,,False,
21459,2015-12-09,-116,,3,,,False,
21459,2015-12-12,-113,,2,,,False,
21459,2015-12-18,-107,,13,,,False,
21459,2015-12-19,-106,,12,,,False,
21459,2015-12-20,-105,,3,,,False,
21459,2015-12-21,-104,,5,,,False,
21459,2015-12-22,-103,,5,,,False,
21459,2015-12-23,-102,,3,,,False,
21459,2015-12-24,-101,,3,,,False,
21459,2015-12-25,-100,,4,,,False,
21459,2015-12-27,-98,,4,,,False,
21459,2015-12-28,-97,,4,,,False,
21459,2015-12-29,-96,,2,,,False,
21459,2015-12-31,-94,,2,,,False,
21459,2016-01-02,-92,,4,,,False,
21459,2016-01-03,-91,,2,,,False,
21459,2016-01-04,-90,,2,,,False,
21459,2016-01-06,-88,,2,,,False,
21459,2016-01-07,-87,,4,,,False,
21459,2016-01-08,-86,,4,,,False,
21459,2016-01-09,-85,,6,,,False,
21459,2016-01-11,-83,,2,,,False,
21459,2016-01-12,-82,,7,,,False,
21459,2016-01-14,-80,,4,,,False,
21459,2016-01-15,-79,,4,,,False,
21459,2016-01-16,-78,,2,,,False,
21459,2016-01-18,-76,,2,,,False,
21459,2016-01-19,-75,,2,,,False,
21459,2016-01-22,-72,,2,,,False,
21459,2016-01-24,-70,,5,,,False,
21459,2016-01-25,-69,,5,,,False,
21459,2016-01-28,-66,,5,,,False,
21459,2016-02-02,-61,,3,,,False,
21459,2016-02-03,-60,,5,,,False,
21459,2016-02-04,-59,,2,,,False,
21459,2016-02-05,-58,,3,,,False,
21459,2016-02-06,-57,,4,,,False,
21459,2016-02-07,-56,,5,,,False,
21459,2016-02-08,-55,,6,,,False,
21459,2016-02-10,-53,,7,,,False,
21459,2016-02-11,-52,,3,,,False,
21459,2016-02-12,-51,,4,,,False,
21459,2016-02-13,-50,,6,,,False,
21459,2016-02-14,-49,,4,,,False,
21459,2016-02-15,-48,,5,,,False,
21459,2016-02-17,-46,,4,,,False,
21459,2016-02-18,-45,,3,,,False,
21459,2016-02-20,-43,,2,,,False,
21459,2016-02-21,-42,,3,,,False,
21459,2016-02-23,-40,,3,,,False,
21459,2016-02-28,-35,,6,,,False,
21459,2016-02-29,-34,,8,,,False,
21459,2016-03-01,-33,,7,,,False,
21459,2016-03-02,-32,,10,,,False,
21459,2016-03-03,-31,,4,,,False,
21459,2016-03-04,-30,,10,,,False,
21459,2016-03-05,-29,,7,,,False,
21459,2016-03-06,-28,,8,,,False,
21459,2016-03-07,-27,,6,,,False,
21459,2016-03-08,-26,,8,,,False,
21459,2016-03-09,-25,,8,,,False,
21459,2016-03-10,-24,,4,,,False,
21459,2016-03-11,-23,,9,,,False,
21459,2016-03-12,-22,,8,,,False,
21459,2016-03-13,-21,,9,,,False,
21459,2016-03-14,-20,,12,,,False,
21459,2016-03-15,-19,,4,,,False,
21459,2016-03-16,-18,,10,,,False,
21459,2016-03-17,-17,,8,,,False,
21459,2016-03-18,-16,,12,,,False,
21459,2016-03-19,-15,,10,,,False,
21459,2016-03-20,-14,,10,,,False,
21459,2016-03-21,-13,,13,,,False,
21459,2016-03-22,-12,,11,,,False,
21459,2016-03-23,-11,,18,,,False,
21459,2016-03-24,-10,,18,,,False,
21459,2016-03-25,-9,,15,,,False,
21459,2016-03-26,-8,,7,,,False,
21459,2016-03-27,-7,,26,,,False,
21459,2016-03-28,-6,,33,,,False,
21459,2016-03-29,-5,,22,,,False,
21459,2016-03-30,-4,,12,,,False,
21459,2016-03-31,-3,,18,,,False,
21459,2016-04-01,-2,,12,,,False,
21459,2016-04-02,-1,,27,,,False,
21459,2016-04-03,0,,171,,,False,
21459,2016-04-04,1,,339,,,False,
21459,2016-04-05,2,,148,,,False,
21459,2016-04-06,3,,94,,,False,
21459,2016-04-07,4,,60,,,False,
21459,2016-04-08,5,,58,,,False,
21459,2016-04-09,6,,58,,,False,
21459,2016-04-10,7,,141,,,False,
21459,2016-04-11,8,,378,,,False,
21459,2016-04-12,9,,145,,,False,
21459,2016-04-13,10,,107,,,False,
21459,2016-04-14,11,,62,,,False,
21459,2016-04-15,12,,51,,,False,
21459,2016-04-16,13,,51,,,False,
21459,2016-04-17,14,,171,,,False,
21459,2016-04-18,15,,354,,,False,
21459,2016-04-19,16,,139,,,False,
21459,2016-04-20,17,,86,,,False,
21459,2016-04-21,18,,57,,,False,
21459,2016-04-22,19,,56,,,False,
21459,2016-04-23,20,,40,,,False,
21459,2016-04-24,21,,183,,,False,
21459,2016-04-25,22,,344,,,False,
21459,2016-04-26,23,,140,,,False,
21459,2016-04-27,24,,82,,,False,
21459,2016-04-28,25,,49,,,False,
21459,2016-04-29,26,,62,,,False,
21459,2016-04-30,27,,42,,,False,
21459,2016-05-01,28,,151,,,False,
21459,2016-05-02,29,,406,,,False,
21459,2016-05-03,30,,136,,,False,
21459,2016-05-04,31,,87,,,False,
21459,2016-05-05,32,,63,,,False,
21459,2016-05-06,33,,53,,,False,
21459,2016-05-07,34,,33,,,False,
21459,2016-05-08,35,,161,,,False,
21459,2016-05-09,36,,348,,,False,
21459,2016-05-10,37,,126,,,False,
21459,2016-05-11,38,,83,,,False,
21459,2016-05-12,39,,60,,,False,
21459,2016-05-13,40,,53,,,False,
21459,2016-05-14,41,,41,,,False,
21459,2016-05-15,42,,196,,,False,
21459,2016-05-16,43,,345,,,False,
21459,2016-05-17,44,,124,,,False,
21459,2016-05-18,45,,73,,,False,
21459,2016-05-19,46,,66,,,False,
21459,2016-05-20,47,,52,,,False,
21459,2016-05-21,48,,38,,,False,
21459,2016-05-22,49,,179,,,False,
21459,2016-05-23,50,,345,,,False,
21459,2016-05-24,51,,114,,,False,
21459,2016-05-25,52,,72,,,False,
21459,2016-05-26,53,,62,,,False,
21459,2016-05-27,54,,49,,,False,
21459,2016-05-28,55,,40,,,False,
21459,2016-05-29,56,,157,,,False,
21459,2016-05-30,57,,304,,,False,
21459,2016-05-31,58,,150,,,False,
21459,2016-06-01,59,,64,,,False,
21459,2016-06-02,60,,68,,,False,
21459,2016-06-03,61,,54,,,False,
21459,2016-06-04,62,,44,,,False,
21459,2016-06-05,63,,169,,,False,
21459,2016-06-06,64,,330,,,False,
21459,2016-06-07,65,,135,,,False,
21459,2016-06-08,66,,87,,,False,
21459,2016-06-09,67,,63,,,False,
21459,2016-06-10,68,,56,,,False,
21459,2016-06-11,69,,43,,,False,
21459,2016-06-12,70,,186,,,False,
21459,2016-06-13,71,,318,,,False,
21459,2016-06-14,72,,139,,,False,
21459,2016-06-15,73,,73,,,False,
21459,2016-06-16,74,,64,,,False,
21459,2016-06-17,75,,54,,,False,
21459,2016-06-18,76,,44,,,False,
21459,2016-06-19,77,,187,,,False,
21459,2016-06-20,78,,344,,,False,
21459,2016-06-21,79,,146,,,False,
21459,2016-06-22,80,,67,,,False,
21459,2016-06-23,81,,76,,,False,
21459,2016-06-24,82,,65,,,False,
21459,2016-06-25,83,,48,,,False,
21459,2016-06-26,84,,243,,,False,
21459,2016-06-27,85,,466,,,False,
21459,2016-06-28,86,,198,,,False,
21459,2016-06-29,87,,109,,,False,
21459,2016-06-30,88,,86,,,False,
21459,2016-07-01,89,,65,,,False,
21459,2016-07-02,90,,81,,,False,
21459,2016-07-03,91,,70,,,False,
21459,2016-07-04,92,,69,,,False,
21459,2016-07-05,93,,43,,,False,
21459,2016-07-06,94,,35,,,False,
21459,2016-07-07,95,,34,,,False,
21459,2016-07-08,96,,36,,,False,
21459,2016-07-09,97,,41,,,False,
21459,2016-07-10,98,,25,,,False,
21459,2016-07-11,99,,31,,,False,
21459,2016-07-12,100,,25,,,False,
21459,2016-07-13,101,,28,,,False,
21459,2016-07-14,102,,25,,,False,
21459,2016-07-15,103,,34,,,False,
21459,2016-07-16,104,,17,,,False,
21459,2016-07-17,105,,14,,,False,
21459,2016-07-18,106,,24,,,False,
21459,2016-07-19,107,,18,,,False,
21459,2016-07-20,108,,21,,,False,
21459,2016-07-21,109,,9,,,False,
21459,2016-07-22,110,,11,,,False,
21459,2016-07-23,111,,14,,,False,
21459,2016-07-24,112,,13,,,False,
21459,2016-07-25,113,,15,,,False,
21459,2016-07-26,114,,7,,,False,
21459,2016-07-27,115,,16,,,False,
21459,2016-07-28,116,,15,,,False,
21459,2016-07-29,117,,13,,,False,
21459,2016-07-30,118,,12,,,False,
21459,2016-07-31,119,,16,,,False,
21459,2016-08-01,120,,12,,,False,
21459,2016-08-02,121,,9,,,False,
21459,2016-08-03,122,,12,,,False,
21459,2016-08-04,123,,10,,,False,
21459,2016-08-05,124,,9,,,False,
21459,2016-08-06,125,,14,,,False,
21459,2016-08-07,126,,13,,,False,
21459,2016-08-08,127,,16,,,False,
21459,2016-08-09,128,,10,,,False,
21459,2016-08-10,129,,14,,,False,
21459,2016-08-11,130,,7,,,False,
21459,2016-08-12,131,,15,,,False,
21459,2016-08-13,132,,12,,,False,
21459,2016-08-14,133,,7,,,False,
21459,2016-08-15,134,,8,,,False,
21459,2016-08-16,135,,7,,,False,
21459,2016-08-17,136,,18,,,False,
21459,2016-08-18,137,,13,,,False,
21459,2016-08-19,138,,8,,,False,
21459,2016-08-20,139,,12,,,False,
21459,2016-08-21,140,,8,,,False,
21459,2016-08-22,141,,12,,,False,
21459,2016-08-23,142,,11,,,False,
21459,2016-08-24,143,,5,,,False,
21459,2016-08-25,144,,13,,,False,
21459,2016-08-26,145,,5,,,False,
21459,2016-08-27,146,,9,,,False,
21459,2016-08-28,147,,12,,,False,
21459,2016-08-29,148,,13,,,False,
21459,2016-08-30,149,,15,,,False,
21459,2016-08-31,150,,7,,,False,
21459,2016-09-01,151,,10,,,False,
21459,2016-09-02,152,,9,,,False,
21459,2016-09-03,153,,7,,,False,
21459,2016-09-04,154,,14,,,False,
21459,2016-09-05,155,,8,,,False,
21459,2016-09-06,156,,9,,,False,
21459,2016-09-07,157,,10,,,False,
21459,2016-09-08,158,,10,,,False,
21459,2016-09-09,159,,6,,,False,
21459,2016-09-10,160,,9,,,False,
21459,2016-09-11,161,,8,,,False,
21459,2016-09-12,162,,11,,,False,
21459,2016-09-13,163,,8,,,False,
21459,2016-09-14,164,,4,,,False,
21459,2016-09-15,165,,10,,,False,
21459,2016-09-16,166,,7,,,False,
21459,2016-09-17,167,,9,,,False,
21459,2016-09-18,168,,8,,,False,
21459,2016-09-19,169,,15,,,False,
21459,2016-09-20,170,,13,,,False,
21459,2016-09-21,171,,8,,,False,
21459,2016-09-22,172,,9,,,False,
21459,2016-09-23,173,,12,,,False,
21459,2016-09-24,174,,8,,,False,
21459,2016-09-25,175,,9,,,False,
21459,2016-09-26,176,,9,,,False,
21459,2016-09-27,177,,13,,,False,
21459,2016-09-28,178,,11,,,False,
21459,2016-09-29,179,,5,,,False,
21459,2016-09-30,180,,8,,,False,
21459,2016-10-01,181,,14,,,False,
21459,2016-10-02,182,,18,,,False,
21459,2016-10-03,183,,13,,,False,
21459,2016-10-04,184,,8,,,False,
21459,2016-10-05,185,,10,,,False,
21459,2016-10-06,186,,10,,,False,
21459,2016-10-07,187,,9,,,False,
21459,2016-10-08,188,,9,,,False,
21459,2016-10-09,189,,8,,,False,
21459,2016-10-10,190,,9,,,False,
21459,2016-10-11,191,,12,,,False,
21459,2016-10-12,192,,11,,,False,
21459,2016-10-13,193,,6,,,False,
21459,2016-10-14,194,,11,,,False,
21459,2016-10-15,195,,9,,,False,
21459,2016-10-16,196,,8,,,False,
21459,2016-10-17,197,,10,,,False,
21459,2016-10-18,198,,12,,,False,
21459,2016-10-19,199,,5,,,False,
21459,2016-10-20,200,,7,,,False,
21459,2016-10-21,201,,4,,,False,
21459,2016-10-22,202,,6,,,False,
21459,2016-10-23,203,,7,,,False,
21459,2016-10-24,204,,11,,,False,
21459,2016-10-25,205,,13,,,False,
21459,2016-10-26,206,,4,,,False,
21459,2016-10-27,207,,9,,,False,
21459,2016-10-28,208,,4,,,False,
21459,2016-10-29,209,,7,,,False,
21459,2016-10-30,210,,10,,,False,
21459,2016-10-31,211,,13,,,False,
21459,2016-11-01,212,,12,,,False,
21459,2016-11-02,213,,13,,,False,
21459,2016-11-03,214,,6,,,False,
21459,2016-11-04,215,,8,,,False,
21459,2016-11-05,216,,10,,,False,
21459,2016-11-06,217,,6,,,False,
21459,2016-11-07,218,,9,,,False,
21459,2016-11-08,219,,9,,,False,
21459,2016-11-09,220,,9,,,False,
21459,2016-11-10,221,,7,,,False,
21459,2016-11-11,222,,6,,,False,
21459,2016-11-12,223,,9,,,False,
21459,2016-11-13,224,,8,,,False,
21459,2016-11-14,225,,10,,,False,
21459,2016-11-15,226,,6,,,False,
21459,2016-11-16,227,,6,,,False,
21459,2016-11-17,228,,8,,,False,
21459,2016-11-18,229,,6,,,False,
21459,2016-11-19,230,,9,,,False,
21459,2016-11-20,231,,10,,,False,
21459,2016-11-21,232,,5,,,False,
21459,2016-11-22,233,,4,,,False,
21459,2016-11-23,234,,3,,,False,
21459,2016-11-25,236,,4,,,False,
21459,2016-11-26,237,,2,,,False,
21459,2016-11-27,238,,7,,,False,
21459,2016-11-28,239,,9,,,False,
21459,2016-11-29,240,,3,,,False,
21459,2016-11-30,241,,2,,,False,
21459,2016-12-01,242,,4,,,False,
21459,2016-12-02,243,,4,,,False,
21459,2016-12-03,244,,7,,,False,
21459,2016-12-04,245,,7,,,False,
21459,2016-12-05,246,,9,,,False,
21459,2016-12-06,247,,6,,,False,
21459,2016-12-07,248,,8,,,False,
21459,2016-12-08,249,,4,,,False,
21459,2016-12-09,250,,7,,,False,
21459,2016-12-10,251,,4,,,False,
21459,2016-12-11,252,,9,,,False,
21459,2016-12-12,253,,8,,,False,
21459,2016-12-13,254,,10,,,False,
21459,2016-12-14,255,,4,,,False,
21459,2016-12-15,256,,6,,,False,
21459,2016-12-16,257,,6,,,False,
21459,2016-12-17,258,,6,,,False,
21459,2016-12-18,259,,7,,,False,
21459,2016-12-19,260,,3,,,False,
21459,2016-12-20,261,,6,,,False,
21459,2016-12-21,262,,7,,,False,
21459,2016-12-22,263,,10,,,False,
21459,2016-12-23,264,,11,,,False,
21459,2016-12-24,265,,11,,,False,
21459,2016-12-25,266,,6,,,False,
21459,2016-12-26,267,,9,,,False,
21459,2016-12-27,268,,7,,,False,
21459,2016-12-28,269,,6,,,False,
21459,2016-12-29,270,,11,,,False,
21459,2016-12-30,271,,10,,,False,
21459,2016-12-31,272,,13,,,False,
21459,2017-01-01,273,,6,,,False,
21459,2017-01-02,274,,13,,,False,
21459,2017-01-03,275,,14,,,False,
21459,2017-01-04,276,,14,,,False,
21459,2017-01-05,277,,9,,,False,
21459,2017-01-06,278,,12,,,False,
21459,2017-01-07,279,,7,,,False,
21459,2017-01-08,280,,12,,,False,
21459,2017-01-09,281,,9,,,False,
21459,2017-01-10,282,,10,,,False,
21459,2017-01-11,283,,9,,,False,
21459,2017-01-12,284,,5,,,False,
21459,2017-01-13,285,,6,,,False,
21459,2017-01-14,286,,6,,,False,
21459,2017-01-15,287,,9,,,False,
21459,2017-01-16,288,,9,,,False,
21459,2017-01-17,289,,7,,,False,
21459,2017-01-18,290,,4,,,False,
21459,2017-01-19,291,,9,,,False,
21459,2017-01-20,292,,6,,,False,
21459,2017-01-21,293,,6,,,False,
21459,2017-01-22,294,,11,,,False,
21459,2017-01-23,295,,9,,,False,
21459,2017-01-24,296,,9,,,False,
21459,2017-01-25,297,,9,,,False,
21459,2017-01-26,298,,10,,,False,
21459,2017-01-27,299,,4,,,False,
21459,2017-01-28,300,,8,,,False,
21459,2017-01-29,301,,3,,,False,
21459,2017-01-30,302,,17,,,False,
21459,2017-01-31,303,,7,,,False,
21459,2017-02-01,304,,5,,,False,
21459,2017-02-02,305,,6,,,False,
21459,2017-02-03,306,,8,,,False,
21459,2017-02-04,307,,7,,,False,
21459,2017-02-05,308,,7,,,False,
21459,2017-02-06,309,,9,,,False,
21459,2017-02-07,310,,5,,,False,
21459,2017-02-08,311,,3,,,False,
21459,2017-02-09,312,,8,,,False,
21459,2017-02-10,313,,15,,,False,
21459,2017-02-11,314,,5,,,False,
21459,2017-02-12,315,,5,,,False,
21459,2017-02-13,316,,5,,,False,
21459,2017-02-14,317,,6,,,False,
21459,2017-02-15,318,,2,,,False,
21459,2017-02-16,319,,5,,,False,
21459,2017-02-17,320,,3,,,False,
21459,2017-02-18,321,,9,,,False,
21459,2017-02-19,322,,9,,,False,
21459,2017-02-20,323,,6,,,False,
21459,2017-02-21,324,,13,,,False,
21459,2017-02-22,325,,7,,,False,
21459,2017-02-23,326,,7,,,False,
21459,2017-02-24,327,,4,,,False,
21459,2017-02-25,328,,7,,,False,
21459,2017-02-26,329,,7,,,False,
21459,2017-02-27,330,,5,,,False,
21459,2017-02-28,331,,6,,,False,
21459,2017-03-01,332,,7,,,False,
21459,2017-03-02,333,,5,,,False,
21459,2017-03-03,334,,8,,,False,
21459,2017-03-04,335,,5,,,False,
21459,2017-03-05,336,,11,,,False,
21459,2017-03-06,337,,10,,,False,
21459,2017-03-07,338,,7,,,False,
21459,2017-03-08,339,,10,,,False,
21459,2017-03-09,340,,9,,,False,
21459,2017-03-10,341,,8,,,False,
21459,2017-03-11,342,,6,,,False,
21459,2017-03-12,343,,10,,,False,
21459,2017-03-13,344,,13,,,False,
21459,2017-03-14,345,,11,,,False,
21459,2017-03-15,346,,13,,,False,
21459,2017-03-16,347,,8,,,False,
21459,2017-03-17,348,,9,,,False,
21459,2017-03-18,349,,7,,,False,
21459,2017-03-19,350,,6,,,False,
21459,2017-03-20,351,,4,,,False,
21459,2017-03-21,352,,11,,,False,
21459,2017-03-22,353,,11,,,False,
21459,2017-03-23,354,,8,,,False,
21459,2017-03-24,355,,4,,,False,
21459,2017-03-25,356,,8,,,False,
21459,2017-03-26,357,,12,,,False,
21459,2017-03-27,358,,13,,,False,
21459,2017-03-28,359,,10,,,False,
21459,2017-03-29,360,,11,,,False,
21459,2017-03-30,361,,8,,,False,
21459,2017-03-31,362,,15,,,False,
21459,2017-04-01,363,,19,,,False,
21459,2017-04-02,364,,21,,,False,
21459,2017-04-03,365,,30,,,False,
21459,2017-04-04,366,,14,,,False,
21459,2017-04-05,367,,13,,,False,
21459,2017-04-06,368,,16,,,False,
21459,2017-04-07,369,,13,,,False,
21459,2017-04-08,370,,11,,,False,
21459,2017-04-09,371,,15,,,False,
21459,2017-04-10,372,,24,,,False,
21459,2017-04-11,373,,21,,,False,
21459,2017-04-12,374,,13,,,False,
21459,2017-04-13,375,,13,,,False,
21459,2017-04-14,376,,10,,,False,
21459,2017-04-15,377,,19,,,False,
21459,2017-04-16,378,,20,,,False,
21459,2017-04-17,379,,20,,,False,
21459,2017-04-18,380,,13,,,False,
21459,2017-04-19,381,,14,,,False,
21459,2017-04-20,382,,12,,,False,
21459,2017-04-21,383,,10,,,False,
21459,2017-04-22,384,,12,,,False,
21459,2017-04-23,385,,17,,,False,
21459,2017-04-24,386,,8,,,False,
21459,2017-04-25,387,,11,,,False,
21459,2017-04-26,388,,13,,,False,
21459,2017-04-27,389,,10,,,False,
21459,2017-04-28,390,,11,,,False,
21459,2017-04-29,391,,9,,,False,
21459,2017-04-30,392,,16,,,False,
21459,2017-05-01,393,,16,,,False,
21459,2017-05-02,394,,21,,,False,
21459,2017-05-03,395,,8,,,False,
21459,2017-05-04,396,,11,,,False,
21459,2017-05-05,397,,8,,,False,
21459,2017-05-06,398,,12,,,False,
21459,2017-05-07,399,,10,,,False,
21459,2017-05-08,400,,10,,,False,
21459,2017-05-09,401,,12,,,False,
21459,2017-05-10,402,,10,,,False,
21459,2017-05-11,403,,10,,,False,
21459,2017-05-12,404,,16,,,False,
21459,2017-05-13,405,,14,,,False,
21459,2017-05-14,406,,7,,,False,
21459,2017-05-15,407,,5,,,False,
21459,2017-05-16,408,,10,,,False,
21459,2017-05-17,409,,11,,,False,
21459,2017-05-18,410,,7,,,False,
21459,2017-05-19,411,,9,,,False,
21459,2017-05-20,412,,12,,,False,
21459,2017-05-21,413,,14,,,False,
21459,2017-05-22,414,,13,,,False,
21459,2017-05-23,415,,10,,,False,
21459,2017-05-24,416,,10,,,False,
21459,2017-05-25,417,,9,,,False,
21459,2017-05-26,418,,18,,,False,
21459,2017-05-27,419,,19,,,False,
21459,2017-05-28,420,,16,,,False,
21459,2017-05-29,421,,15,,,False,
21459,2017-05-30,422,,7,,,False,
21459,2017-05-31,423,,8,,,False,
21459,2017-06-01,424,,13,,,False,
21459,2017-06-02,425,,9,,,False,
21459,2017-06-03,426,,10,,,False,
21459,2017-06-04,427,,17,,,False,
21459,2017-06-05,428,,10,,,False,
21459,2017-06-06,429,,14,,,False,
21459,2017-06-07,430,,8,,,False,
21459,2017-06-08,431,,23,,,False,
21459,2017-06-09,432,,17,,,False,
21459,2017-06-10,433,,6,,,False,
21459,2017-06-11,434,,7,,,False,
21459,2017-06-12,435,,11,,,False,
21459,2017-06-13,436,,11,,,False,
21459,2017-06-14,437,,10,,,False,
21459,2017-06-15,438,,14,,,False,
21459,2017-06-16,439,,8,,,False,
21459,2017-06-17,440,,11,,,False,
21459,2017-06-18,441,,13,,,False,
21459,2017-06-19,442,,10,,,False,
21459,2017-06-20,443,,17,,,False,
21459,2017-06-21,444,,10,,,False,
21459,2017-06-22,445,,11,,,False,
21459,2017-06-23,446,,17,,,False,
21459,2017-06-24,447,,7,,,False,
21459,2017-06-25,448,,16,,,False,
21459,2017-06-26,449,,15,,,False,
21459,2017-06-27,450,,18,,,False,
21459,2017-06-28,451,,16,,,False,
21459,2017-06-29,452,,16,,,False,
21459,2017-06-30,453,,7,,,False,
21459,2017-07-01,454,,19,,,False,
21459,2017-07-02,455,,17,,,False,
21459,2017-07-03,456,,19,,,False,
21459,2017-07-04,457,,11,,,False,
21459,2017-07-05,458,,14,,,False,
21459,2017-07-06,459,,23,,,False,
21459,2017-07-07,460,,45,,,False,
21459,2017-07-08,461,,20,,,False,
21459,2017-07-09,462,,27,,,False,
21459,2017-07-10,463,,15,,,False,
21459,2017-07-11,464,,21,,,False,
21459,2017-07-12,465,,17,,,False,
21459,2017-07-13,466,,22,,,False,
21459,2017-07-14,467,,17,,,False,
21459,2017-07-15,468,,19,,,False,
21459,2017-07-16,469,,29,,,False,
21459,2017-07-17,470,,21,,,False,
21459,2017-07-18,471,,18,,,False,
21459,2017-07-19,472,,15,,,False,
21459,2017-07-20,473,,12,,,False,
21459,2017-07-21,474,,15,,,False,
21459,2017-07-22,475,,19,,,False,
21459,2017-07-23,476,,14,,,False,
21459,2017-07-24,477,,23,,,False,
21459,2017-07-25,478,,15,,,False,
21459,2017-07-26,479,,12,,,False,
21459,2017-07-27,480,,15,,,False,
21459,2017-07-28,481,,14,,,False,
21459,2017-07-29,482,,15,,,False,
21459,2017-07-30,483,,17,,,False,
21459,2017-07-31,484,,16,,,False,
21459,2017-08-01,485,,18,,,False,
21459,2017-08-02,486,,15,,,False,
21459,2017-08-03,487,,17,,,False,
21459,2017-08-04,488,,10,,,False,
21459,2017-08-05,489,,9,,,False,
21459,2017-08-06,490,,13,,,False,
21459,2017-08-07,491,,14,,,False,
21459,2017-08-08,492,,16,,,False,
21459,2017-08-09,493,,8,,,False,
21459,2017-08-10,494,,19,,,False,
21459,2017-08-11,495,,12,,,False,
21459,2017-08-12,496,,16,,,False,
21459,2017-08-13,497,,18,,,False,
21459,2017-08-14,498,,10,,,False,
21459,2017-08-15,499,,16,,,False,
21459,2017-08-16,500,,9,,,False,
21459,2017-08-17,501,,9,,,False,
21459,2017-08-18,502,,8,,,False,
21459,2017-08-19,503,,16,,,False,
21459,2017-08-20,504,,16,,,False,
21459,2017-08-21,505,,15,,,False,
21459,2017-08-22,506,,8,,,False,
21459,2017-08-23,507,,11,,,False,
21459,2017-08-24,508,,9,,,False,
21459,2017-08-25,509,,11,,,False,
21459,2017-08-26,510,,5,,,False,
21459,2017-08-27,511,,6,,,False,
21459,2017-08-28,512,,24,,,False,
21459,2017-08-29,513,,19,,,False,
21459,2017-08-30,514,,12,,,False,
21459,2017-08-31,515,,13,,,False,
21459,2017-09-01,516,,16,,,False,
21459,2017-09-02,517,,16,,,False,
21459,2017-09-03,518,,11,,,False,
21459,2017-09-04,519,,6,,,False,
21459,2017-09-05,520,,17,,,False,
21459,2017-09-06,521,,13,,,False,
21459,2017-09-07,522,,11,,,False,
21459,2017-09-08,523,,12,,,False,
21459,2017-09-09,524,,11,,,False,
21459,2017-09-10,525,,20,,,False,
21459,2017-09-11,526,,18,,,False,
21459,2017-09-12,527,,16,,,False,
21459,2017-09-13,528,,16,,,False,
21459,2017-09-14,529,,18,,,False,
21459,2017-09-15,530,,13,,,False,
21459,2017-09-16,531,,6,,,False,
21459,2017-09-17,532,,14,,,False,
21459,2017-09-18,533,,16,,,False,
21459,2017-09-19,534,,12,,,False,
21459,2017-09-20,535,,10,,,False,
21459,2017-09-21,536,,9,,,False,
21459,2017-09-22,537,,8,,,False,
21459,2017-09-23,538,,7,,,False,
21459,2017-09-24,539,,17,,,False,
21459,2017-09-25,540,,13,,,False,
21459,2017-09-26,541,,14,,,False,
21459,2017-09-27,542,,13,,,False,
21459,2017-09-28,543,,12,,,False,
21459,2017-09-29,544,,9,,,False,
21459,2017-09-30,545,,17,,,False,
21459,2017-10-01,546,,15,,,False,
21459,2017-10-02,547,,19,,,False,
21459,2017-10-03,548,,14,,,False,
21459,2017-10-04,549,,10,,,False,
21459,2017-10-05,550,,11,,,False,
21459,2017-10-06,551,,14,,,False,
21459,2017-10-07,552,,15,,,False,
21459,2017-10-08,553,,17,,,False,
21459,2017-10-09,554,,14,,,False,
21459,2017-10-10,555,,12,,,False,
21459,2017-10-11,556,,8,,,False,
21459,2017-10-12,557,,6,,,False,
21459,2017-10-13,558,,10,,,False,
21459,2017-10-14,559,,13,,,False,
21459,2017-10-15,560,,11,,,False,
21459,2017-10-16,561,,11,,,False,
21459,2017-10-17,562,,13,,,False,
21459,2017-10-18,563,,9,,,False,
21459,2017-10-19,564,,12,,,False,
21459,2017-10-20,565,,12,,,False,
21459,2017-10-21,566,,9,,,False,
21459,2017-10-22,567,,16,,,False,
21459,2017-10-23,568,,15,,,False,
21459,2017-10-24,569,,15,,,False,
21459,2017-10-25,570,,10,,,False,
21459,2017-10-26,571,,3,,,False,
21459,2017-10-27,572,,5,,,False,
21459,2017-10-28,573,,10,,,False,
21459,2017-10-29,574,,8,,,False,
21459,2017-10-30,575,,13,,,False,
21459,2017-10-31,576,,7,,,False,
21459,2017-11-01,577,,6,,,False,
21459,2017-11-02,578,,15,,,False,
21459,2017-11-03,579,,11,,,False,
21459,2017-11-04,580,,9,,,False,
21459,2017-11-05,581,,6,,,False,
21459,2017-11-06,582,,8,,,False,
21459,2017-11-07,583,,6,,,False,
21459,2017-11-08,584,,5,,,False,
21459,2017-11-09,585,,5,,,False,
21459,2017-11-10,586,,8,,,False,
21459,2017-11-11,587,,7,,,False,
21459,2017-11-12,588,,7,,,False,
21459,2017-11-13,589,,10,,,False,
21459,2017-11-14,590,,9,,,False,
21459,2017-11-15,591,,8,,,False,
21459,2017-11-16,592,,7,,,False,
21459,2017-11-17,593,,12,,,False,
21459,2017-11-18,594,,8,,,False,
21459,2017-11-19,595,,7,,,False,
21459,2017-11-20,596,,10,,,False,
21459,2017-11-21,597,,10,,,False,
21459,2017-11-22,598,,9,,,False,
21459,2017-11-23,599,,9,,,False,
21459,2017-11-24,600,,8,,,False,
21459,2017-11-25,601,,7,,,False,
21459,2017-11-26,602,,14,,,False,
21459,2017-11-27,603,,7,,,False,
21459,2017-11-28,604,,4,,,False,
21459,2017-11-29,605,,9,,,False,
21459,2017-11-30,606,,8,,,False,
21459,2017-12-01,607,,5,,,False,
21459,2017-12-02,608,,9,,,False,
21459,2017-12-03,609,,9,,,False,
21459,2017-12-04,610,,7,,,False,
21459,2017-12-05,611,,9,,,False,
21459,2017-12-06,612,,8,,,False,
21459,2017-12-07,613,,4,,,False,
21459,2017-12-08,614,,6,,,False,
21459,2017-12-09,615,,5,,,False,
21459,2017-12-10,616,,12,,,False,
21459,2017-12-11,617,,8,,,False,
21459,2017-12-12,618,,9,,,False,
21459,2017-12-13,619,,5,,,False,
21459,2017-12-14,620,,5,,,False,
21459,2017-12-15,621,,8,,,False,
21459,2017-12-16,622,,5,,,False,
21459,2017-12-17,623,,9,,,False,
21459,2017-12-18,624,,9,,,False,
21459,2017-12-19,625,,10,,,False,
21459,2017-12-20,626,,11,,,False,
21459,2017-12-21,627,,4,,,False,
21459,2017-12-22,628,,8,,,False,
21459,2017-12-23,629,,5,,,False,
21459,2017-12-24,630,,7,,,False,
21459,2017-12-25,631,,13,,,False,
21459,2017-12-26,632,,9,,,False,
21459,2017-12-27,633,,14,,,False,
21459,2017-12-28,634,,9,,,False,
21459,2017-12-29,635,,7,,,False,
21459,2017-12-30,636,,13,,,False,
21459,2017-12-31,637,,18,,,False,
21459,2018-01-01,638,,12,,,False,
21459,2018-01-02,639,,12,,,False,
21459,2018-01-03,640,,7,,,False,
21459,2018-01-04,641,,7,,,False,
21459,2018-01-05,642,,17,,,False,
21459,2018-01-06,643,,10,,,False,
21459,2018-01-07,644,,23,,,False,
21459,2018-01-08,645,,17,,,False,
21459,2018-01-09,646,,5,,,False,
21459,2018-01-10,647,,15,,,False,
21459,2018-01-11,648,,9,,,False,
21459,2018-01-12,649,,18,,,False,
21459,2018-01-13,650,,10,,,False,
21459,2018-01-14,651,,13,,,False,
21459,2018-01-15,652,,14,,,False,
21459,2018-01-16,653,,12,,,False,
21459,2018-01-17,654,,16,,,False,
21459,2018-01-18,655,,17,,,False,
21459,2018-01-19,656,,8,,,False,
21459,2018-01-20,657,,6,,,False,
21459,2018-01-21,658,,10,,,False,
21459,2018-01-22,659,,14,,,False,
21459,2018-01-23,660,,15,,,False,
21459,2018-01-24,661,,12,,,False,
21459,2018-01-25,662,,9,,,False,
21459,2018-01-26,663,,14,,,False,
21459,2018-01-27,664,,12,,,False,
21459,2018-01-28,665,,18,,,False,
21459,2018-01-29,666,,8,,,False,
21459,2018-01-30,667,,13,,,False,
21459,2018-01-31,668,,10,,,False,
21459,2018-02-01,669,,11,,,False,
21459,2018-02-02,670,,15,,,False,
21459,2018-02-03,671,,10,,,False,
21459,2018-02-04,672,,10,,,False,
21459,2018-02-05,673,,8,,,False,
21459,2018-02-06,674,,11,,,False,
21459,2018-02-07,675,,5,,,False,
21459,2018-02-08,676,,9,,,False,
21459,2018-02-09,677,,8,,,False,
21459,2018-02-10,678,,12,,,False,
21459,2018-02-11,679,,11,,,False,
21459,2018-02-12,680,,11,,,False,
21459,2018-02-13,681,,6,,,False,
21459,2018-02-14,682,,6,,,False,
21459,2018-02-15,683,,5,,,False,
21459,2018-02-16,684,,8,,,False,
21459,2018-02-17,685,,8,,,False,
21459,2018-02-18,686,,3,,,False,
21459,2018-02-19,687,,13,,,False,
21459,2018-02-20,688,,11,,,False,
21459,2018-02-21,689,,8,,,False,
21459,2018-02-22,690,,14,,,False,
21459,2018-02-23,691,,9,,,False,
21459,2018-02-24,692,,9,,,False,
21459,2018-02-25,693,,7,,,False,
21459,2018-02-26,694,,8,,,False,
21459,2018-02-27,695,,5,,,False,
21459,2018-02-28,696,,6,,,False,
21459,2018-03-01,697,,13,,,False,
21459,2018-03-02,698,,6,,,False,
21459,2018-03-03,699,,4,,,False,
21459,2018-03-04,700,,15,,,False,
21459,2018-03-05,701,,9,,,False,
21459,2018-03-06,702,,4,,,False,
21459,2018-03-07,703,,7,,,False,
21459,2018-03-08,704,,6,,,False,
21459,2018-03-09,705,,6,,,False,
21459,2018-03-10,706,,8,,,False,
21459,2018-03-11,707,,12,,,False,
21459,2018-03-12,708,,16,,,False,
21459,2018-03-13,709,,12,,,False,
21459,2018-03-14,710,,10,,,False,
21459,2018-03-15,711,,7,,,False,
21459,2018-03-16,712,,5,,,False,
21459,2018-03-17,713,,13,,,False,
21459,2018-03-18,714,,10,,,False,
21459,2018-03-20,716,12365,2,1357,,False,82
21459,2018-03-21,717,12365,10,1357,,False,82
21459,2018-03-22,718,12383,11,1357,,False,82
21459,2018-03-23,719,12404,9,1355,,False,82
21459,2018-03-24,720,12404,5,1355,,False,82
21459,2018-03-25,721,12425,13,1355,,False,82
21459,2018-03-26,722,12458,13,1357,,False,82
21459,2018-03-27,723,12458,8,1357,,False,82
21459,2018-03-28,724,12499,10,1361,,False,82
21459,2018-03-29,725,12499,12,1361,,False,82
21459,2018-03-30,726,12517,12,1360,,False,82
21459,2018-03-31,727,12555,12,1361,,False,82
21459,2018-04-01,728,12555,19,1361,,False,82
21459,2018-04-02,729,12579,18,1360,,False,82
21459,2018-04-03,730,12598,9,1362,,False,82
21459,2018-04-04,731,12629,24,1363,,False,82
21459,2018-04-05,732,12656,13,1363,,False,82
21459,2018-04-06,733,12694,15,1365,,False,82
21459,2018-04-07,734,12725,20,1364,,False,82
21459,2018-04-08,735,12752,38,1364,,False,82
21459,2018-04-09,736,12785,24,1367,,False,82
21459,2018-04-10,737,12824,23,1368,,False,82
21459,2018-04-11,738,12848,20,1365,,False,82
21459,2018-04-12,739,12870,17,1366,,False,82
21459,2018-04-13,740,12887,23,1367,,False,82
21459,2018-04-14,741,12914,8,1368,,False,82
21459,2018-04-15,742,12937,25,1367,,False,82
21459,2018-04-16,743,12982,18,1370,,False,82
21459,2018-04-17,744,12982,15,1370,,False,82
21459,2018-04-18,745,13004,18,1370,,False,82
21459,2018-04-19,746,13018,17,1369,,False,82
21459,2018-04-20,747,13042,10,1372,,False,82
21459,2018-04-21,748,13069,9,1371,,False,82
21459,2018-04-22,749,13078,20,1370,,False,82
21459,2018-04-23,750,13078,20,1370,,False,82
21459,2018-04-24,751,13100,15,1369,,False,82
21459,2018-04-25,752,13121,11,1368,,False,82
21459,2018-04-26,753,13129,13,1367,,False,82
21459,2018-04-27,754,13142,16,1366,,False,82
21459,2018-04-28,755,13157,13,1368,,False,82
21459,2018-04-29,756,13188,22,1369,,False,82
21459,2018-04-30,757,13202,20,1371,,False,82
21459,2018-05-01,758,13202,17,1371,,False,82
21459,2018-05-02,759,13214,12,1374,,False,82
21459,2018-05-03,760,13245,15,1369,,False,82
21459,2018-05-04,761,13245,11,1369,,False,82
21459,2018-05-05,762,13278,11,1374,,False,82
21459,2018-05-06,763,13278,20,1374,,False,82
21459,2018-05-07,764,13290,9,1374,,False,82
21459,2018-05-08,765,13322,20,1375,,False,82
21459,2018-05-09,766,13378,17,1378,,False,82
21459,2018-05-10,767,13378,20,1378,,False,82
21459,2018-05-11,768,13397,8,1379,,False,82
21459,2018-05-12,769,13413,16,1377,,False,82
21459,2018-05-13,770,13442,19,1379,,False,82
21459,2018-05-14,771,13442,17,1379,,False,82
21459,2018-05-15,772,13463,5,1381,,False,82
21459,2018-05-16,773,13474,19,1378,,False,82
21459,2018-05-17,774,13480,16,1378,,False,82
21459,2018-05-18,775,13503,14,1380,,False,82
21459,2018-05-19,776,13522,8,1379,,False,82
21459,2018-05-20,777,13529,15,1382,,False,82
21459,2018-05-21,778,13529,11,1382,,False,82
21459,2018-05-22,779,13546,11,1383,,False,82
21459,2018-05-23,780,13566,12,1380,,False,82
21459,2018-05-24,781,13566,14,1380,,False,82
21459,2018-05-25,782,13585,33,1381,,False,82
21459,2018-05-26,783,13603,54,1383,,False,82
21459,2018-05-27,784,13630,45,1380,,False,82
21459,2018-05-28,785,13747,76,1384,,False,82
21459,2018-05-29,786,14482,273,1392,,False,82
21459,2018-05-30,787,15042,466,1399,,False,82
21459,2018-05-31,788,15422,517,1407,,False,82
21459,2018-06-01,789,16034,457,1420,,False,82
21459,2018-06-02,790,16763,447,1429,,False,82
21459,2018-06-03,791,17370,342,1442,,False,82
21459,2018-06-04,792,18201,164,1451,,False,82
21459,2018-06-05,793,22088,147,1515,,False,81
21459,2018-06-06,794,23057,123,1523,,False,81
21459,2018-06-07,795,23629,108,1528,,False,81
21459,2018-06-08,796,24058,98,1534,,False,81
21459,2018-06-09,797,24352,118,1542,,False,81
21459,2018-06-10,798,24623,124,1552,,False,81
21459,2018-06-11,799,24952,126,1560,,False,81
21459,2018-06-12,800,25285,106,1560,,False,81
21459,2018-06-13,801,25531,104,1565,,False,81
21459,2018-06-14,802,25761,130,1571,,False,81
21459,2018-06-15,803,25975,116,1570,,False,81
21459,2018-06-16,804,26336,88,1576,,False,81
21459,2018-06-17,805,26576,138,1584,,False,81
21459,2018-06-18,806,26821,138,1589,,False,81
21459,2018-06-19,807,27110,181,1598,,False,81
21459,2018-06-20,808,27423,150,1611,,False,81
21459,2018-06-21,809,27861,156,1615,,False,81
21459,2018-06-22,810,28221,132,1627,,False,81
21459,2018-06-23,811,28508,109,1633,,False,81
21459,2018-06-24,812,28782,124,1632,,False,81
21459,2018-06-25,813,29044,110,1633,,False,81
21459,2018-06-26,814,29260,113,1641,,False,81
21459,2018-06-27,815,29501,118,1650,,False,81
21459,2018-06-28,816,29762,110,1659,,False,81
21459,2018-06-29,817,29971,132,1672,,False,81
21459,2018-06-30,818,30153,99,1675,,False,81
21459,2018-07-01,819,30355,142,1670,,False,81
21459,2018-07-02,820,30565,171,1676,,False,81
21459,2018-07-03,821,30823,136,1680,,False,81
21459,2018-07-04,822,31129,122,1690,,False,81
21459,2018-07-05,823,31386,116,1692,,False,81
21459,2018-07-06,824,31602,164,1706,,False,81
21459,2018-07-07,825,31846,119,1709,,False,81
21459,2018-07-08,826,32114,142,1714,,False,81
21459,2018-07-09,827,32353,199,1719,,False,81
21459,2018-07-10,828,32633,176,1729,,False,82
21459,2018-07-11,829,32958,158,1734,,False,81
21459,2018-07-12,830,33227,241,1739,,False,82
21459,2018-07-13,831,33499,257,1743,,False,81
21459,2018-07-14,832,33870,201,1752,,False,82
21459,2018-07-15,833,34240,227,1759,,False,82
21459,2018-07-16,834,34600,239,1768,,False,82
21459,2018-07-17,835,35015,231,1781,,False,82
21459,2018-07-18,836,35389,226,1794,,False,82
21459,2018-07-19,837,35720,215,1798,,False,82
21459,2018-07-20,838,36082,211,1811,,False,82
21459,2018-07-21,839,36384,239,1822,,False,82
21459,2018-07-22,840,36740,199,1829,,False,82
21459,2018-07-23,841,37092,270,1842,,False,82
21459,2018-07-24,842,37435,244,1855,,False,82
21459,2018-07-25,843,37800,198,1871,,False,82
21459,2018-07-26,844,38089,206,1890,,False,82
21459,2018-07-27,845,38360,206,1898,,False,82
21459,2018-07-28,846,38642,164,1901,,False,82
21459,2018-07-29,847,38894,230,1918,,False,82
21459,2018-07-30,848,39137,188,1922,,False,82
21459,2018-07-31,849,39385,238,1927,,False,82
21459,2018-08-01,850,39638,208,1937,,False,82
21459,2018-08-02,851,39940,171,1955,,False,82
21459,2018-08-03,852,40169,146,1952,,False,82
21459,2018-08-04,853,40381,131,1961,,False,82
21459,2018-08-05,854,40551,135,1958,,False,82
21459,2018-08-06,855,40722,129,1967,,False,82
21459,2018-08-07,856,40922,151,1979,,False,82
21459,2018-08-08,857,41100,138,1979,,False,82
21459,2018-08-09,858,41308,124,1989,,False,82
21459,2018-08-10,859,41485,126,1995,,False,82
21459,2018-08-11,860,41659,121,2003,,False,82
21459,2018-08-12,861,41810,124,2007,,False,82
21459,2018-08-13,862,41951,143,2007,,False,82
21459,2018-08-14,863,42109,141,2018,,False,82
21459,2018-08-15,864,42287,119,2028,,False,82
21459,2018-08-16,865,42464,107,2036,,False,82
21459,2018-08-17,866,42635,90,2040,,False,82
21459,2018-08-18,867,42772,90,2045,,False,82
21459,2018-08-19,868,42877,127,2042,,False,82
21459,2018-08-20,869,43026,140,2045,,False,82
21459,2018-08-21,870,43183,134,2050,,False,82
21459,2018-08-22,871,43339,88,2057,,False,82
21459,2018-08-23,872,43472,128,2058,,False,82
21459,2018-08-24,873,43593,86,2069,,False,82
21459,2018-08-25,874,43727,83,2072,,False,82
21459,2018-08-26,875,43842,117,2081,,False,82
21459,2018-08-27,876,43971,117,2085,,False,82
21459,2018-08-28,877,44088,114,2098,,False,82
21459,2018-08-29,878,44248,118,2107,,False,82
21459,2018-08-30,879,44380,114,2111,,False,82
21459,2018-08-31,880,44547,110,2108,,False,82
21459,2018-09-01,881,44679,97,2114,,False,82
21459,2018-09-02,882,44809,88,2121,,False,82
21459,2018-09-03,883,44906,94,2132,,False,82
21459,2018-09-04,884,45024,72,2138,,False,82
21459,2018-09-05,885,45135,82,2150,,False,82
21459,2018-09-06,886,45233,105,2157,,False,82
21459,2018-09-07,887,45330,66,2163,,False,82
21459,2018-09-08,888,45426,74,2159,,False,82
21459,2018-09-09,889,45529,83,2174,,False,82
21459,2018-09-10,890,45621,106,2177,,False,82
21459,2018-09-11,891,45738,81,2183,,False,82
21459,2018-09-12,892,45854,83,2190,,False,82
21459,2018-09-13,893,45949,74,2189,,False,82
21459,2018-09-14,894,46047,75,2193,,False,82
21459,2018-09-15,895,46139,115,2201,,False,82
21459,2018-09-16,896,46234,108,2204,,False,82
21459,2018-09-17,897,46404,89,2203,,False,82
21459,2018-09-18,898,46547,77,2215,,False,82
21459,2018-09-19,899,46656,88,2213,,False,82
21459,2018-09-20,900,46755,100,2218,,False,82
21459,2018-09-21,901,46833,90,2218,,False,82
21459,2018-09-22,902,46929,101,2215,,False,82
21459,2018-09-23,903,47027,101,2216,,False,82
21459,2018-09-24,904,47143,127,2223,,False,82
21459,2018-09-25,905,47275,101,2226,,False,82
21459,2018-09-26,906,47430,75,2231,,False,82
21459,2018-09-27,907,47542,79,2232,,False,82
21459,2018-09-28,908,47637,86,2236,,False,82
21459,2018-09-29,909,47740,103,2242,,False,82
21459,2018-09-30,910,47843,135,2249,,False,82
21459,2018-10-01,911,47972,95,2253,,False,82
21459,2018-10-02,912,47972,102,2253,,False,82
21459,2018-10-03,913,48242,93,2251,,False,82
21459,2018-10-04,914,48357,95,2259,,False,82
21459,2018-10-05,915,48483,80,2258,,False,82
21459,2018-10-06,916,48594,124,2256,,False,82
21459,2018-10-07,917,48713,142,2258,,False,82
21459,2018-10-08,918,48850,135,2267,,False,82
21459,2018-10-09,919,49028,113,2265,,False,82
21459,2018-10-10,920,49177,93,2266,,False,82
21459,2018-10-11,921,49304,128,2267,,False,82
21459,2018-10-12,922,49427,108,2266,,False,82
21459,2018-10-13,923,49602,87,2271,,False,82
21459,2018-10-14,924,49742,116,2274,,False,82
21459,2018-10-15,925,49885,111,2279,,False,82
21459,2018-10-16,926,50054,127,2275,,False,82
21459,2018-10-17,927,50207,85,2289,,False,82
21459,2018-10-18,928,50347,99,2286,,False,82
21459,2018-10-19,929,50450,92,2295,,False,82
21459,2018-10-20,930,50585,101,2306,,False,82
21459,2018-10-21,931,50709,102,2311,,False,82
21459,2018-10-22,932,50856,88,2323,,False,82
21459,2018-10-23,933,50987,82,2323,,False,82
21459,2018-10-24,934,51121,90,2323,,False,82
21459,2018-10-25,935,51229,101,2325,,False,82
21459,2018-10-26,936,51343,64,2320,,False,82
21459,2018-10-27,937,51446,94,2324,,False,82
21459,2018-10-28,938,51536,88,2330,,False,82
21459,2018-10-29,939,51646,88,2334,,False,82
21459,2018-10-30,940,51759,93,2338,,False,82
21459,2018-10-31,941,51864,87,2348,,False,82
21459,2018-11-01,942,51964,89,2352,,False,82
21459,2018-11-02,943,52069,101,2360,,False,82
21459,2018-11-03,944,52161,87,2358,,False,82
21459,2018-11-04,945,52259,86,2354,,False,82
21459,2018-11-05,946,52367,93,2362,,False,82
21459,2018-11-06,947,52471,84,2363,,False,82
21459,2018-11-07,948,52590,67,2370,,False,82
21459,2018-11-08,949,52683,74,2375,,False,82
21459,2018-11-09,950,52781,71,2373,,False,82
21459,2018-11-10,951,52856,101,2373,,False,82
21459,2018-11-11,952,52947,112,2372,,False,82
21459,2018-11-12,953,53064,97,2375,,False,82
21459,2018-11-13,954,53213,92,2383,,False,82
21459,2018-11-14,955,53322,91,2394,,False,82
21459,2018-11-15,956,53429,78,2395,,False,82
21459,2018-11-16,957,53535,63,2399,,False,82
21459,2018-11-17,958,53611,72,2399,,False,82
21459,2018-11-18,959,53681,80,2401,,False,82
21459,2018-11-19,960,53784,97,2403,,False,82
21459,2018-11-20,961,53887,76,2400,,False,82
21459,2018-11-21,962,53979,73,2399,,False,82
21459,2018-11-22,963,54077,92,2398,,False,82
21459,2018-11-23,964,54174,75,2398,,False,82
21459,2018-11-24,965,54267,60,2403,,False,82
21459,2018-11-25,966,54343,81,2409,,False,82
21459,2018-11-26,967,54431,110,2409,,False,82
21459,2018-11-27,968,54540,82,2414,,False,82
21459,2018-11-28,969,54675,64,2424,,False,82
21459,2018-11-29,970,54759,56,2422,,False,82
21459,2018-11-30,971,54843,62,2421,,False,82
21459,2018-12-01,972,54908,58,2421,,False,82
21459,2018-12-02,973,54987,95,2423,,False,82
21459,2018-12-03,974,55066,80,2424,,False,82
21459,2018-12-04,975,55172,88,2419,,False,82
21459,2018-12-05,976,55276,59,2430,,False,82
21459,2018-12-06,977,55381,48,2433,,False,82
21459,2018-12-07,978,55465,58,2435,,False,82
21459,2018-12-08,979,55548,50,2441,,False,82
21459,2018-12-09,980,55630,74,2446,,False,82
21459,2018-12-10,981,55694,80,2447,,False,82
21459,2018-12-11,982,55790,81,2450,,False,82
21459,2018-12-12,983,55877,66,2451,,False,82
21459,2018-12-13,984,55975,58,2445,,False,82
21459,2018-12-14,985,56049,58,2447,,False,82
21459,2018-12-15,986,56144,70,2451,,False,82
21459,2018-12-16,987,56235,79,2457,,False,82
21459,2018-12-17,988,56333,91,2457,,False,82
21459,2018-12-18,989,56436,68,2460,,False,82
21459,2018-12-19,990,56529,84,2461,,False,82
21459,2018-12-20,991,56615,73,2461,,False,82
21459,2018-12-21,992,56704,69,2464,,False,82
21459,2018-12-22,993,56801,72,2469,,False,82
21459,2018-12-23,994,56883,89,2470,,False,82
21459,2018-12-24,995,57000,85,2475,,False,82
21459,2018-12-25,996,57118,73,2482,,False,82
21459,2018-12-26,997,57217,63,2487,,False,82
21459,2018-12-27,998,57290,102,2492,,False,82
21459,2018-12-28,999,57381,85,2494,,False,82
21459,2018-12-29,1000,57504,91,2492,,False,82
21459,2018-12-30,1001,57642,81,2496,,False,82
21459,2018-12-31,1002,57747,106,2499,,False,82
21459,2019-01-01,1003,57877,81,2500,,False,82
21459,2019-01-02,1004,57986,111,2503,,False,82
21459,2019-01-03,1005,58094,109,2500,,False,82
21459,2019-01-04,1006,58256,111,2500,,False,82
21459,2019-01-05,1007,58408,100,2506,,False,82
21459,2019-01-06,1008,58538,126,2503,,False,82
21459,2019-01-07,1009,58683,114,2510,,False,82
21459,2019-01-08,1010,58841,103,2516,,False,82
21459,2019-01-09,1011,58981,89,2510,,False,82
21459,2019-01-10,1012,59137,112,2514,,False,82
21459,2019-01-11,1013,59278,91,2519,,False,82
21459,2019-01-12,1014,59444,85,2526,,False,82
21459,2019-01-13,1015,59582,125,2530,,False,82
21459,2019-01-14,1016,59715,106,2536,,False,82
21459,2019-01-15,1017,59885,100,2538,,False,82
21459,2019-01-16,1018,60051,146,2544,,False,82
21459,2019-01-17,1019,60197,127,2552,,False,82
21459,2019-01-18,1020,60478,108,2550,,False,82
21459,2019-01-19,1021,60689,108,2556,,False,82
21459,2019-01-20,1022,60863,109,2556,,False,82
21459,2019-01-21,1023,61024,118,2560,,False,82
21459,2019-01-22,1024,61179,101,2570,,False,82
21459,2019-01-23,1025,61359,94,2581,,False,82
21459,2019-01-24,1026,61512,75,2585,,False,82
21459,2019-01-25,1027,61635,80,2589,,False,82
21459,2019-01-26,1028,61749,84,2595,,False,82
21459,2019-01-27,1029,61854,101,2596,,False,82
21459,2019-01-28,1030,61959,106,2597,,False,82
21459,2019-01-29,1031,62102,83,2600,,False,82
21459,2019-01-30,1032,62254,75,2613,,False,82
21459,2019-01-31,1033,62365,100,2622,,False,82
21459,2019-02-01,1034,62468,101,2625,,False,82
21459,2019-02-02,1035,62582,96,2628,,False,82
21459,2019-02-03,1036,62699,79,2628,,False,82
21459,2019-02-04,1037,62810,89,2637,,False,82
21459,2019-02-05,1038,62922,102,2638,,False,82
21459,2019-02-06,1039,63044,95,2640,,False,82
21459,2019-02-07,1040,63153,78,2634,,False,82
21459,2019-02-08,1041,63251,94,2640,,False,82
21459,2019-02-09,1042,63346,82,2645,,False,82
21459,2019-02-10,1043,63453,86,2645,,False,82
21459,2019-02-11,1044,63563,121,2649,,False,82
21459,2019-02-12,1045,63674,112,2656,,False,82
21459,2019-02-13,1046,63808,96,2660,,False,82
21459,2019-02-14,1047,63948,85,2665,,False,82
21459,2019-02-15,1048,64070,90,2665,,False,82
21459,2019-02-16,1049,64160,92,2666,,False,82
21459,2019-02-17,1050,64246,138,2665,,False,82
21459,2019-02-18,1051,64350,118,2666,,False,82
21459,2019-02-19,1052,64511,113,2677,,False,82
21459,2019-02-20,1053,64638,120,2678,,False,82
21459,2019-02-21,1054,64787,101,2680,,False,82
21459,2019-02-22,1055,64904,95,2688,,False,82
21459,2019-02-23,1056,65034,90,2687,,False,82
21459,2019-02-24,1057,65168,99,2689,,False,82
21459,2019-02-25,1058,65289,111,2688,,False,82
21459,2019-02-26,1059,65415,112,2693,,False,82
21459,2019-02-27,1060,65552,87,2697,,False,82
21459,2019-02-28,1061,65686,108,2701,,False,82
21459,2019-03-01,1062,65806,84,2705,,False,82
21459,2019-03-02,1063,65917,92,2709,,False,82
21459,2019-03-03,1064,66029,117,2711,,False,82
21459,2019-03-04,1065,66156,118,2714,,False,82
21459,2019-03-05,1066,66272,126,2720,,False,82
21459,2019-03-06,1067,66417,103,2716,,False,82
21459,2019-03-07,1068,66570,122,2718,,False,82
21459,2019-03-08,1069,66682,93,2721,,False,82
21459,2019-03-09,1070,66894,86,2726,,False,82
21459,2019-03-10,1071,67073,116,2722,,False,82
21459,2019-03-11,1072,67222,112,2726,,False,82
21459,2019-03-12,1073,67393,103,2736,,False,82
21459,2019-03-13,1074,67557,96,2736,,False,82
21459,2019-03-14,1075,67697,93,2740,,False,82
21459,2019-03-15,1076,67824,89,2744,,False,82
21459,2019-03-16,1077,67953,89,2746,,False,82
21459,2019-03-17,1078,68063,69,2748,,False,82
21459,2019-03-18,1079,68201,97,2758,,False,82
21459,2019-03-19,1080,68324,105,2757,,False,82
21459,2019-03-20,1081,68455,96,2768,,False,82
21459,2019-03-21,1082,68582,163,2768,,False,82
21459,2019-03-22,1083,68742,139,2772,,False,82
21459,2019-03-23,1084,68988,116,2771,,False,82
21459,2019-03-24,1085,69153,104,2765,,False,82
21459,2019-03-25,1086,69317,116,2770,,False,82
21459,2019-03-26,1087,69461,144,2776,,False,82
21459,2019-03-27,1088,69618,118,2787,,False,82
21459,2019-03-28,1089,69780,109,2792,,False,82
21459,2019-03-29,1090,69917,109,2797,,False,82
21459,2019-03-30,1091,70060,95,2794,,False,82
21459,2019-03-31,1092,70175,118,2792,,False,82
21459,2019-04-01,1093,70302,216,2796,,False,82
21459,2019-04-02,1094,70477,164,2799,,False,82
21459,2019-04-03,1095,70842,132,2800,,False,82
21459,2019-04-04,1096,71062,149,2803,,False,82
21459,2019-04-05,1097,71238,113,2798,,False,82
21459,2019-04-06,1098,71457,134,2799,,False,82
21459,2019-04-07,1099,71602,189,2805,,False,82
21459,2019-04-08,1100,71782,137,2807,,False,82
21459,2019-04-09,1101,72013,134,2814,,False,82
21459,2019-04-10,1102,72209,134,2815,,False,82
21459,2019-04-11,1103,72423,102,2817,,False,82
21459,2019-04-12,1104,72589,99,2821,,False,82
21459,2019-04-13,1105,72730,115,2825,,False,82
21459,2019-04-14,1106,72893,129,2833,,False,82
21459,2019-04-15,1107,73049,123,2837,,False,82
21459,2019-04-16,1108,73230,124,2844,,False,82
21459,2019-04-17,1109,73409,117,2857,,False,82
21459,2019-04-18,1110,73549,89,2866,,False,82
21459,2019-04-19,1111,73701,114,2869,,False,82
21459,2019-04-20,1112,73819,140,2877,,False,82
21459,2019-04-21,1113,73960,126,2884,,False,82
21459,2019-04-22,1114,74119,145,2889,,False,82
21459,2019-04-23,1115,74270,145,2896,,False,82
21459,2019-04-24,1116,74416,119,2899,,False,82
21459,2019-04-25,1117,74596,112,2902,,False,82
21459,2019-04-26,1118,74727,141,2908,,False,82
21459,2019-04-27,1119,74880,111,2908,,False,82
21459,2019-04-28,1120,75015,159,2911,,False,82
21459,2019-04-29,1121,75203,116,2912,,False,82
21459,2019-04-30,1122,75387,123,2919,,False,82
21459,2019-05-01,1123,75522,120,2924,,False,82
21459,2019-05-02,1124,75651,105,2928,,False,82
21459,2019-05-03,1125,75788,129,2926,,False,82
21459,2019-05-04,1126,75918,102,2932,,False,82
21459,2019-05-05,1127,76082,115,2941,,False,82
21459,2019-05-06,1128,76211,129,2945,,False,82
21459,2019-05-07,1129,76368,104,2961,,False,82
21459,2019-05-08,1130,76481,92,2963,,False,82
21459,2019-05-09,1131,76594,88,2961,,False,82
21459,2019-05-10,1132,76703,117,2968,,False,82
21459,2019-05-11,1133,76818,102,2978,,False,82
21459,2019-05-12,1134,76943,131,2977,,False,82
21459,2019-05-13,1135,77066,103,2977,,False,82
21459,2019-05-14,1136,77219,123,2982,,False,82
21459,2019-05-15,1137,77389,104,2995,,False,82
21459,2019-05-16,1138,77541,127,2999,,False,82
21459,2019-05-17,1139,77657,127,3002,,False,82
21459,2019-05-18,1140,77786,91,3003,,False,82
21459,2019-05-19,1141,77940,95,3007,,False,82
21459,2019-05-20,1142,78039,105,3002,,False,82
21459,2019-05-21,1143,78168,96,3006,,False,82
21459,2019-05-22,1144,78281,117,3015,,False,82
21459,2019-05-23,1145,78412,116,3015,,False,82
21459,2019-05-24,1146,78553,105,3013,,False,82
21459,2019-05-25,1147,78679,92,3017,,False,82
21459,2019-05-26,1148,78791,99,3026,,False,82
21459,2019-05-27,1149,78936,118,3034,,False,82
21459,2019-05-28,1150,79103,146,3035,,False,82
21459,2019-05-29,1151,79253,129,3038,,False,82
21459,2019-05-30,1152,79396,116,3048,,False,82
21459,2019-05-31,1153,79523,108,3052,,False,82
21459,2019-06-01,1154,79659,109,3054,,False,82
21459,2019-06-02,1155,79767,120,3056,,False,82
21459,2019-06-03,1156,79892,119,3060,,False,82
21459,2019-06-04,1157,80031,137,3069,,False,82
21459,2019-06-05,1158,80171,173,3063,,False,82
21459,2019-06-06,1159,80305,145,3068,,False,82
21459,2019-06-07,1160,80602,128,3069,,False,82
21459,2019-06-08,1161,80803,122,3071,,False,82
21459,2019-06-09,1162,80953,130,3074,,False,82
21459,2019-06-10,1163,81090,121,3081,,False,82
21459,2019-06-11,1164,81218,111,3082,,False,82
21459,2019-06-12,1165,81358,91,3089,,False,82
21459,2019-06-13,1166,81472,114,3094,,False,82
21459,2019-06-14,1167,81569,115,3091,,False,82
21459,2019-06-15,1168,81692,114,3098,,False,82
21459,2019-06-16,1169,81821,117,3110,,False,82
21459,2019-06-17,1170,81943,131,3114,,False,82
21459,2019-06-18,1171,82095,128,3122,,False,82
21459,2019-06-19,1172,82234,144,3131,,False,82
21459,2019-06-20,1173,82358,127,3141,,False,82
21459,2019-06-21,1174,82520,127,3151,,False,82
21459,2019-06-22,1175,82661,124,3158,,False,82
21459,2019-06-23,1176,82801,153,3164,,False,82
21459,2019-06-24,1177,82943,142,3160,,False,82
21459,2019-06-25,1178,83125,154,3158,,False,82
21459,2019-06-26,1179,83310,142,3161,,False,82
21459,2019-06-27,1180,83492,140,3162,,False,82
21459,2019-06-28,1181,83670,160,3172,,False,82
21459,2019-06-29,1182,83822,115,3167,,False,82
21459,2019-06-30,1183,84028,100,3180,,False,82
21459,2019-07-01,1184,84170,134,3183,,False,82
21459,2019-07-02,1185,84302,136,3188,,False,82
21459,2019-07-03,1186,84477,122,3190,,False,82
21459,2019-07-04,1187,84632,148,3197,,False,82
21459,2019-07-05,1188,84798,134,3198,,False,82
21459,2019-07-06,1189,84959,156,3200,,False,82
21459,2019-07-07,1190,85115,126,3208,,False,82
21459,2019-07-08,1191,85298,127,3203,,False,82
21459,2019-07-09,1192,85462,145,3205,,False,82
21459,2019-07-10,1193,85681,196,3208,,False,82
21459,2019-07-11,1194,85884,158,3221,,False,82
21459,2019-07-12,1195,86091,165,3229,,False,82
21459,2019-07-13,1196,86299,157,3233,,False,82
21459,2019-07-14,1197,86476,177,3237,,False,82
21459,2019-07-15,1198,86647,177,3234,,False,82
21459,2019-07-16,1199,86878,156,3241,,False,82
21459,2019-07-17,1200,87075,165,3251,,False,82
21459,2019-07-18,1201,87259,195,3262,,False,82
21459,2019-07-19,1202,87446,169,3268,,False,82
21459,2019-07-20,1203,87657,124,3278,,False,82
21459,2019-07-21,1204,87860,153,3278,,False,82
21459,2019-07-22,1205,88031,171,3277,,False,82
21459,2019-07-23,1206,88214,168,3284,,False,82
21459,2019-07-24,1207,88376,204,3283,,False,82
21459,2019-07-25,1208,88576,159,3290,,False,82
21459,2019-07-26,1209,88795,152,3297,,False,82
21459,2019-07-27,1210,88980,130,3308,,False,82
21459,2019-07-28,1211,89138,162,3305,,False,82
21459,2019-07-29,1212,89273,164,3310,,False,82
21459,2019-07-30,1213,89447,143,3313,,False,82
21459,2019-07-31,1214,89644,172,3322,,False,82
21459,2019-08-01,1215,89806,139,3335,,False,82
21459,2019-08-02,1216,89963,131,3333,,False,82
21459,2019-08-03,1217,90111,107,3336,,False,82
21459,2019-08-04,1218,90243,139,3338,,False,82
21459,2019-08-05,1219,90383,132,3336,,False,82
21459,2019-08-06,1220,90544,128,3349,,False,82
21459,2019-08-07,1221,90690,141,3354,,False,82
21459,2019-08-08,1222,90844,139,3357,,False,82
21459,2019-08-09,1223,90987,140,3363,,False,82
21459,2019-08-10,1224,91138,124,3370,,False,82
21459,2019-08-11,1225,91289,158,3372,,False,82
21459,2019-08-12,1226,91439,173,3376,,False,82
21459,2019-08-13,1227,91616,160,3385,,False,82
21459,2019-08-14,1228,91795,123,3387,,False,82
21459,2019-08-15,1229,91985,168,3388,,False,82
21459,2019-08-16,1230,92150,142,3396,,False,82
21459,2019-08-17,1231,92324,129,3403,,False,82
21459,2019-08-18,1232,92503,134,3412,,False,82
21459,2019-08-19,1233,92684,165,3426,,False,82
21459,2019-08-20,1234,92827,152,3434,,False,82
21459,2019-08-21,1235,92995,178,3438,,False,82
21459,2019-08-22,1236,93166,132,3436,,False,82
21459,2019-08-23,1237,93340,125,3432,,False,82
21459,2019-08-24,1238,93515,112,3438,,False,82
21459,2019-08-25,1239,93663,132,3449,,False,82
21459,2019-08-26,1240,93790,138,3455,,False,82
21459,2019-08-27,1241,93951,123,3462,,False,82
21459,2019-08-28,1242,94095,138,3466,,False,82
21459,2019-08-29,1243,94266,132,3478,,False,82
21459,2019-08-30,1244,94422,124,3484,,False,82
21459,2019-08-31,1245,94575,114,3490,,False,82
21459,2019-09-01,1246,94722,171,3494,,False,82
21459,2019-09-02,1247,94850,158,3503,,False,82
21459,2019-09-03,1248,95013,140,3509,,False,82
21459,2019-09-04,1249,95175,123,3513,,False,82
21459,2019-09-05,1250,95335,113,3527,,False,82
21459,2019-09-06,1251,95460,130,3539,,False,82
21459,2019-09-07,1252,95560,118,3546,,False,82
21459,2019-09-08,1253,95688,93,3549,,False,82
21459,2019-09-09,1254,95793,103,3548,,False,82
21459,2019-09-10,1255,95906,96,3557,,False,82
21459,2019-09-11,1256,95906,98,3557,,False,82
21459,2019-09-12,1257,96123,79,3564,,False,82
21459,2019-09-13,1258,96226,87,3569,,False,82
21459,2019-09-14,1259,96316,77,3574,,False,82
21459,2019-09-15,1260,96422,117,3583,,False,82
21459,2019-09-16,1261,96512,112,3586,,False,82
21459,2019-09-17,1262,96639,87,3593,,False,82
21459,2019-09-18,1263,96744,86,3596,,False,82
21459,2019-09-19,1264,96836,93,3591,,False,82
21459,2019-09-20,1265,96942,109,3595,,False,82
21459,2019-09-21,1266,97045,89,3595,,False,82
21459,2019-09-22,1267,97141,118,3600,,False,82
21459,2019-09-23,1268,97245,132,3602,,False,82
21459,2019-09-24,1269,97368,117,3608,,False,82
21459,2019-09-25,1270,97500,123,3609,,False,82
21459,2019-09-26,1271,97612,108,3616,,False,82
21459,2019-09-27,1272,97738,107,3629,,False,82
21459,2019-09-28,1273,97840,98,3635,,False,82
21459,2019-09-29,1274,97965,135,3642,,False,82
21459,2019-09-30,1275,98085,135,3653,,False,82
21459,2019-10-01,1276,98268,120,3663,,False,82
21459,2019-10-02,1277,98405,97,3663,,False,82
21459,2019-10-03,1278,98537,108,3669,,False,82
21459,2019-10-04,1279,98639,97,3673,,False,82
21459,2019-10-05,1280,98770,134,3677,,False,82
21459,2019-10-06,1281,98865,133,3677,,False,82
21459,2019-10-07,1282,98994,146,3678,,False,82
21459,2019-10-08,1283,99141,121,3681,,False,82
21459,2019-10-09,1284,99299,110,3688,,False,82
21459,2019-10-10,1285,99431,102,3684,,False,82
21459,2019-10-11,1286,99556,112,3680,,False,82
21459,2019-10-12,1287,99678,152,3682,,False,82
21459,2019-10-13,1288,99820,187,3683,,False,82
21459,2019-10-14,1289,100019,176,3697,,False,82
21459,2019-10-15,1290,100212,181,3706,,False,82
21459,2019-10-16,1291,100411,145,3711,,False,82
21459,2019-10-17,1292,100591,131,3726,,False,82
21459,2019-10-18,1293,100744,124,3737,,False,82
21459,2019-10-19,1294,100873,95,3745,,False,82
21459,2019-10-20,1295,100990,126,3752,,False,82
21459,2019-10-21,1296,101106,174,3758,,False,82
21459,2019-10-22,1297,101259,122,3769,,False,82
21459,2019-10-23,1298,101408,118,3777,,False,82
21459,2019-10-24,1299,101537,100,3788,,False,82
21459,2019-10-25,1300,101664,112,3786,,False,82
21459,2019-10-26,1301,101794,87,3793,,False,82
21459,2019-10-27,1302,101881,112,3800,,False,82
21459,2019-10-28,1303,101996,120,3805,,False,82
21459,2019-10-29,1304,102106,99,3804,,False,82
21459,2019-10-30,1305,102236,91,3810,,False,82
21459,2019-10-31,1306,102320,87,3812,,False,82
21459,2019-11-01,1307,102414,79,3815,,False,82
21459,2019-11-02,1308,102509,89,3817,,False,82
21459,2019-11-03,1309,102601,115,3817,,False,82
21459,2019-11-04,1310,102704,80,3824,,False,82
21459,2019-11-05,1311,102862,88,3836,,False,82
21459,2019-11-06,1312,102967,91,3842,,False,82
21459,2019-11-07,1313,103071,97,3849,,False,82
21459,2019-11-08,1314,103182,105,3855,,False,82
21459,2019-11-09,1315,103294,105,3868,,False,82
21459,2019-11-10,1316,103406,105,3871,,False,82
21459,2019-11-11,1317,103518,88,3869,,False,82
21459,2019-11-12,1318,103620,97,3878,,False,82
21459,2019-11-13,1319,103745,106,3886,,False,82
21459,2019-11-14,1320,103857,90,3887,,False,82
21459,2019-11-15,1321,103964,103,3894,,False,82
21459,2019-11-16,1322,104054,78,3900,,False,82
21459,2019-11-17,1323,104169,89,3905,,False,82
21459,2019-11-18,1324,104275,102,3905,,False,82
21459,2019-11-19,1325,104360,100,3917,,False,82
21459,2019-11-20,1326,104478,100,3914,,False,82
21459,2019-11-21,1327,104574,95,3915,,False,82
21459,2019-11-22,1328,104659,86,3922,,False,82
21459,2019-11-23,1329,104781,83,3921,,False,82
21459,2019-11-24,1330,104857,96,3926,,False,82
21459,2019-11-25,1331,104959,126,3936,,False,82
21459,2019-11-26,1332,105089,128,3951,,False,82
21459,2019-11-27,1333,105302,97,3955,,False,82
21459,2019-11-28,1334,105302,78,3955,,False,82
21459,2019-11-29,1335,105400,58,3962,,False,82
21459,2019-11-30,1336,105504,86,3968,,False,82
21459,2019-12-01,1337,105575,104,3971,,False,82
21459,2019-12-02,1338,105679,107,3975,,False,82
21459,2019-12-03,1339,105800,91,3977,,False,82
21459,2019-12-04,1340,105908,104,3989,,False,82
21459,2019-12-05,1341,106009,93,3998,,False,82
21459,2019-12-06,1342,106216,67,4021,,False,82
21459,2019-12-07,1343,106216,75,4021,,False,82
21459,2019-12-08,1344,106309,98,4027,,False,82
21459,2019-12-09,1345,106423,111,4035,,False,82
21459,2019-12-10,1346,106564,85,4046,,False,82
21459,2019-12-11,1347,106690,85,4051,,False,82
21459,2019-12-12,1348,106797,84,4054,,False,82
21459,2019-12-13,1349,106889,81,4060,,False,82
21459,2019-12-14,1350,106986,91,4067,,False,82
21459,2019-12-15,1351,107093,85,4068,,False,82
21459,2019-12-16,1352,107203,112,4081,,False,82
21459,2019-12-17,1353,107328,78,4092,,False,82
21459,2019-12-18,1354,107428,83,4100,,False,82
21459,2019-12-19,1355,107535,80,4108,,False,82
21459,2019-12-20,1356,107650,72,4114,,False,82
21459,2019-12-21,1357,107756,93,4128,,False,82
21459,2019-12-22,1358,107852,93,4133,,False,82
21459,2019-12-23,1359,107969,123,4147,,False,82
21459,2019-12-24,1360,108076,85,4152,,False,82
21459,2019-12-25,1361,108203,84,4163,,False,82
21459,2019-12-26,1362,108302,105,4173,,False,82
21459,2019-12-27,1363,108405,104,4177,,False,82
21459,2019-12-28,1364,108529,109,4181,,False,82
21459,2019-12-29,1365,108639,114,4190,,False,82
21459,2019-12-30,1366,108750,135,4202,,False,82
21459,2019-12-31,1367,108879,143,4210,,False,82
21459,2020-01-01,1368,109030,113,4217,,False,82
21459,2020-01-02,1369,109155,143,4222,,False,82
21459,2020-01-03,1370,109271,144,4233,,False,82
21459,2020-01-04,1371,109421,121,4244,,False,82
21459,2020-01-05,1372,109579,183,4259,,False,82
21459,2020-01-06,1373,109719,158,4266,,False,82
21459,2020-01-07,1374,109921,139,4271,,False,82
21459,2020-01-08,1375,110103,107,4282,,False,82
21459,2020-01-09,1376,110262,125,4291,,False,82
21459,2020-01-10,1377,110404,127,4296,,False,82
21459,2020-01-11,1378,110563,143,4304,,False,82
21459,2020-01-12,1379,110720,163,4303,,False,82
21459,2020-01-13,1380,110876,174,4309,,False,82
21459,2020-01-14,1381,111032,167,4316,,False,82
21459,2020-01-15,1382,111212,165,4325,,False,82
21459,2020-01-16,1383,111410,148,4336,,False,82
21459,2020-01-17,1384,111595,150,4358,,False,82
21459,2020-01-18,1385,111777,145,4367,,False,82
21459,2020-01-19,1386,111931,159,4387,,False,82
21459,2020-01-20,1387,112083,167,4398,,False,82
21459,2020-01-21,1388,112448,203,4427,,False,82
21459,2020-01-22,1389,112448,271,4427,,False,82
21459,2020-01-23,1390,112693,237,4439,,False,82
21459,2020-01-24,1391,112948,223,4444,,False,82
21459,2020-01-25,1392,113193,277,4453,,False,82
21459,2020-01-26,1393,113432,355,4460,,False,82
21459,2020-01-27,1394,113712,445,4475,,False,82
21459,2020-01-28,1395,114099,533,4491,,False,82
21459,2020-01-29,1396,114569,350,4499,,False,82
21459,2020-01-30,1397,115071,232,4509,,False,82
21459,2020-01-31,1398,115416,203,4521,,False,82
21459,2020-02-01,1399,115633,219,4517,,False,82
21459,2020-02-02,1400,115843,245,4523,,False,82
21459,2020-02-03,1401,116070,230,4534,,False,82
21459,2020-02-04,1402,116349,199,4543,,False,82
21459,2020-02-05,1403,116570,193,4552,,False,82
21459,2020-02-06,1404,116775,180,4566,,False,82
21459,2020-02-07,1405,116996,199,4583,,False,82
21459,2020-02-08,1406,117182,166,4582,,False,82
21459,2020-02-09,1407,117400,252,4593,,False,82
21459,2020-02-10,1408,117604,226,4604,,False,82
21459,2020-02-11,1409,117846,206,4606,,False,82
21459,2020-02-12,1410,118072,180,4619,,False,82
21459,2020-02-13,1411,118287,200,4640,,False,82
21459,2020-02-14,1412,118502,193,4656,,False,82
21459,2020-02-15,1413,118737,171,4664,,False,82
21459,2020-02-16,1414,118945,211,4673,,False,82
21459,2020-02-17,1415,119133,234,4681,,False,82
21459,2020-02-18,1416,119378,198,4695,,False,82
21459,2020-02-19,1417,119616,285,4707,,False,82
21459,2020-02-20,1418,119825,197,4712,,False,82
21459,2020-02-21,1419,120301,200,4734,,False,82
21459,2020-02-22,1420,120552,191,4741,,False,82
21459,2020-02-23,1421,120770,212,4750,,False,82
21459,2020-02-24,1422,121014,223,4760,,False,82
21459,2020-02-25,1423,121497,146,4806,,False,82
21459,2020-02-26,1424,121497,180,4806,,False,82
21459,2020-02-27,1425,121705,189,4825,,False,82
21459,2020-02-28,1426,121910,161,4838,,False,82
21459,2020-02-29,1427,122107,160,4849,,False,82
21459,2020-03-01,1428,122275,228,4860,,False,82
21459,2020-03-02,1429,122459,235,4877,,False,82
21459,2020-03-03,1430,122690,212,4895,,False,82
21459,2020-03-04,1431,122926,223,4902,,False,82
21459,2020-03-05,1432,123145,199,4914,,False,82
21459,2020-03-06,1433,123377,173,4924,,False,82
21459,2020-03-07,1434,123573,169,4937,,False,82
21459,2020-03-08,1435,123773,252,4956,,False,82
21459,2020-03-09,1436,123965,227,4974,,False,82
21459,2020-03-10,1437,124186,175,4986,,False,82
21459,2020-03-11,1438,124398,173,4989,,False,82
21459,2020-03-12,1439,124585,165,4993,,False,82
21459,2020-03-13,1440,124762,156,5000,,False,82
21459,2020-03-14,1441,124943,186,5010,,False,82
21459,2020-03-15,1442,125121,245,5016,,False,82
21459,2020-03-16,1443,125336,277,5040,,False,82
21459,2020-03-17,1444,125615,252,5067,,False,82
21459,2020-03-18,1445,125863,258,5090,,False,82
21459,2020-03-19,1446,126141,244,5103,,False,82
21459,2020-03-20,1447,126421,242,5130,,False,82
21459,2020-03-21,1448,126678,284,5140,,False,82
21459,2020-03-22,1449,126989,271,5157,,False,82
21459,2020-03-23,1450,127279,316,5165,,False,82
21459,2020-03-24,1451,127571,300,5173,,False,82
21459,2020-03-25,1452,127900,297,5203,,False,82
21459,2020-03-26,1453,128220,300,5213,,False,82
21459,2020-03-27,1454,128542,239,5228,,False,81
21459,2020-03-28,1455,128840,302,5238,,False,81
21459,2020-03-29,1456,129124,342,5266,,False,81
21459,2020-03-30,1457,129425,326,5277,,False,81
21459,2020-03-31,1458,129811,296,5300,,False,81
21459,2020-04-01,1459,130153,268,5304,,False,81
21459,2020-04-02,1460,130481,331,5316,,False,81
21459,2020-04-03,1461,130811,299,5339,,False,81
21459,2020-04-04,1462,131150,328,5358,,False,81
21459,2020-04-05,1463,131484,408,5383,,False,81
21459,2020-04-06,1464,131854,521,5412,,False,81
21459,2020-04-07,1465,132310,429,5436,,False,81
21459,2020-04-08,1466,132993,343,5451,,False,81
21459,2020-04-09,1467,133483,356,5478,,False,81
21459,2020-04-10,1468,133927,398,5491,,False,81
21459,2020-04-11,1469,134322,417,5508,,False,81
21459,2020-04-12,1470,134760,420,5531,,False,81
21459,2020-04-13,1471,135175,415,5556,,False,81
21459,2020-04-14,1472,135646,409,5581,,False,81
21459,2020-04-15,1473,136090,439,5600,,False,81
21459,2020-04-16,1474,136545,532,5620,,False,81
21459,2020-04-17,1475,137011,521,5643,,False,81
21459,2020-04-18,1476,137629,477,5668,,False,81
21459,2020-04-19,1477,138156,519,5698,,False,81
21459,2020-04-20,1478,138666,584,5733,,False,81
21459,2020-04-21,1479,139222,474,5769,,False,81
21459,2020-04-22,1480,139814,424,5813,,False,81
21459,2020-04-23,1481,140285,542,5838,,False,81
21459,2020-04-24,1482,140737,431,5859,,False,81
21459,2020-04-25,1483,141335,459,5878,,False,81
21459,2020-04-26,1484,141822,432,5923,,False,81
21459,2020-04-27,1485,142310,451,5943,,False,81
21459,2020-04-28,1486,142764,454,5974,,False,81
21459,2020-04-29,1487,143257,440,5996,,False,81
21459,2020-04-30,1488,143751,465,6020,,False,81
21459,2020-05-01,1489,144273,364,6044,,False,81
21459,2020-05-02,1490,144781,431,6075,,False,81
21459,2020-05-03,1491,145232,464,6112,,False,81
21459,2020-05-04,1492,145740,483,6154,,False,81
21459,2020-05-05,1493,146243,421,6193,,False,81
21459,2020-05-06,1494,146787,442,6242,,False,81
21459,2020-05-07,1495,147272,468,6269,,False,81
21459,2020-05-08,1496,147752,412,6303,,False,81
21459,2020-05-09,1497,148249,412,6331,,False,81
21459,2020-05-10,1498,148696,440,6356,,False,81
21459,2020-05-11,1499,149178,450,6400,,False,81
21459,2020-05-12,1500,149677,450,6440,,False,81
21459,2020-05-13,1501,150166,485,6484,,False,81
21459,2020-05-14,1502,150697,420,6534,,False,81
21459,2020-05-15,1503,151188,442,6547,,False,81
21459,2020-05-16,1504,151688,397,6581,,False,81
21459,2020-05-17,1505,152117,407,6614,,False,81
21459,2020-05-18,1506,152574,424,6656,,False,81
21459,2020-05-19,1507,152995,387,6685,,False,81
21459,2020-05-20,1508,153462,404,6711,,False,81
21459,2020-05-21,1509,153910,352,6735,,False,81
21459,2020-05-22,1510,154339,411,6756,,False,81
21459,2020-05-23,1511,154815,392,6788,,False,81
21459,2020-05-24,1512,155267,407,6816,,False,81
21459,2020-05-25,1513,155696,414,6849,,False,81
21459,2020-05-26,1514,156177,372,6877,,False,81
21459,2020-05-27,1515,156628,405,6908,,False,81
21459,2020-05-28,1516,157111,410,6943,,False,81
21459,2020-05-29,1517,157548,422,6976,,False,81
21459,2020-05-30,1518,158001,392,7015,,False,81
21459,2020-05-31,1519,158470,370,7046,,False,81
21459,2020-06-01,1520,158905,396,7076,,False,81
21459,2020-06-02,1521,159321,539,7089,,False,81
21459,2020-06-03,1522,159724,421,7121,,False,81
21459,2020-06-04,1523,160324,453,7158,,False,81
21459,2020-06-05,1524,160784,422,7179,,False,81
21459,2020-06-06,1525,161287,409,7218,,False,81
21459,2020-06-07,1526,161699,400,7230,,False,81
21459,2020-06-08,1527,162119,434,7254,,False,81
21459,2020-06-09,1528,162611,488,7298,,False,81
21459,2020-06-10,1529,163089,459,7329,,False,81
21459,2020-06-11,1530,163590,443,7357,,False,81
21459,2020-06-12,1531,164111,420,7383,,False,81
21459,2020-06-13,1532,164651,401,7420,,False,81
21459,2020-06-14,1533,165118,416,7451,,False,81
21459,2020-06-15,1534,165585,418,7472,,False,81
21459,2020-06-16,1535,166046,484,7487,,False,81
21459,2020-06-17,1536,166529,451,7525,,False,81
21459,2020-06-18,1537,167058,432,7551,,False,81
21459,2020-06-19,1538,167528,399,7573,,False,81
21459,2020-06-20,1539,167954,417,7587,,False,81
21459,2020-06-21,1540,168390,416,7625,,False,81
21459,2020-06-22,1541,168869,438,7658,,False,81
21459,2020-06-23,1542,169328,461,7660,,False,81
21459,2020-06-24,1543,169761,462,7685,,False,81
21459,2020-06-25,1544,170234,431,7707,,False,81
21459,2020-06-26,1545,170695,424,7735,,False,81
21459,2020-06-27,1546,171159,401,7777,,False,81
21459,2020-06-28,1547,171629,454,7805,,False,81
21459,2020-06-29,1548,172077,557,7832,,False,81
21459,2020-06-30,1549,172595,478,7855,,False,81
21459,2020-07-01,1550,173174,512,7886,,False,81
21459,2020-07-02,1551,173694,493,7911,,False,81
21459,2020-07-03,1552,174197,482,7941,,False,81
21459,2020-07-04,1553,174722,695,7965,,False,81
21459,2020-07-05,1554,175226,550,7983,,False,81
21459,2020-07-06,1555,175903,629,8022,,False,81
21459,2020-07-07,1556,176477,567,8054,,False,81
21459,2020-07-08,1557,177183,663,8105,,False,81
21459,2020-07-09,1558,177748,762,8147,,False,81
21459,2020-07-10,1559,178396,725,8174,,False,81
21459,2020-07-11,1560,179386,756,8224,,False,81
21459,2020-07-12,1561,180479,857,8274,,False,81
21459,2020-07-13,1562,181448,671,8316,,False,81
21459,2020-07-14,1563,182550,620,8348,,False,81
21459,2020-07-15,1564,183296,665,8389,,False,81
21459,2020-07-16,1565,184007,626,8434,,False,81
21459,2020-07-17,1566,184659,598,8464,,False,81
21459,2020-07-18,1567,185304,538,8495,,False,81
21459,2020-07-19,1568,185962,694,8555,,False,81
21459,2020-07-20,1569,186527,932,8577,,False,81
21459,2020-07-21,1570,187242,694,8619,,False,81
21459,2020-07-22,1571,188422,664,8696,,False,81
21459,2020-07-23,1572,189311,627,8756,,False,81
21459,2020-07-24,1573,189974,604,8804,,False,81
21459,2020-07-25,1574,190617,605,8845,,False,81
21459,2020-07-26,1575,191263,670,8911,,False,81
21459,2020-07-27,1576,191834,903,8940,,False,81
21459,2020-07-28,1577,192486,879,8987,,False,81
21459,2020-07-29,1578,193333,745,9031,,False,81
21459,2020-07-30,1579,194310,663,9085,,False,81
21459,2020-07-31,1580,195043,604,9131,,False,81
21459,2020-08-01,1581,195666,623,9177,,False,81
21459,2020-08-02,1582,196266,742,9208,,False,81
21459,2020-08-03,1583,196862,765,9239,,False,81
21459,2020-08-04,1584,197672,688,9309,,False,81
21459,2020-08-05,1585,198408,627,9354,,False,81
21459,2020-08-06,1586,199061,649,9402,,False,81
21459,2020-08-07,1587,199709,698,9434,,False,81
21459,2020-08-08,1588,200362,609,9481,,False,81
21459,2020-08-09,1589,201118,692,9520,,False,81
21459,2020-08-10,1590,201717,655,9559,,False,81
21459,2020-08-11,1591,202420,620,9602,,False,81
21459,2020-08-12,1592,203086,575,9633,,False,81
21459,2020-08-13,1593,203692,605,9670,,False,81
21459,2020-08-14,1594,204300,590,9696,,False,81
21459,2020-08-15,1595,204915,713,9733,,False,81
21459,2020-08-16,1596,205473,838,9784,,False,81
21459,2020-08-17,1597,206207,756,9828,,False,81
21459,2020-08-18,1598,207044,725,9882,,False,81
21459,2020-08-19,1599,207808,712,9941,,False,81
21459,2020-08-20,1600,208552,648,9987,,False,81
21459,2020-08-21,1601,209239,676,10047,,False,81
21459,2020-08-22,1602,209867,698,10110,,False,81
21459,2020-08-23,1603,210535,616,10169,,False,81
21459,2020-08-24,1604,211160,605,10214,,False,81
21459,2020-08-25,1605,211772,661,10247,,False,81
21459,2020-08-26,1606,212352,663,10298,,False,81
21459,2020-08-27,1607,212996,520,10351,,False,81
21459,2020-08-28,1608,213632,566,10392,,False,81
21459,2020-08-29,1609,214191,537,10438,,False,81
21459,2020-08-30,1610,214692,598,10468,,False,81
21459,2020-08-31,1611,215216,610,10512,,False,81
21459,2020-09-01,1612,215806,551,10542,,False,81
21459,2020-09-02,1613,216415,520,10592,,False,81
21459,2020-09-03,1614,216965,561,10631,,False,81
21459,2020-09-04,1615,217498,520,10675,,False,81
21459,2020-09-05,1616,218030,567,10724,,False,81
21459,2020-09-06,1617,218513,537,10753,,False,81
21459,2020-09-07,1618,219008,502,10772,,False,81
21459,2020-09-08,1619,219517,547,10793,,False,81
21459,2020-09-09,1620,220039,603,10841,,False,81
21459,2020-09-10,1621,220605,540,10896,,False,81
21459,2020-09-11,1622,221153,501,10940,,False,81
21459,2020-09-12,1623,221672,478,10965,,False,81
21459,2020-09-13,1624,222172,538,11004,,False,81
21459,2020-09-14,1625,222670,627,11038,,False,81
21459,2020-09-15,1626,223220,557,11082,,False,81
21459,2020-09-16,1627,223804,535,11099,,False,81
21459,2020-09-17,1628,224350,519,11143,,False,81
21459,2020-09-18,1629,224856,489,11169,,False,81
21459,2020-09-19,1630,225371,546,11209,,False,81
21459,2020-09-20,1631,225847,602,11258,,False,81
21459,2020-09-21,1632,226374,580,11300,,False,81
21459,2020-09-22,1633,226977,575,11336,,False,81
21459,2020-09-23,1634,227564,575,11394,,False,81
21459,2020-09-24,1635,228111,607,11439,,False,81
21459,2020-09-25,1636,228781,604,11501,,False,81
21459,2020-09-26,1637,229413,575,11550,,False,81
21459,2020-09-27,1638,230014,659,11601,,False,81
21459,2020-09-28,1639,230584,625,11648,,False,81
21459,2020-09-29,1640,231191,699,11673,,False,81
21459,2020-09-30,1641,231791,606,11707,,False,81
21459,2020-10-01,1642,232456,566,11739,,False,81
21459,2020-10-02,1643,233084,625,11782,,False,81
21459,2020-10-03,1644,233630,582,11823,,False,81
21459,2020-10-04,1645,234352,628,11893,,False,81
21459,2020-10-05,1646,234912,601,11917,,False,81
21459,2020-10-06,1647,235496,659,11962,,False,81
21459,2020-10-07,1648,236117,693,12034,,False,81
21459,2020-10-08,1649,236776,673,12091,,False,81
21459,2020-10-09,1650,237453,640,12145,,False,81
21459,2020-10-10,1651,238119,675,12197,,False,81
21459,2020-10-11,1652,238746,636,12254,,False,81
21459,2020-10-12,1653,239423,723,12300,,False,81
21459,2020-10-13,1654,240027,734,12357,,False,81
21459,2020-10-14,1655,240705,666,12408,,False,81
21459,2020-10-15,1656,241411,714,12449,,False,81
21459,2020-10-16,1657,242038,668,12486,,False,81
21459,2020-10-17,1658,242759,596,12540,,False,81
21459,2020-10-18,1659,243441,778,12600,,False,81
21459,2020-10-19,1660,244029,857,12642,,False,81
21459,2020-10-20,1661,244839,846,12717,,False,81
21459,2020-10-21,1662,245694,732,12789,,False,81
21459,2020-10-22,1663,246548,706,12851,,False,81
21459,2020-10-23,1664,247260,717,12914,,False,81
21459,2020-10-24,1665,247939,617,12952,,False,81
21459,2020-10-25,1666,248580,606,13006,,False,81
21459,2020-10-26,1667,249165,633,13061,,False,81
21459,2020-10-27,1668,249768,628,13119,,False,81
21459,2020-10-28,1669,250380,605,13177,,False,81
21459,2020-10-29,1670,250986,647,13219,,False,81
21459,2020-10-30,1671,251576,584,13267,,False,81
21459,2020-10-31,1672,252161,574,13282,,False,81
21459,2020-11-01,1673,252714,547,13333,,False,81
21459,2020-11-02,1674,253183,680,13375,,False,81
21459,2020-11-03,1675,253723,670,13406,,False,81
21459,2020-11-04,1676,254421,608,13466,,False,81
21459,2020-11-05,1677,255039,671,13503,,False,81
21459,2020-11-06,1678,255611,721,13549,,False,81
21459,2020-11-07,1679,256323,645,13600,,False,81
21459,2020-11-08,1680,257009,596,13658,,False,81
21459,2020-11-09,1681,257570,584,13689,,False,81
21459,2020-11-10,1682,258126,640,13705,,False,81
21459,2020-11-11,1683,258701,635,13744,,False,81
21459,2020-11-12,1684,259319,577,13794,,False,81
21459,2020-11-13,1685,259881,649,13832,,False,81
21459,2020-11-14,1686,260435,480,13885,,False,81
21459,2020-11-15,1687,260963,621,13901,,False,81
21459,2020-11-16,1688,261411,637,13922,,False,81
21459,2020-11-17,1689,261986,646,13968,,False,81
21459,2020-11-18,1690,262591,569,14004,,False,81
21459,2020-11-19,1691,263179,572,14046,,False,81
21459,2020-11-20,1692,263693,515,14086,,False,81
21459,2020-11-21,1693,264195,526,14130,,False,81
21459,2020-11-22,1694,264673,590,14173,,False,81
21459,2020-11-23,1695,265136,579,14204,,False,81
21459,2020-11-24,1696,265673,568,14245,,False,81
21459,2020-11-25,1697,266209,567,14301,,False,81
21459,2020-11-26,1698,266758,732,14340,,False,81
21459,2020-11-27,1699,267279,619,14378,,False,81
21459,2020-11-28,1700,267938,633,14432,,False,81
21459,2020-11-29,1701,268530,574,14482,,False,81
21459,2020-11-30,1702,269117,629,14526,,False,81
21459,2020-12-01,1703,269655,689,14572,,False,81
21459,2020-12-02,1704,270250,707,14611,,False,81
21459,2020-12-03,1705,270842,659,14642,,False,81
21459,2020-12-04,1706,271504,604,14710,,False,81
21459,2020-12-05,1707,272095,532,14778,,False,81
21459,2020-12-06,1708,272634,603,14821,,False,81
21459,2020-12-07,1709,273069,731,14845,,False,81
21459,2020-12-08,1710,273633,758,14908,,False,81
21459,2020-12-09,1711,274281,677,14950,,False,81
21459,2020-12-10,1712,274968,608,15002,,False,81
21459,2020-12-11,1713,275536,564,15025,,False,81
21459,2020-12-12,1714,276084,521,15071,,False,81
21459,2020-12-13,1715,276584,607,15122,,False,81
21459,2020-12-14,1716,277051,623,15147,,False,81
21459,2020-12-15,1717,277563,602,15185,,False,81
21459,2020-12-16,1718,278129,663,15252,,False,81
21459,2020-12-17,1719,278661,654,15290,,False,81
21459,2020-12-18,1720,279227,598,15338,,False,80
21459,2020-12-19,1721,279758,622,15373,,False,80
21459,2020-12-20,1722,280267,641,15389,,False,80
21459,2020-12-21,1723,280793,697,15435,,False,80
21459,2020-12-22,1724,281354,692,15488,,False,80
21459,2020-12-23,1725,281945,689,15550,,False,80
21459,2020-12-24,1726,282504,637,15588,,False,80
21459,2020-12-25,1727,283029,527,15618,,False,80
21459,2020-12-26,1728,283597,667,15648,,False,80
21459,2020-12-27,1729,284034,745,15667,,False,80
21459,2020-12-28,1730,284657,1142,15734,,False,80
21459,2020-12-29,1731,285282,1043,15763,,False,80
21459,2020-12-30,1732,286372,835,15876,,False,80
21459,2020-12-31,1733,287329,694,15945,,False,80
21459,2021-01-01,1734,288009,560,15997,,False,80
21459,2021-01-02,1735,288625,698,16055,,False,80
21459,2021-01-03,1736,289124,789,16099,,False,80
21459,2021-01-04,1737,289766,686,16146,,False,80
21459,2021-01-05,1738,290456,689,16204,,False,80
21459,2021-01-06,1739,291101,693,16258,,False,80
21459,2021-01-07,1740,291727,567,16322,,False,80
21459,2021-01-08,1741,292375,28,16367,,False,80
21459,2021-01-09,1742,293281,455,16451,,False,80
21459,2021-01-10,1743,293682,734,16484,,False,80
21459,2021-01-11,1744,294329,724,16522,,False,80
21459,2021-01-12,1745,295052,729,16588,,False,80
21459,2021-01-13,1746,295706,712,16644,,False,80
21459,2021-01-14,1747,296397,710,16690,,False,80
21459,2021-01-15,1748,297019,688,16748,,False,80
21459,2021-01-16,1749,297611,685,16793,,False,80
21459,2021-01-17,1750,298225,684,16859,,False,80
21459,2021-01-18,1751,298866,695,16906,,False,80
21459,2021-01-19,1752,299500,717,16952,,False,80
21459,2021-01-20,1753,300146,826,16993,,False,80
21459,2021-01-21,1754,300919,686,17076,,False,80
21459,2021-01-22,1755,301568,853,17123,,False,80
21459,2021-01-23,1756,302294,874,17194,,False,80
21459,2021-01-24,1757,303135,741,17288,,False,80
21459,2021-01-25,1758,303844,816,17353,,False,80
21459,2021-01-26,1759,304573,854,17415,,False,80
21459,2021-01-27,1760,305342,817,17471,,False,80
21459,2021-01-28,1761,306157,702,17521,,False,80
21459,2021-01-29,1762,306828,621,17569,,False,80
21459,2021-01-30,1763,307419,668,17615,,False,80
21459,2021-01-31,1764,308021,749,17646,,False,80
21459,2021-02-01,1765,308675,743,17691,,False,80
21459,2021-02-02,1766,309342,730,17731,,False,80
21459,2021-02-03,1767,310015,658,17759,,False,80
21459,2021-02-04,1768,310640,670,17793,,False,80
21459,2021-02-05,1769,311241,646,17863,,False,80
21459,2021-02-06,1770,311787,674,17897,,False,80
21459,2021-02-07,1771,312438,623,17949,,False,80
21459,2021-02-08,1772,312964,724,17991,,False,80
21459,2021-02-09,1773,313568,619,18028,,False,80
21459,2021-02-10,1774,314190,605,18053,,False,80
21459,2021-02-11,1775,314721,591,18107,,False,80
21459,2021-02-12,1776,315253,655,18148,,False,80
21459,2021-02-13,1777,315808,544,18177,,False,80
21459,2021-02-14,1778,316258,549,18205,,False,80
21459,2021-02-15,1779,316740,699,18250,,False,80
21459,2021-02-16,1780,317303,704,18292,,False,80
21459,2021-02-17,1781,317897,640,18325,,False,80
21459,2021-02-18,1782,318512,587,18387,,False,80
21459,2021-02-19,1783,319103,336,18435,,False,80
21459,2021-02-20,1784,319376,641,18454,,False,80
21459,2021-02-21,1785,319942,619,18486,,False,80
21459,2021-02-22,1786,320470,632,18534,,False,80
21459,2021-02-23,1787,321050,679,18589,,False,80
21459,2021-02-24,1788,321600,749,18624,,False,80
21459,2021-02-25,1789,322404,686,18677,,False,80
21459,2021-02-26,1790,323053,641,18722,,False,80
21459,2021-02-27,1791,323700,560,18743,,False,80
21459,2021-02-28,1792,324272,643,18793,,False,80
21459,2021-03-01,1793,324790,751,18838,,False,80
21459,2021-03-02,1794,325516,698,18910,,False,80
21459,2021-03-03,1795,326248,638,18963,,False,80
21459,2021-03-04,1796,326851,675,19008,,False,80
21459,2021-03-05,1797,327460,656,19060,,False,80
21459,2021-03-06,1798,328116,675,19110,,False,80
21459,2021-03-07,1799,328748,677,19167,,False,80
21459,2021-03-08,1800,329353,697,19218,,False,80
21459,2021-03-09,1801,329949,694,19265,,False,80
21459,2021-03-10,1802,330529,709,19297,,False,80
21459,2021-03-11,1803,331125,678,19314,,False,80
21459,2021-03-12,1804,331717,639,19372,,False,80
21459,2021-03-13,1805,332291,568,19403,,False,80
21459,2021-03-14,1806,332841,733,19447,,False,80
21459,2021-03-15,1807,333439,733,19503,,False,80
21459,2021-03-16,1808,334115,670,19547,,False,80
21459,2021-03-17,1809,334661,756,19584,,False,80
21459,2021-03-18,1810,335343,782,19632,,False,80
21459,2021-03-19,1811,336085,1505,19686,,False,80
21459,2021-03-20,1812,337479,905,19847,,False,80
21459,2021-03-21,1813,338369,817,19934,,False,80
21459,2021-03-22,1814,339055,840,20011,,False,80
21459,2021-03-23,1815,339751,815,20065,,False,80
21459,2021-03-24,1816,340432,851,20107,,False,80
21459,2021-03-25,1817,341185,790,20170,,False,80
21459,2021-03-26,1818,341906,933,20257,,False,80
21459,2021-03-27,1819,342748,872,20309,,False,80
21459,2021-03-28,1820,343582,976,20357,,False,80
21459,2021-03-29,1821,344401,878,20427,,False,80
21459,2021-03-30,1822,345175,952,20508,,False,80
21459,2021-03-31,1823,346010,836,20586,,False,80
21459,2021-04-01,1824,346777,887,20673,,False,80
21459,2021-04-02,1825,347567,1243,20750,,False,80
21459,2021-04-03,1826,348726,976,20823,,False,80
21459,2021-04-04,1827,349656,910,20888,,False,80
21459,2021-04-05,1828,350434,946,20965,,False,80
21459,2021-04-06,1829,351250,916,21035,,False,80
21459,2021-04-07,1830,352051,944,21081,,False,80
21459,2021-04-08,1831,352833,817,21118,,False,80
21459,2021-04-09,1832,353573,767,21158,,False,80
21459,2021-04-10,1833,354344,754,21227,,False,80
21459,2021-04-11,1834,355028,720,21280,,False,80
21459,2021-04-12,1835,355674,711,21321,,False,80
21459,2021-04-13,1836,356287,795,21365,,False,80
21459,2021-04-14,1837,357011,802,21414,,False,80
21459,2021-04-15,1838,357673,732,21467,,False,80
21459,2021-04-16,1839,358330,697,21501,,False,80
21459,2021-04-17,1840,359020,670,21569,,False,80
21459,2021-04-18,1841,359588,715,21605,,False,80
21459,2021-04-19,1842,360182,692,21642,,False,80
21459,2021-04-20,1843,360823,738,21683,,False,80
21459,2021-04-21,1844,361496,635,21749,,False,80
21459,2021-04-22,1845,362162,648,21768,,False,80
21459,2021-04-23,1846,362756,540,21802,,False,80
21459,2021-04-24,1847,363292,613,21851,,False,80
21459,2021-04-25,1848,363852,559,21884,,False,80
21459,2021-04-26,1849,364373,648,21918,,False,80
21459,2021-04-27,1850,364903,659,21946,,False,80
21459,2021-04-28,1851,365494,595,21978,,False,80
21459,2021-04-29,1852,366043,605,22026,,False,80
21459,2021-04-30,1853,366584,580,22072,,False,80
21459,2021-05-01,1854,367104,578,22123,,False,80
21459,2021-05-02,1855,367633,715,22166,,False,80
21459,2021-05-03,1856,368197,609,22198,,False,80
21459,2021-05-04,1857,368771,572,22243,,False,80
21459,2021-05-05,1858,369319,720,22284,,False,80
21459,2021-05-06,1859,369997,675,22342,,False,80
21459,2021-05-07,1860,370660,612,22406,,False,80
21459,2021-05-08,1861,371246,587,22424,,False,80
21459,2021-05-09,1862,371784,604,22466,,False,80
21459,2021-05-10,1863,372376,633,22521,,False,80
21459,2021-05-11,1864,372986,658,22556,,False,80
21459,2021-05-12,1865,373569,629,22578,,False,80
21459,2021-05-13,1866,374190,651,22630,,False,80
21459,2021-05-14,1867,374721,591,22664,,False,80
21459,2021-05-15,1868,375262,605,22694,,False,80
21459,2021-05-16,1869,375807,575,22730,,False,80
21459,2021-05-17,1870,376324,629,22769,,False,80
21459,2021-05-18,1871,376863,589,22797,,False,80
21459,2021-05-19,1872,377432,571,22816,,False,80
21459,2021-05-20,1873,378012,576,22866,,False,80
21459,2021-05-21,1874,378541,541,22889,,False,80
21459,2021-05-22,1875,379019,564,22906,,False,80
21459,2021-05-23,1876,379492,529,22923,,False,80
21459,2021-05-24,1877,379981,601,22943,,False,80
21459,2021-05-25,1878,380545,626,22980,,False,80
21459,2021-05-26,1879,381087,553,23024,,False,80
21459,2021-05-27,1880,381604,694,23032,,False,80
21459,2021-05-28,1881,382122,574,23069,,False,80
21459,2021-05-29,1882,382759,591,23108,,False,80
21459,2021-05-30,1883,383305,610,23143,,False,80
21459,2021-05-31,1884,383816,613,23184,,False,80
21459,2021-06-01,1885,384428,603,23221,,False,80
21459,2021-06-02,1886,385002,554,23282,,False,80
21459,2021-06-03,1887,385519,622,23312,,False,80
21459,2021-06-04,1888,386042,544,23351,,False,80
21459,2021-06-05,1889,386572,539,23392,,False,80
21459,2021-06-06,1890,387078,597,23426,,False,80
21459,2021-06-07,1891,387606,603,23449,,False,80
21459,2021-06-08,1892,388201,663,23483,,False,80
21459,2021-06-09,1893,388727,655,23499,,False,80
21459,2021-06-10,1894,389259,592,23545,,False,80
21459,2021-06-11,1895,389754,522,23575,,False,80
21459,2021-06-12,1896,390207,581,23594,,False,80
21459,2021-06-13,1897,390640,573,23631,,False,80
21459,2021-06-14,1898,391111,509,23663,,False,80
21459,2021-06-15,1899,391579,555,23695,,False,80
21459,2021-06-16,1900,392057,569,23718,,False,80
21459,2021-06-17,1901,392523,492,23760,,False,80
21459,2021-06-18,1902,392982,484,23775,,False,80
21459,2021-06-19,1903,393434,498,23818,,False,80
21459,2021-06-20,1904,393881,497,23853,,False,80
21459,2021-06-21,1905,394352,562,23909,,False,80
21459,2021-06-22,1906,394871,598,23931,,False,80
21459,2021-06-23,1907,395435,580,23969,,False,80
21459,2021-06-24,1908,395950,558,23993,,False,80
21459,2021-06-25,1909,396475,548,24041,,False,80
21459,2021-06-26,1910,397012,555,24074,,False,80
21459,2021-06-27,1911,397482,608,24093,,False,80
21459,2021-06-28,1912,397971,625,24121,,False,80
21459,2021-06-29,1913,398578,678,24152,,False,80
21459,2021-06-30,1914,399169,642,24196,,False,80
21459,2021-07-01,1915,399789,630,24229,,False,80
21459,2021-07-02,1916,400357,610,24265,,False,80
21459,2021-07-03,1917,400915,625,24314,,False,80
21459,2021-07-04,1918,401446,633,24353,,False,80
21459,2021-07-05,1919,401981,602,24393,,False,80
21459,2021-07-06,1920,402554,706,24422,,False,80
21459,2021-07-07,1921,403224,670,24474,,False,80
21459,2021-07-08,1922,403843,637,24538,,False,80
21459,2021-07-09,1923,404461,659,24594,,False,80
21459,2021-07-10,1924,405061,597,24640,,False,80
21459,2021-07-11,1925,405620,546,24680,,False,80
21459,2021-07-12,1926,406098,557,24708,,False,80
21459,2021-07-13,1927,406613,656,24724,,False,80
21459,2021-07-14,1928,407236,687,24786,,False,80
21459,2021-07-15,1929,407920,661,24841,,False,80
21459,2021-07-16,1930,408517,669,24895,,False,80
21459,2021-07-17,1931,409123,590,24947,,False,80
21459,2021-07-18,1932,409677,662,24973,,False,80
21459,2021-07-19,1933,410240,628,25006,,False,80
21459,2021-07-20,1934,410834,620,25043,,False,80
21459,2021-07-21,1935,411413,548,25068,,False,80
21459,2021-07-22,1936,411938,564,25101,,False,80
21459,2021-07-23,1937,412455,506,25139,,False,80
21459,2021-07-24,1938,412935,486,25178,,False,80
21459,2021-07-25,1939,413428,510,25218,,False,80
21459,2021-07-26,1940,413843,490,25244,,False,80
21459,2021-07-27,1941,414330,465,25281,,False,80
21459,2021-07-28,1942,414766,528,25317,,False,80
21459,2021-07-29,1943,415239,538,25348,,False,80
21459,2021-07-30,1944,415716,512,25378,,False,80
21459,2021-07-31,1945,416189,541,25419,,False,80
21459,2021-08-01,1946,416656,570,25434,,False,80
21459,2021-08-02,1947,417112,513,25468,,False,80
21459,2021-08-03,1948,417635,541,25516,,False,80
21459,2021-08-04,1949,418141,507,25547,,False,80
21459,2021-08-05,1950,418599,542,25577,,False,80
21459,2021-08-06,1951,419076,512,25616,,False,80
21459,2021-08-07,1952,419567,476,25657,,False,80
21459,2021-08-08,1953,419972,570,25709,,False,80
21459,2021-08-09,1954,420459,588,25765,,False,80
21459,2021-08-10,1955,421003,629,25821,,False,80
21459,2021-08-11,1956,421545,524,25878,,False,80
21459,2021-08-12,1957,422018,487,25919,,False,80
21459,2021-08-13,1958,422497,543,25951,,False,80
21459,2021-08-14,1959,423004,449,25987,,False,80
21459,2021-08-15,1960,423437,541,26035,,False,80
21459,2021-08-16,1961,423911,484,26073,,False,80
21459,2021-08-17,1962,424403,540,26087,,False,80
21459,2021-08-18,1963,424909,494,26127,,False,80
21459,2021-08-19,1964,425365,567,26159,,False,79
21459,2021-08-20,1965,425880,449,26199,,False,79
21459,2021-08-21,1966,426355,440,26236,,False,79
21459,2021-08-22,1967,426789,518,26268,,False,79
21459,2021-08-23,1968,427222,568,26300,,False,79
21459,2021-08-24,1969,427741,544,26341,,False,79
21459,2021-08-25,1970,428240,481,26378,,False,79
21459,2021-08-26,1971,428714,481,26408,,False,79
21459,2021-08-27,1972,429161,406,26442,,False,79
21459,2021-08-28,1973,429594,438,26471,,False,79
21459,2021-08-29,1974,430003,466,26507,,False,79
21459,2021-08-30,1975,430418,419,26517,,False,79
21459,2021-08-31,1976,430821,469,26534,,False,79
21459,2021-09-01,1977,431299,410,26567,,False,79
21459,2021-09-02,1978,431688,368,26587,,False,79
21459,2021-09-03,1979,432059,366,26624,,False,79
21459,2021-09-04,1980,432427,436,26640,,False,79
21459,2021-09-05,1981,432818,491,26748,,False,79
21459,2021-09-06,1982,433200,334,26816,,False,79
21459,2021-09-07,1983,433540,402,26856,,False,79
21459,2021-09-08,1984,433906,404,26876,,False,79
21459,2021-09-09,1985,434290,411,26911,,False,79
21459,2021-09-10,1986,434647,367,26928,,False,79
21459,2021-09-11,1987,435003,460,26958,,False,79
21459,2021-09-12,1988,435469,558,26988,,False,79
21459,2021-09-13,1989,436017,419,27002,,False,79
21459,2021-09-14,1990,436497,385,27042,,False,79
21459,2021-09-15,1991,436865,393,27056,,False,79
21459,2021-09-16,1992,437272,371,27089,,False,79
21459,2021-09-17,1993,437642,384,27104,,False,79
21459,2021-09-18,1994,438033,329,27144,,False,79
21459,2021-09-19,1995,438366,419,27162,,False,79
21459,2021-09-20,1996,438733,337,27181,,False,79
21459,2021-09-21,1997,439087,411,27206,,False,79
21459,2021-09-22,1998,439461,374,27225,,False,79
21459,2021-09-23,1999,439835,374,27247,,False,79
21459,2021-09-24,2000,440189,321,27262,,False,79
21459,2021-09-25,2001,440539,323,27286,,False,79
21459,2021-09-26,2002,440860,536,27339,,False,79
21459,2021-09-27,2003,441349,465,27353,,False,79
21459,2021-09-28,2004,441743,412,27383,,False,79
21459,2021-09-29,2005,442115,327,27394,,False,79
21459,2021-09-30,2006,442453,294,27410,,False,79
21459,2021-10-01,2007,442778,284,27436,,False,79
21459,2021-10-03,2009,443386,319,27487,,False,79
21459,2021-10-04,2010,443753,365,27515,,False,79
21459,2021-10-05,2011,444132,365,27538,,False,79
21459,2021-10-06,2012,444473,298,27552,,False,79
21459,2021-10-07,2013,444774,337,27562,,False,79
21459,2021-10-08,2014,445106,326,27596,,False,79
21459,2021-10-09,2015,445433,340,27620,,False,79
21459,2021-10-10,2016,445763,349,27653,,False,79
21459,2021-10-11,2017,446063,390,27666,,False,79
21459,2021-10-12,2018,446476,358,27695,,False,79
21459,2021-10-13,2019,446825,343,27708,,False,79
21459,2021-10-14,2020,447172,318,27732,,False,79
21459,2021-10-15,2021,447477,294,27755,,False,79
21459,2021-10-16,2022,447759,308,27771,,False,79
21459,2021-10-17,2023,448035,346,27782,,False,79
21459,2021-10-18,2024,448363,375,27807,,False,79
21459,2021-10-19,2025,448738,343,27833,,False,79
21459,2021-10-20,2026,449136,332,27842,,False,79
21459,2021-10-21,2027,449504,370,27852,,False,79
21459,2021-10-22,2028,449865,306,27876,,False,79
21459,2021-10-23,2029,450199,301,27900,,False,79
21459,2021-10-24,2030,450486,365,27920,,False,79
21459,2021-10-25,2031,450828,345,27932,,False,79
21459,2021-10-26,2032,451187,346,27968,,False,79
21459,2021-10-27,2033,451519,286,27990,,False,79
21459,2021-10-28,2034,451809,273,28011,,False,79
21459,2021-10-29,2035,452072,302,28026,,False,79
21459,2021-10-30,2036,452373,343,28045,,False,79
21459,2021-10-31,2037,452700,312,28066,,False,79
21459,2021-11-01,2038,452995,333,28074,,False,79
21459,2021-11-02,2039,453307,329,28085,,False,79
21459,2021-11-03,2040,453617,342,28100,,False,79
21459,2021-11-04,2041,453926,334,28119,,False,79
21459,2021-11-05,2042,454252,305,28139,,False,79
21459,2021-11-06,2043,454559,280,28164,,False,79
21459,2021-11-07,2044,454844,375,28176,,False,79
21459,2021-11-08,2045,455176,312,28209,,False,79
21459,2021-11-09,2046,455515,259,28231,,False,79
21459,2021-11-10,2047,455763,302,28247,,False,79
21459,2021-11-11,2048,456067,298,28262,,False,79
21459,2021-11-12,2049,456355,286,28270,,False,79
21459,2021-11-13,2050,456645,310,28287,,False,79
21459,2021-11-14,2051,456933,300,28313,,False,79
21459,2021-11-15,2052,457200,293,28322,,False,79
21459,2021-11-16,2053,457483,274,28323,,False,79
21459,2021-11-17,2054,457742,299,28346,,False,79
21459,2021-11-18,2055,458008,310,28366,,False,79
21459,2021-11-19,2056,458305,298,28386,,False,79
21459,2021-11-20,2057,458572,262,28405,,False,79
21459,2021-11-21,2058,458828,378,28422,,False,79
21459,2021-11-22,2059,459174,322,28450,,False,79
21459,2021-11-23,2060,459479,325,28455,,False,79
21459,2021-11-24,2061,459773,307,28469,,False,79
21459,2021-11-25,2062,460066,339,28493,,False,79
21459,2021-11-26,2063,460329,342,28500,,False,79
21459,2021-11-27,2064,460654,285,28520,,False,79
21459,2021-11-28,2065,460935,294,28553,,False,79
21459,2021-11-29,2066,461199,296,28569,,False,79
21459,2021-11-30,2067,461474,302,28593,,False,79
21459,2021-12-01,2068,461743,274,28601,,False,79
21459,2021-12-02,2069,462026,222,28602,,False,79
21459,2021-12-03,2070,462256,294,28621,,False,79
21459,2021-12-04,2071,462542,216,28633,,False,79
21459,2021-12-05,2072,462771,281,28641,,False,79
21459,2021-12-06,2073,463047,291,28666,,False,79
21459,2021-12-07,2074,463330,293,28684,,False,79
21459,2021-12-08,2075,463590,267,28693,,False,79
21459,2021-12-09,2076,463855,296,28700,,False,79
21459,2021-12-10,2077,464146,274,28717,,False,79
21459,2021-12-11,2078,464438,235,28726,,False,79
21459,2021-12-12,2079,464682,290,28737,,False,79
21459,2021-12-13,2080,464982,277,28758,,False,79
21459,2021-12-14,2081,465251,262,28767,,False,79
21459,2021-12-15,2082,465545,273,28779,,False,79
21459,2021-12-16,2083,465833,295,28809,,False,79
21459,2021-12-17,2084,466096,224,28826,,False,79
21459,2021-12-18,2085,466345,235,28833,,False,79
21459,2021-12-19,2086,466564,310,28851,,False,79
21459,2021-12-20,2087,466839,307,28876,,False,79
21459,2021-12-21,2088,467152,259,28899,,False,79
21459,2021-12-22,2089,467411,284,28908,,False,79
21459,2021-12-23,2090,467707,312,28944,,False,79
21459,2021-12-24,2091,468013,281,28953,,False,79
21459,2021-12-25,2092,468288,288,28963,,False,79
21459,2021-12-26,2093,468540,304,28985,,False,79
21459,2021-12-27,2094,468828,341,28998,,False,79
21459,2021-12-28,2095,469110,376,29006,,False,79
21459,2021-12-29,2096,469449,382,29033,,False,79
21459,2021-12-30,2097,469828,360,29060,,False,79
21459,2021-12-31,2098,470193,381,29082,,False,79
21459,2022-01-01,2099,470569,258,29099,,False,79
21459,2022-01-02,2100,470837,435,29122,,False,79
21459,2022-01-03,2101,471254,382,29148,,False,79
21459,2022-01-04,2102,471660,349,29172,,False,79
21459,2022-01-05,2103,472038,353,29198,,False,79
21459,2022-01-06,2104,472375,350,29216,,False,79
21459,2022-01-07,2105,472686,304,29221,,False,79
21459,2022-01-08,2106,472983,340,29240,,False,79
21459,2022-01-09,2107,473328,398,29260,,False,79
21459,2022-01-10,2108,473733,363,29262,,False,79
21459,2022-01-11,2109,474164,421,29283,,False,79
21459,2022-01-12,2110,474586,343,29314,,False,79
21459,2022-01-13,2111,474981,380,29333,,False,79
21459,2022-01-14,2112,475329,346,29351,,False,79
21459,2022-01-15,2113,475682,335,29360,,False,79
21459,2022-01-16,2114,476003,425,29370,,False,79
21459,2022-01-17,2115,476402,359,29385,,False,79
21459,2022-01-18,2116,476786,325,29403,,False,79
21459,2022-01-19,2117,477117,362,29431,,False,79
21459,2022-01-20,2118,477485,305,29444,,False,79
21459,2022-01-21,2119,477809,281,29456,,False,79
21459,2022-01-22,2120,478112,297,29474,,False,79
21459,2022-01-23,2121,478397,346,29487,,False,79
21459,2022-01-24,2122,478760,317,29522,,False,79
21459,2022-01-25,2123,479079,287,29537,,False,79
21459,2022-01-26,2124,479391,328,29560,,False,79
21459,2022-01-27,2125,479695,320,29573,,False,79
21459,2022-01-28,2126,480012,319,29593,,False,79
21459,2022-01-29,2127,480311,309,29614,,False,79
21459,2022-01-30,2128,480609,343,29630,,False,79
21459,2022-01-31,2129,480923,271,29645,,False,79
21459,2022-02-01,2130,481222,313,29652,,False,79
21459,2022-02-02,2131,481513,315,29670,,False,79
21459,2022-02-03,2132,481803,299,29680,,False,79
21459,2022-02-04,2133,482118,287,29700,,False,79
21459,2022-02-05,2134,482402,254,29708,,False,79
21459,2022-02-06,2135,482676,343,29730,,False,79
21459,2022-02-07,2136,483019,318,29756,,False,79
21459,2022-02-08,2137,483340,294,29769,,False,79
21459,2022-02-09,2138,483657,316,29776,,False,79
21459,2022-02-10,2139,483955,307,29782,,False,79
21459,2022-02-11,2140,484240,256,29810,,False,79
21459,2022-02-12,2141,484479,292,29811,,False,79
21459,2022-02-13,2142,484777,295,29822,,False,79
21459,2022-02-14,2143,485064,361,29841,,False,79
21459,2022-02-15,2144,485396,280,29851,,False,79
21459,2022-02-16,2145,485693,284,29870,,False,79
21459,2022-02-17,2146,485992,259,29876,,False,79
21459,2022-02-18,2147,486282,332,29886,,False,79
21459,2022-02-19,2148,486604,323,29913,,False,79
21459,2022-02-20,2149,486908,332,29936,,False,79
21459,2022-02-21,2150,487233,379,29949,,False,79
21459,2022-02-22,2151,487586,280,29952,,False,79
21459,2022-02-23,2152,487908,310,29971,,False,79
21459,2022-02-24,2153,488210,291,29985,,False,79
21459,2022-02-25,2154,488505,257,30018,,False,79
21459,2022-02-26,2155,488750,295,30031,,False,79
21459,2022-02-27,2156,489033,370,30051,,False,79
21459,2022-02-28,2157,489385,292,30078,,False,79
21459,2022-03-01,2158,489683,284,30089,,False,79
21459,2022-03-02,2159,489953,291,30104,,False,79
21459,2022-03-03,2160,490222,275,30120,,False,79
21459,2022-03-04,2161,490505,228,30135,,False,79
21459,2022-03-05,2162,490725,256,30146,,False,79
21459,2022-03-06,2163,490978,300,30156,,False,79
21459,2022-03-07,2164,491268,317,30179,,False,79
21459,2022-03-08,2165,491564,280,30203,,False,79
21459,2022-03-09,2166,491837,241,30219,,False,79
21459,2022-03-10,2167,492065,245,30232,,False,79
21459,2022-03-11,2168,492295,231,30241,,False,79
21459,2022-03-12,2169,492519,239,30252,,False,79
21459,2022-03-13,2170,492755,273,30270,,False,79
21459,2022-03-14,2171,493027,279,30284,,False,79
21459,2022-03-15,2172,493291,305,30293,,False,79
21459,2022-03-16,2173,493584,319,30303,,False,79
21459,2022-03-17,2174,493879,256,30319,,False,79
21459,2022-03-18,2175,494154,224,30325,,False,79
21459,2022-03-19,2176,494406,269,30328,,False,79
21459,2022-03-20,2177,494672,260,30342,,False,79
21459,2022-03-21,2178,494937,305,30358,,False,79
21459,2022-03-22,2179,495238,276,30378,,False,79
21459,2022-03-23,2180,495521,298,30399,,False,79
21459,2022-03-24,2181,495809,315,30407,,False,79
21459,2022-03-25,2182,496112,275,30423,,False,79
21459,2022-03-26,2183,496403,245,30444,,False,79
21459,2022-03-27,2184,496668,346,30457,,False,79
21459,2022-03-28,2185,497008,311,30459,,False,79
21459,2022-03-29,2186,497373,346,30469,,False,79
21459,2022-03-30,2187,497733,329,30473,,False,79
21459,2022-03-31,2188,498112,308,30498,,False,79
21459,2022-04-01,2189,498442,294,30501,,False,79
21459,2022-04-02,2190,498775,292,30520,,False,79
21459,2022-04-03,2191,499082,326,30524,,False,79
21459,2022-04-04,2192,499437,350,30545,,False,79
21459,2022-04-05,2193,499817,327,30544,,False,79
21459,2022-04-06,2194,500189,299,30573,,False,79
21459,2022-04-07,2195,500533,287,30580,,False,79
21459,2022-04-08,2196,500849,310,30607,,False,79
21459,2022-04-09,2197,501164,290,30628,,False,79
21459,2022-04-10,2198,501503,414,30646,,False,79
21459,2022-04-11,2199,501889,378,30659,,False,79
21459,2022-04-12,2200,502333,347,30683,,False,79
21459,2022-04-13,2201,502720,326,30698,,False,79
21459,2022-04-14,2202,503115,329,30712,,False,79
21459,2022-04-15,2203,503449,354,30737,,False,79
21459,2022-04-16,2204,503846,401,30754,,False,79
21459,2022-04-17,2205,504278,399,30762,,False,79
21459,2022-04-18,2206,504686,388,30785,,False,79
21459,2022-04-19,2207,505075,359,30808,,False,79
21459,2022-04-20,2208,505435,359,30825,,False,79
21459,2022-04-21,2209,505830,374,30839,,False,79
21459,2022-04-22,2210,506185,327,30857,,False,79
21459,2022-04-23,2211,506528,322,30874,,False,79
21459,2022-04-24,2212,506892,394,30889,,False,79
21459,2022-04-25,2213,507277,346,30912,,False,79
21459,2022-04-26,2214,507648,365,30914,,False,79
21459,2022-04-27,2215,508063,309,30938,,False,79
21459,2022-04-28,2216,508388,257,30962,,False,79
21459,2022-04-29,2217,508680,256,30981,,False,79
21459,2022-04-30,2218,508950,239,30996,,False,79
21459,2022-05-01,2219,509196,314,31009,,False,79
21459,2022-05-02,2220,509498,308,31024,,False,79
21459,2022-05-03,2221,509784,290,31031,,False,78
21459,2022-05-04,2222,510093,283,31050,,False,78
21459,2022-05-05,2223,510369,315,31065,,False,78
21459,2022-05-06,2224,510645,239,31074,,False,78
21459,2022-05-07,2225,510911,232,31085,,False,78
21459,2022-05-08,2226,511140,254,31095,,False,78
21459,2022-05-09,2227,511404,269,31103,,False,78
21459,2022-05-10,2228,511694,227,31118,,False,78
21459,2022-05-11,2229,511947,250,31129,,False,78
21459,2022-05-12,2230,512216,258,31146,,False,78
21459,2022-05-13,2231,512486,260,31165,,False,78
21459,2022-05-14,2232,512756,232,31178,,False,78
21459,2022-05-15,2233,513004,296,31186,,False,78
21459,2022-05-16,2234,513279,302,31198,,False,78
21459,2022-05-17,2235,513581,243,31212,,False,78
21459,2022-05-18,2236,513843,251,31240,,False,78
21459,2022-05-19,2237,514102,228,31254,,False,78
21459,2022-05-20,2238,514321,255,31259,,False,78
21459,2022-05-21,2239,514571,227,31267,,False,78
21459,2022-05-22,2240,514782,276,31280,,False,78
21459,2022-05-23,2241,515030,298,31296,,False,78
21459,2022-05-24,2242,515340,269,31310,,False,78
21459,2022-05-25,2243,515619,279,31321,,False,78
21459,2022-05-26,2244,515874,247,31338,,False,78
21459,2022-05-27,2245,516124,222,31347,,False,78
21459,2022-05-28,2246,516353,244,31370,,False,78
21459,2022-05-29,2247,516589,264,31391,,False,78
21459,2022-05-30,2248,516843,247,31408,,False,78
21459,2022-05-31,2249,517110,279,31419,,False,78
21459,2022-06-01,2250,517382,251,31435,,False,78
21459,2022-06-02,2251,517654,224,31444,,False,78
21459,2022-06-03,2252,517856,236,31457,,False,78
21459,2022-06-04,2253,518076,202,31457,,False,78
21459,2022-06-05,2254,518272,281,31485,,False,78
21459,2022-06-06,2255,518531,261,31508,,False,78
21459,2022-06-07,2256,518782,302,31519,,False,78
21459,2022-06-08,2257,519038,262,31526,,False,78
21459,2022-06-09,2258,519299,211,31531,,False,78
21459,2022-06-10,2259,519537,206,31550,,False,78
21459,2022-06-11,2260,519736,251,31557,,False,78
21459,2022-06-12,2261,519979,270,31588,,False,78
21459,2022-06-13,2262,520232,225,31591,,False,78
21459,2022-06-14,2263,520493,251,31605,,False,78
21459,2022-06-15,2264,520729,235,31620,,False,78
21459,2022-06-16,2265,520971,265,31639,,False,78
21459,2022-06-17,2266,521213,234,31652,,False,78
21459,2022-06-18,2267,521428,261,31663,,False,78
21459,2022-06-19,2268,521677,266,31671,,False,78
21459,2022-06-20,2269,521921,239,31692,,False,78
21459,2022-06-21,2270,522158,255,31720,,False,78
21459,2022-06-22,2271,522420,271,31736,,False,78
21459,2022-06-23,2272,522669,279,31758,,False,78
21459,2022-06-24,2273,522935,271,31782,,False,78
21459,2022-06-25,2274,523162,271,31798,,False,78
21459,2022-06-26,2275,523422,280,31804,,False,78
21459,2022-06-27,2276,523706,313,31829,,False,78
21459,2022-06-28,2277,524015,329,31844,,False,78
21459,2022-06-29,2278,524315,260,31863,,False,78
21459,2022-06-30,2279,524637,257,31874,,False,78
21459,2022-07-01,2280,524914,255,31885,,False,78
21459,2022-07-02,2281,525186,224,31892,,False,78
21459,2022-07-03,2282,525404,263,31900,,False,78
21459,2022-07-04,2283,525644,281,31908,,False,78
21459,2022-07-05,2284,525921,311,31917,,False,78
21459,2022-07-06,2285,526239,281,31934,,False,78
21459,2022-07-07,2286,526495,304,31933,,False,78
21459,2022-07-08,2287,526778,270,31944,,False,78
21459,2022-07-09,2288,527030,238,31950,,False,78
21459,2022-07-10,2289,527284,303,31969,,False,78
21459,2022-07-11,2290,527546,272,31975,,False,78
21459,2022-07-12,2291,527824,305,31987,,False,78
21459,2022-07-13,2292,528116,290,32003,,False,78
21459,2022-07-14,2293,528380,281,32015,,False,78
21459,2022-07-15,2294,528673,221,32028,,False,78
21459,2022-07-16,2295,528901,252,32033,,False,78
21459,2022-07-17,2296,529131,239,32053,,False,78
21459,2022-07-18,2297,529352,247,32063,,False,78
21459,2022-07-19,2298,529600,268,32077,,False,78
21459,2022-07-20,2299,529882,251,32089,,False,78
21459,2022-07-21,2300,530126,282,32098,,False,78
21459,2022-07-22,2301,530385,269,32114,,False,78
21459,2022-07-23,2302,530669,247,32142,,False,78
21459,2022-07-24,2303,530913,277,32152,,False,78
21459,2022-07-25,2304,531166,299,32173,,False,78
21459,2022-07-26,2305,531462,267,32190,,False,78
21459,2022-07-27,2306,531711,256,32205,,False,78
21459,2022-07-28,2307,531971,290,32235,,False,78
21459,2022-07-29,2308,532216,261,32240,,False,78
21459,2022-07-30,2309,532451,252,32245,,False,78
21459,2022-07-31,2310,532678,263,32255,,False,78
21459,2022-08-01,2311,532910,301,32273,,False,78
21459,2022-08-02,2312,533210,258,32278,,False,78
21459,2022-08-03,2313,533472,354,32298,,False,78
21459,2022-08-04,2314,533752,339,32314,,False,78
21459,2022-08-05,2315,534077,309,32343,,False,78
21459,2022-08-06,2316,534373,295,32361,,False,78
21459,2022-08-07,2317,534627,329,32359,,False,78
21459,2022-08-08,2318,534904,335,32380,,False,78
21459,2022-08-09,2319,535214,295,32380,,False,78
21459,2022-08-10,2320,535509,278,32401,,False,78
21459,2022-08-11,2321,535768,278,32410,,False,78
21459,2022-08-12,2322,536054,244,32431,,False,78
21459,2022-08-13,2323,536250,217,32439,,False,78
21459,2022-08-14,2324,536467,264,32449,,False,78
21459,2022-08-15,2325,536683,270,32465,,False,78
21459,2022-08-16,2326,536940,256,32477,,False,78
21459,2022-08-17,2327,537197,287,32497,,False,78
21459,2022-08-18,2328,537422,307,32517,,False,78
21459,2022-08-19,2329,537692,269,32527,,False,78
21459,2022-08-20,2330,537954,177,32536,,False,78
21459,2022-08-21,2331,538142,276,32540,,False,78
21459,2022-08-22,2332,538390,256,32562,,False,78
21459,2022-08-23,2333,538628,241,32565,,False,78
21459,2022-08-24,2334,538854,223,32584,,False,78
21459,2022-08-25,2335,539056,238,32603,,False,78
21459,2022-08-26,2336,539278,226,32617,,False,78
21459,2022-08-27,2337,539502,197,32623,,False,78
21459,2022-08-28,2338,539679,216,32628,,False,78
21459,2022-08-29,2339,539857,226,32640,,False,78
21459,2022-08-30,2340,540079,220,32651,,False,78
21459,2022-08-31,2341,540236,256,32647,,False,78
21459,2022-09-01,2342,540460,246,32660,,False,78
21459,2022-09-02,2343,540675,186,32662,,False,78
21459,2022-09-03,2344,540860,197,32683,,False,78
21459,2022-09-04,2345,541041,244,32690,,False,78
21459,2022-09-05,2346,541268,232,32700,,False,78
21459,2022-09-06,2347,541478,216,32711,,False,78
21459,2022-09-07,2348,541670,147,32725,,False,78
21459,2022-09-08,2349,541810,202,32739,,False,78
21459,2022-09-09,2350,541989,168,32741,,False,78
21459,2022-09-10,2351,542187,180,32760,,False,78
21459,2022-09-11,2352,542381,235,32768,,False,78
21459,2022-09-12,2353,542588,221,32779,,False,78
21459,2022-09-13,2354,542831,218,32792,,False,78
21459,2022-09-14,2355,543022,191,32802,,False,78
21459,2022-09-15,2356,543210,207,32814,,False,78
21459,2022-09-16,2357,543390,185,32817,,False,78
21459,2022-09-17,2358,543553,203,32821,,False,78
21459,2022-09-18,2359,543751,256,32824,,False,78
21459,2022-09-19,2360,543990,239,32842,,False,78
21459,2022-09-20,2361,544204,229,32851,,False,78
21459,2022-09-21,2362,544428,182,32859,,False,78
21459,2022-09-22,2363,544634,233,32877,,False,78
21459,2022-09-23,2364,544881,224,32899,,False,78
21459,2022-09-24,2365,545089,203,32901,,False,78
21459,2022-09-25,2366,545303,238,32919,,False,78
21459,2022-09-26,2367,545537,272,32927,,False,78
21459,2022-09-27,2368,545777,292,32943,,False,78
21459,2022-09-28,2369,546005,192,32958,,False,78
21459,2022-09-29,2370,546243,242,32973,,False,78
21459,2022-09-30,2371,546469,171,32984,,False,78
21459,2022-10-01,2372,546658,236,33000,,False,78
21459,2022-10-02,2373,546867,328,33023,,False,78
21459,2022-10-03,2374,547154,307,33025,,False,78
21459,2022-10-04,2375,547420,267,33048,,False,78
21459,2022-10-05,2376,547668,243,33057,,False,78
21459,2022-10-06,2377,547903,201,33074,,False,78
21459,2022-10-07,2378,548070,233,33085,,False,78
21459,2022-10-08,2379,548279,254,33113,,False,78
21459,2022-10-09,2380,548483,271,33122,,False,78
21459,2022-10-10,2381,548735,276,33116,,False,78
21459,2022-10-11,2382,548993,313,33122,,False,78
21459,2022-10-12,2383,549257,357,33132,,False,78
21459,2022-10-13,2384,549605,293,33156,,False,78
21459,2022-10-14,2385,549910,327,33182,,False,78
21459,2022-10-15,2386,550188,288,33200,,False,78
21459,2022-10-16,2387,550451,308,33215,,False,78
21459,2022-10-17,2388,550719,286,33228,,False,78
21459,2022-10-18,2389,550955,234,33247,,False,78
21459,2022-10-19,2390,551171,212,33258,,False,78
21459,2022-10-20,2391,551382,222,33266,,False,78
21459,2022-10-21,2392,551618,214,33270,,False,78
21459,2022-10-22,2393,551820,231,33289,,False,78
21459,2022-10-23,2394,552040,243,33307,,False,78
21459,2022-10-24,2395,552274,234,33324,,False,78
21459,2022-10-25,2396,552516,237,33341,,False,78
21459,2022-10-26,2397,552722,212,33357,,False,78
21459,2022-10-27,2398,552927,207,33364,,False,78
21459,2022-10-28,2399,553114,186,33368,,False,78
21459,2022-10-29,2400,553278,219,33380,,False,78
21459,2022-10-30,2401,553475,213,33388,,False,78
21459,2022-10-31,2402,553664,189,33407,,False,78
21459,2022-11-01,2403,553867,182,33420,,False,78
21459,2022-11-02,2404,554020,192,33427,,False,78
21459,2022-11-03,2405,554206,191,33447,,False,78
21459,2022-11-04,2406,554386,191,33458,,False,78
21459,2022-11-05,2407,554572,192,33470,,False,78
21459,2022-11-06,2408,554765,214,33488,,False,78
21459,2022-11-07,2409,554969,257,33502,,False,78
21459,2022-11-08,2410,555220,223,33521,,False,78
21459,2022-11-09,2411,555426,186,33537,,False,78
21459,2022-11-10,2412,555627,214,33551,,False,78
21459,2022-11-11,2413,555795,190,33559,,False,78
21459,2022-11-12,2414,555945,18,33556,,False,78
21459,2022-11-13,2415,555945,173,33556,,False,78
21459,2022-11-14,2416,556267,236,33577,,False,78
21459,2022-11-15,2417,556494,188,33589,,False,78
21459,2022-11-16,2418,556673,171,33593,,False,78
21459,2022-11-17,2419,556838,198,33600,,False,78
21459,2022-11-18,2420,557024,177,33607,,False,78
21459,2022-11-19,2421,557197,171,33623,,False,78
21459,2022-11-20,2422,557354,194,33643,,False,78
21459,2022-11-21,2423,557536,212,33674,,False,78
21459,2022-11-22,2424,557734,191,33679,,False,78
21459,2022-11-23,2425,557924,162,33685,,False,78
21459,2022-11-24,2426,558075,210,33694,,False,78
21459,2022-11-25,2427,558246,172,33712,,False,78
21459,2022-11-26,2428,558414,206,33709,,False,78
21459,2022-11-27,2429,558586,257,33720,,False,78
21459,2022-11-28,2430,558801,237,33745,,False,78
21459,2022-11-29,2431,558997,207,33748,,False,78
21459,2022-11-30,2432,559187,205,33760,,False,78
21459,2022-12-01,2433,559373,171,33768,,False,78
21459,2022-12-02,2434,559533,170,33776,,False,78
21459,2022-12-03,2435,559698,174,33784,,False,78
21459,2022-12-04,2436,559855,258,33798,,False,78
21459,2022-12-05,2437,560037,224,33807,,False,78
21459,2022-12-06,2438,560249,214,33819,,False,78
21459,2022-12-07,2439,560441,184,33838,,False,78
21459,2022-12-08,2440,560622,203,33852,,False,78
21459,2022-12-09,2441,560769,241,33865,,False,78
21459,2022-12-10,2442,560948,185,33881,,False,78
21459,2022-12-11,2443,561103,242,33893,,False,78
21459,2022-12-12,2444,561300,278,33903,,False,78
21459,2022-12-13,2445,561494,278,33928,,False,78
21459,2022-12-14,2446,561679,188,33928,,False,78
21459,2022-12-15,2447,561864,245,33938,,False,78
21459,2022-12-16,2448,562044,183,33948,,False,78
21459,2022-12-17,2449,562209,244,33961,,False,78
21459,2022-12-18,2450,562387,252,33983,,False,78
21459,2022-12-19,2451,562568,274,34014,,False,78
21459,2022-12-20,2452,562792,295,34025,,False,78
21459,2022-12-21,2453,563001,269,34047,,False,78
21459,2022-12-22,2454,563230,257,34059,,False,78
21459,2022-12-23,2455,563439,292,34068,,False,78
21459,2022-12-24,2456,563678,317,34079,,False,78
21459,2022-12-25,2457,564059,280,34101,,False,78
21459,2022-12-26,2458,564306,269,34118,,False,78
21459,2022-12-27,2459,564560,311,34145,,False,78
21459,2022-12-28,2460,564843,297,34161,,False,78
21459,2022-12-29,2461,565131,350,34183,,False,78
21459,2022-12-30,2462,565447,303,34196,,False,78
21459,2022-12-31,2463,565730,329,34224,,False,78
21459,2023-01-01,2464,565996,247,34248,,False,78
21459,2023-01-02,2465,566219,337,34267,,False,78
21459,2023-01-03,2466,566515,363,34286,,False,78
21459,2023-01-04,2467,566838,287,34307,,False,78
21459,2023-01-05,2468,567111,284,34318,,False,78
21459,2023-01-06,2469,567411,346,34342,,False,78
21459,2023-01-07,2470,567721,330,34365,,False,78
21459,2023-01-08,2471,568030,364,34377,,False,78
21459,2023-01-09,2472,568359,345,34395,,False,78
21459,2023-01-10,2473,568669,327,34400,,False,78
21459,2023-01-11,2474,568983,297,34414,,False,78
21459,2023-01-12,2475,569265,293,34437,,False,78
21459,2023-01-13,2476,569522,234,34456,,False,78
21459,2023-01-14,2477,569752,236,34472,,False,78
21459,2023-01-15,2478,570002,297,34488,,False,78
21459,2023-01-16,2479,570271,246,34497,,False,78
21459,2023-01-17,2480,570510,223,34497,,False,78
21459,2023-01-18,2481,570730,191,34510,,False,78
21459,2023-01-19,2482,570939,252,34512,,False,78
21459,2023-01-20,2483,571165,208,34523,,False,78
21459,2023-01-21,2484,571343,215,34536,,False,78
21459,2023-01-22,2485,571557,260,34554,,False,78
21459,2023-01-23,2486,571778,226,34566,,False,78
21459,2023-01-24,2487,571987,227,34575,,False,78
21459,2023-01-25,2488,572198,199,34596,,False,78
21459,2023-01-26,2489,572431,237,34610,,False,78
21459,2023-01-27,2490,572656,209,34622,,False,78
21459,2023-01-28,2491,572847,249,34628,,False,78
21459,2023-01-29,2492,573064,243,34643,,False,78
21459,2023-01-30,2493,573272,255,34658,,False,78
21459,2023-01-31,2494,573491,230,34678,,False,78
21459,2023-02-01,2495,573682,216,34704,,False,78
21459,2023-02-02,2496,573874,241,34718,,False,78
21459,2023-02-03,2497,574067,182,34726,,False,78
21459,2023-02-04,2498,574247,218,34735,,False,78
21459,2023-02-05,2499,574441,220,34752,,False,78
21459,2023-02-06,2500,574635,324,34764,,False,78
21459,2023-02-07,2501,574864,220,34779,,False,78
21459,2023-02-08,2502,575030,176,34785,,False,78
21459,2023-02-09,2503,575198,214,34803,,False,78
21459,2023-02-10,2504,575379,214,34821,,False,78
21459,2023-02-11,2505,575567,218,34827,,False,78
21459,2023-02-12,2506,575735,220,34837,,False,78
21459,2023-02-13,2507,575927,238,34860,,False,78
21459,2023-02-14,2508,576126,237,34879,,False,78
21459,2023-02-15,2509,576303,197,34881,,False,78
21459,2023-02-16,2510,576468,205,34891,,False,78
21459,2023-02-17,2511,576636,199,34910,,False,78
21459,2023-02-18,2512,576811,217,34919,,False,78
21459,2023-02-19,2513,577022,174,34932,,False,78
21459,2023-02-20,2514,577211,214,34952,,False,78
21459,2023-02-21,2515,577420,188,34978,,False,78
21459,2023-02-22,2516,577590,234,34990,,False,78
21459,2023-02-23,2517,577803,244,35001,,False,78
21459,2023-02-24,2518,578003,177,35018,,False,78
21459,2023-02-25,2519,578183,243,35035,,False,78
21459,2023-02-26,2520,578388,244,35052,,False,78
21459,2023-02-27,2521,578602,219,35060,,False,78
21459,2023-02-28,2522,578844,218,35082,,False,78
21459,2023-03-01,2523,579021,197,35090,,False,78
21459,2023-03-02,2524,579208,243,35102,,False,78
21459,2023-03-03,2525,579411,201,35120,,False,78
21459,2023-03-04,2526,579580,235,35123,,False,78
21459,2023-03-05,2527,579766,288,35153,,False,78
21459,2023-03-06,2528,580010,249,35170,,False,78
21459,2023-03-07,2529,580229,230,35180,,False,78
21459,2023-03-08,2530,580430,234,35187,,False,78
21459,2023-03-09,2531,580643,278,35198,,False,78
21459,2023-03-10,2532,580870,234,35226,,False,78
21459,2023-03-11,2533,581069,226,35241,,False,78
21459,2023-03-12,2534,581258,268,35257,,False,78
21459,2023-03-13,2535,581468,252,35267,,False,78
21459,2023-03-14,2536,581693,257,35289,,False,78
21459,2023-03-15,2537,581882,222,35301,,False,78
21459,2023-03-16,2538,582068,188,35307,,False,78
21459,2023-03-17,2539,582234,201,35321,,False,78
21459,2023-03-18,2540,582416,208,35347,,False,78
21459,2023-03-19,2541,582601,249,35360,,False,78
21459,2023-03-20,2542,582793,219,35366,,False,78
21459,2023-03-21,2543,582983,251,35378,,False,78
21459,2023-03-22,2544,583202,213,35390,,False,78
21459,2023-03-23,2545,583368,246,35396,,False,78
21459,2023-03-24,2546,583576,161,35408,,False,78
21459,2023-03-25,2547,583747,234,35423,,False,78
21459,2023-03-26,2548,583986,277,35441,,False,78
21459,2023-03-27,2549,584237,289,35457,,False,78
21459,2023-03-28,2550,584460,271,35475,,False,78
21459,2023-03-29,2551,584663,247,35486,,False,78
21459,2023-03-30,2552,584843,222,35501,,False,78
21459,2023-03-31,2553,585043,222,35511,,False,78
21459,2023-04-01,2554,585246,248,35532,,False,78
21459,2023-04-02,2555,585458,309,35547,,False,78
21459,2023-04-03,2556,585721,312,35547,,False,78
21459,2023-04-04,2557,585992,277,35559,,False,78
21459,2023-04-05,2558,586241,246,35578,,False,78
21459,2023-04-06,2559,586464,244,35588,,False,78
21459,2023-04-07,2560,586704,224,35604,,False,78
21459,2023-04-08,2561,586923,249,35614,,False,78
21459,2023-04-09,2562,587161,318,35631,,False,78
21459,2023-04-10,2563,587422,251,35652,,False,78
21459,2023-04-11,2564,587691,282,35667,,False,78
21459,2023-04-12,2565,587942,241,35671,,False,78
21459,2023-04-13,2566,588193,166,35699,,False,78
21459,2023-04-14,2567,588419,256,35720,,False,78
21459,2023-04-15,2568,588705,275,35742,,False,78
21459,2023-04-16,2569,588970,268,35747,,False,78
21459,2023-04-17,2570,589257,274,35767,,False,78
21459,2023-04-18,2571,589525,291,35790,,False,78
21459,2023-04-19,2572,589808,211,35804,,False,78
21459,2023-04-20,2573,590068,236,35801,,False,78
21459,2023-04-21,2574,590332,189,35805,,False,78
21459,2023-04-22,2575,590535,231,35819,,False,78
21459,2023-04-23,2576,590777,197,35830,,False,78
21459,2023-04-24,2577,591012,249,35851,,False,78
21459,2023-04-25,2578,591246,239,35863,,False,78
21459,2023-04-26,2579,591484,210,35878,,False,78
21459,2023-04-27,2580,591713,214,35901,,False,78
21459,2023-04-28,2581,591916,196,35909,,False,78
21459,2023-04-29,2582,592116,231,35921,,False,78
21459,2023-04-30,2583,592304,231,35917,,False,78
21459,2023-05-01,2584,592522,206,35920,,False,78
21459,2023-05-02,2585,592732,204,35938,,False,78
21459,2023-05-03,2586,592947,160,35946,,False,78
21459,2023-05-04,2587,593147,186,35958,,False,78
21459,2023-05-05,2588,593331,158,35957,,False,78
21459,2023-05-06,2589,593491,172,35969,,False,78
21459,2023-05-07,2590,593673,221,35982,,False,78
21459,2023-05-08,2591,593879,189,36003,,False,78
21459,2023-05-09,2592,594087,176,36013,,False,78
21459,2023-05-10,2593,594258,195,36021,,False,78
21459,2023-05-11,2594,594463,397,36030,,False,78
21459,2023-05-12,2595,594817,517,36047,,False,78
21459,2023-05-13,2596,595337,436,36066,,False,78
21459,2023-05-14,2597,596201,242,36088,,False,78
21459,2023-05-15,2598,596884,196,36101,,False,78
21459,2023-05-16,2599,597237,232,36115,,False,78
21459,2023-05-17,2600,597498,181,36135,,False,78
21459,2023-05-18,2601,597747,206,36157,,False,78
21459,2023-05-19,2602,597973,172,36168,,False,78
21459,2023-05-20,2603,598174,207,36182,,False,78
21459,2023-05-21,2604,598419,222,36200,,False,78
21459,2023-05-22,2605,598664,188,36208,,False,78
21459,2023-05-23,2606,598885,224,36218,,False,78
21459,2023-05-24,2607,599106,172,36223,,False,78
21459,2023-05-25,2608,599309,193,36241,,False,78
21459,2023-05-26,2609,599481,161,36251,,False,78
21459,2023-05-27,2610,599661,185,36263,,False,78
21459,2023-05-28,2611,599855,172,36285,,False,78
21459,2023-05-29,2612,600013,171,36301,,False,78
21459,2023-05-30,2613,600202,154,36303,,False,78
21459,2023-05-31,2614,600402,156,36307,,False,78
21459,2023-06-01,2615,600593,195,36324,,False,78
21459,2023-06-02,2616,600792,136,36332,,False,78
21459,2023-06-03,2617,600958,160,36340,,False,78
21459,2023-06-04,2618,601113,164,36346,,False,78
21459,2023-06-05,2619,601310,167,36366,,False,78
21459,2023-06-06,2620,601488,165,36373,,False,78
21459,2023-06-07,2621,601668,134,36384,,False,78
21459,2023-06-08,2622,601823,138,36391,,False,78
21459,2023-06-09,2623,601972,145,36408,,False,78
21459,2023-06-10,2624,602121,158,36413,,False,78
21459,2023-06-11,2625,602250,193,36421,,False,78
21459,2023-06-12,2626,602421,191,36424,,False,78
21459,2023-06-13,2627,602588,176,36444,,False,78
21459,2023-06-14,2628,602762,160,36451,,False,78
21459,2023-06-15,2629,602933,162,36458,,False,78
21459,2023-06-16,2630,603074,166,36469,,False,78
21459,2023-06-17,2631,603280,204,36481,,False,78
21459,2023-06-18,2632,603482,201,36496,,False,78
21459,2023-06-19,2633,603679,193,36510,,False,78
21459,2023-06-20,2634,603905,206,36524,,False,78
21459,2023-06-21,2635,604116,191,36528,,False,78
21459,2023-06-22,2636,604327,168,36543,,False,78
21459,2023-06-23,2637,604493,171,36555,,False,78
21459,2023-06-24,2638,604697,172,36573,,False,78
21459,2023-06-25,2639,604880,206,36586,,False,78
21459,2023-06-26,2640,605099,197,36595,,False,78
21459,2023-06-27,2641,605295,203,36601,,False,78
21459,2023-06-28,2642,605510,196,36616,,False,78
21459,2023-06-29,2643,605702,244,36634,,False,78
21459,2023-06-30,2644,605919,236,36640,,False,78
21459,2023-07-01,2645,606141,231,36651,,False,78
21459,2023-07-02,2646,606347,236,36662,,False,78
21459,2023-07-03,2647,606574,263,36665,,False,78
21459,2023-07-04,2648,606840,294,36684,,False,78
21459,2023-07-05,2649,607064,226,36684,,False,78
21459,2023-07-06,2650,607283,285,36703,,False,78
21459,2023-07-07,2651,607569,259,36707,,False,78
21459,2023-07-08,2652,607836,206,36738,,False,78
21459,2023-07-09,2653,608044,275,36746,,False,78
21459,2023-07-10,2654,608250,223,36752,,False,78
21459,2023-07-11,2655,608472,265,36768,,False,78
21459,2023-07-12,2656,608717,239,36792,,False,78
21459,2023-07-13,2657,608955,256,36818,,False,78
21459,2023-07-14,2658,609191,222,36825,,False,78
21459,2023-07-15,2659,609397,222,36834,,False,78
21459,2023-07-16,2660,609581,236,36847,,False,78
21459,2023-07-17,2661,609790,270,36861,,False,78
21459,2023-07-18,2662,610061,269,36872,,False,78
21459,2023-07-19,2663,610315,236,36889,,False,78
21459,2023-07-20,2664,610549,234,36899,,False,78
21459,2023-07-21,2665,610756,243,36908,,False,78
21459,2023-07-22,2666,610960,223,36928,,False,78
21459,2023-07-23,2667,611152,247,36941,,False,78
21459,2023-07-24,2668,611377,262,36951,,False,78
21459,2023-07-25,2669,611626,247,36970,,False,78
21459,2023-07-26,2670,611822,188,36983,,False,78
21459,2023-07-27,2671,612014,218,36996,,False,78
21459,2023-07-28,2672,612203,235,37004,,False,78
21459,2023-07-29,2673,612424,245,37016,,False,78
21459,2023-07-30,2674,612627,239,37024,,False,78
21459,2023-07-31,2675,612834,288,37041,,False,78
21459,2023-08-01,2676,613060,204,37063,,False,78
21459,2023-08-02,2677,613252,199,37068,,False,78
21459,2023-08-03,2678,613434,235,37082,,False,78
21459,2023-08-04,2679,613619,198,37086,,False,78
21459,2023-08-05,2680,613810,248,37110,,False,78
21459,2023-08-06,2681,614022,238,37118,,False,78
21459,2023-08-07,2682,614235,210,37135,,False,78
21459,2023-08-08,2683,614425,215,37135,,False,78
21459,2023-08-09,2684,614615,206,37146,,False,78
21459,2023-08-10,2685,614782,212,37154,,False,78
21459,2023-08-11,2686,614957,203,37154,,False,78
21459,2023-08-12,2687,615145,216,37169,,False,78
21459,2023-08-13,2688,615318,227,37179,,False,78
21459,2023-08-14,2689,615507,184,37184,,False,78
21459,2023-08-15,2690,615685,198,37196,,False,78
21459,2023-08-16,2691,615868,196,37204,,False,78
21459,2023-08-17,2692,616040,200,37217,,False,78
21459,2023-08-18,2693,616200,162,37237,,False,78
21459,2023-08-19,2694,616345,238,37239,,False,78
21459,2023-08-20,2695,616517,239,37254,,False,78
21459,2023-08-21,2696,616690,210,37260,,False,78
21459,2023-08-22,2697,616872,228,37271,,False,78
21459,2023-08-23,2698,617053,199,37272,,False,78
21459,2023-08-24,2699,617211,206,37289,,False,78
21459,2023-08-25,2700,617404,189,37299,,False,78
21459,2023-08-26,2701,617550,144,37306,,False,78
21459,2023-08-27,2702,617684,186,37315,,False,78
21459,2023-08-28,2703,617852,192,37333,,False,78
21459,2023-08-29,2704,618028,224,37346,,False,78
21459,2023-08-30,2705,618218,202,37363,,False,78
21459,2023-08-31,2706,618394,194,37375,,False,78
21459,2023-09-01,2707,618564,187,37389,,False,78
21459,2023-09-02,2708,618717,190,37399,,False,78
21459,2023-09-03,2709,618873,176,37402,,False,78
21459,2023-09-04,2710,619048,200,37419,,False,78
21459,2023-09-05,2711,619229,186,37430,,False,78
21459,2023-09-06,2712,619381,179,37430,,False,78
21459,2023-09-07,2713,619523,181,37455,,False,78
21459,2023-09-08,2714,619664,150,37465,,False,78
21459,2023-09-09,2715,619795,210,37475,,False,78
21459,2023-09-10,2716,619953,171,37489,,False,78
21459,2023-09-11,2717,620106,187,37502,,False,78
21459,2023-09-12,2718,620261,174,37505,,False,78
21459,2023-09-13,2719,620405,187,37527,,False,78
21459,2023-09-14,2720,620556,169,37529,,False,78
21459,2023-09-15,2721,620668,168,37538,,False,78
21459,2023-09-16,2722,620812,192,37544,,False,78
21459,2023-09-17,2723,620938,200,37546,,False,78
21459,2023-09-18,2724,621081,209,37544,,False,78
21459,2023-09-19,2725,621278,175,37562,,False,78
21459,2023-09-20,2726,621401,189,37562,,False,78
21459,2023-09-21,2727,621558,166,37568,,False,78
21459,2023-09-22,2728,621696,151,37583,,False,77
21459,2023-09-23,2729,621848,202,37593,,False,77
21459,2023-09-24,2730,622000,210,37609,,False,77
21459,2023-09-25,2731,622168,193,37615,,False,77
21459,2023-09-26,2732,622343,183,37621,,False,77
21459,2023-09-27,2733,622500,178,37628,,False,77
21459,2023-09-28,2734,622656,173,37648,,False,77
21459,2023-09-29,2735,622789,199,37659,,False,77
21459,2023-09-30,2736,622949,196,37664,,False,77
21459,2023-10-01,2737,623094,216,37675,,False,77
21459,2023-10-02,2738,623258,203,37685,,False,77
21459,2023-10-03,2739,623438,216,37687,,False,77
21459,2023-10-04,2740,623578,200,37697,,False,77
21459,2023-10-05,2741,623747,189,37719,,False,77
21459,2023-10-06,2742,623889,191,37724,,False,77
21459,2023-10-07,2743,624057,171,37737,,False,77
21459,2023-10-08,2744,624207,179,37738,,False,77
21459,2023-10-09,2745,624392,226,37756,,False,77
21459,2023-10-10,2746,624572,195,37756,,False,77
21459,2023-10-11,2747,624744,184,37763,,False,77
21459,2023-10-12,2748,624910,201,37772,,False,77
21459,2023-10-13,2749,625062,166,37781,,False,77
21459,2023-10-14,2750,625209,207,37789,,False,77
21459,2023-10-15,2751,625358,220,37795,,False,77
21459,2023-10-16,2752,625512,211,37798,,False,77
21459,2023-10-17,2753,625668,200,37805,,False,77
21459,2023-10-18,2754,625826,170,37810,,False,77
21459,2023-10-19,2755,625971,166,37835,,False,77
21459,2023-10-20,2756,626108,165,37840,,False,77
21459,2023-10-21,2757,626247,143,37848,,False,77
21459,2023-10-22,2758,626381,181,37850,,False,77
21459,2023-10-23,2759,626532,182,37858,,False,77
21459,2023-10-24,2760,626686,181,37861,,False,77
21459,2023-10-25,2761,626835,169,37871,,False,77
21459,2023-10-26,2762,626988,175,37882,,False,77
21459,2023-10-27,2763,627154,154,37890,,False,77
21459,2023-10-28,2764,627265,167,37892,,False,77
21459,2023-10-29,2765,627413,140,37902,,False,77
21459,2023-10-30,2766,627543,182,37912,,False,77
21459,2023-10-31,2767,627686,181,37930,,False,77
21459,2023-11-01,2768,627808,138,37939,,False,77
21459,2023-11-02,2769,627939,150,37946,,False,77
21459,2023-11-03,2770,628073,170,37949,,False,77
21459,2023-11-04,2771,628207,150,37953,,False,77
21459,2023-11-05,2772,628334,167,37961,,False,77
21459,2023-11-06,2773,628491,200,37962,,False,77
21459,2023-11-07,2774,628661,211,37969,,False,77
21459,2023-11-08,2775,628829,187,37985,,False,77
21459,2023-11-09,2776,628975,161,37992,,False,77
21459,2023-11-10,2777,629104,179,37998,,False,77
21459,2023-11-11,2778,629254,185,38017,,False,77
21459,2023-11-12,2779,629403,172,38033,,False,77
21459,2023-11-13,2780,629534,182,38033,,False,77
21459,2023-11-14,2781,629679,156,38038,,False,77
21459,2023-11-15,2782,629805,175,38048,,False,77
21459,2023-11-16,2783,629954,157,38057,,False,77
21459,2023-11-17,2784,630077,157,38062,,False,77
21459,2023-11-18,2785,630215,196,38067,,False,77
21459,2023-11-19,2786,630373,201,38079,,False,77
21459,2023-11-20,2787,630542,167,38101,,False,77
21459,2023-11-21,2788,630701,153,38106,,False,77
21459,2023-11-22,2789,630850,162,38115,,False,77
21459,2023-11-23,2790,631001,153,38125,,False,77
21459,2023-11-24,2791,631130,159,38138,,False,77
21459,2023-11-25,2792,631250,158,38143,,False,77
21459,2023-11-26,2793,631438,204,38150,,False,77
21459,2023-11-27,2794,631631,190,38162,,False,77
21459,2023-11-28,2795,631834,189,38183,,False,77
21459,2023-11-29,2796,631977,163,38188,,False,77
21459,2023-11-30,2797,632117,169,38198,,False,77
21459,2023-12-01,2798,632250,135,38205,,False,77
21459,2023-12-02,2799,632381,146,38210,,False,77
21459,2023-12-03,2800,632497,166,38211,,False,77
21459,2023-12-04,2801,632667,170,38228,,False,77
21459,2023-12-05,2802,632822,169,38242,,False,77
21459,2023-12-06,2803,632944,161,38248,,False,77
21459,2023-12-07,2804,633097,148,38266,,False,77
21459,2023-12-08,2805,633240,146,38273,,False,77
21459,2023-12-09,2806,633369,151,38284,,False,77
21459,2023-12-10,2807,633498,164,38296,,False,77
21459,2023-12-11,2808,633636,204,38317,,False,77
21459,2023-12-12,2809,633788,176,38329,,False,77
21459,2023-12-13,2810,633913,175,38340,,False,77
21459,2023-12-14,2811,634042,163,38354,,False,77
21459,2023-12-15,2812,634174,132,38358,,False,77
21459,2023-12-16,2813,634307,156,38360,,False,77
21459,2023-12-17,2814,634431,172,38374,,False,77
21459,2023-12-18,2815,634596,188,38384,,False,77
21459,2023-12-19,2816,634757,165,38394,,False,77
21459,2023-12-20,2817,634912,159,38401,,False,77
21459,2023-12-21,2818,635078,163,38411,,False,77
21459,2023-12-22,2819,635228,169,38433,,False,77
21459,2023-12-23,2820,635358,183,38441,,False,77
21459,2023-12-24,2821,635524,170,38450,,False,77
21459,2023-12-25,2822,635668,139,38463,,False,77
21459,2023-12-26,2823,635777,156,38471,,False,77
21459,2023-12-27,2824,635922,191,38485,,False,77
21459,2023-12-28,2825,636106,226,38495,,False,77
21459,2023-12-29,2826,636287,210,38510,,False,77
21459,2023-12-30,2827,636495,236,38524,,False,77
21459,2023-12-31,2828,636699,246,38537,,False,77
21459,2024-01-01,2829,636888,155,38548,,False,77
21459,2024-01-02,2830,637016,260,38562,,False,77
21459,2024-01-03,2831,637241,241,38559,,False,77
21459,2024-01-04,2832,637473,250,38571,,False,77
21459,2024-01-05,2833,637695,260,38583,,False,77
21459,2024-01-06,2834,637934,242,38593,,False,77
21459,2024-01-07,2835,638170,319,38600,,False,77
21459,2024-01-08,2836,638467,285,38608,,False,77
21459,2024-01-09,2837,638723,236,38610,,False,77
21459,2024-01-10,2838,638939,239,38626,,False,77
21459,2024-01-11,2839,639188,226,38635,,False,77
21459,2024-01-12,2840,639405,222,38650,,False,77
21459,2024-01-13,2841,639629,242,38663,,False,77
21459,2024-01-14,2842,639865,241,38680,,False,77
21459,2024-01-15,2843,640078,282,38687,,False,77
21459,2024-01-16,2844,640331,241,38696,,False,77
21459,2024-01-17,2845,640554,239,38708,,False,77
21459,2024-01-18,2846,640786,228,38720,,False,77
21459,2024-01-19,2847,641005,240,38742,,False,77
21459,2024-01-20,2848,641229,247,38761,,False,77
21459,2024-01-21,2849,641442,271,38774,,False,77
21459,2024-01-22,2850,641684,217,38786,,False,77
21459,2024-01-23,2851,641875,216,38794,,False,77
21459,2024-01-24,2852,642088,205,38814,,False,77
21459,2024-01-25,2853,642296,209,38823,,False,77
21459,2024-01-26,2854,642476,217,38837,,False,77
21459,2024-01-27,2855,642685,208,38848,,False,77
21459,2024-01-28,2856,642873,226,38856,,False,77
21459,2024-01-29,2857,643088,248,38870,,False,77
21459,2024-01-30,2858,643332,200,38884,,False,77
21459,2024-01-31,2859,643510,222,38898,,False,77
21459,2024-02-01,2860,643710,206,38910,,False,77
21459,2024-02-02,2861,643898,259,38916,,False,77
21459,2024-02-03,2862,644132,245,38933,,False,77
21459,2024-02-04,2863,644344,257,38943,,False,77
21459,2024-02-05,2864,644591,201,38958,,False,77
21459,2024-02-06,2865,644775,238,38975,,False,77
21459,2024-02-07,2866,644974,216,38977,,False,77
21459,2024-02-08,2867,645161,226,38988,,False,77
21459,2024-02-09,2868,645341,213,39006,,False,77
21459,2024-02-10,2869,645538,165,39021,,False,77
21459,2024-02-11,2870,645711,198,39030,,False,77
21459,2024-02-12,2871,645887,220,39054,,False,77
21459,2024-02-13,2872,646068,215,39064,,False,77
21459,2024-02-14,2873,646247,214,39080,,False,77
21459,2024-02-15,2874,646433,184,39101,,False,77
21459,2024-02-16,2875,646576,223,39110,,False,77
21459,2024-02-17,2876,646753,218,39117,,False,77
21459,2024-02-18,2877,646962,232,39130,,False,77
21459,2024-02-19,2878,647170,228,39147,,False,77
21459,2024-02-20,2879,647375,249,39165,,False,77
21459,2024-02-21,2880,647552,210,39177,,False,77
21459,2024-02-22,2881,647764,216,39189,,False,77
21459,2024-02-23,2882,647963,192,39195,,False,77
21459,2024-02-24,2883,648120,206,39197,,False,77
21459,2024-02-25,2884,648303,208,39225,,False,77
21459,2024-02-26,2885,648482,185,39223,,False,77
21459,2024-02-27,2886,648648,196,39245,,False,77
21459,2024-02-28,2887,648809,196,39260,,False,77
21459,2024-02-29,2888,648963,223,39269,,False,77
21459,2024-03-01,2889,649140,194,39282,,False,77
21459,2024-03-02,2890,649288,162,39299,,False,77
21459,2024-03-03,2891,649423,240,39306,,False,77
21459,2024-03-04,2892,649611,234,39315,,False,77
21459,2024-03-05,2893,649856,219,39334,,False,77
21459,2024-03-06,2894,650032,245,39354,,False,77
21459,2024-03-07,2895,650249,206,39364,,False,77
21459,2024-03-08,2896,650438,163,39378,,False,77
21459,2024-03-09,2897,650585,205,39389,,False,77
21459,2024-03-10,2898,650764,238,39399,,False,77
21459,2024-03-11,2899,650956,222,39410,,False,77
21459,2024-03-12,2900,651158,233,39427,,False,77
21459,2024-03-13,2901,651339,208,39441,,False,77
21459,2024-03-14,2902,651545,213,39456,,False,77
21459,2024-03-15,2903,651705,216,39460,,False,77
21459,2024-03-16,2904,651887,232,39476,,False,77
21459,2024-03-17,2905,652078,210,39480,,False,77
21459,2024-03-18,2906,652278,231,39499,,False,77
21459,2024-03-19,2907,652488,206,39513,,False,77
21459,2024-03-20,2908,652674,178,39522,,False,77
21459,2024-03-21,2909,652860,187,39534,,False,77
21459,2024-03-22,2910,653012,199,39543,,False,77
21459,2024-03-23,2911,653193,192,39557,,False,77
21459,2024-03-24,2912,653193,209,39557,,False,77
21459,2024-03-25,2913,653550,239,39571,,False,77
21459,2024-03-26,2914,653769,246,39596,,False,77
21459,2024-03-27,2915,653971,249,39609,,False,77
21459,2024-03-28,2916,654174,223,39631,,False,77
21459,2024-03-29,2917,654400,227,39644,,False,77
21459,2024-03-30,2918,654611,242,39658,,False,77
21459,2024-03-31,2919,654834,265,39673,,False,77
21459,2024-04-01,2920,655081,262,39681,,False,77
21459,2024-04-02,2921,655081,175,39681,,False,77
21459,2024-04-03,2922,655532,262,39714,,False,77
21459,2024-04-04,2923,655759,275,39729,,False,77
21459,2024-04-05,2924,656009,221,39750,,False,77
21459,2024-04-06,2925,656207,274,39769,,False,77
21459,2024-04-07,2926,656207,326,39769,,False,77
21459,2024-04-08,2927,656455,266,39787,,False,77
21459,2024-04-09,2928,656744,253,39807,,False,77
21459,2024-04-10,2929,657181,289,39828,,False,77
21459,2024-04-11,2930,657404,180,39846,,False,77
21459,2024-04-12,2931,657582,230,39858,,False,77
21459,2024-04-13,2932,657783,266,39878,,False,77
21459,2024-04-14,2933,657983,235,39880,,False,77
21459,2024-04-15,2934,657983,233,39880,,False,77
21459,2024-04-16,2935,658412,227,39904,,False,77
21459,2024-04-17,2936,658623,220,39924,,False,77
21459,2024-04-18,2937,658834,209,39936,,False,77
21459,2024-04-19,2938,659024,210,39950,,False,77
21459,2024-04-20,2939,659222,230,39961,,False,77
21459,2024-04-21,2940,659419,248,39977,,False,77
21459,2024-04-22,2941,659650,242,39996,,False,77
21459,2024-04-23,2942,659849,294,40006,,False,77
21459,2024-04-24,2943,660064,196,40026,,False,77
21459,2024-04-25,2944,660234,257,40028,,False,77
21459,2024-04-26,2945,660449,218,40038,,False,77
21459,2024-04-27,2946,660630,186,40047,,False,77
21459,2024-04-28,2947,660776,227,40060,,False,77
21459,2024-04-29,2948,660967,215,40078,,False,77
21459,2024-04-30,2949,661168,240,40091,,False,77
21459,2024-05-01,2950,661376,222,40100,,False,77
21459,2024-05-02,2951,661569,198,40120,,False,77
21459,2024-05-03,2952,661710,200,40129,,False,77
21459,2024-05-04,2953,661874,194,40139,,False,77
21459,2024-05-05,2954,662042,234,40148,,False,77
21459,2024-05-06,2955,662224,233,40176,,False,77
21459,2024-05-07,2956,662449,241,40193,,False,77
21459,2024-05-08,2957,662635,194,40215,,False,77
21459,2024-05-09,2958,662804,202,40224,,False,77
21459,2024-05-10,2959,662964,212,40241,,False,77
21459,2024-05-11,2960,663117,223,40250,,False,77
21459,2024-05-12,2961,663272,242,40265,,False,77
21459,2024-05-13,2962,663459,241,40284,,False,77
21459,2024-05-14,2963,663661,274,40300,,False,77
21459,2024-05-15,2964,663858,216,40314,,False,77
21459,2024-05-16,2965,664008,198,40330,,False,77
21459,2024-05-17,2966,664159,196,40346,,False,77
21459,2024-05-18,2967,664295,219,40353,,False,77
21459,2024-05-19,2968,664463,277,40373,,False,77
21459,2024-05-20,2969,664652,276,40387,,False,77
21459,2024-05-21,2970,664652,225,40387,,False,77
21459,2024-05-22,2971,665030,235,40421,,False,77
21459,2024-05-23,2972,665243,231,40430,,False,77
21459,2024-05-24,2973,665406,201,40447,,False,77
21459,2024-05-25,2974,665578,251,40471,,False,77
21459,2024-05-26,2975,665578,222,40471,,False,77
21459,2024-05-27,2976,665741,229,40499,,False,77
21459,2024-05-28,2977,665912,268,40505,,False,77
21459,2024-05-29,2978,666087,223,40524,,False,77
21459,2024-05-30,2979,666480,223,40566,,False,77
21459,2024-05-31,2980,666480,180,40566,,False,77
21459,2024-06-01,2981,666663,231,40591,,False,77
21459,2024-06-02,2982,666829,293,40609,,False,77
21459,2024-06-03,2983,667020,264,40636,,False,77
21459,2024-06-04,2984,667194,239,40646,,False,77
21459,2024-06-05,2985,667362,242,40660,,False,77
21459,2024-06-06,2986,667542,219,40678,,False,77
21459,2024-06-07,2987,667717,196,40691,,False,77
21459,2024-06-08,2988,667873,229,40706,,False,77
21459,2024-06-09,2989,668047,223,40719,,False,77
21459,2024-06-10,2990,668210,246,40726,,False,77
21459,2024-06-11,2991,668403,243,40739,,False,77
21459,2024-06-12,2992,668600,245,40749,,False,77
21459,2024-06-13,2993,668786,231,40770,,False,77
21459,2024-06-14,2994,668963,207,40793,,False,77
21459,2024-06-15,2995,669118,246,40796,,False,77
21459,2024-06-16,2996,669288,255,40811,,False,77
21459,2024-06-17,2997,669469,243,40839,,False,77
21459,2024-06-18,2998,669667,206,40855,,False,77
21459,2024-06-19,2999,669859,230,40865,,False,77
21459,2024-06-20,3000,670025,234,40878,,False,77
21459,2024-06-21,3001,670215,168,40892,,False,77
21459,2024-06-22,3002,670383,167,40894,,False,77
21459,2024-06-23,3003,670552,167,40910,,False,77
21459,2024-06-24,3004,670711,196,40922,,False,77
21459,2024-06-25,3005,670874,231,40931,,False,77
21459,2024-06-26,3006,671068,201,40948,,False,77
21459,2024-06-27,3007,671237,211,40963,,False,77
21459,2024-06-28,3008,671442,174,40986,,False,77
21459,2024-06-29,3009,671621,203,40992,,False,77
21459,2024-06-30,3010,671794,228,41013,,False,77
21459,2024-07-01,3011,671977,194,41017,,False,77
21459,2024-07-02,3012,672209,201,41021,,False,77
21459,2024-07-03,3013,672385,258,41040,,False,77
21459,2024-07-04,3014,672551,218,41059,,False,77
21459,2024-07-05,3015,672728,215,41070,,False,77
21459,2024-07-06,3016,672922,191,41087,,False,77
21459,2024-07-07,3017,673150,240,41102,,False,77
21459,2024-07-08,3018,673401,223,41134,,False,77
21459,2024-07-09,3019,673659,232,41162,,False,77
21459,2024-07-10,3020,673871,210,41179,,False,77
21459,2024-07-11,3021,674072,176,41192,,False,77
21459,2024-07-12,3022,674277,185,41212,,False,77
21459,2024-07-13,3023,674448,228,41227,,False,77
21459,2024-07-14,3024,674670,214,41246,,False,77
21459,2024-07-15,3025,674916,185,41269,,False,77
21459,2024-07-16,3026,675123,204,41289,,False,77
21459,2024-07-17,3027,675307,210,41303,,False,77
21459,2024-07-18,3028,675512,205,41333,,False,77
21459,2024-07-19,3029,675730,233,41351,,False,77
21459,2024-07-20,3030,675926,220,41377,,False,77
21459,2024-07-21,3031,676096,220,41391,,False,77
21459,2024-07-22,3032,676300,241,41401,,False,77
21459,2024-07-23,3033,676527,248,41419,,False,77
21459,2024-07-24,3034,676727,180,41441,,False,77
21459,2024-07-25,3035,676910,244,41462,,False,77
21459,2024-07-26,3036,677089,186,41479,,False,77
21459,2024-07-27,3037,677285,195,41491,,False,77
21459,2024-07-28,3038,677454,199,41494,,False,77
21459,2024-07-29,3039,677638,92,41513,,False,77
21459,2024-07-30,3040,677638,130,41513,,False,77
21459,2024-07-31,3041,677997,160,41539,,False,77
21459,2024-08-01,3042,678149,185,41550,,False,77
21459,2024-08-02,3043,678332,191,41576,,False,77
21459,2024-08-03,3044,678522,193,41602,,False,77
21459,2024-08-04,3045,678714,208,41625,,False,77
21459,2024-08-05,3046,678890,227,41655,,False,77
21459,2024-08-06,3047,679085,219,41663,,False,77
21459,2024-08-07,3048,679248,232,41686,,False,77
21459,2024-08-08,3049,679427,222,41704,,False,77
21459,2024-08-09,3050,679693,184,41733,,False,77
21459,2024-08-10,3051,679930,192,41755,,False,77
21459,2024-08-11,3052,680125,254,41772,,False,77
21459,2024-08-12,3053,680269,238,41779,,False,77
21459,2024-08-13,3054,680502,234,41802,,False,77
21459,2024-08-14,3055,680692,167,41811,,False,77
21459,2024-08-15,3056,680875,214,41821,,False,77
21459,2024-08-16,3057,681064,191,41836,,False,77
21459,2024-08-17,3058,681247,196,41844,,False,77
21459,2024-08-18,3059,681434,243,41861,,False,77
21459,2024-08-19,3060,681616,237,41878,,False,77
21459,2024-08-20,3061,681870,225,41896,,False,77
21459,2024-08-21,3062,682056,168,41910,,False,77
21459,2024-08-22,3063,682243,170,41926,,False,77
21459,2024-08-23,3064,682408,174,41930,,False,77
21459,2024-08-24,3065,682565,175,41943,,False,77
21459,2024-08-25,3066,682723,181,41962,,False,77
21459,2024-08-26,3067,682883,188,41974,,False,77
21459,2024-08-27,3068,683027,311,41984,,False,77
21459,2024-08-28,3069,683209,393,41997,,False,77
21459,2024-08-29,3070,683910,311,42043,,False,77
21459,2024-08-30,3071,684745,214,42093,,False,77
21459,2024-08-31,3072,685233,245,42121,,False,77
21459,2024-09-01,3073,685601,223,42143,,False,77
21459,2024-09-02,3074,686008,202,42158,,False,77
21459,2024-09-03,3075,686350,244,42186,,False,77
21459,2024-09-04,3076,686595,211,42202,,False,77
21459,2024-09-05,3077,686833,224,42229,,False,77
21459,2024-09-06,3078,687109,177,42253,,False,77
21459,2024-09-07,3079,687356,198,42275,,False,77
21459,2024-09-08,3080,687595,211,42302,,False,77
21459,2024-09-09,3081,687835,218,42322,,False,77
21459,2024-09-10,3082,688122,192,42345,,False,77
21459,2024-09-11,3083,688361,166,42355,,False,77
21459,2024-09-12,3084,688564,150,42368,,False,77
21459,2024-09-13,3085,688754,118,42384,,False,77
21459,2024-09-14,3086,689087,152,42418,,False,77
21459,2024-09-15,3087,689237,232,42433,,False,77
21459,2024-09-16,3088,689458,211,42445,,False,77
21459,2024-09-17,3089,689671,168,42464,,False,77
21459,2024-09-18,3090,689879,140,42488,,False,77
21459,2024-09-19,3091,690065,176,42498,,False,77
21459,2024-09-20,3092,690268,177,42510,,False,77
21459,2024-09-21,3093,690457,182,42530,,False,77
21459,2024-09-22,3094,690614,178,42531,,False,77
21459,2024-09-23,3095,690807,165,42536,,False,77
21459,2024-09-24,3096,691019,163,42556,,False,77
21459,2024-09-25,3097,691193,169,42573,,False,77
21459,2024-09-26,3098,691390,157,42587,,False,77
21459,2024-09-27,3099,691566,160,42597,,False,77
21459,2024-09-28,3100,691734,199,42619,,False,77
21459,2024-09-29,3101,691921,239,42639,,False,77
21459,2024-09-30,3102,692138,226,42653,,False,77
21459,2024-10-01,3103,692379,185,42669,,False,77
21459,2024-10-02,3104,692562,177,42678,,False,77
21459,2024-10-03,3105,692790,180,42700,,False,77
21459,2024-10-04,3106,693010,219,42719,,False,77
21459,2024-10-05,3107,693252,244,42736,,False,77
21459,2024-10-06,3108,693530,233,42751,,False,77
21459,2024-10-07,3109,693777,225,42763,,False,77
21459,2024-10-08,3110,694073,222,42781,,False,77
21459,2024-10-09,3111,694294,209,42802,,False,77
21459,2024-10-10,3112,694525,220,42818,,False,77
21459,2024-10-11,3113,694739,175,42831,,False,77
21459,2024-10-12,3114,694946,206,42849,,False,77
21459,2024-10-13,3115,695157,264,42873,,False,77
21459,2024-10-14,3116,695415,268,42888,,False,77
21459,2024-10-15,3117,695667,221,42908,,False,77
21459,2024-10-16,3118,695882,226,42932,,False,77
21459,2024-10-17,3119,696081,184,42948,,False,77
21459,2024-10-18,3120,696267,195,42962,,False,77
21459,2024-10-19,3121,696471,222,42992,,False,77
21459,2024-10-20,3122,696676,228,43008,,False,77
21459,2024-10-21,3123,696886,252,43027,,False,77
21459,2024-10-22,3124,697131,208,43035,,False,77
21459,2024-10-23,3125,697341,177,43061,,False,77
21459,2024-10-24,3126,697522,184,43069,,False,77
21459,2024-10-25,3127,697732,156,43090,,False,77
21459,2024-10-26,3128,697899,194,43112,,False,77
21459,2024-10-27,3129,698060,196,43132,,False,77
21459,2024-10-28,3130,698251,170,43141,,False,77
21459,2024-10-29,3131,698413,229,43144,,False,77
21459,2024-10-30,3132,698603,176,43150,,False,77
21459,2024-10-31,3133,698755,191,43151,,False,77
21459,2024-11-01,3134,698921,114,43161,,False,77
21459,2024-11-02,3135,699052,189,43173,,False,77
21459,2024-11-03,3136,699235,212,43195,,False,77
21459,2024-11-04,3137,699418,190,43203,,False,77
21459,2024-11-05,3138,699595,174,43224,,False,77
21459,2024-11-06,3139,699749,195,43233,,False,77
21459,2024-11-07,3140,699981,164,43251,,False,77
21459,2024-11-08,3141,700151,133,43259,,False,77
21459,2024-11-09,3142,700317,155,43274,,False,77
21459,2024-11-10,3143,700475,150,43271,,False,77
21459,2024-11-11,3144,700637,167,43278,,False,77
21459,2024-11-12,3145,700809,165,43292,,False,77
21459,2024-11-13,3146,700983,163,43311,,False,77
21459,2024-11-14,3147,701161,147,43322,,False,77
21459,2024-11-15,3148,701310,96,43334,,False,77
21459,2024-11-16,3149,701429,161,43339,,False,77
21459,2024-11-17,3150,701587,166,43338,,False,77
21459,2024-11-18,3151,701774,188,43347,,False,77
21459,2024-11-19,3152,701939,148,43358,,False,77
21459,2024-11-20,3153,702110,9,43370,,False,77
21459,2024-11-22,3155,702557,2,43393,,False,77
21459,2024-11-26,3159,702999,47,43416,,False,77
21459,2024-11-27,3160,703157,146,43423,,False,77
21459,2024-11-28,3161,703299,148,43446,,False,77
21459,2024-11-29,3162,703454,135,43458,,False,77
21459,2024-11-30,3163,703589,125,43466,,False,77
21459,2024-12-01,3164,703741,136,43475,,False,77
21459,2024-12-02,3165,703892,193,43492,,False,77
21459,2024-12-03,3166,704078,153,43513,,False,77
21459,2024-12-04,3167,704227,173,43516,,False,77
21459,2024-12-05,3168,704402,146,43531,,False,77
21459,2024-12-06,3169,704538,143,43547,,False,77
21459,2024-12-07,3170,704688,129,43558,,False,77
21459,2024-12-08,3171,704844,150,43571,,False,77
21459,2024-12-09,3172,704984,145,43579,,False,77
21459,2024-12-10,3173,705145,140,43592,,False,77
21459,2024-12-11,3174,705294,136,43605,,False,77
21459,2024-12-12,3175,705442,162,43624,,False,77
21459,2024-12-13,3176,705576,124,43635,,False,77
21459,2024-12-14,3177,705708,162,43643,,False,77
21459,2024-12-15,3178,705875,144,43654,,False,77
21459,2024-12-16,3179,706038,131,43671,,False,77
21459,2024-12-17,3180,706191,180,43693,,False,77
21459,2024-12-18,3181,706366,191,43702,,False,77
21459,2024-12-19,3182,706547,144,43708,,False,77
21459,2024-12-20,3183,706706,186,43722,,False,77
21459,2024-12-21,3184,706853,157,43725,,False,77
21459,2024-12-22,3185,706998,171,43738,,False,77
21459,2024-12-23,3186,707171,173,43744,,False,77
21459,2024-12-24,3187,707349,205,43758,,False,77
21459,2024-12-25,3188,707538,160,43773,,False,77
21459,2024-12-26,3189,707682,132,43787,,False,77
21459,2024-12-27,3190,707832,197,43800,,False,77
21459,2024-12-28,3191,708043,186,43821,,False,77
21459,2024-12-29,3192,708232,202,43831,,False,77
21459,2024-12-30,3193,708432,242,43834,,False,77
21459,2024-12-31,3194,708671,200,43848,,False,77
21459,2025-01-01,3195,708873,170,43857,,False,77
21459,2025-01-02,3196,709028,225,43873,,False,77
21459,2025-01-03,3197,709267,238,43880,,False,77
21459,2025-01-04,3198,709521,244,43898,,False,77
21459,2025-01-05,3199,709812,265,43924,,False,77
21459,2025-01-06,3200,710083,237,43927,,False,77
21459,2025-01-07,3201,710324,208,43938,,False,77
21459,2025-01-08,3202,710530,247,43951,,False,77
21459,2025-01-09,3203,710809,221,43970,,False,77
21459,2025-01-10,3204,711038,172,43970,,False,77
21459,2025-01-11,3205,711237,222,43981,,False,77
21459,2025-01-12,3206,711477,292,43996,,False,77
21459,2025-01-13,3207,711749,252,44011,,False,77
21459,2025-01-14,3208,712004,228,44027,,False,77
21459,2025-01-15,3209,712222,183,44051,,False,77
21459,2025-01-16,3210,712424,202,44066,,False,77
21459,2025-01-17,3211,712644,175,44074,,False,77
21459,2025-01-18,3212,712851,220,44093,,False,77
21459,2025-01-19,3213,713045,215,44113,,False,77
21459,2025-01-20,3214,713268,221,44119,,False,77
21459,2025-01-21,3215,713497,226,44143,,False,77
21459,2025-01-22,3216,713710,174,44155,,False,77
21459,2025-01-23,3217,713878,198,44167,,False,77
21459,2025-01-24,3218,714057,201,44178,,False,77
21459,2025-01-25,3219,714254,179,44188,,False,77
21459,2025-01-26,3220,714444,194,44202,,False,77
21459,2025-01-27,3221,714661,238,44212,,False,77
21459,2025-01-28,3222,714930,174,44229,,False,77
21459,2025-01-29,3223,715098,157,44233,,False,77
21459,2025-01-30,3224,715280,177,44235,,False,77
21459,2025-01-31,3225,715476,179,44253,,False,77
21459,2025-02-01,3226,715663,179,44270,,False,77
21459,2025-02-02,3227,715849,224,44276,,False,77
21459,2025-02-03,3228,716087,235,44293,,False,77
21459,2025-02-04,3229,716315,177,44309,,False,77
21459,2025-02-05,3230,716489,166,44319,,False,77
21459,2025-02-06,3231,716662,181,44332,,False,77
21459,2025-02-07,3232,716829,151,44330,,False,77
21459,2025-02-08,3233,717000,157,44343,,False,77
21459,2025-02-09,3234,717148,195,44346,,False,77
21459,2025-02-10,3235,717372,188,44365,,False,77
21459,2025-02-11,3236,717577,164,44382,,False,77
21459,2025-02-12,3237,717743,167,44395,,False,77
21459,2025-02-13,3238,717898,179,44406,,False,77
21459,2025-02-14,3239,718068,127,44418,,False,77
21459,2025-02-15,3240,718218,156,44429,,False,77
21459,2025-02-16,3241,718360,218,44430,,False,77
21459,2025-02-17,3242,718625,233,44447,,False,77
21459,2025-02-18,3243,718851,204,44457,,False,77
21459,2025-02-19,3244,719074,193,44473,,False,77
21459,2025-02-20,3245,719257,182,44489,,False,77
21459,2025-02-21,3246,719471,179,44498,,False,77
21459,2025-02-22,3247,719655,198,44515,,False,77
21459,2025-02-23,3248,719858,239,44534,,False,77
21459,2025-02-24,3249,720114,254,44535,,False,77
21459,2025-02-25,3250,720370,185,44549,,False,77
21459,2025-02-26,3251,720553,195,44562,,False,77
21459,2025-02-27,3252,720781,184,44589,,False,77
21459,2025-02-28,3253,720977,164,44601,,False,77
21459,2025-03-01,3254,721121,199,44608,,False,77
21459,2025-03-02,3255,721305,214,44619,,False,77
21459,2025-03-03,3256,721519,176,44639,,False,77
21459,2025-03-04,3257,721718,194,44657,,False,77
21459,2025-03-05,3258,721880,201,44679,,False,77
21459,2025-03-06,3259,722076,207,44705,,False,77
21459,2025-03-07,3260,722263,176,44712,,False,77
21459,2025-03-08,3261,722455,206,44725,,False,77
21459,2025-03-09,3262,722677,242,44733,,False,77
21459,2025-03-10,3263,722930,189,44759,,False,77
21459,2025-03-11,3264,723130,197,44767,,False,77
21459,2025-03-12,3265,723339,189,44779,,False,77
21459,2025-03-13,3266,723533,179,44794,,False,77
21459,2025-03-14,3267,723713,170,44804,,False,77
21459,2025-03-15,3268,723900,181,44816,,False,77
21459,2025-03-16,3269,724079,258,44821,,False,77
21459,2025-03-17,3270,724316,243,44843,,False,77
21459,2025-03-18,3271,724532,203,44861,,False,77
21459,2025-03-19,3272,724729,185,44863,,False,77
21459,2025-03-20,3273,724904,182,44881,,False,77
21459,2025-03-21,3274,725107,171,44890,,False,77
21459,2025-03-22,3275,725271,200,44903,,False,77
21459,2025-03-23,3276,725459,224,44904,,False,77
21459,2025-03-24,3277,725697,224,44923,,False,77
21459,2025-03-25,3278,725921,197,44933,,False,77
21459,2025-03-26,3279,726145,169,44943,,False,77
21459,2025-03-27,3280,726341,241,44959,,False,77
21459,2025-03-28,3281,726565,177,44970,,False,77
21459,2025-03-29,3282,726760,173,44980,,False,77
21459,2025-03-30,3283,726951,203,44999,,False,77
21459,2025-03-31,3284,726951,196,44999,,False,77
21459,2025-04-01,3285,727409,176,45028,,False,77
21459,2025-04-02,3286,727600,143,45048,,False,77
21459,2025-04-03,3287,728217,234,45056,,False,77
21459,2025-04-04,3288,728848,209,45071,,False,77
21459,2025-04-05,3289,729200,193,45071,,False,77
21459,2025-04-06,3290,729200,279,45071,,False,77
21459,2025-04-07,3291,729527,293,45083,,False,77
21459,2025-04-08,3292,730057,243,45089,,False,77
21459,2025-04-09,3293,730743,214,45112,,False,77
21459,2025-04-10,3294,731034,204,45135,,False,77
21459,2025-04-11,3295,731293,171,45145,,False,77
21459,2025-04-12,3296,731520,220,45169,,False,77
21459,2025-04-13,3297,731520,236,45169,,False,77
21459,2025-04-14,3298,731807,208,45182,,False,77
21459,2025-04-15,3299,732029,269,45198,,False,77
21459,2025-04-16,3300,732465,239,45231,,False,77
21459,2025-04-17,3301,732686,261,45237,,False,77
21459,2025-04-18,3302,732908,225,45251,,False,77
21459,2025-04-19,3303,733145,217,45272,,False,77
21459,2025-04-20,3304,733362,175,45284,,False,77
21459,2025-04-21,3305,733557,207,45308,,False,77
21459,2025-04-22,3306,733792,253,45322,,False,77
21459,2025-04-23,3307,734004,208,45325,,False,77
21459,2025-04-24,3308,734212,238,45348,,False,77
21459,2025-04-25,3309,734410,214,45353,,False,77
21459,2025-04-26,3310,734600,182,45368,,False,77
21459,2025-04-27,3311,734769,190,45385,,False,77
21459,2025-04-28,3312,734924,214,45396,,False,77
21459,2025-04-29,3313,735107,193,45409,,False,77
21459,2025-04-30,3314,735274,215,45420,,False,77
21459,2025-05-01,3315,735439,187,45423,,False,77
21459,2025-05-02,3316,735597,150,45434,,False,77
21459,2025-05-03,3317,735746,153,45436,,False,77
21459,2025-05-04,3318,735895,190,45443,,False,77
21459,2025-05-05,3319,736103,224,45451,,False,77
21459,2025-05-06,3320,736305,209,45471,,False,77
21459,2025-05-07,3321,736480,132,45485,,False,77
21459,2025-05-08,3322,736613,179,45494,,False,77
21459,2025-05-09,3323,736905,182,45500,,False,77
21459,2025-05-10,3324,737475,195,45506,,False,77
21459,2025-05-11,3325,737475,174,45506,,False,77
21459,2025-05-12,3326,737934,189,45509,,False,77
21459,2025-05-13,3327,738500,177,45538,,False,77
21459,2025-05-14,3328,738730,163,45546,,False,77
21459,2025-05-15,3329,738943,171,45555,,False,77
21459,2025-05-16,3330,739134,156,45573,,False,77
21459,2025-05-17,3331,739318,139,45586,,False,77
21459,2025-05-18,3332,739495,199,45602,,False,77
21459,2025-05-19,3333,739730,174,45614,,False,77
21459,2025-05-20,3334,739939,206,45630,,False,77
21459,2025-05-21,3335,740135,177,45639,,False,77
21459,2025-05-22,3336,740314,207,45646,,False,77
21459,2025-05-23,3337,740520,202,45649,,False,77
21459,2025-05-24,3338,740698,191,45662,,False,77
21459,2025-05-25,3339,740852,201,45670,,False,77
21459,2025-05-26,3340,740852,203,45670,,False,77
21459,2025-05-27,3341,741278,180,45700,,False,77
21459,2025-05-28,3342,741475,184,45712,,False,77
21459,2025-05-29,3343,741663,189,45723,,False,77
21459,2025-05-30,3344,741860,176,45734,,False,77
21459,2025-05-31,3345,741860,197,45734,,False,77
21459,2025-06-01,3346,742051,207,45755,,False,77
21459,2025-06-02,3347,742226,208,45763,,False,77
21459,2025-06-03,3348,742426,203,45783,,False,77
21459,2025-06-04,3349,742786,212,45795,,False,77
21459,2025-06-05,3350,742972,179,45812,,False,77
21459,2025-06-06,3351,743132,192,45821,,False,77
21459,2025-06-07,3352,743296,160,45839,,False,77
21459,2025-06-08,3353,743296,170,45839,,False,77
21459,2025-06-09,3354,743622,208,45866,,False,77
21459,2025-06-10,3355,743814,216,45869,,False,77
21459,2025-06-11,3356,743985,196,45864,,False,77
21459,2025-06-12,3357,744187,158,45883,,False,77
21459,2025-06-13,3358,744351,163,45896,,False,77
21459,2025-06-14,3359,744538,146,45920,,False,77
21459,2025-06-15,3360,744686,203,45934,,False,77
21459,2025-06-16,3361,744863,173,45940,,False,77
21459,2025-06-17,3362,745044,208,45963,,False,77
21459,2025-06-18,3363,745226,204,45973,,False,77
21459,2025-06-19,3364,745377,188,45985,,False,77
21459,2025-06-20,3365,745540,169,46004,,False,77
21459,2025-06-21,3366,745692,195,46013,,False,77
21459,2025-06-22,3367,745692,173,46013,,False,77
21459,2025-06-23,3368,746043,226,46042,,False,77
21459,2025-06-24,3369,746043,218,46042,,False,77
21459,2025-06-25,3370,746442,200,46062,,False,77
21459,2025-06-26,3371,746442,218,46062,,False,77
21459,2025-06-27,3372,746627,220,46079,,False,77
21459,2025-06-28,3373,746969,192,46078,,False,77
21459,2025-06-29,3374,746969,205,46078,,False,77
21459,2025-06-30,3375,747180,214,46087,,False,77
21459,2025-07-01,3376,747415,212,46090,,False,77
21459,2025-07-02,3377,747637,219,46102,,False,77
21459,2025-07-03,3378,747846,234,46119,,False,77
21459,2025-07-04,3379,748045,204,46135,,False,77
21459,2025-07-05,3380,748225,276,46147,,False,77
21459,2025-07-06,3381,748450,275,46156,,False,77
21459,2025-07-07,3382,748739,268,46166,,False,77
21459,2025-07-08,3383,749259,304,46202,,False,77
21459,2025-07-09,3384,749259,310,46202,,False,77
21459,2025-07-10,3385,749621,313,46215,,False,77
21459,2025-07-11,3386,749985,257,46223,,False,77
21459,2025-07-12,3387,750280,214,46230,,False,77
21459,2025-07-13,3388,750550,206,46245,,False,77
21459,2025-07-14,3389,750765,288,46253,,False,77
21459,2025-07-15,3390,751015,295,46262,,False,77
21459,2025-07-16,3391,751286,284,46278,,False,77
21459,2025-07-17,3392,751555,256,46289,,False,77
21459,2025-07-18,3393,751801,238,46292,,False,77
21459,2025-07-19,3394,752030,197,46300,,False,77
21459,2025-07-20,3395,752272,198,46315,,False,77
21459,2025-07-21,3396,752482,293,46325,,False,77
21459,2025-07-22,3397,752711,235,46329,,False,77
21459,2025-07-23,3398,752962,251,46340,,False,77
21459,2025-07-24,3399,753169,241,46356,,False,77
21459,2025-07-25,3400,753394,245,46360,,False,77
21459,2025-07-26,3401,753618,222,46368,,False,77
21459,2025-07-27,3402,753831,187,46376,,False,77
21459,2025-07-28,3403,754050,269,46380,,False,77
21459,2025-07-29,3404,754258,282,46395,,False,77
21459,2025-07-30,3405,754547,262,46427,,False,77
21459,2025-07-31,3406,754813,247,46437,,False,77
21459,2025-08-01,3407,755040,200,46457,,False,77
21459,2025-08-02,3408,755243,215,46457,,False,77
21459,2025-08-03,3409,755432,229,46460,,False,77
21459,2025-08-04,3410,755622,207,46470,,False,77
21459,2025-08-05,3411,755953,224,46491,,False,77
21459,2025-08-06,3412,755953,196,46491,,False,77
21459,2025-08-07,3413,756348,168,46516,,False,77
21459,2025-08-08,3414,756348,179,46516,,False,77
21459,2025-08-09,3415,756547,176,46527,,False,77
21459,2025-08-10,3416,756780,204,46543,,False,77
21459,2025-08-11,3417,756984,192,46557,,False,77
21459,2025-08-12,3418,757210,210,46570,,False,77
21459,2025-08-13,3419,757372,217,46581,,False,77
21459,2025-08-14,3420,757577,209,46588,,False,77
21459,2025-08-15,3421,757765,217,46602,,False,77
21459,2025-08-16,3422,757954,186,46620,,False,77
21459,2025-08-17,3423,758166,182,46632,,False,77
21459,2025-08-18,3424,758166,245,46632,,False,77
21459,2025-08-19,3425,758484,222,46644,,False,77
21459,2025-08-20,3426,758776,193,46661,,False,77
21459,2025-08-21,3427,758990,199,46667,,False,77
21459,2025-08-22,3428,759196,218,46690,,False,77
21459,2025-08-23,3429,759358,193,46703,,False,77
21459,2025-08-24,3430,759529,173,46707,,False,77
21459,2025-08-25,3431,759693,170,46704,,False,77
21459,2025-08-26,3432,759902,211,46724,,False,77
21459,2025-08-27,3433,760080,207,46738,,False,77
21459,2025-08-28,3434,760274,175,46747,,False,77
21459,2025-08-29,3435,760447,189,46749,,False,77
21459,2025-08-30,3436,760632,172,46761,,False,77
21459,2025-08-31,3437,760798,220,46772,,False,77
21459,2025-09-01,3438,760999,206,46776,,False,77
21459,2025-09-02,3439,760999,200,46776,,False,77
21459,2025-09-03,3440,761381,195,46788,,False,77
21459,2025-09-04,3441,761381,153,46788,,False,77
21459,2025-09-05,3442,761718,143,46812,,False,77
21459,2025-09-06,3443,761718,164,46812,,False,77
21459,2025-09-07,3444,761859,179,46826,,False,77
21459,2025-09-08,3445,762011,185,46846,,False,77
21459,2025-09-09,3446,762230,175,46867,,False,77
21459,2025-09-10,3447,762406,180,46885,,False,77
21459,2025-09-11,3448,762600,150,46902,,False,77
21459,2025-09-12,3449,762751,149,46909,,False,77
21459,2025-09-13,3450,762899,183,46928,,False,77
21459,2025-09-14,3451,763039,208,46938,,False,77
21459,2025-09-15,3452,763218,234,46957,,False,77
21459,2025-09-16,3453,763423,189,46976,,False,77
21459,2025-09-17,3454,763540,195,46989,,False,77
21459,2025-09-18,3455,763752,193,47004,,False,77
21459,2025-09-19,3456,763946,212,47011,,False,77
21459,2025-09-20,3457,764110,174,47020,,False,77
21459,2025-09-21,3458,764299,227,47027,,False,77
21459,2025-09-22,3459,764568,254,47054,,False,77
21459,2025-09-23,3460,764861,245,47076,,False,77
21459,2025-09-24,3461,764861,219,47076,,False,77
21459,2025-09-25,3462,765198,191,47103,,False,77
21459,2025-09-26,3463,765377,186,47117,,False,77
21459,2025-09-27,3464,765515,181,47129,,False,77
21459,2025-09-28,3465,765681,221,47132,,False,77
21459,2025-09-29,3466,765913,206,47153,,False,77
21459,2025-09-30,3467,766136,232,47175,,False,77
21459,2025-10-01,3468,766234,178,47177,,False,77
21459,2025-10-02,3469,766386,222,47172,,False,77
21459,2025-10-03,3470,766708,179,47196,,False,77
21459,2025-10-04,3471,766876,166,47210,,False,77
21459,2025-10-05,3472,766876,251,47210,,False,77
21459,2025-10-06,3473,767142,213,47234,,False,77
21459,2025-10-07,3474,767432,239,47258,,False,77
21459,2025-10-08,3475,767639,262,47281,,False,77
21459,2025-10-09,3476,767857,266,47303,,False,77
21459,2025-10-10,3477,768058,271,47312,,False,77
21459,2025-10-11,3478,768273,269,47327,,False,77
21459,2025-10-12,3479,768506,307,47337,,False,77
21459,2025-10-13,3480,768749,327,47364,,False,77
21459,2025-10-14,3481,769019,285,47383,,False,77
21459,2025-10-15,3482,769223,263,47403,,False,77
21459,2025-10-16,3483,769451,215,47418,,False,77
21459,2025-10-17,3484,769627,212,47429,,False,77
21459,2025-10-18,3485,769793,223,47449,,False,77
21459,2025-10-19,3486,769957,272,47469,,False,77
21459,2025-10-20,3487,770170,317,47497,,False,77
21459,2025-10-21,3488,770435,273,47519,,False,77
21459,2025-10-22,3489,770607,246,47531,,False,77
21459,2025-10-23,3490,770824,302,47558,,False,77
21459,2025-10-24,3491,770998,214,47575,,False,77
21459,2025-10-25,3492,771169,270,47590,,False,77
21459,2025-10-26,3493,771279,263,47603,,False,77
21459,2025-10-27,3494,771279,301,47603,,False,77
21459,2025-10-28,3495,771725,232,47639,,False,77
21459,2025-10-29,3496,771949,257,47659,,False,77
21459,2025-10-30,3497,772150,255,47676,,False,77
21459,2025-10-31,3498,772360,239,47695,,False,77
21459,2025-11-01,3499,772575,241,47717,,False,77
21459,2025-11-02,3500,772739,296,47728,,False,77
21459,2025-11-03,3501,772956,329,47752,,False,77
21459,2025-11-04,3502,773219,327,47770,,False,77
21459,2025-11-05,3503,773450,281,47800,,False,77
21459,2025-11-06,3504,773681,233,47812,,False,77
21459,2025-11-07,3505,773864,207,47822,,False,77
21459,2025-11-08,3506,774053,227,47847,,False,77
21459,2025-11-09,3507,774253,251,47866,,False,77
21459,2025-11-10,3508,774253,298,47866,,False,77
21459,2025-11-11,3509,774482,252,47881,,False,77
21459,2025-11-12,3510,774746,250,47916,,False,77
21459,2025-11-13,3511,775105,228,47941,,False,77
21459,2025-11-14,3512,775256,225,47951,,False,77
21459,2025-11-15,3513,775417,237,47967,,False,77
21459,2025-11-16,3514,775601,271,47981,,False,77
21459,2025-11-17,3515,775824,249,48006,,False,77
21459,2025-11-18,3516,775824,241,48006,,False,77
21459,2025-11-19,3517,776048,238,48035,,False,77
21459,2025-11-20,3518,776221,257,48050,,False,77
21459,2025-11-21,3519,776424,224,48074,,False,77
21459,2025-11-22,3520,776605,259,48090,,False,77
21459,2025-11-23,3521,776811,272,48105,,False,77
21459,2025-11-24,3522,777004,290,48115,,False,77
21459,2025-11-25,3523,777246,323,48129,,False,77
21459,2025-11-26,3524,777465,313,48136,,False,77
21459,2025-11-27,3525,777648,248,48158,,False,77
21459,2025-11-28,3526,777901,246,48174,,False,77
21459,2025-11-29,3527,778116,279,48192,,False,77
21459,2025-11-30,3528,778386,310,48227,,False,77
21459,2025-12-01,3529,778601,283,48255,,False,77
21459,2025-12-02,3530,778601,274,48255,,False,77
21459,2025-12-03,3531,778939,223,48279,,False,77
21459,2025-12-04,3532,779195,253,48290,,False,77
21459,2025-12-05,3533,779361,237,48305,,False,77
21459,2025-12-06,3534,779513,270,48318,,False,77
21459,2025-12-07,3535,779656,279,48329,,False,77
21459,2025-12-08,3536,779933,278,48362,,False,77
21459,2025-12-09,3537,779933,307,48362,,False,77
21459,2025-12-10,3538,780310,240,48401,,False,77
21459,2025-12-11,3539,780310,241,48401,,False,77
21459,2025-12-12,3540,780609,243,48427,,False,77
21459,2025-12-13,3541,780886,228,48447,,False,77
21459,2025-12-14,3542,781068,287,48469,,False,77
21459,2025-12-15,3543,781300,346,48487,,False,77
21459,2025-12-16,3544,781617,287,48505,,False,77
21459,2025-12-17,3545,781810,308,48517,,False,77
21459,2025-12-18,3546,782044,286,48523,,False,77
21459,2025-12-19,3547,782044,310,48523,,False,77
21459,2025-12-20,3548,782266,319,48531,,False,77
21459,2025-12-21,3549,782516,306,48552,,False,77
21459,2025-12-22,3550,782770,295,48550,,False,77
21459,2025-12-23,3551,783117,319,48577,,False,77
21459,2025-12-24,3552,783388,328,48589,,False,77
21459,2025-12-25,3553,783630,235,48599,,False,77
21459,2025-12-26,3554,783825,259,48611,,False,77
21459,2025-12-27,3555,784051,306,48625,,False,77
21459,2025-12-28,3556,784051,374,48625,,False,77
21459,2025-12-29,3557,784381,389,48635,,False,77
21459,2025-12-30,3558,784924,325,48671,,False,77
21459,2025-12-31,3559,784924,272,48671,,False,77
21459,2026-01-01,3560,785386,249,48668,,False,77
21459,2026-01-02,3561,785707,391,48694,,False,77
21459,2026-01-03,3562,785707,416,48694,,False,77
21459,2026-01-04,3563,786297,413,48729,,False,77
21459,2026-01-05,3564,786297,503,48729,,False,77
21459,2026-01-06,3565,787009,462,48760,,False,77
21459,2026-01-07,3566,787009,375,48760,,False,77
21459,2026-01-08,3567,787957,346,48835,,False,77
21459,2026-01-09,3568,788527,331,48884,,False,77
21459,2026-01-10,3569,788527,476,48884,,False,77
21459,2026-01-11,3570,789122,443,48900,,False,77
21459,2026-01-12,3571,789122,348,48900,,False,77
21459,2026-01-13,3572,789765,394,48935,,False,77
21459,2026-01-14,3573,790190,329,48959,,False,77
21459,2026-01-15,3574,790678,284,48972,,False,77
21459,2026-01-16,3575,790990,306,48982,,False,77
21459,2026-01-17,3576,791303,337,49002,,False,77
21459,2026-01-18,3577,791584,314,49010,,False,77
21459,2026-01-19,3578,791946,336,49027,,False,77
21459,2026-01-20,3579,792320,313,49045,,False,77
21459,2026-01-21,3580,792636,322,49065,,False,77
21459,2026-01-22,3581,792928,318,49087,,False,77
21459,2026-01-23,3582,793231,294,49103,,False,77
21459,2026-01-24,3583,793498,306,49119,,False,77
21459,2026-01-25,3584,793765,340,49132,,False,77
21459,2026-01-26,3585,794104,343,49144,,False,77
21459,2026-01-27,3586,794451,324,49163,,False,77
21459,2026-01-28,3587,794795,316,49182,,False,77
21459,2026-01-29,3588,795108,299,49193,,False,77
21459,2026-01-30,3589,795398,262,49207,,False,77
21459,2026-01-31,3590,795642,241,49205,,False,77
21459,2026-02-01,3591,795884,295,49223,,False,77
21459,2026-02-02,3592,796121,256,49223,,False,77
21459,2026-02-03,3593,796380,284,49237,,False,77
21459,2026-02-04,3594,796660,204,49255,,False,77
21459,2026-02-05,3595,796660,250,49255,,False,77
21459,2026-02-06,3596,796878,230,49273,,False,77
21459,2026-02-07,3597,797300,262,49296,,False,77
21459,2026-02-08,3598,797490,334,49299,,False,77
21459,2026-02-09,3599,797490,211,49299,,False,77
21459,2026-02-10,3600,797796,253,49310,,False,77
21459,2026-02-11,3601,798018,245,49319,,False,77
21459,2026-02-12,3602,798333,197,49334,,False,77
21459,2026-02-13,3603,798549,150,49335,,False,77
21459,2026-02-14,3604,798549,165,49335,,False,77
21459,2026-02-15,3605,798832,203,49350,,False,77
21459,2026-02-16,3606,798997,234,49366,,False,77
21459,2026-02-17,3607,799279,239,49386,,False,77
21459,2026-02-18,3608,799516,243,49404,,False,77
21459,2026-02-19,3609,799516,245,49404,,False,77
21459,2026-02-20,3610,799942,235,49427,,False,77
21459,2026-02-21,3611,800115,273,49439,,False,77
21459,2026-02-22,3612,800366,266,49464,,False,77
21459,2026-02-23,3613,800605,278,49486,,False,77
21459,2026-02-24,3614,800883,258,49500,,False,77
21459,2026-02-25,3615,801129,215,49521,,False,77
21459,2026-02-26,3616,801346,213,49521,,False,77
21459,2026-02-27,3617,801560,230,49533,,False,77
21459,2026-02-28,3618,801779,248,49545,,False,77
21459,2026-03-01,3619,802029,296,49561,,False,77
21459,2026-03-02,3620,802346,233,49589,,False,77
21459,2026-03-03,3621,802648,231,49603,,False,77
21459,2026-03-04,3622,802859,250,49617,,False,77
21459,2026-03-05,3623,803018,194,49630,,False,77
21459,2026-03-06,3624,803217,224,49636,,False,77
21459,2026-03-07,3625,803396,197,49645,,False,77
21459,2026-03-08,3626,803632,229,49653,,False,77
21459,2026-03-09,3627,803877,244,49657,,False,77
21459,2026-03-10,3628,804147,257,49676,,False,77
21459,2026-03-11,3629,804377,189,49688,,False,77
21459,2026-03-12,3630,804587,250,49708,,False,77
21459,2026-03-13,3631,804812,283,49728,,False,77
21459,2026-03-14,3632,805015,494,49738,,False,77
21459,2026-03-15,3633,805684,439,49779,,False,77
21459,2026-03-16,3634,806289,360,49821,,False,77
21459,2026-03-17,3635,806289,341,49821,,False,77
21459,2026-03-18,3636,807041,324,49862,,False,78
21459,2026-03-19,3637,807041,302,49862,,False,78
21459,2026-03-20,3638,807554,220,49891,,False,78
21459,2026-03-21,3639,807904,270,49908,,False,78
21459,2026-03-22,3640,808203,318,49930,,False,78
21459,2026-03-23,3641,808558,255,49949,,False,78
21459,2026-03-24,3642,808890,267,49967,,False,78
21459,2026-03-25,3643,809170,257,49976,,False,78
21459,2026-03-26,3644,809170,283,49976,,False,78
21459,2026-03-27,3645,809685,219,50000,,False,78
21459,2026-03-28,3646,810008,318,50015,,False,78
21459,2026-03-29,3647,810349,281,50022,,False,78
21459,2026-03-30,3648,810349,291,50022,,False,78
21459,2026-03-31,3649,811102,216,50054,,False,78
21459,2026-04-01,3650,811385,129,50076,,False,78
21459,2026-04-02,3651,811703,25,50089,,False,78
21459,2026-04-20,3669,817876,162,50411,,False,78
21459,2026-04-21,3670,818112,288,50418,,False,78
21459,2026-04-22,3671,818389,312,50432,,False,78
21459,2026-04-23,3672,818745,403,50457,,False,78
21459,2026-04-24,3673,819131,312,50469,,False,78
21459,2026-04-25,3674,819467,313,50486,,False,78
21459,2026-04-26,3675,819811,363,50508,,False,78
21459,2026-04-27,3676,820198,384,50532,,False,78
21459,2026-04-28,3677,820612,347,50545,,False,78
21459,2026-04-29,3678,820973,292,50575,,False,78
21459,2026-04-30,3679,821300,297,50594,,False,78
21459,2026-05-01,3680,821652,259,50609,,False,78
21459,2026-05-02,3681,821986,290,50652,,False,78
21459,2026-05-03,3682,822305,443,50673,,False,78
21459,2026-05-04,3683,822305,422,50673,,False,78
21459,2026-05-05,3684,823184,404,50745,,False,78
21459,2026-05-06,3685,823592,333,50773,,False,78
21459,2026-05-07,3686,823906,366,50799,,False,78
21459,2026-05-08,3687,824237,372,50824,,False,78
21459,2026-05-09,3688,824547,333,50845,,False,78
21459,2026-05-10,3689,824888,777,50883,,False,78
21459,2026-05-11,3690,824888,727,50883,,False,78
21459,2026-05-12,3691,827752,631,51185,,False,78
21459,2026-05-13,3692,828744,614,51253,,False,78
21459,2026-05-14,3693,829565,483,51329,,False,78
21459,2026-05-15,3694,829565,476,51329,,False,78
21459,2026-05-16,3695,830721,494,51428,,False,78
21459,2026-05-17,3696,831233,496,51476,,False,78
21459,2026-05-18,3697,831233,469,51476,,False,78
21459,2026-05-19,3698,831806,397,51516,,False,78
21459,2026-05-20,3699,832691,381,51590,,False,78
21459,2026-05-21,3700,833168,415,51630,,False,78
21459,2026-05-22,3701,833635,380,51665,,False,78
21459,2026-05-23,3702,834024,383,51689,,False,78
21459,2026-05-24,3703,834439,462,51728,,False,78
21459,2026-05-25,3704,834439,525,51728,,False,78
21459,2026-05-26,3705,835325,446,51788,,False,78
21459,2026-05-27,3706,835781,424,51828,,False,78
21459,2026-05-28,3707,836191,446,51860,,False,78
21459,2026-05-29,3708,836191,406,51860,,False,78
21459,2026-05-30,3709,836613,431,51905,,False,78
21459,2026-05-31,3710,836957,474,51940,,False,78
21459,2026-06-01,3711,837364,498,51970,,False,78
21459,2026-06-02,3712,837828,467,52002,,False,78
21459,2026-06-03,3713,838364,441,52044,,False,78
21459,2026-06-04,3714,838813,393,52076,,False,78
21459,2026-06-05,3715,839279,429,52111,,False,78
21459,2026-06-06,3716,839640,364,52146,,False,78
21459,2026-06-07,3717,840078,456,52186,,False,78
21459,2026-06-08,3718,840444,410,52206,,False,78
21459,2026-06-09,3719,841317,438,52273,,False,78
21459,2026-06-10,3720,841317,353,52273,,False,78
21459,2026-06-11,3721,842081,441,52324,,False,78
21459,2026-06-12,3722,842081,362,52324,,False,78
21459,2026-06-13,3723,842488,362,52371,,False,78
21459,2026-06-14,3724,842843,413,52385,,False,78
21459,2026-06-15,3725,843194,347,52414,,False,78
21459,2026-06-16,3726,843559,387,52446,,False,78
21459,2026-06-17,3727,843902,374,52466,,False,78
21459,2026-06-18,3728,844261,347,52482,,False,78
21459,2026-06-19,3729,844624,348,52511,,False,78
21459,2026-06-20,3730,844982,353,52522,,False,78
21459,2026-06-21,3731,845633,351,52582,,False,78
21459,2026-06-22,3732,845633,434,52582,,False,78
21459,2026-06-23,3733,846032,403,52605,,False,78
21459,2026-06-24,3734,846486,424,52639,,False,78
21459,2026-06-25,3735,846888,469,52666,,False,78
21459,2026-06-26,3736,847310,383,52701,,False,78
21459,2026-06-27,3737,847746,387,52713,,False,78
21459,2026-06-28,3738,848108,326,52729,,False,78
21459,2026-06-29,3739,848476,427,52758,,False,78
21459,2026-06-30,3740,848859,460,52796,,False,78
21459,2026-07-01,3741,849277,455,52828,,False,78
21459,2026-07-02,3742,849641,452,52858,,False,78
21459,2026-07-03,3743,850009,432,52881,,False,78
21459,2026-07-04,3744,850442,427,52895,,False,78
21459,2026-07-05,3745,850868,451,52914,,False,78
21459,2026-07-06,3746,850868,225,52914,,False,78
21459,2026-07-09,3749,852937,28,53012,,False,77
21459,2026-07-10,3750,852937,430,53012,,False,77
21459,2026-07-11,3751,852937,394,53012,,False,77
21459,2026-07-12,3752,853900,407,53082,,False,77
21459,2026-07-13,3753,854237,419,53091,,False,77
21459,2026-07-14,3754,854614,430,53121,,False,77
21459,2026-07-15,3755,855035,419,53151,,False,77
21459,2026-07-16,3756,855458,428,53172,,False,77
21459,2026-07-17,3757,856185,398,53208,,False,77
21459,2026-07-18,3758,856185,403,53208,,False,77
21459,2026-07-19,3759,856557,442,53234,,False,77
21459,2026-07-20,3760,856929,377,53251,,False,77
21459,2026-07-21,3761,857297,432,53287,,False,77
21459,2026-07-22,3762,857640,411,53302,,False,77
21459,2026-07-23,3763,858031,478,53330,,False,77
21459,2026-07-24,3764,858669,404,53364,,False,77
21459,2026-07-25,3765,858669,342,53364,,False,77
21459,2026-07-26,3766,859051,425,53395,,False,77
21459,2026-07-27,3767,859365,370,53423,,False,77
21459,2026-07-28,3768,859711,341,53457,,False,77
21459,2026-07-29,3769,859995,385,53467,,False,77
21459,2026-07-30,3770,860332,317,53483,,False,77
21459,2026-07-31,3771,860641,365,53498,,False,77
21459,2026-08-01,3772,860914,345,53524,,False,77
21459,2026-08-02,3773,861232,374,53529,,False,77
21459,2026-08-03,3774,861536,381,53568,,False,77
21459,2026-08-04,3775,861850,422,53598,,False,77
21459,2026-08-05,3776,862208,370,53624,,False,77
21459,2026-08-06,3777,862552,392,53659,,False,77
21459,2026-08-07,3778,862855,362,53673,,False,77
21459,2026-08-08,3779,863184,333,53701,,False,77
21459,2026-08-09,3780,863481,372,53716,,False,77
21459,2026-08-10,3781,863771,320,53749,,False,77
21459,2026-08-11,3782,864058,342,53779,,False,77
21459,2026-08-12,3783,864324,374,53800,,False,77
21459,2026-08-13,3784,864620,341,53826,,False,77
21459,2026-08-14,3785,864928,351,53851,,False,77
21459,2026-08-15,3786,865236,351,53887,,False,77
21459,2026-08-16,3787,865493,396,53900,,False,77
21459,2026-08-17,3788,865755,371,53925,,False,77
21459,2026-08-18,3789,866088,320,53948,,False,77
21459,2026-08-19,3790,866467,344,53970,,False,77
21459,2026-08-20,3791,866699,311,53992,,False,77
21459,2026-08-21,3792,866994,340,54019,,False,77
21459,2026-08-22,3793,867296,346,54046,,False,77
21459,2026-08-23,3794,867554,302,54074,,False,77
21459,2026-08-24,3795,867554,326,54074,,False,77
21459,2026-08-25,3796,868113,313,54111,,False,77
21459,2026-08-26,3797,868380,316,54133,,False,77
21459,2026-08-27,3798,868906,388,54155,,False,77
21459,2026-08-28,3799,868906,341,54155,,False,77
21459,2026-08-29,3800,869260,347,54183,,False,77
21459,2026-08-30,3801,869515,306,54195,,False,77
21459,2026-08-31,3802,869795,316,54214,,False,77
21459,2026-09-01,3803,870054,333,54222,,False,77
21459,2026-09-02,3804,870335,289,54249,,False,77
21459,2026-09-03,3805,870598,283,54271,,False,77
21459,2026-09-04,3806,870839,290,54278,,False,77
21459,2026-09-05,3807,871093,335,54296,,False,77
21459,2026-09-06,3808,871370,334,54315,,False,77
21459,2026-09-07,3809,871660,293,54350,,False,77
21459,2026-09-08,3810,871928,324,54364,,False,77
21459,2026-09-09,3811,872487,291,54414,,False,77
21459,2026-09-10,3812,872487,230,54414,,False,77
21459,2026-09-11,3813,872925,286,54453,,False,77
21459,2026-09-12,3814,873183,256,54475,,False,77
21459,2026-09-13,3815,873183,306,54475,,False,77
21459,2026-09-14,3816,873423,348,54493,,False,77
21459,2026-09-15,3817,873712,266,54523,,False,77
21459,2026-09-16,3818,873974,311,54546,,False,77
21459,2026-09-17,3819,874187,265,54558,,False,77
21459,2026-09-18,3820,874542,271,54591,,False,77
21459,2026-09-19,3821,874677,300,54595,,False,77
21459,2026-09-20,3822,874837,334,54600,,False,77
21459,2026-09-21,3823,874837,319,54600,,False,77
21459,2026-09-22,3824,875459,304,54634,,False,77
21459,2026-09-23,3825,875624,358,54653,,False,77
21459,2026-09-24,3826,875931,356,54682,,False,77
21459,2026-09-25,3827,876218,363,54700,,False,77
21459,2026-09-26,3828,876503,304,54725,,False,77
21459,2026-09-27,3829,876778,371,54734,,False,77
21459,2026-09-28,3830,877074,360,54763,,False,77
21459,2026-09-29,3831,877418,317,54784,,False,77
21459,2026-09-30,3832,877692,279,54805,,False,77
21459,2026-10-01,3833,877949,313,54831,,False,77
21459,2026-10-02,3834,878181,318,54852,,False,77
21459,2026-10-03,3835,878440,294,54861,,False,77
21459,2026-10-04,3836,878690,356,54887,,False,77
21459,2026-10-05,3837,878999,336,54912,,False,77
21459,2026-10-06,3838,879298,332,54923,,False,77
21459,2026-10-07,3839,879583,363,54930,,False,77
21459,2026-10-08,3840,879894,223,54950,,False,77
21476,2015-11-10,-327,,13,,,False,
21476,2015-11-11,-326,,5,,,False,
21476,2015-11-12,-325,,2,,,False,
21476,2015-11-14,-323,,2,,,False,
21476,2015-11-15,-322,,2,,,False,
21476,2015-12-06,-301,,2,,,False,
21476,2016-02-10,-235,,2,,,False,
21476,2016-02-16,-229,,2,,,False,
21476,2016-03-31,-185,,2,,,False,
21476,2016-07-06,-88,,7,,,False,
21476,2016-07-07,-87,,2,,,False,
21476,2016-07-20,-74,,2,,,False,
21476,2016-08-15,-48,,2,,,False,
21476,2016-08-24,-39,,2,,,False,
21476,2016-09-03,-29,,2,,,False,
21476,2016-09-09,-23,,2,,,False,
21476,2016-09-12,-20,,2,,,False,
21476,2016-09-21,-11,,3,,,False,
21476,2016-09-23,-9,,2,,,False,
21476,2016-09-25,-7,,2,,,False,
21476,2016-09-28,-4,,2,,,False,
21476,2016-09-29,-3,,2,,,False,
21476,2016-10-02,0,,12,,,False,
21476,2016-10-03,1,,45,,,False,
21476,2016-10-04,2,,10,,,False,
21476,2016-10-05,3,,3,,,False,
21476,2016-10-06,4,,9,,,False,
21476,2016-10-07,5,,7,,,False,
21476,2016-10-08,6,,4,,,False,
21476,2016-10-09,7,,13,,,False,
21476,2016-10-10,8,,39,,,False,
21476,2016-10-11,9,,17,,,False,
21476,2016-10-12,10,,10,,,False,
21476,2016-10-13,11,,3,,,False,
21476,2016-10-14,12,,4,,,False,
21476,2016-10-15,13,,3,,,False,
21476,2016-10-16,14,,8,,,False,
21476,2016-10-17,15,,24,,,False,
21476,2016-10-18,16,,7,,,False,
21476,2016-10-19,17,,10,,,False,
21476,2016-10-20,18,,6,,,False,
21476,2016-10-21,19,,5,,,False,
21476,2016-10-22,20,,3,,,False,
21476,2016-10-23,21,,11,,,False,
21476,2016-10-24,22,,27,,,False,
21476,2016-10-25,23,,8,,,False,
21476,2016-10-26,24,,2,,,False,
21476,2016-10-27,25,,6,,,False,
21476,2016-10-28,26,,4,,,False,
21476,2016-10-29,27,,7,,,False,
21476,2016-10-30,28,,8,,,False,
21476,2016-10-31,29,,19,,,False,
21476,2016-11-01,30,,7,,,False,
21476,2016-11-02,31,,6,,,False,
21476,2016-11-03,32,,2,,,False,
21476,2016-11-04,33,,5,,,False,
21476,2016-11-05,34,,3,,,False,
21476,2016-11-06,35,,3,,,False,
21476,2016-11-07,36,,21,,,False,
21476,2016-11-08,37,,10,,,False,
21476,2016-11-09,38,,6,,,False,
21476,2016-11-10,39,,5,,,False,
21476,2016-11-12,41,,2,,,False,
21476,2016-11-13,42,,8,,,False,
21476,2016-11-14,43,,17,,,False,
21476,2016-11-15,44,,9,,,False,
21476,2016-11-16,45,,3,,,False,
21476,2016-11-17,46,,4,,,False,
21476,2016-11-18,47,,2,,,False,
21476,2016-11-19,48,,2,,,False,
21476,2016-11-20,49,,8,,,False,
21476,2016-11-21,50,,15,,,False,
21476,2016-11-22,51,,4,,,False,
21476,2016-11-23,52,,7,,,False,
21476,2016-11-24,53,,4,,,False,
21476,2016-11-25,54,,2,,,False,
21476,2016-11-27,56,,6,,,False,
21476,2016-11-28,57,,19,,,False,
21476,2016-11-29,58,,5,,,False,
21476,2016-11-30,59,,6,,,False,
21476,2016-12-02,61,,2,,,False,
21476,2016-12-03,62,,4,,,False,
21476,2016-12-04,63,,7,,,False,
21476,2016-12-05,64,,19,,,False,
21476,2016-12-06,65,,5,,,False,
21476,2016-12-07,66,,3,,,False,
21476,2016-12-08,67,,5,,,False,
21476,2016-12-09,68,,3,,,False,
21476,2016-12-10,69,,2,,,False,
21476,2016-12-11,70,,6,,,False,
21476,2016-12-12,71,,19,,,False,
21476,2016-12-13,72,,5,,,False,
21476,2016-12-14,73,,7,,,False,
21476,2016-12-15,74,,4,,,False,
21476,2016-12-16,75,,6,,,False,
21476,2016-12-17,76,,4,,,False,
21476,2016-12-18,77,,9,,,False,
21476,2016-12-19,78,,25,,,False,
21476,2016-12-20,79,,10,,,False,
21476,2016-12-21,80,,5,,,False,
21476,2016-12-22,81,,5,,,False,
21476,2016-12-23,82,,6,,,False,
21476,2016-12-24,83,,4,,,False,
21476,2016-12-25,84,,3,,,False,
21476,2016-12-26,85,,6,,,False,
21476,2016-12-27,86,,4,,,False,
21476,2016-12-28,87,,2,,,False,
21476,2016-12-29,88,,3,,,False,
21476,2016-12-30,89,,3,,,False,
21476,2016-12-31,90,,3,,,False,
21476,2017-01-01,91,,6,,,False,
21476,2017-01-03,93,,2,,,False,
21476,2017-01-06,96,,2,,,False,
21476,2017-01-07,97,,3,,,False,
21476,2017-01-08,98,,4,,,False,
21476,2017-01-09,99,,2,,,False,
21476,2017-01-10,100,,3,,,False,
21476,2017-01-11,101,,3,,,False,
21476,2017-01-14,104,,3,,,False,
21476,2017-01-15,105,,3,,,False,
21476,2017-01-16,106,,2,,,False,
21476,2017-01-22,112,,2,,,False,
21476,2017-01-23,113,,2,,,False,
21476,2017-01-26,116,,2,,,False,
21476,2017-01-27,117,,2,,,False,
21476,2017-01-30,120,,2,,,False,
21476,2017-02-11,132,,2,,,False,
21476,2017-02-12,133,,2,,,False,
21476,2017-02-19,140,,3,,,False,
21476,2017-03-17,166,,2,,,False,
21476,2017-04-02,182,,2,,,False,
21476,2017-04-10,190,,2,,,False,
21476,2017-05-05,215,,2,,,False,
21476,2017-05-11,221,,3,,,False,
21476,2017-05-21,231,,2,,,False,
21476,2017-05-24,234,,2,,,False,
21476,2017-06-12,253,,2,,,False,
21476,2017-06-23,264,,2,,,False,
21476,2017-07-08,279,,2,,,False,
21476,2017-08-29,331,,2,,,False,
21476,2017-09-04,337,,2,,,False,
21476,2017-10-08,371,,2,,,False,
21476,2017-10-24,387,,2,,,False,
21476,2017-12-24,448,,2,,,False,
21476,2018-01-07,462,,2,,,False,
21476,2018-01-16,471,,2,,,False,
21476,2018-01-23,478,,2,,,False,
21476,2018-03-25,539,686,1,92,,False,64
21476,2018-03-26,540,687,2,92,,False,64
21476,2018-03-30,544,692,1,91,,False,64
21476,2018-04-02,547,696,1,91,,False,64
21476,2018-04-04,549,700,2,92,,False,64
21476,2018-04-06,551,704,2,92,,False,64
21476,2018-04-15,560,711,2,92,,False,64
21476,2018-04-17,562,713,1,92,,False,64
21476,2018-04-20,565,716,3,92,,False,64
21476,2018-04-22,567,717,3,92,,False,64
21476,2018-04-30,575,720,2,93,,False,64
21476,2018-05-04,579,722,1,94,,False,64
21476,2018-05-05,580,722,2,94,,False,64
21476,2018-05-06,581,723,1,93,,False,64
21476,2018-05-07,582,724,4,93,,False,64
21476,2018-05-08,583,728,5,93,,False,64
21476,2018-05-09,584,727,1,93,,False,64
21476,2018-05-10,585,729,1,92,,False,64
21476,2018-05-27,602,746,1,93,,False,64
21476,2018-05-28,603,775,3,93,,False,64
21476,2018-05-29,604,799,5,95,,False,64
21476,2018-05-30,605,814,10,94,,False,64
21476,2018-05-31,606,814,9,94,,False,64
21476,2018-06-01,607,853,4,98,,False,64
21476,2018-06-02,608,895,7,103,,False,64
21476,2018-06-03,609,895,7,103,,False,64
21476,2018-06-04,610,1137,5,115,,False,65
21476,2018-06-05,611,1185,1,115,,False,65
21476,2018-06-06,612,1185,5,115,,False,65
21476,2018-06-07,613,1215,2,116,,False,65
21476,2018-06-08,614,1221,1,115,,False,65
21476,2018-06-09,615,1221,5,115,,False,65
21476,2018-06-10,616,1251,1,120,,False,65
21476,2018-06-11,617,1257,1,121,,False,65
21476,2018-06-12,618,1271,2,121,,False,65
21476,2018-06-14,620,1283,4,121,,False,65
21476,2018-06-15,621,1283,7,121,,False,65
21476,2018-06-16,622,1299,10,123,,False,65
21476,2018-06-17,623,1318,2,122,,False,65
21476,2018-06-18,624,1335,3,122,,False,65
21476,2018-06-19,625,1335,2,122,,False,65
21476,2018-06-20,626,1362,3,123,,False,65
21476,2018-06-21,627,1371,4,124,,False,65
21476,2018-06-22,628,1382,2,125,,False,65
21476,2018-06-24,630,1405,4,128,,False,65
21476,2018-06-25,631,1417,1,128,,False,65
21476,2018-06-26,632,1431,1,130,,False,65
21476,2018-06-28,634,1445,1,133,,False,65
21476,2018-06-29,635,1453,1,135,,False,65
21476,2018-06-30,636,1459,2,135,,False,65
21476,2018-07-01,637,1467,5,136,,False,65
21476,2018-07-02,638,1478,1,137,,False,65
21476,2018-07-03,639,1478,2,137,,False,65
21476,2018-07-04,640,1501,2,139,,False,65
21476,2018-07-05,641,1511,3,139,,False,65
21476,2018-07-06,642,1517,2,139,,False,65
21476,2018-07-07,643,1517,7,139,,False,65
21476,2018-07-08,644,1535,3,140,,False,65
21476,2018-07-09,645,1535,5,140,,False,65
21476,2018-07-10,646,1558,7,141,,False,65
21476,2018-07-11,647,1558,7,141,,False,65
21476,2018-07-12,648,1575,5,140,,False,65
21476,2018-07-13,649,1586,2,141,,False,65
21476,2018-07-14,650,1593,2,141,,False,65
21476,2018-07-15,651,1600,2,141,,False,65
21476,2018-07-16,652,1607,1,141,,False,65
21476,2018-07-17,653,1607,2,141,,False,65
21476,2018-07-18,654,1624,3,141,,False,65
21476,2018-07-19,655,1632,1,141,,False,65
21476,2018-07-20,656,1632,3,141,,False,65
21476,2018-07-22,658,1661,3,141,,False,65
21476,2018-07-23,659,1671,5,144,,False,65
21476,2018-07-24,660,1679,3,145,,False,65
21476,2018-07-25,661,1684,3,144,,False,65
21476,2018-07-26,662,1684,3,144,,False,65
21476,2018-07-27,663,1709,4,143,,False,65
21476,2018-07-30,666,1720,3,146,,False,65
21476,2018-07-31,667,1728,3,146,,False,65
21476,2018-08-01,668,1734,4,146,,False,65
21476,2018-08-02,669,1739,4,146,,False,65
21476,2018-08-03,670,1739,2,146,,False,65
21476,2018-08-04,671,1750,3,144,,False,65
21476,2018-08-07,674,1768,2,145,,False,65
21476,2018-08-08,675,1768,1,145,,False,65
21476,2018-08-09,676,1773,1,145,,False,65
21476,2018-08-10,677,1784,1,145,,False,65
21476,2018-08-12,679,1792,1,146,,False,65
21476,2018-08-13,680,1795,1,146,,False,65
21476,2018-08-14,681,1800,1,146,,False,65
21476,2018-08-15,682,1803,1,146,,False,65
21476,2018-08-16,683,1807,1,146,,False,65
21476,2018-08-18,685,1815,1,147,,False,65
21476,2018-08-19,686,1819,1,146,,False,65
21476,2018-08-20,687,1824,3,146,,False,65
21476,2018-08-21,688,1830,3,147,,False,65
21476,2018-08-22,689,1830,4,147,,False,65
21476,2018-08-23,690,1837,1,146,,False,66
21476,2018-08-26,693,1840,1,146,,False,66
21476,2018-08-27,694,1842,1,147,,False,66
21476,2018-08-28,695,1843,6,146,,False,66
21476,2018-08-29,696,1846,1,146,,False,66
21476,2018-08-30,697,1851,2,147,,False,66
21476,2018-08-31,698,1851,3,147,,False,66
21476,2018-09-01,699,1857,1,148,,False,66
21476,2018-09-02,700,1858,1,148,,False,66
21476,2018-09-03,701,1857,2,148,,False,66
21476,2018-09-05,703,1862,2,148,,False,66
21476,2018-09-07,705,1867,2,148,,False,66
21476,2018-09-09,707,1871,1,149,,False,66
21476,2018-09-11,709,1873,1,148,,False,66
21476,2018-09-12,710,1876,1,149,,False,66
21476,2018-09-16,714,1889,2,149,,False,66
21476,2018-09-17,715,1894,3,150,,False,66
21476,2018-09-18,716,1900,3,150,,False,66
21476,2018-09-24,722,1921,1,151,,False,66
21476,2018-09-25,723,1922,1,151,,False,66
21476,2018-09-27,725,1927,3,152,,False,66
21476,2018-09-28,726,1930,1,151,,False,66
21476,2018-09-30,728,1939,1,151,,False,66
21476,2018-10-01,729,1939,3,151,,False,66
21476,2018-10-02,730,1942,2,152,,False,66
21476,2018-10-04,732,1947,2,152,,False,66
21476,2018-10-06,734,1954,1,152,,False,66
21476,2018-10-07,735,1956,2,153,,False,66
21476,2018-10-09,737,1962,4,153,,False,66
21476,2018-10-11,739,1972,1,152,,False,66
21476,2018-10-12,740,1972,2,152,,False,66
21476,2018-10-14,742,1978,1,153,,False,66
21476,2018-10-15,743,1978,1,153,,False,66
21476,2018-10-16,744,1991,6,154,,False,66
21476,2018-10-17,745,1994,1,153,,False,66
21476,2018-10-19,747,1997,4,154,,False,66
21476,2018-10-22,750,2001,2,154,,False,66
21476,2018-10-23,751,2011,1,157,,False,66
21476,2018-10-24,752,2012,2,157,,False,66
21476,2018-10-26,754,2021,1,158,,False,66
21476,2018-10-27,755,2022,2,158,,False,66
21476,2018-10-28,756,2023,1,157,,False,66
21476,2018-11-02,761,2031,2,157,,False,66
21476,2018-11-03,762,2034,1,158,,False,66
21476,2018-11-04,763,2035,1,159,,False,66
21476,2018-11-05,764,2038,1,159,,False,66
21476,2018-11-07,766,2046,1,160,,False,66
21476,2018-11-08,767,2049,2,160,,False,66
21476,2018-11-09,768,2051,2,161,,False,66
21476,2018-11-10,769,2053,1,160,,False,66
21476,2018-11-11,770,2056,3,160,,False,66
21476,2018-11-12,771,2060,2,160,,False,66
21476,2018-11-13,772,2064,1,160,,False,66
21476,2018-11-14,773,2066,2,160,,False,66
21476,2018-11-15,774,2066,3,160,,False,66
21476,2018-11-16,775,2072,1,160,,False,66
21476,2018-11-17,776,2073,1,160,,False,66
21476,2018-11-18,777,2076,1,160,,False,66
21476,2018-11-19,778,2080,2,159,,False,66
21476,2018-11-20,779,2084,3,159,,False,66
21476,2018-11-21,780,2085,1,158,,False,66
21476,2018-11-22,781,2087,1,159,,False,66
21476,2018-11-23,782,2088,1,160,,False,66
21476,2018-11-26,785,2091,1,160,,False,66
21476,2018-11-27,786,2092,2,160,,False,66
21476,2018-11-28,787,2095,1,161,,False,66
21476,2018-11-29,788,2097,1,161,,False,66
21476,2018-11-30,789,2097,2,160,,False,66
21476,2018-12-03,792,2105,1,161,,False,66
21476,2018-12-05,794,2105,1,161,,False,66
21476,2018-12-08,797,2109,1,161,,False,66
21476,2018-12-11,800,2111,1,161,,False,66
21476,2018-12-12,801,2115,3,161,,False,66
21476,2018-12-14,803,2117,1,161,,False,66
21476,2018-12-15,804,2121,2,162,,False,66
21476,2018-12-16,805,2123,1,162,,False,66
21476,2018-12-17,806,2127,2,162,,False,66
21476,2018-12-18,807,2127,4,162,,False,66
21476,2018-12-19,808,2134,4,161,,False,66
21476,2018-12-20,809,2136,3,161,,False,66
21476,2018-12-21,810,2136,2,161,,False,66
21476,2018-12-22,811,2136,4,160,,False,66
21476,2018-12-24,813,2138,2,161,,False,66
21476,2018-12-29,818,2153,1,162,,False,66
21476,2018-12-31,820,2158,3,162,,False,66
21476,2019-01-03,823,2164,1,161,,False,66
21476,2019-01-05,825,2170,1,161,,False,66
21476,2019-01-07,827,2177,2,162,,False,66
21476,2019-01-11,831,2187,1,163,,False,66
21476,2019-01-12,832,2190,1,164,,False,66
21476,2019-01-13,833,2192,2,164,,False,66
21476,2019-01-14,834,2196,2,164,,False,66
21476,2019-01-16,836,2199,2,163,,False,66
21476,2019-01-17,837,2210,3,162,,False,66
21476,2019-01-18,838,2213,1,162,,False,66
21476,2019-01-19,839,2216,2,162,,False,66
21476,2019-01-20,840,2223,2,162,,False,66
21476,2019-01-21,841,2225,1,161,,False,66
21476,2019-01-22,842,2225,3,161,,False,66
21476,2019-01-23,843,2230,2,162,,False,66
21476,2019-01-25,845,2235,1,162,,False,66
21476,2019-01-27,847,2239,2,162,,False,66
21476,2019-01-29,849,2240,2,162,,False,66
21476,2019-01-31,851,2244,1,162,,False,66
21476,2019-02-02,853,2247,1,162,,False,66
21476,2019-02-04,855,2248,2,162,,False,66
21476,2019-02-05,856,2248,1,162,,False,66
21476,2019-02-06,857,2250,3,163,,False,66
21476,2019-02-07,858,2254,1,166,,False,66
21476,2019-02-08,859,2253,4,165,,False,66
21476,2019-02-09,860,2255,1,165,,False,66
21476,2019-02-10,861,2255,4,165,,False,66
21476,2019-02-12,863,2263,6,165,,False,66
21476,2019-02-13,864,2263,3,165,,False,66
21476,2019-02-14,865,2269,2,164,,False,66
21476,2019-02-15,866,2271,1,164,,False,66
21476,2019-02-16,867,2275,1,163,,False,66
21476,2019-02-18,869,2282,2,163,,False,66
21476,2019-02-22,873,2287,2,162,,False,66
21476,2019-02-24,875,2294,1,163,,False,66
21476,2019-02-25,876,2296,3,163,,False,66
21476,2019-02-27,878,2306,2,166,,False,66
21476,2019-02-28,879,2306,1,166,,False,66
21476,2019-03-01,880,2308,8,166,,False,66
21476,2019-03-02,881,2311,4,166,,False,66
21476,2019-03-03,882,2316,1,165,,False,66
21476,2019-03-05,884,2321,4,166,,False,66
21476,2019-03-06,885,2321,3,166,,False,66
21476,2019-03-07,886,2327,7,167,,False,66
21476,2019-03-08,887,2329,2,166,,False,66
21476,2019-03-10,889,2335,1,166,,False,66
21476,2019-03-12,891,2340,6,167,,False,66
21476,2019-03-13,892,2343,6,168,,False,66
21476,2019-03-14,893,2343,6,168,,False,66
21476,2019-03-15,894,2348,3,167,,False,66
21476,2019-03-17,896,2355,3,167,,False,66
21476,2019-03-18,897,2361,2,169,,False,66
21476,2019-03-19,898,2367,4,169,,False,66
21476,2019-03-20,899,2371,6,170,,False,66
21476,2019-03-21,900,2371,5,170,,False,66
21476,2019-03-24,903,2390,2,169,,False,66
21476,2019-03-25,904,2390,3,169,,False,66
21476,2019-03-26,905,2397,5,170,,False,66
21476,2019-03-27,906,2403,3,169,,False,66
21476,2019-03-29,908,2406,1,169,,False,66
21476,2019-03-30,909,2408,1,169,,False,66
21476,2019-04-01,911,2415,1,171,,False,66
21476,2019-04-02,912,2415,2,171,,False,66
21476,2019-04-03,913,2423,6,172,,False,66
21476,2019-04-04,914,2426,2,172,,False,66
21476,2019-04-05,915,2426,2,172,,False,66
21476,2019-04-07,917,2434,2,172,,False,66
21476,2019-04-09,919,2435,2,170,,False,66
21476,2019-04-10,920,2437,2,170,,False,66
21476,2019-04-11,921,2440,1,170,,False,66
21476,2019-04-12,922,2440,3,170,,False,66
21476,2019-04-14,924,2449,2,170,,False,66
21476,2019-04-15,925,2449,3,170,,False,66
21476,2019-04-16,926,2461,1,170,,False,66
21476,2019-04-18,928,2466,2,170,,False,66
21476,2019-04-20,930,2472,2,170,,False,66
21476,2019-04-21,931,2477,4,171,,False,66
21476,2019-04-22,932,2483,1,171,,False,66
21476,2019-04-23,933,2486,1,171,,False,66
21476,2019-04-24,934,2488,4,171,,False,66
21476,2019-04-25,935,2493,4,171,,False,66
21476,2019-04-26,936,2498,1,172,,False,66
21476,2019-04-27,937,2499,2,173,,False,66
21476,2019-04-28,938,2505,1,174,,False,66
21476,2019-04-29,939,2505,4,174,,False,66
21476,2019-04-30,940,2515,3,176,,False,66
21476,2019-05-01,941,2517,1,176,,False,66
21476,2019-05-02,942,2520,1,176,,False,66
21476,2019-05-03,943,2521,2,176,,False,66
21476,2019-05-04,944,2524,2,176,,False,66
21476,2019-05-05,945,2524,1,176,,False,66
21476,2019-05-06,946,2532,5,177,,False,66
21476,2019-05-07,947,2538,1,177,,False,66
21476,2019-05-09,949,2538,1,177,,False,66
21476,2019-05-10,950,2539,6,176,,False,66
21476,2019-05-11,951,2539,8,176,,False,66
21476,2019-05-12,952,2548,4,177,,False,66
21476,2019-05-13,953,2549,2,176,,False,66
21476,2019-05-15,955,2554,2,175,,False,66
21476,2019-05-16,956,2558,2,176,,False,66
21476,2019-05-17,957,2562,2,176,,False,66
21476,2019-05-18,958,2564,2,176,,False,66
21476,2019-05-20,960,2568,1,176,,False,66
21476,2019-05-21,961,2570,2,176,,False,66
21476,2019-05-22,962,2573,3,177,,False,66
21476,2019-05-23,963,2576,1,176,,False,66
21476,2019-05-24,964,2578,2,177,,False,66
21476,2019-05-28,968,2591,1,179,,False,66
21476,2019-05-29,969,2591,2,179,,False,66
21476,2019-05-30,970,2595,1,179,,False,66
21476,2019-05-31,971,2596,5,179,,False,66
21476,2019-06-02,973,2601,3,179,,False,66
21476,2019-06-03,974,2606,1,178,,False,66
21476,2019-06-04,975,2608,2,178,,False,66
21476,2019-06-05,976,2611,2,179,,False,66
21476,2019-06-06,977,2616,1,179,,False,66
21476,2019-06-07,978,2619,3,179,,False,66
21476,2019-06-08,979,2623,1,179,,False,66
21476,2019-06-09,980,2624,1,180,,False,66
21476,2019-06-10,981,2625,2,180,,False,66
21476,2019-06-11,982,2625,3,180,,False,66
21476,2019-06-12,983,2628,4,181,,False,66
21476,2019-06-13,984,2629,5,181,,False,66
21476,2019-06-14,985,2634,3,183,,False,66
21476,2019-06-15,986,2637,4,183,,False,66
21476,2019-06-16,987,2641,3,182,,False,66
21476,2019-06-17,988,2643,8,182,,False,66
21476,2019-06-18,989,2646,6,183,,False,66
21476,2019-06-19,990,2648,1,182,,False,66
21476,2019-06-20,991,2650,2,182,,False,66
21476,2019-06-21,992,2656,2,182,,False,66
21476,2019-06-22,993,2657,1,182,,False,66
21476,2019-06-23,994,2663,1,183,,False,66
21476,2019-06-24,995,2665,1,183,,False,66
21476,2019-06-26,997,2668,6,183,,False,66
21476,2019-06-27,998,2673,2,185,,False,66
21476,2019-06-28,999,2675,1,184,,False,66
21476,2019-06-29,1000,2675,1,183,,False,66
21476,2019-06-30,1001,2677,1,183,,False,66
21476,2019-07-01,1002,2680,4,183,,False,66
21476,2019-07-02,1003,2684,2,184,,False,66
21476,2019-07-04,1005,2688,2,185,,False,66
21476,2019-07-05,1006,2688,2,184,,False,66
21476,2019-07-06,1007,2690,7,185,,False,66
21476,2019-07-07,1008,2696,1,187,,False,66
21476,2019-07-08,1009,2698,2,187,,False,66
21476,2019-07-09,1010,2705,4,188,,False,66
21476,2019-07-10,1011,2705,4,188,,False,66
21476,2019-07-11,1012,2708,5,187,,False,66
21476,2019-07-12,1013,2720,2,187,,False,66
21476,2019-07-13,1014,2723,3,189,,False,66
21476,2019-07-14,1015,2726,8,189,,False,66
21476,2019-07-16,1017,2736,1,188,,False,66
21476,2019-07-17,1018,2736,2,188,,False,66
21476,2019-07-18,1019,2747,1,188,,False,66
21476,2019-07-19,1020,2749,2,188,,False,66
21476,2019-07-20,1021,2752,5,188,,False,66
21476,2019-07-21,1022,2757,1,188,,False,66
21476,2019-07-22,1023,2758,3,188,,False,66
21476,2019-07-26,1027,2773,1,189,,False,66
21476,2019-07-28,1029,2774,3,189,,False,66
21476,2019-07-29,1030,2780,3,191,,False,67
21476,2019-07-30,1031,2782,3,190,,False,67
21476,2019-07-31,1032,2783,3,190,,False,67
21476,2019-08-01,1033,2784,5,191,,False,67
21476,2019-08-04,1036,2792,1,190,,False,67
21476,2019-08-05,1037,2794,1,191,,False,67
21476,2019-08-06,1038,2797,2,192,,False,67
21476,2019-08-07,1039,2799,1,192,,False,67
21476,2019-08-08,1040,2802,4,193,,False,67
21476,2019-08-09,1041,2802,3,193,,False,67
21476,2019-08-10,1042,2807,3,193,,False,67
21476,2019-08-11,1043,2811,4,193,,False,67
21476,2019-08-12,1044,2817,2,193,,False,67
21476,2019-08-13,1045,2822,1,193,,False,67
21476,2019-08-15,1047,2825,1,192,,False,67
21476,2019-08-16,1048,2825,5,192,,False,67
21476,2019-08-17,1049,2830,1,190,,False,67
21476,2019-08-18,1050,2833,3,189,,False,67
21476,2019-08-19,1051,2833,5,189,,False,67
21476,2019-08-20,1052,2838,2,188,,False,67
21476,2019-08-21,1053,2838,2,188,,False,67
21476,2019-08-22,1054,2840,2,187,,False,67
21476,2019-08-23,1055,2842,2,188,,False,67
21476,2019-08-24,1056,2846,1,188,,False,67
21476,2019-08-25,1057,2848,5,188,,False,67
21476,2019-08-26,1058,2852,1,188,,False,67
21476,2019-08-27,1059,2854,3,189,,False,67
21476,2019-08-28,1060,2856,4,189,,False,67
21476,2019-08-29,1061,2863,1,190,,False,67
21476,2019-09-01,1064,2868,1,190,,False,67
21476,2019-09-02,1065,2869,1,190,,False,67
21476,2019-09-03,1066,2869,2,190,,False,67
21476,2019-09-07,1070,2879,4,190,,False,67
21476,2019-09-08,1071,2882,3,190,,False,67
21476,2019-09-09,1072,2886,3,190,,False,67
21476,2019-09-10,1073,2886,2,190,,False,67
21476,2019-09-11,1074,2894,3,193,,False,67
21476,2019-09-13,1076,2899,3,194,,False,67
21476,2019-09-14,1077,2900,2,194,,False,67
21476,2019-09-15,1078,2904,1,194,,False,67
21476,2019-09-16,1079,2908,1,194,,False,67
21476,2019-09-17,1080,2908,1,194,,False,67
21476,2019-09-18,1081,2909,2,194,,False,67
21476,2019-09-22,1085,2920,2,193,,False,67
21476,2019-09-23,1086,2922,2,193,,False,67
21476,2019-09-24,1087,2926,3,193,,False,67
21476,2019-09-25,1088,2929,1,193,,False,67
21476,2019-09-26,1089,2930,1,193,,False,67
21476,2019-09-27,1090,2931,1,192,,False,67
21476,2019-09-28,1091,2935,2,193,,False,67
21476,2019-09-29,1092,2938,3,193,,False,67
21476,2019-10-01,1094,2940,2,193,,False,67
21476,2019-10-02,1095,2946,4,194,,False,67
21476,2019-10-03,1096,2950,2,195,,False,67
21476,2019-10-05,1098,2954,1,195,,False,67
21476,2019-10-06,1099,2953,1,195,,False,67
21476,2019-10-07,1100,2954,2,194,,False,67
21476,2019-10-08,1101,2960,1,194,,False,67
21476,2019-10-09,1102,2961,4,194,,False,67
21476,2019-10-10,1103,2966,3,194,,False,67
21476,2019-10-11,1104,2967,1,193,,False,67
21476,2019-10-12,1105,2968,3,193,,False,67
21476,2019-10-13,1106,2974,1,194,,False,67
21476,2019-10-14,1107,2975,3,194,,False,67
21476,2019-10-16,1109,2986,2,195,,False,67
21476,2019-10-17,1110,2989,1,195,,False,67
21476,2019-10-18,1111,2992,7,195,,False,67
21476,2019-10-19,1112,3000,2,195,,False,67
21476,2019-10-20,1113,3006,4,195,,False,67
21476,2019-10-21,1114,3012,1,196,,False,67
21476,2019-10-22,1115,3012,5,196,,False,67
21476,2019-10-23,1116,3017,1,197,,False,67
21476,2019-10-24,1117,3018,3,197,,False,67
21476,2019-10-25,1118,3019,1,197,,False,67
21476,2019-10-27,1120,3024,2,198,,False,67
21476,2019-10-28,1121,3025,1,198,,False,67
21476,2019-10-29,1122,3028,2,200,,False,67
21476,2019-10-30,1123,3029,1,199,,False,67
21476,2019-11-01,1125,3034,2,200,,False,67
21476,2019-11-03,1127,3044,1,200,,False,67
21476,2019-11-04,1128,3046,2,200,,False,67
21476,2019-11-05,1129,3049,6,200,,False,67
21476,2019-11-06,1130,3049,1,200,,False,67
21476,2019-11-07,1131,3061,3,200,,False,67
21476,2019-11-08,1132,3063,1,200,,False,67
21476,2019-11-10,1134,3066,1,201,,False,67
21476,2019-11-11,1135,3068,5,200,,False,67
21476,2019-11-14,1138,3072,4,201,,False,67
21476,2019-11-16,1140,3077,1,203,,False,67
21476,2019-11-17,1141,3077,2,203,,False,67
21476,2019-11-18,1142,3082,2,205,,False,67
21476,2019-11-19,1143,3085,8,205,,False,67
21476,2019-11-20,1144,3087,3,205,,False,67
21476,2019-11-22,1146,3090,2,204,,False,67
21476,2019-11-23,1147,3091,4,204,,False,67
21476,2019-11-24,1148,3093,2,205,,False,67
21476,2019-11-25,1149,3101,8,206,,False,67
21476,2019-11-26,1150,3109,4,208,,False,67
21476,2019-11-27,1151,3109,2,208,,False,67
21476,2019-11-28,1152,3114,4,209,,False,67
21476,2019-11-29,1153,3120,5,209,,False,67
21476,2019-11-30,1154,3125,1,209,,False,67
21476,2019-12-01,1155,3127,4,209,,False,67
21476,2019-12-02,1156,3127,3,209,,False,67
21476,2019-12-03,1157,3137,2,210,,False,67
21476,2019-12-04,1158,3137,12,210,,False,67
21476,2019-12-05,1159,3146,1,210,,False,67
21476,2019-12-06,1160,3148,5,211,,False,67
21476,2019-12-07,1161,3155,4,211,,False,67
21476,2019-12-08,1162,3163,1,213,,False,67
21476,2019-12-09,1163,3165,7,213,,False,67
21476,2019-12-10,1164,3172,2,212,,False,67
21476,2019-12-11,1165,3177,5,211,,False,67
21476,2019-12-12,1166,3177,3,211,,False,67
21476,2019-12-13,1167,3182,5,213,,False,67
21476,2019-12-14,1168,3184,8,215,,False,67
21476,2019-12-15,1169,3187,7,214,,False,67
21476,2019-12-16,1170,3187,6,214,,False,67
21476,2019-12-17,1171,3187,11,212,,False,67
21476,2019-12-18,1172,3193,6,214,,False,67
21476,2019-12-19,1173,3194,4,215,,False,67
21476,2019-12-20,1174,3199,1,215,,False,67
21476,2019-12-21,1175,3199,2,215,,False,67
21476,2019-12-22,1176,3199,3,215,,False,67
21476,2019-12-23,1177,3203,7,215,,False,67
21476,2019-12-24,1178,3210,5,214,,False,67
21476,2019-12-25,1179,3213,10,213,,False,67
21476,2019-12-26,1180,3216,8,212,,False,67
21476,2019-12-27,1181,3220,13,214,,False,67
21476,2019-12-28,1182,3228,11,215,,False,67
21476,2019-12-29,1183,3229,14,215,,False,67
21476,2019-12-30,1184,3237,13,216,,False,67
21476,2019-12-31,1185,3237,7,216,,False,67
21476,2020-01-01,1186,3247,5,214,,False,67
21476,2020-01-02,1187,3253,3,212,,False,67
21476,2020-01-03,1188,3258,1,214,,False,67
21476,2020-01-04,1189,3258,9,214,,False,67
21476,2020-01-05,1190,3263,13,215,,False,67
21476,2020-01-06,1191,3268,17,217,,False,67
21476,2020-01-07,1192,3278,19,218,,False,67
21476,2020-01-08,1193,3284,8,217,,False,67
21476,2020-01-09,1194,3292,10,216,,False,67
21476,2020-01-10,1195,3298,12,216,,False,67
21476,2020-01-11,1196,3308,8,220,,False,67
21476,2020-01-12,1197,3308,5,220,,False,67
21476,2020-01-13,1198,3322,7,220,,False,67
21476,2020-01-14,1199,3324,3,217,,False,67
21476,2020-01-15,1200,3324,5,217,,False,67
21476,2020-01-16,1201,3328,7,218,,False,67
21476,2020-01-17,1202,3330,8,219,,False,67
21476,2020-01-18,1203,3333,4,218,,False,67
21476,2020-01-19,1204,3340,8,218,,False,67
21476,2020-01-20,1205,3343,5,220,,False,67
21476,2020-01-21,1206,3349,5,221,,False,67
21476,2020-01-22,1207,3358,6,221,,False,67
21476,2020-01-23,1208,3358,10,221,,False,67
21476,2020-01-24,1209,3369,4,222,,False,67
21476,2020-01-25,1210,3373,8,221,,False,67
21476,2020-01-26,1211,3377,14,222,,False,67
21476,2020-01-27,1212,3385,9,222,,False,67
21476,2020-01-28,1213,3391,5,221,,False,67
21476,2020-01-30,1215,3392,2,218,,False,67
21476,2020-02-01,1217,3396,7,218,,False,67
21476,2020-02-03,1219,3399,3,218,,False,67
21476,2020-02-04,1220,3402,1,217,,False,67
21476,2020-02-05,1221,3405,3,217,,False,67
21476,2020-02-06,1222,3407,2,218,,False,67
21476,2020-02-07,1223,3410,1,218,,False,67
21476,2020-02-09,1225,3413,4,218,,False,67
21476,2020-02-10,1226,3419,4,219,,False,67
21476,2020-02-11,1227,3421,1,218,,False,67
21476,2020-02-12,1228,3423,3,218,,False,67
21476,2020-02-13,1229,3423,5,218,,False,67
21476,2020-02-14,1230,3430,9,218,,False,67
21476,2020-02-15,1231,3439,3,218,,False,67
21476,2020-02-16,1232,3442,1,218,,False,67
21476,2020-02-17,1233,3445,3,219,,False,67
21476,2020-02-18,1234,3449,2,219,,False,67
21476,2020-02-19,1235,3452,1,220,,False,67
21476,2020-02-20,1236,3452,11,220,,False,67
21476,2020-02-21,1237,3467,10,221,,False,67
21476,2020-02-22,1238,3486,10,223,,False,67
21476,2020-02-23,1239,3492,8,223,,False,67
21476,2020-02-24,1240,3497,6,224,,False,67
21476,2020-02-25,1241,3501,1,224,,False,67
21476,2020-02-26,1242,3506,1,224,,False,67
21476,2020-02-27,1243,3506,2,224,,False,67
21476,2020-02-28,1244,3506,3,224,,False,67
21476,2020-02-29,1245,3507,2,224,,False,67
21476,2020-03-01,1246,3511,6,223,,False,67
21476,2020-03-02,1247,3514,8,223,,False,67
21476,2020-03-03,1248,3518,6,222,,False,67
21476,2020-03-04,1249,3518,4,222,,False,67
21476,2020-03-05,1250,3528,6,224,,False,67
21476,2020-03-06,1251,3532,1,225,,False,67
21476,2020-03-07,1252,3534,6,225,,False,67
21476,2020-03-08,1253,3537,5,224,,False,67
21476,2020-03-09,1254,3541,4,225,,False,67
21476,2020-03-10,1255,3541,1,225,,False,67
21476,2020-03-11,1256,3543,4,225,,False,67
21476,2020-03-12,1257,3549,1,226,,False,67
21476,2020-03-13,1258,3550,4,225,,False,67
21476,2020-03-14,1259,3552,2,224,,False,67
21476,2020-03-15,1260,3552,1,224,,False,67
21476,2020-03-16,1261,3558,1,224,,False,67
21476,2020-03-17,1262,3561,3,223,,False,67
21476,2020-03-18,1263,3564,6,223,,False,67
21476,2020-03-19,1264,3571,3,224,,False,67
21476,2020-03-20,1265,3572,3,224,,False,67
21476,2020-03-21,1266,3572,10,224,,False,67
21476,2020-03-22,1267,3582,3,223,,False,67
21476,2020-03-23,1268,3582,2,223,,False,67
21476,2020-03-24,1269,3585,8,223,,False,67
21476,2020-03-25,1270,3585,4,223,,False,67
21476,2020-03-26,1271,3594,2,224,,False,67
21476,2020-03-27,1272,3597,7,224,,False,67
21476,2020-03-28,1273,3597,12,224,,False,67
21476,2020-03-29,1274,3611,6,225,,False,67
21476,2020-03-30,1275,3617,12,225,,False,67
21476,2020-03-31,1276,3617,5,225,,False,67
21476,2020-04-01,1277,3630,7,224,,False,67
21476,2020-04-02,1278,3637,6,223,,False,67
21476,2020-04-03,1279,3643,1,223,,False,67
21476,2020-04-04,1280,3650,9,222,,False,67
21476,2020-04-05,1281,3656,6,223,,False,67
21476,2020-04-06,1282,3656,2,223,,False,67
21476,2020-04-07,1283,3661,6,222,,False,67
21476,2020-04-08,1284,3679,2,223,,False,67
21476,2020-04-09,1285,3679,7,223,,False,67
21476,2020-04-10,1286,3693,4,223,,False,67
21476,2020-04-11,1287,3699,4,222,,False,67
21476,2020-04-12,1288,3704,11,221,,False,67
21476,2020-04-13,1289,3704,13,221,,False,67
21476,2020-04-14,1290,3717,10,223,,False,67
21476,2020-04-15,1291,3722,10,223,,False,67
21476,2020-04-16,1292,3733,10,223,,False,67
21476,2020-04-17,1293,3738,3,224,,False,67
21476,2020-04-18,1294,3744,1,225,,False,67
21476,2020-04-19,1295,3747,13,226,,False,67
21476,2020-04-20,1296,3756,8,226,,False,67
21476,2020-04-21,1297,3756,5,226,,False,67
21476,2020-04-22,1298,3766,4,225,,False,67
21476,2020-04-23,1299,3771,2,225,,False,67
21476,2020-04-24,1300,3771,10,225,,False,67
21476,2020-04-25,1301,3774,4,225,,False,67
21476,2020-04-26,1302,3787,8,225,,False,67
21476,2020-04-27,1303,3787,7,225,,False,67
21476,2020-04-28,1304,3799,6,225,,False,67
21476,2020-04-29,1305,3806,8,225,,False,67
21476,2020-04-30,1306,3814,6,224,,False,67
21476,2020-05-01,1307,3814,10,224,,False,67
21476,2020-05-02,1308,3829,9,226,,False,67
21476,2020-05-03,1309,3835,3,227,,False,67
21476,2020-05-04,1310,3835,3,227,,False,67
21476,2020-05-05,1311,3841,3,229,,False,67
21476,2020-05-06,1312,3842,7,229,,False,67
21476,2020-05-07,1313,3853,6,231,,False,67
21476,2020-05-08,1314,3853,4,231,,False,67
21476,2020-05-09,1315,3862,7,232,,False,67
21476,2020-05-10,1316,3871,4,230,,False,67
21476,2020-05-11,1317,3876,3,232,,False,67
21476,2020-05-12,1318,3885,5,232,,False,67
21476,2020-05-13,1319,3890,7,232,,False,67
21476,2020-05-14,1320,3896,4,232,,False,67
21476,2020-05-15,1321,3903,6,232,,False,67
21476,2020-05-16,1322,3907,1,231,,False,67
21476,2020-05-17,1323,3908,3,231,,False,67
21476,2020-05-18,1324,3913,2,231,,False,67
21476,2020-05-19,1325,3916,5,231,,False,67
21476,2020-05-20,1326,3924,5,231,,False,67
21476,2020-05-21,1327,3928,6,231,,False,67
21476,2020-05-22,1328,3936,2,231,,False,67
21476,2020-05-23,1329,3941,2,233,,False,67
21476,2020-05-24,1330,3946,5,234,,False,67
21476,2020-05-25,1331,3953,2,234,,False,67
21476,2020-05-26,1332,3956,1,235,,False,67
21476,2020-05-27,1333,3956,6,235,,False,67
21476,2020-05-28,1334,3971,6,236,,False,67
21476,2020-05-29,1335,3977,8,237,,False,67
21476,2020-05-30,1336,3984,4,236,,False,67
21476,2020-05-31,1337,3988,5,236,,False,67
21476,2020-06-01,1338,3988,4,236,,False,67
21476,2020-06-02,1339,3992,2,235,,False,67
21476,2020-06-03,1340,4000,2,236,,False,67
21476,2020-06-04,1341,4005,3,238,,False,67
21476,2020-06-05,1342,4006,4,238,,False,67
21476,2020-06-06,1343,4008,3,238,,False,67
21476,2020-06-07,1344,4014,8,239,,False,67
21476,2020-06-08,1345,4023,5,240,,False,67
21476,2020-06-09,1346,4035,1,239,,False,67
21476,2020-06-10,1347,4036,1,239,,False,67
21476,2020-06-11,1348,4049,6,239,,False,67
21476,2020-06-12,1349,4053,3,240,,False,67
21476,2020-06-13,1350,4057,1,240,,False,67
21476,2020-06-14,1351,4061,4,239,,False,67
21476,2020-06-16,1353,4069,4,239,,False,67
21476,2020-06-17,1354,4075,4,240,,False,67
21476,2020-06-18,1355,4084,1,241,,False,67
21476,2020-06-19,1356,4087,1,241,,False,67
21476,2020-06-20,1357,4087,2,240,,False,67
21476,2020-06-21,1358,4096,4,240,,False,67
21476,2020-06-22,1359,4113,4,241,,False,67
21476,2020-06-23,1360,4119,2,241,,False,67
21476,2020-06-24,1361,4122,2,241,,False,67
21476,2020-06-25,1362,4124,4,240,,False,67
21476,2020-06-26,1363,4125,6,242,,False,67
21476,2020-06-27,1364,4131,1,241,,False,67
21476,2020-06-28,1365,4136,3,241,,False,67
21476,2020-06-29,1366,4144,4,242,,False,67
21476,2020-06-30,1367,4144,5,242,,False,67
21476,2020-07-01,1368,4155,5,243,,False,67
21476,2020-07-02,1369,4163,5,245,,False,67
21476,2020-07-03,1370,4168,2,245,,False,67
21476,2020-07-04,1371,4171,3,246,,False,67
21476,2020-07-05,1372,4177,6,245,,False,67
21476,2020-07-06,1373,4185,6,247,,False,67
21476,2020-07-07,1374,4197,8,250,,False,67
21476,2020-07-08,1375,4207,7,250,,False,67
21476,2020-07-09,1376,4217,1,249,,False,67
21476,2020-07-10,1377,4226,13,251,,False,67
21476,2020-07-11,1378,4254,14,252,,False,67
21476,2020-07-12,1379,4254,9,252,,False,67
21476,2020-07-13,1380,4295,6,252,,False,67
21476,2020-07-14,1381,4300,8,250,,False,67
21476,2020-07-15,1382,4301,8,250,,False,67
21476,2020-07-16,1383,4308,3,249,,False,67
21476,2020-07-17,1384,4310,6,248,,False,67
21476,2020-07-18,1385,4315,3,246,,False,67
21476,2020-07-20,1387,4325,10,247,,False,67
21476,2020-07-21,1388,4325,1,247,,False,67
21476,2020-07-22,1389,4348,7,249,,False,67
21476,2020-07-23,1390,4359,4,251,,False,67
21476,2020-07-24,1391,4359,1,251,,False,67
21476,2020-07-25,1392,4374,2,253,,False,67
21476,2020-07-26,1393,4377,1,254,,False,67
21476,2020-07-27,1394,4378,6,254,,False,67
21476,2020-07-28,1395,4384,3,254,,False,67
21476,2020-07-29,1396,4392,2,254,,False,67
21476,2020-07-30,1397,4398,2,256,,False,67
21476,2020-08-01,1399,4407,2,257,,False,67
21476,2020-08-02,1400,4410,2,257,,False,67
21476,2020-08-03,1401,4412,5,256,,False,67
21476,2020-08-05,1403,4416,6,254,,False,67
21476,2020-08-06,1404,4414,4,253,,False,67
21476,2020-08-07,1405,4414,3,253,,False,67
21476,2020-08-09,1407,4421,2,253,,False,67
21476,2020-08-10,1408,4424,4,255,,False,67
21476,2020-08-11,1409,4427,1,255,,False,67
21476,2020-08-12,1410,4428,2,255,,False,67
21476,2020-08-13,1411,4429,3,254,,False,67
21476,2020-08-14,1412,4434,3,254,,False,67
21476,2020-08-15,1413,4436,4,253,,False,67
21476,2020-08-16,1414,4441,6,253,,False,67
21476,2020-08-17,1415,4446,4,252,,False,67
21476,2020-08-18,1416,4450,2,252,,False,67
21476,2020-08-19,1417,4450,4,252,,False,67
21476,2020-08-20,1418,4451,2,253,,False,67
21476,2020-08-22,1420,4459,1,253,,False,67
21476,2020-08-23,1421,4460,2,253,,False,67
21476,2020-08-24,1422,4464,2,253,,False,67
21476,2020-08-26,1424,4467,6,254,,False,67
21476,2020-08-28,1426,4473,2,254,,False,67
21476,2020-08-29,1427,4477,6,254,,False,67
21476,2020-08-30,1428,4478,3,254,,False,67
21476,2020-08-31,1429,4478,3,254,,False,67
21476,2020-09-01,1430,4479,5,255,,False,67
21476,2020-09-02,1431,4484,1,253,,False,67
21476,2020-09-03,1432,4488,1,254,,False,67
21476,2020-09-05,1434,4490,3,254,,False,67
21476,2020-09-06,1435,4492,6,255,,False,67
21476,2020-09-07,1436,4492,14,255,,False,67
21476,2020-09-08,1437,4497,4,257,,False,67
21476,2020-09-09,1438,4497,4,257,,False,67
21476,2020-09-11,1440,4504,6,258,,False,67
21476,2020-09-12,1441,4513,4,258,,False,67
21476,2020-09-13,1442,4513,3,258,,False,67
21476,2020-09-15,1444,4518,2,259,,False,67
21476,2020-09-16,1445,4520,6,259,,False,67
21476,2020-09-17,1446,4520,5,259,,False,67
21476,2020-09-18,1447,4532,4,259,,False,67
21476,2020-09-19,1448,4535,3,259,,False,67
21476,2020-09-20,1449,4538,3,257,,False,67
21476,2020-09-21,1450,4540,5,257,,False,67
21476,2020-09-22,1451,4540,6,257,,False,67
21476,2020-09-23,1452,4546,3,257,,False,67
21476,2020-09-24,1453,4546,6,257,,False,67
21476,2020-09-25,1454,4551,3,258,,False,67
21476,2020-09-26,1455,4551,8,258,,False,67
21476,2020-09-27,1456,4563,1,258,,False,67
21476,2020-09-28,1457,4569,2,258,,False,67
21476,2020-09-29,1458,4572,4,258,,False,67
21476,2020-09-30,1459,4576,1,258,,False,67
21476,2020-10-01,1460,4577,2,258,,False,67
21476,2020-10-02,1461,4579,6,258,,False,67
21476,2020-10-03,1462,4583,4,258,,False,67
21476,2020-10-04,1463,4586,3,257,,False,67
21476,2020-10-06,1465,4591,1,257,,False,67
21476,2020-10-07,1466,4596,4,257,,False,67
21476,2020-10-08,1467,4596,1,257,,False,67
21476,2020-10-09,1468,4601,3,256,,False,67
21476,2020-10-10,1469,4607,3,255,,False,67
21476,2020-10-11,1470,4612,1,254,,False,67
21476,2020-10-12,1471,4612,6,254,,False,67
21476,2020-10-13,1472,4625,5,255,,False,67
21476,2020-10-14,1473,4630,4,255,,False,67
21476,2020-10-15,1474,4631,4,254,,False,67
21476,2020-10-16,1475,4638,4,255,,False,67
21476,2020-10-17,1476,4638,4,255,,False,67
21476,2020-10-18,1477,4643,7,255,,False,67
21476,2020-10-19,1478,4647,11,256,,False,67
21476,2020-10-20,1479,4659,7,257,,False,67
21476,2020-10-21,1480,4665,1,255,,False,67
21476,2020-10-23,1482,4662,9,254,,False,67
21476,2020-10-24,1483,4668,3,255,,False,67
21476,2020-10-25,1484,4669,5,254,,False,67
21476,2020-10-26,1485,4677,2,255,,False,67
21476,2020-10-27,1486,4677,3,255,,False,67
21476,2020-10-28,1487,4682,3,256,,False,67
21476,2020-10-29,1488,4689,2,255,,False,67
21476,2020-10-30,1489,4690,5,255,,False,67
21476,2020-10-31,1490,4693,2,255,,False,67
21476,2020-11-01,1491,4693,2,254,,False,67
21476,2020-11-02,1492,4696,1,254,,False,67
21476,2020-11-03,1493,4698,4,254,,False,67
21476,2020-11-04,1494,4704,3,254,,False,67
21476,2020-11-05,1495,4704,8,254,,False,67
21476,2020-11-06,1496,4708,7,256,,False,67
21476,2020-11-07,1497,4708,5,256,,False,67
21476,2020-11-08,1498,4716,5,257,,False,67
21476,2020-11-09,1499,4720,3,257,,False,67
21476,2020-11-10,1500,4720,5,257,,False,67
21476,2020-11-11,1501,4722,6,258,,False,67
21476,2020-11-12,1502,4728,1,260,,False,67
21476,2020-11-13,1503,4732,1,260,,False,67
21476,2020-11-14,1504,4733,6,260,,False,67
21476,2020-11-15,1505,4739,2,259,,False,67
21476,2020-11-16,1506,4743,1,259,,False,67
21476,2020-11-17,1507,4743,4,259,,False,67
21476,2020-11-18,1508,4750,2,259,,False,68
21476,2020-11-19,1509,4752,1,259,,False,68
21476,2020-11-20,1510,4752,2,259,,False,68
21476,2020-11-21,1511,4759,2,259,,False,68
21476,2020-11-23,1513,4762,5,259,,False,68
21476,2020-11-24,1514,4767,2,260,,False,67
21476,2020-11-25,1515,4769,2,260,,False,67
21476,2020-11-26,1516,4769,7,260,,False,67
21476,2020-11-27,1517,4770,7,259,,False,68
21476,2020-11-28,1518,4770,4,258,,False,68
21476,2020-11-29,1519,4773,3,258,,False,68
21476,2020-11-30,1520,4776,2,258,,False,68
21476,2020-12-01,1521,4779,1,258,,False,68
21476,2020-12-02,1522,4780,4,258,,False,68
21476,2020-12-03,1523,4782,4,260,,False,68
21476,2020-12-04,1524,4788,12,261,,False,68
21476,2020-12-05,1525,4795,2,260,,False,68
21476,2020-12-06,1526,4796,8,260,,False,68
21476,2020-12-07,1527,4796,4,260,,False,68
21476,2020-12-09,1529,4806,2,260,,False,68
21476,2020-12-10,1530,4811,7,259,,False,68
21476,2020-12-11,1531,4817,5,260,,False,68
21476,2020-12-12,1532,4823,3,261,,False,68
21476,2020-12-13,1533,4827,7,261,,False,68
21476,2020-12-14,1534,4831,4,263,,False,68
21476,2020-12-15,1535,4833,6,262,,False,68
21476,2020-12-16,1536,4838,5,264,,False,68
21476,2020-12-17,1537,4841,3,264,,False,68
21476,2020-12-18,1538,4840,15,264,,False,68
21476,2020-12-19,1539,4850,4,262,,False,68
21476,2020-12-20,1540,4853,8,263,,False,68
21476,2020-12-21,1541,4853,3,263,,False,68
21476,2020-12-22,1542,4860,12,265,,False,68
21476,2020-12-23,1543,4872,3,265,,False,68
21476,2020-12-26,1546,4882,3,266,,False,68
21476,2020-12-27,1547,4882,13,266,,False,68
21476,2020-12-28,1548,4884,9,269,,False,68
21476,2020-12-29,1549,4891,13,266,,False,68
21476,2020-12-30,1550,4895,2,265,,False,68
21476,2020-12-31,1551,4899,5,265,,False,68
21476,2021-01-01,1552,4899,4,265,,False,68
21476,2021-01-02,1553,4901,10,265,,False,68
21476,2021-01-03,1554,4905,10,265,,False,68
21476,2021-01-04,1555,4912,19,267,,False,68
21476,2021-01-05,1556,4915,10,265,,False,68
21476,2021-01-06,1557,4922,8,266,,False,68
21476,2021-01-07,1558,4928,8,266,,False,68
21476,2021-01-09,1560,4949,10,267,,False,68
21476,2021-01-10,1561,4958,15,269,,False,68
21476,2021-01-11,1562,4973,5,271,,False,68
21476,2021-01-12,1563,4979,6,273,,False,68
21476,2021-01-13,1564,4984,17,275,,False,68
21476,2021-01-14,1565,4989,12,275,,False,68
21476,2021-01-15,1566,4997,11,273,,False,68
21476,2021-01-16,1567,5007,8,275,,False,68
21476,2021-01-17,1568,5016,17,275,,False,68
21476,2021-01-18,1569,5026,8,276,,False,68
21476,2021-01-19,1570,5033,11,276,,False,68
21476,2021-01-20,1571,5043,8,276,,False,68
21476,2021-01-21,1572,5050,9,277,,False,68
21476,2021-01-22,1573,5059,7,276,,False,68
21476,2021-01-23,1574,5071,5,277,,False,68
21476,2021-01-24,1575,5081,2,277,,False,68
21476,2021-01-25,1576,5086,11,280,,False,68
21476,2021-01-26,1577,5089,1,278,,False,68
21476,2021-01-27,1578,5096,5,278,,False,68
21476,2021-01-28,1579,5102,6,279,,False,68
21476,2021-01-29,1580,5112,9,281,,False,68
21476,2021-01-30,1581,5118,6,281,,False,68
21476,2021-01-31,1582,5127,4,283,,False,68
21476,2021-02-01,1583,5132,11,282,,False,68
21476,2021-02-02,1584,5136,10,280,,False,68
21476,2021-02-03,1585,5144,12,284,,False,68
21476,2021-02-04,1586,5149,13,282,,False,68
21476,2021-02-05,1587,5153,5,279,,False,68
21476,2021-02-07,1589,5152,2,279,,False,68
21476,2021-02-08,1590,5160,3,282,,False,68
21476,2021-02-09,1591,5168,2,283,,False,68
21476,2021-02-10,1592,5171,4,284,,False,68
21476,2021-02-11,1593,5174,16,284,,False,68
21476,2021-02-12,1594,5181,3,286,,False,68
21476,2021-02-13,1595,5185,4,284,,False,68
21476,2021-02-14,1596,5190,4,284,,False,68
21476,2021-02-15,1597,5196,3,285,,False,68
21476,2021-02-16,1598,5196,7,285,,False,68
21476,2021-02-17,1599,5202,6,286,,False,68
21476,2021-02-18,1600,5210,7,285,,False,68
21476,2021-02-19,1601,5213,5,283,,False,68
21476,2021-02-20,1602,5218,4,284,,False,68
21476,2021-02-21,1603,5222,7,284,,False,68
21476,2021-02-22,1604,5225,3,282,,False,68
21476,2021-02-23,1605,5233,6,282,,False,68
21476,2021-02-24,1606,5238,4,282,,False,68
21476,2021-02-25,1607,5243,4,283,,False,68
21476,2021-02-26,1608,5248,3,284,,False,68
21476,2021-02-27,1609,5252,4,285,,False,68
21476,2021-02-28,1610,5261,6,285,,False,68
21476,2021-03-01,1611,5263,6,286,,False,68
21476,2021-03-03,1613,5271,2,285,,False,68
21476,2021-03-04,1614,5277,4,285,,False,68
21476,2021-03-05,1615,5281,6,286,,False,68
21476,2021-03-06,1616,5286,4,286,,False,68
21476,2021-03-07,1617,5291,2,284,,False,68
21476,2021-03-08,1618,5294,6,286,,False,68
21476,2021-03-09,1619,5299,5,286,,False,68
21476,2021-03-10,1620,5301,6,286,,False,68
21476,2021-03-11,1621,5305,3,287,,False,68
21476,2021-03-12,1622,5308,8,288,,False,68
21476,2021-03-13,1623,5312,13,289,,False,68
21476,2021-03-14,1624,5318,7,290,,False,68
21476,2021-03-15,1625,5325,7,295,,False,68
21476,2021-03-16,1626,5330,3,295,,False,68
21476,2021-03-17,1627,5332,9,294,,False,68
21476,2021-03-18,1628,5339,12,295,,False,68
21476,2021-03-19,1629,5350,9,294,,False,68
21476,2021-03-20,1630,5354,2,294,,False,68
21476,2021-03-21,1631,5355,3,292,,False,68
21476,2021-03-22,1632,5361,5,293,,False,68
21476,2021-03-23,1633,5365,1,293,,False,68
21476,2021-03-24,1634,5370,2,294,,False,68
21476,2021-03-25,1635,5376,2,294,,False,68
21476,2021-03-26,1636,5382,5,295,,False,68
21476,2021-03-27,1637,5389,9,298,,False,68
21476,2021-03-28,1638,5399,2,298,,False,68
21476,2021-03-29,1639,5402,6,299,,False,68
21476,2021-03-30,1640,5408,8,301,,False,68
21476,2021-03-31,1641,5411,7,301,,False,68
21476,2021-04-01,1642,5419,8,302,,False,68
21476,2021-04-02,1643,5424,2,303,,False,68
21476,2021-04-03,1644,5431,8,305,,False,68
21476,2021-04-04,1645,5436,4,305,,False,68
21476,2021-04-05,1646,5441,7,306,,False,68
21476,2021-04-06,1647,5448,2,306,,False,68
21476,2021-04-07,1648,5456,6,309,,False,68
21476,2021-04-08,1649,5459,10,309,,False,68
21476,2021-04-09,1650,5465,7,308,,False,68
21476,2021-04-10,1651,5473,8,313,,False,68
21476,2021-04-11,1652,5481,10,312,,False,68
21476,2021-04-12,1653,5488,2,312,,False,68
21476,2021-04-13,1654,5491,4,311,,False,68
21476,2021-04-14,1655,5497,8,312,,False,68
21476,2021-04-15,1656,5502,2,310,,False,68
21476,2021-04-16,1657,5505,9,310,,False,68
21476,2021-04-17,1658,5515,10,309,,False,68
21476,2021-04-18,1659,5521,5,309,,False,68
21476,2021-04-19,1660,5528,7,310,,False,68
21476,2021-04-20,1661,5537,8,311,,False,68
21476,2021-04-21,1662,5545,6,311,,False,68
21476,2021-04-22,1663,5551,2,310,,False,68
21476,2021-04-23,1664,5554,4,310,,False,68
21476,2021-04-24,1665,5559,5,310,,False,68
21476,2021-04-25,1666,5564,9,310,,False,68
21476,2021-04-26,1667,5567,3,310,,False,68
21476,2021-04-27,1668,5572,5,310,,False,68
21476,2021-04-28,1669,5579,8,310,,False,68
21476,2021-04-29,1670,5581,6,309,,False,68
21476,2021-04-30,1671,5583,5,310,,False,68
21476,2021-05-01,1672,5587,3,309,,False,68
21476,2021-05-02,1673,5592,5,310,,False,68
21476,2021-05-03,1674,5596,1,311,,False,68
21476,2021-05-04,1675,5595,3,310,,False,68
21476,2021-05-05,1676,5596,5,310,,False,68
21476,2021-05-06,1677,5601,1,310,,False,68
21476,2021-05-07,1678,5603,3,309,,False,68
21476,2021-05-08,1679,5605,3,309,,False,68
21476,2021-05-09,1680,5612,2,309,,False,68
21476,2021-05-10,1681,5614,4,308,,False,68
21476,2021-05-11,1682,5618,6,309,,False,68
21476,2021-05-12,1683,5621,5,309,,False,68
21476,2021-05-13,1684,5624,6,308,,False,68
21476,2021-05-14,1685,5629,5,308,,False,68
21476,2021-05-15,1686,5633,5,309,,False,68
21476,2021-05-16,1687,5634,6,309,,False,68
21476,2021-05-17,1688,5639,4,309,,False,68
21476,2021-05-18,1689,5644,5,309,,False,68
21476,2021-05-19,1690,5649,5,309,,False,68
21476,2021-05-20,1691,5654,3,308,,False,68
21476,2021-05-21,1692,5663,1,309,,False,68
21476,2021-05-22,1693,5665,7,309,,False,68
21476,2021-05-23,1694,5672,3,308,,False,68
21476,2021-05-24,1695,5676,3,310,,False,68
21476,2021-05-25,1696,5682,5,311,,False,68
21476,2021-05-26,1697,5683,2,312,,False,68
21476,2021-05-27,1698,5685,2,313,,False,68
21476,2021-05-28,1699,5683,3,312,,False,68
21476,2021-05-29,1700,5686,4,312,,False,68
21476,2021-05-30,1701,5691,7,312,,False,68
21476,2021-05-31,1702,5695,6,311,,False,68
21476,2021-06-01,1703,5701,4,311,,False,68
21476,2021-06-02,1704,5704,5,310,,False,68
21476,2021-06-03,1705,5709,2,308,,False,68
21476,2021-06-04,1706,5711,4,309,,False,68
21476,2021-06-05,1707,5716,8,309,,False,68
21476,2021-06-06,1708,5722,3,308,,False,68
21476,2021-06-07,1709,5726,7,307,,False,68
21476,2021-06-08,1710,5731,5,308,,False,68
21476,2021-06-09,1711,5738,6,309,,False,68
21476,2021-06-10,1712,5742,9,307,,False,68
21476,2021-06-11,1713,5746,2,307,,False,68
21476,2021-06-12,1714,5749,6,307,,False,68
21476,2021-06-13,1715,5752,5,309,,False,68
21476,2021-06-14,1716,5755,1,310,,False,68
21476,2021-06-15,1717,5755,9,310,,False,68
21476,2021-06-16,1718,5759,10,311,,False,68
21476,2021-06-17,1719,5764,16,313,,False,68
21476,2021-06-18,1720,5766,5,311,,False,68
21476,2021-06-19,1721,5769,5,312,,False,68
21476,2021-06-20,1722,5772,6,311,,False,68
21476,2021-06-21,1723,5772,7,311,,False,68
21476,2021-06-22,1724,5777,3,311,,False,68
21476,2021-06-24,1726,5782,6,314,,False,68
21476,2021-06-25,1727,5786,4,312,,False,68
21476,2021-06-26,1728,5791,3,315,,False,68
21476,2021-06-27,1729,5796,5,316,,False,68
21476,2021-06-28,1730,5797,3,316,,False,68
21476,2021-06-29,1731,5802,10,317,,False,68
21476,2021-06-30,1732,5808,7,319,,False,68
21476,2021-07-01,1733,5816,7,320,,False,68
21476,2021-07-02,1734,5819,1,320,,False,68
21476,2021-07-03,1735,5818,4,320,,False,68
21476,2021-07-04,1736,5819,2,320,,False,68
21476,2021-07-05,1737,5818,2,319,,False,68
21476,2021-07-06,1738,5820,3,318,,False,68
21476,2021-07-07,1739,5825,3,319,,False,68
21476,2021-07-08,1740,5825,6,319,,False,68
21476,2021-07-09,1741,5827,7,319,,False,68
21476,2021-07-10,1742,5833,6,318,,False,68
21476,2021-07-11,1743,5838,7,318,,False,68
21476,2021-07-12,1744,5843,5,316,,False,68
21476,2021-07-13,1745,5849,5,316,,False,68
21476,2021-07-14,1746,5851,16,319,,False,68
21476,2021-07-15,1747,5858,5,318,,False,68
21476,2021-07-16,1748,5860,4,318,,False,68
21476,2021-07-17,1749,5864,4,319,,False,68
21476,2021-07-18,1750,5868,2,319,,False,68
21476,2021-07-19,1751,5871,7,320,,False,68
21476,2021-07-20,1752,5871,5,320,,False,68
21476,2021-07-21,1753,5877,6,319,,False,68
21476,2021-07-22,1754,5883,4,319,,False,68
21476,2021-07-23,1755,5891,3,319,,False,68
21476,2021-07-24,1756,5892,3,318,,False,68
21476,2021-07-25,1757,5892,5,317,,False,68
21476,2021-07-26,1758,5896,6,317,,False,68
21476,2021-07-27,1759,5896,4,316,,False,68
21476,2021-07-28,1760,5898,4,314,,False,68
21476,2021-07-29,1761,5902,2,314,,False,68
21476,2021-07-30,1762,5904,2,315,,False,68
21476,2021-07-31,1763,5907,4,315,,False,68
21476,2021-08-01,1764,5908,4,314,,False,68
21476,2021-08-02,1765,5910,2,314,,False,68
21476,2021-08-03,1766,5911,1,314,,False,68
21476,2021-08-05,1768,5914,1,314,,False,68
21476,2021-08-06,1769,5916,3,314,,False,68
21476,2021-08-07,1770,5918,4,316,,False,68
21476,2021-08-08,1771,5919,11,316,,False,68
21476,2021-08-09,1772,5927,4,317,,False,68
21476,2021-08-10,1773,5929,3,318,,False,68
21476,2021-08-11,1774,5934,3,317,,False,68
21476,2021-08-12,1775,5936,8,318,,False,68
21476,2021-08-13,1776,5941,4,317,,False,68
21476,2021-08-14,1777,5944,4,315,,False,68
21476,2021-08-15,1778,5947,6,316,,False,68
21476,2021-08-16,1779,5951,5,316,,False,68
21476,2021-08-17,1780,5954,1,318,,False,68
21476,2021-08-18,1781,5958,4,319,,False,68
21476,2021-08-19,1782,5958,4,318,,False,68
21476,2021-08-20,1783,5961,4,320,,False,68
21476,2021-08-21,1784,5964,5,319,,False,68
21476,2021-08-23,1786,5966,2,316,,False,68
21476,2021-08-24,1787,5971,3,316,,False,68
21476,2021-08-25,1788,5973,3,315,,False,68
21476,2021-08-28,1791,5981,3,315,,False,68
21476,2021-08-29,1792,5984,4,315,,False,68
21476,2021-08-30,1793,5986,2,315,,False,68
21476,2021-08-31,1794,5987,4,316,,False,68
21476,2021-09-01,1795,5988,2,316,,False,68
21476,2021-09-02,1796,5994,3,317,,False,68
21476,2021-09-03,1797,5993,2,317,,False,68
21476,2021-09-04,1798,5997,3,317,,False,68
21476,2021-09-05,1799,6005,6,325,,False,68
21476,2021-09-06,1800,6009,4,325,,False,68
21476,2021-09-07,1801,6014,4,323,,False,68
21476,2021-09-08,1802,6019,1,322,,False,68
21476,2021-09-09,1803,6021,2,322,,False,68
21476,2021-09-10,1804,6025,3,321,,False,68
21476,2021-09-11,1805,6026,5,322,,False,68
21476,2021-09-12,1806,6029,4,320,,False,68
21476,2021-09-13,1807,6035,2,320,,False,68
21476,2021-09-14,1808,6038,6,320,,False,68
21476,2021-09-15,1809,6044,2,322,,False,68
21476,2021-09-17,1811,6050,1,323,,False,68
21476,2021-09-18,1812,6051,6,324,,False,68
21476,2021-09-19,1813,6056,6,324,,False,68
21476,2021-09-20,1814,6057,1,324,,False,68
21476,2021-09-21,1815,6059,1,323,,False,68
21476,2021-09-22,1816,6062,3,323,,False,68
21476,2021-09-23,1817,6066,3,323,,False,68
21476,2021-09-24,1818,6071,1,325,,False,68
21476,2021-09-25,1819,6075,2,325,,False,68
21476,2021-09-26,1820,6075,3,323,,False,68
21476,2021-09-27,1821,6077,2,323,,False,68
21476,2021-09-28,1822,6077,4,323,,False,68
21476,2021-09-29,1823,6080,1,323,,False,68
21476,2021-09-30,1824,6082,3,322,,False,68
21476,2021-10-01,1825,6087,1,323,,False,68
21476,2021-10-03,1827,6092,4,325,,False,68
21476,2021-10-04,1828,6096,4,325,,False,68
21476,2021-10-05,1829,6101,4,325,,False,68
21476,2021-10-06,1830,6103,5,325,,False,68
21476,2021-10-07,1831,6105,4,323,,False,68
21476,2021-10-08,1832,6109,3,324,,False,68
21476,2021-10-09,1833,6110,1,324,,False,68
21476,2021-10-10,1834,6111,4,323,,False,68
21476,2021-10-11,1835,6117,3,324,,False,68
21476,2021-10-12,1836,6120,2,324,,False,68
21476,2021-10-13,1837,6123,4,326,,False,68
21476,2021-10-14,1838,6123,2,324,,False,68
21476,2021-10-15,1839,6123,3,324,,False,68
21476,2021-10-16,1840,6124,1,323,,False,68
21476,2021-10-17,1841,6126,1,323,,False,68
21476,2021-10-18,1842,6128,7,324,,False,68
21476,2021-10-19,1843,6133,3,323,,False,68
21476,2021-10-20,1844,6141,2,324,,False,68
21476,2021-10-21,1845,6149,3,324,,False,68
21476,2021-10-22,1846,6155,1,324,,False,68
21476,2021-10-23,1847,6159,1,324,,False,68
21476,2021-10-24,1848,6159,7,324,,False,68
21476,2021-10-25,1849,6165,2,326,,False,68
21476,2021-10-26,1850,6169,6,325,,False,68
21476,2021-10-27,1851,6172,4,326,,False,68
21476,2021-10-28,1852,6175,2,325,,False,68
21476,2021-10-29,1853,6176,1,324,,False,68
21476,2021-10-30,1854,6176,7,324,,False,68
21476,2021-10-31,1855,6178,5,325,,False,68
21476,2021-11-01,1856,6187,2,326,,False,68
21476,2021-11-02,1857,6191,6,326,,False,68
21476,2021-11-03,1858,6194,6,327,,False,68
21476,2021-11-04,1859,6197,1,326,,False,68
21476,2021-11-06,1861,6204,1,326,,False,68
21476,2021-11-08,1863,6205,10,327,,False,68
21476,2021-11-09,1864,6206,3,326,,False,68
21476,2021-11-10,1865,6206,1,326,,False,68
21476,2021-11-11,1866,6206,4,326,,False,68
21476,2021-11-13,1868,6213,1,326,,False,68
21476,2021-11-16,1871,6215,2,328,,False,68
21476,2021-11-17,1872,6215,2,328,,False,68
21476,2021-11-18,1873,6220,4,329,,False,68
21476,2021-11-20,1875,6223,5,330,,False,68
21476,2021-11-21,1876,6226,6,331,,False,68
21476,2021-11-22,1877,6232,5,332,,False,68
21476,2021-11-23,1878,6233,4,333,,False,68
21476,2021-11-24,1879,6234,2,333,,False,68
21476,2021-11-25,1880,6237,3,333,,False,68
21476,2021-11-26,1881,6241,1,333,,False,68
21476,2021-11-27,1882,6242,2,333,,False,68
21476,2021-11-28,1883,6244,1,333,,False,68
21476,2021-11-29,1884,6250,4,333,,False,68
21476,2021-11-30,1885,6255,6,335,,False,68
21476,2021-12-01,1886,6258,3,336,,False,68
21476,2021-12-02,1887,6259,7,334,,False,68
21476,2021-12-03,1888,6260,8,334,,False,68
21476,2021-12-04,1889,6263,3,332,,False,68
21476,2021-12-05,1890,6269,1,333,,False,68
21476,2021-12-06,1891,6270,8,333,,False,68
21476,2021-12-07,1892,6272,8,335,,False,68
21476,2021-12-08,1893,6277,2,334,,False,68
21476,2021-12-09,1894,6280,1,334,,False,68
21476,2021-12-10,1895,6284,2,335,,False,68
21476,2021-12-11,1896,6285,2,335,,False,68
21476,2021-12-12,1897,6287,3,336,,False,68
21476,2021-12-13,1898,6288,6,336,,False,68
21476,2021-12-14,1899,6293,3,335,,False,68
21476,2021-12-15,1900,6299,1,336,,False,68
21476,2021-12-16,1901,6300,5,337,,False,68
21476,2021-12-17,1902,6303,2,338,,False,68
21476,2021-12-19,1904,6307,5,342,,False,68
21476,2021-12-20,1905,6305,5,341,,False,68
21476,2021-12-21,1906,6305,2,340,,False,68
21476,2021-12-22,1907,6307,6,340,,False,68
21476,2021-12-23,1908,6310,8,340,,False,68
21476,2021-12-24,1909,6315,1,338,,False,68
21476,2021-12-25,1910,6316,3,338,,False,68
21476,2021-12-26,1911,6317,8,339,,False,68
21476,2021-12-27,1912,6321,1,339,,False,68
21476,2021-12-28,1913,6327,3,339,,False,68
21476,2021-12-29,1914,6332,2,339,,False,68
21476,2021-12-30,1915,6337,1,340,,False,68
21476,2021-12-31,1916,6339,6,340,,False,68
21476,2022-01-01,1917,6342,1,340,,False,68
21476,2022-01-02,1918,6347,4,340,,False,68
21476,2022-01-03,1919,6349,9,341,,False,68
21476,2022-01-04,1920,6355,7,341,,False,68
21476,2022-01-05,1921,6354,3,339,,False,68
21476,2022-01-06,1922,6355,2,339,,False,68
21476,2022-01-07,1923,6354,4,339,,False,68
21476,2022-01-08,1924,6356,1,339,,False,68
21476,2022-01-09,1925,6358,1,339,,False,68
21476,2022-01-10,1926,6362,7,340,,False,68
21476,2022-01-11,1927,6366,2,341,,False,68
21476,2022-01-12,1928,6369,5,342,,False,68
21476,2022-01-14,1930,6375,3,342,,False,68
21476,2022-01-15,1931,6378,7,342,,False,68
21476,2022-01-16,1932,6381,8,343,,False,68
21476,2022-01-17,1933,6387,4,343,,False,68
21476,2022-01-18,1934,6390,12,345,,False,68
21476,2022-01-19,1935,6395,6,345,,False,68
21476,2022-01-20,1936,6396,9,345,,False,68
21476,2022-01-21,1937,6402,4,343,,False,68
21476,2022-01-22,1938,6404,4,343,,False,68
21476,2022-01-23,1939,6410,4,342,,False,68
21476,2022-01-24,1940,6412,4,343,,False,68
21476,2022-01-25,1941,6415,5,343,,False,68
21476,2022-01-26,1942,6419,4,344,,False,68
21476,2022-01-27,1943,6421,4,345,,False,68
21476,2022-01-28,1944,6424,1,344,,False,68
21476,2022-01-29,1945,6424,4,344,,False,68
21476,2022-01-31,1947,6426,7,346,,False,68
21476,2022-02-01,1948,6431,1,346,,False,68
21476,2022-02-02,1949,6432,2,346,,False,68
21476,2022-02-03,1950,6436,11,347,,False,68
21476,2022-02-04,1951,6436,5,348,,False,68
21476,2022-02-05,1952,6435,5,348,,False,68
21476,2022-02-06,1953,6437,6,349,,False,68
21476,2022-02-07,1954,6442,2,349,,False,68
21476,2022-02-08,1955,6448,5,349,,False,68
21476,2022-02-09,1956,6451,1,351,,False,68
21476,2022-02-10,1957,6449,3,351,,False,68
21476,2022-02-11,1958,6453,3,350,,False,68
21476,2022-02-12,1959,6455,7,350,,False,68
21476,2022-02-13,1960,6457,4,350,,False,68
21476,2022-02-14,1961,6460,3,350,,False,68
21476,2022-02-15,1962,6459,2,350,,False,68
21476,2022-02-16,1963,6461,3,350,,False,68
21476,2022-02-17,1964,6465,8,349,,False,68
21476,2022-02-18,1965,6468,7,348,,False,68
21476,2022-02-19,1966,6470,5,348,,False,68
21476,2022-02-20,1967,6474,7,348,,False,68
21476,2022-02-21,1968,6478,5,350,,False,68
21476,2022-02-22,1969,6480,3,351,,False,68
21476,2022-02-23,1970,6482,7,348,,False,68
21476,2022-02-24,1971,6487,4,348,,False,68
21476,2022-02-26,1973,6490,6,346,,False,68
21476,2022-02-28,1975,6495,7,346,,False,68
21476,2022-03-01,1976,6498,3,346,,False,68
21476,2022-03-02,1977,6500,2,347,,False,68
21476,2022-03-03,1978,6503,4,349,,False,68
21476,2022-03-04,1979,6503,6,349,,False,68
21476,2022-03-06,1981,6509,8,349,,False,68
21476,2022-03-07,1982,6518,2,349,,False,68
21476,2022-03-09,1984,6520,6,348,,False,68
21476,2022-03-10,1985,6521,4,348,,False,68
21476,2022-03-12,1987,6533,5,348,,False,68
21476,2022-03-13,1988,6535,7,348,,False,68
21476,2022-03-15,1990,6540,5,348,,False,68
21476,2022-03-17,1992,6545,2,349,,False,68
21476,2022-03-18,1993,6548,6,349,,False,68
21476,2022-03-20,1995,6557,6,349,,False,68
21476,2022-03-21,1996,6562,6,350,,False,68
21476,2022-03-22,1997,6560,2,349,,False,68
21476,2022-03-24,1999,6565,4,349,,False,68
21476,2022-03-25,2000,6570,3,350,,False,68
21476,2022-03-26,2001,6575,3,352,,False,68
21476,2022-03-27,2002,6578,4,352,,False,68
21476,2022-03-28,2003,6583,5,353,,False,68
21476,2022-03-29,2004,6589,3,354,,False,68
21476,2022-03-30,2005,6593,4,354,,False,68
21476,2022-04-01,2007,6596,3,356,,False,68
21476,2022-04-03,2009,6604,3,356,,False,68
21476,2022-04-04,2010,6608,5,356,,False,68
21476,2022-04-05,2011,6612,3,355,,False,68
21476,2022-04-06,2012,6616,3,356,,False,68
21476,2022-04-07,2013,6616,1,354,,False,68
21476,2022-04-09,2015,6618,2,354,,False,68
21476,2022-04-10,2016,6621,6,354,,False,68
21476,2022-04-11,2017,6624,3,354,,False,68
21476,2022-04-12,2018,6629,4,354,,False,68
21476,2022-04-13,2019,6636,3,354,,False,68
21476,2022-04-14,2020,6636,2,353,,False,68
21476,2022-04-16,2022,6637,3,352,,False,68
21476,2022-04-17,2023,6643,1,353,,False,68
21476,2022-04-18,2024,6643,2,353,,False,68
21476,2022-04-19,2025,6645,3,354,,False,68
21476,2022-04-20,2026,6649,2,355,,False,68
21476,2022-04-21,2027,6648,7,355,,False,68
21476,2022-04-22,2028,6652,7,356,,False,68
21476,2022-04-23,2029,6658,6,358,,False,68
21476,2022-04-24,2030,6664,2,358,,False,68
21476,2022-04-25,2031,6667,4,359,,False,68
21476,2022-04-26,2032,6670,3,359,,False,68
21476,2022-04-27,2033,6672,3,361,,False,68
21476,2022-04-28,2034,6673,8,362,,False,68
21476,2022-04-29,2035,6676,1,361,,False,68
21476,2022-05-01,2037,6680,1,362,,False,68
21476,2022-05-02,2038,6684,5,363,,False,68
21476,2022-05-03,2039,6688,1,362,,False,68
21476,2022-05-04,2040,6692,5,362,,False,68
21476,2022-05-05,2041,6697,9,362,,False,68
21476,2022-05-06,2042,6704,1,362,,False,68
21476,2022-05-07,2043,6706,1,363,,False,68
21476,2022-05-08,2044,6708,6,363,,False,68
21476,2022-05-09,2045,6714,1,362,,False,68
21476,2022-05-13,2049,6718,2,363,,False,68
21476,2022-05-14,2050,6720,2,364,,False,68
21476,2022-05-15,2051,6720,1,364,,False,68
21476,2022-05-16,2052,6726,2,364,,False,68
21476,2022-05-17,2053,6726,2,365,,False,68
21476,2022-05-18,2054,6729,5,365,,False,68
21476,2022-05-19,2055,6738,3,366,,False,68
21476,2022-05-20,2056,6744,3,367,,False,68
21476,2022-05-21,2057,6744,5,366,,False,68
21476,2022-05-22,2058,6746,4,367,,False,68
21476,2022-05-23,2059,6751,4,367,,False,68
21476,2022-05-24,2060,6753,1,365,,False,68
21476,2022-05-25,2061,6755,5,365,,False,68
21476,2022-05-26,2062,6757,4,366,,False,68
21476,2022-05-27,2063,6759,1,366,,False,68
21476,2022-05-28,2064,6760,4,366,,False,68
21476,2022-05-29,2065,6764,7,366,,False,68
21476,2022-05-30,2066,6770,6,367,,False,68
21476,2022-05-31,2067,6771,2,365,,False,68
21476,2022-06-01,2068,6774,8,365,,False,68
21476,2022-06-02,2069,6776,2,365,,False,68
21476,2022-06-03,2070,6777,5,364,,False,68
21476,2022-06-04,2071,6777,2,364,,False,68
21476,2022-06-05,2072,6779,5,365,,False,68
21476,2022-06-06,2073,6782,1,366,,False,68
21476,2022-06-09,2076,6786,1,366,,False,68
21476,2022-06-10,2077,6789,2,367,,False,68
21476,2022-06-11,2078,6790,2,367,,False,68
21476,2022-06-12,2079,6794,2,367,,False,68
21476,2022-06-13,2080,6795,2,366,,False,68
21476,2022-06-14,2081,6801,2,368,,False,68
21476,2022-06-15,2082,6806,6,368,,False,68
21476,2022-06-16,2083,6808,3,368,,False,68
21476,2022-06-17,2084,6811,4,368,,False,68
21476,2022-06-19,2086,6818,7,367,,False,68
21476,2022-06-22,2089,6821,2,367,,False,68
21476,2022-06-23,2090,6824,3,368,,False,68
21476,2022-06-24,2091,6825,5,367,,False,68
21476,2022-06-25,2092,6825,3,365,,False,68
21476,2022-06-29,2096,6827,3,364,,False,68
21476,2022-06-30,2097,6833,1,364,,False,68
21476,2022-07-01,2098,6846,4,366,,False,68
21476,2022-07-02,2099,6850,9,366,,False,68
21476,2022-07-03,2100,6850,1,368,,False,68
21476,2022-07-05,2102,6853,3,368,,False,68
21476,2022-07-06,2103,6855,2,368,,False,68
21476,2022-07-07,2104,6857,1,368,,False,68
21476,2022-07-08,2105,6861,1,369,,False,68
21476,2022-07-10,2107,6862,3,369,,False,68
21476,2022-07-11,2108,6865,2,369,,False,68
21476,2022-07-12,2109,6869,3,370,,False,68
21476,2022-07-13,2110,6869,3,370,,False,68
21476,2022-07-14,2111,6874,2,369,,False,68
21476,2022-07-15,2112,6876,3,368,,False,68
21476,2022-07-16,2113,6875,1,368,,False,68
21476,2022-07-17,2114,6876,1,368,,False,68
21476,2022-07-18,2115,6878,3,368,,False,68
21476,2022-07-19,2116,6882,1,368,,False,68
21476,2022-07-20,2117,6884,3,368,,False,68
21476,2022-07-21,2118,6886,5,369,,False,68
21476,2022-07-22,2119,6888,2,369,,False,68
21476,2022-07-23,2120,6891,2,369,,False,68
21476,2022-07-24,2121,6894,2,369,,False,68
21476,2022-07-25,2122,6896,5,369,,False,68
21476,2022-07-26,2123,6900,5,374,,False,68
21476,2022-07-27,2124,6904,3,374,,False,68
21476,2022-07-28,2125,6907,3,373,,False,68
21476,2022-07-29,2126,6909,3,374,,False,68
21476,2022-07-31,2128,6911,3,373,,False,68
21476,2022-08-01,2129,6915,5,373,,False,68
21476,2022-08-02,2130,6918,6,373,,False,68
21476,2022-08-04,2132,6924,3,373,,False,68
21476,2022-08-05,2133,6925,7,373,,False,68
21476,2022-08-06,2134,6925,4,372,,False,68
21476,2022-08-07,2135,6929,5,372,,False,68
21476,2022-08-08,2136,6931,8,373,,False,68
21476,2022-08-09,2137,6931,2,369,,False,68
21476,2022-08-10,2138,6932,7,369,,False,68
21476,2022-08-11,2139,6938,2,369,,False,68
21476,2022-08-12,2140,6941,3,371,,False,68
21476,2022-08-13,2141,6941,5,371,,False,68
21476,2022-08-14,2142,6942,5,371,,False,68
21476,2022-08-15,2143,6943,12,371,,False,68
21476,2022-08-16,2144,6948,6,371,,False,68
21476,2022-08-17,2145,6950,5,370,,False,68
21476,2022-08-18,2146,6956,4,370,,False,68
21476,2022-08-19,2147,6961,4,371,,False,68
21476,2022-08-21,2149,6967,7,371,,False,68
21476,2022-08-22,2150,6973,6,371,,False,68
21476,2022-08-23,2151,6979,3,371,,False,68
21476,2022-08-25,2153,6980,3,369,,False,68
21476,2022-08-26,2154,6981,2,369,,False,68
21476,2022-08-28,2156,6986,2,370,,False,68
21476,2022-08-29,2157,6988,1,370,,False,68
21476,2022-08-31,2159,6989,4,370,,False,68
21476,2022-09-01,2160,6993,2,371,,False,68
21476,2022-09-03,2162,6998,1,371,,False,68
21476,2022-09-04,2163,6999,3,371,,False,68
21476,2022-09-05,2164,7000,2,371,,False,68
21476,2022-09-07,2166,7004,2,373,,False,68
21476,2022-09-09,2168,7005,1,372,,False,68
21476,2022-09-10,2169,7007,2,372,,False,68
21476,2022-09-11,2170,7010,5,372,,False,68
21476,2022-09-12,2171,7015,1,373,,False,68
21476,2022-09-13,2172,7015,3,373,,False,68
21476,2022-09-14,2173,7017,2,373,,False,68
21476,2022-09-15,2174,7019,1,373,,False,68
21476,2022-09-16,2175,7022,5,373,,False,68
21476,2022-09-18,2177,7025,1,372,,False,68
21476,2022-09-19,2178,7032,1,374,,False,68
21476,2022-09-22,2181,7035,2,374,,False,68
21476,2022-09-23,2182,7036,6,374,,False,68
21476,2022-09-24,2183,7038,2,374,,False,68
21476,2022-09-25,2184,7041,1,374,,False,68
21476,2022-09-26,2185,7048,1,375,,False,68
21476,2022-09-27,2186,7048,3,376,,False,68
21476,2022-09-28,2187,7048,10,376,,False,68
21476,2022-09-29,2188,7052,6,375,,False,68
21476,2022-09-30,2189,7057,1,375,,False,68
21476,2022-10-02,2191,7065,1,375,,False,68
21476,2022-10-03,2192,7071,1,375,,False,68
21476,2022-10-04,2193,7073,1,376,,False,68
21476,2022-10-05,2194,7073,2,376,,False,68
21476,2022-10-06,2195,7073,1,376,,False,68
21476,2022-10-07,2196,7077,1,377,,False,68
21476,2022-10-08,2197,7079,4,377,,False,68
21476,2022-10-09,2198,7081,2,377,,False,68
21476,2022-10-10,2199,7083,6,375,,False,68
21476,2022-10-11,2200,7085,1,375,,False,68
21476,2022-10-12,2201,7088,5,375,,False,68
21476,2022-10-13,2202,7090,4,374,,False,68
21476,2022-10-14,2203,7093,2,374,,False,68
21476,2022-10-15,2204,7093,1,374,,False,68
21476,2022-10-16,2205,7095,1,375,,False,68
21476,2022-10-17,2206,7100,14,375,,False,68
21476,2022-10-18,2207,7105,10,377,,False,68
21476,2022-10-19,2208,7108,3,375,,False,68
21476,2022-10-20,2209,7110,10,376,,False,68
21476,2022-10-21,2210,7116,2,376,,False,68
21476,2022-10-22,2211,7119,6,376,,False,68
21476,2022-10-23,2212,7122,1,377,,False,68
21476,2022-10-24,2213,7127,6,379,,False,68
21476,2022-10-25,2214,7129,12,379,,False,68
21476,2022-10-26,2215,7132,1,380,,False,68
21476,2022-10-27,2216,7133,7,380,,False,68
21476,2022-10-28,2217,7137,2,379,,False,68
21476,2022-10-29,2218,7138,1,378,,False,68
21476,2022-10-30,2219,7138,1,378,,False,68
21476,2022-10-31,2220,7137,3,378,,False,68
21476,2022-11-02,2222,7137,6,377,,False,68
21476,2022-11-03,2223,7142,1,378,,False,68
21476,2022-11-04,2224,7143,2,378,,False,68
21476,2022-11-05,2225,7143,6,377,,False,68
21476,2022-11-06,2226,7144,4,378,,False,68
21476,2022-11-07,2227,7145,1,377,,False,68
21476,2022-11-08,2228,7150,3,377,,False,68
21476,2022-11-13,2233,7153,3,376,,False,68
21476,2022-11-14,2234,7158,2,376,,False,68
21476,2022-11-15,2235,7158,5,377,,False,68
21476,2022-11-16,2236,7166,2,380,,False,68
21476,2022-11-17,2237,7169,7,380,,False,68
21476,2022-11-18,2238,7169,1,380,,False,68
21476,2022-11-19,2239,7169,3,380,,False,68
21476,2022-11-20,2240,7170,6,382,,False,68
21476,2022-11-21,2241,7175,1,383,,False,68
21476,2022-11-22,2242,7175,1,383,,False,68
21476,2022-11-25,2245,7181,2,384,,False,68
21476,2022-11-26,2246,7184,2,384,,False,68
21476,2022-11-27,2247,7183,2,384,,False,68
21476,2022-11-28,2248,7188,1,387,,False,68
21476,2022-11-29,2249,7188,2,387,,False,68
21476,2022-11-30,2250,7189,2,387,,False,68
21476,2022-12-01,2251,7190,1,388,,False,68
21476,2022-12-02,2252,7191,2,389,,False,68
21476,2022-12-03,2253,7194,4,390,,False,68
21476,2022-12-04,2254,7195,6,390,,False,68
21476,2022-12-05,2255,7196,3,392,,False,68
21476,2022-12-06,2256,7202,3,392,,False,68
21476,2022-12-07,2257,7204,4,392,,False,68
21476,2022-12-08,2258,7205,6,393,,False,68
21476,2022-12-09,2259,7209,5,394,,False,68
21476,2022-12-10,2260,7210,5,394,,False,68
21476,2022-12-11,2261,7214,4,392,,False,68
21476,2022-12-12,2262,7220,1,391,,False,68
21476,2022-12-14,2264,7220,1,391,,False,68
21476,2022-12-15,2265,7223,3,391,,False,68
21476,2022-12-16,2266,7225,3,391,,False,68
21476,2022-12-17,2267,7227,3,391,,False,68
21476,2022-12-18,2268,7229,6,389,,False,68
21476,2022-12-19,2269,7232,2,389,,False,68
21476,2022-12-20,2270,7234,2,389,,False,68
21476,2022-12-21,2271,7236,1,390,,False,68
21476,2022-12-22,2272,7238,10,390,,False,68
21476,2022-12-23,2273,7243,1,394,,False,68
21476,2022-12-24,2274,7245,3,393,,False,68
21476,2022-12-25,2275,7249,2,395,,False,68
21476,2022-12-26,2276,7251,2,396,,False,68
21476,2022-12-27,2277,7255,2,398,,False,68
21476,2022-12-28,2278,7257,4,398,,False,68
21476,2022-12-29,2279,7262,1,399,,False,68
21476,2022-12-30,2280,7262,4,399,,False,68
21476,2022-12-31,2281,7264,3,399,,False,68
21476,2023-01-01,2282,7269,2,401,,False,68
21476,2023-01-03,2284,7273,2,402,,False,68
21476,2023-01-04,2285,7274,2,402,,False,68
21476,2023-01-05,2286,7276,5,402,,False,68
21476,2023-01-06,2287,7277,5,402,,False,68
21476,2023-01-07,2288,7282,5,403,,False,68
21476,2023-01-08,2289,7286,2,402,,False,68
21476,2023-01-09,2290,7286,3,403,,False,68
21476,2023-01-10,2291,7290,3,403,,False,68
21476,2023-01-11,2292,7292,7,404,,False,68
21476,2023-01-13,2294,7298,1,403,,False,68
21476,2023-01-14,2295,7298,1,403,,False,68
21476,2023-01-16,2297,7301,6,404,,False,68
21476,2023-01-17,2298,7308,3,405,,False,68
21476,2023-01-18,2299,7315,1,403,,False,68
21476,2023-01-19,2300,7315,5,403,,False,68
21476,2023-01-20,2301,7318,5,403,,False,68
21476,2023-01-21,2302,7323,4,404,,False,68
21476,2023-01-22,2303,7326,8,404,,False,68
21476,2023-01-23,2304,7329,3,405,,False,68
21476,2023-01-24,2305,7331,1,405,,False,68
21476,2023-01-25,2306,7331,3,404,,False,68
21476,2023-01-26,2307,7332,4,403,,False,68
21476,2023-01-28,2309,7342,1,402,,False,68
21476,2023-01-29,2310,7342,2,402,,False,68
21476,2023-01-30,2311,7344,4,402,,False,68
21476,2023-02-02,2314,7350,2,405,,False,68
21476,2023-02-04,2316,7351,2,406,,False,68
21476,2023-02-07,2319,7353,4,406,,False,68
21476,2023-02-08,2320,7353,3,405,,False,68
21476,2023-02-09,2321,7359,3,405,,False,68
21476,2023-02-10,2322,7364,1,405,,False,68
21476,2023-02-11,2323,7364,2,406,,False,68
21476,2023-02-12,2324,7365,2,405,,False,68
21476,2023-02-13,2325,7364,1,405,,False,68
21476,2023-02-14,2326,7365,2,405,,False,68
21476,2023-02-15,2327,7369,7,406,,False,68
21476,2023-02-16,2328,7371,8,407,,False,68
21476,2023-02-17,2329,7372,2,407,,False,68
21476,2023-02-18,2330,7373,4,407,,False,68
21476,2023-02-20,2332,7379,6,408,,False,68
21476,2023-02-21,2333,7385,4,408,,False,68
21476,2023-02-22,2334,7388,2,408,,False,68
21476,2023-02-23,2335,7389,1,407,,False,68
21476,2023-02-24,2336,7390,1,407,,False,68
21476,2023-02-25,2337,7390,4,407,,False,68
21476,2023-02-26,2338,7391,3,408,,False,68
21476,2023-02-27,2339,7393,5,408,,False,68
21476,2023-03-02,2342,7395,1,408,,False,68
21476,2023-03-04,2344,7397,4,408,,False,68
21476,2023-03-05,2345,7399,2,408,,False,68
21476,2023-03-06,2346,7402,1,409,,False,68
21476,2023-03-07,2347,7403,1,409,,False,68
21476,2023-03-08,2348,7406,4,409,,False,68
21476,2023-03-09,2349,7410,4,409,,False,68
21476,2023-03-10,2350,7414,2,409,,False,68
21476,2023-03-11,2351,7415,1,407,,False,68
21476,2023-03-12,2352,7415,2,407,,False,68
21476,2023-03-14,2354,7421,2,409,,False,68
21476,2023-03-15,2355,7424,2,408,,False,68
21476,2023-03-17,2357,7429,3,408,,False,68
21476,2023-03-18,2358,7431,3,408,,False,68
21476,2023-03-19,2359,7436,1,408,,False,68
21476,2023-03-20,2360,7437,2,408,,False,68
21476,2023-03-21,2361,7440,1,408,,False,68
21476,2023-03-22,2362,7441,2,408,,False,68
21476,2023-03-23,2363,7445,2,408,,False,68
21476,2023-03-24,2364,7446,1,407,,False,68
21476,2023-03-26,2366,7448,3,407,,False,68
21476,2023-03-27,2367,7452,2,408,,False,68
21476,2023-03-28,2368,7453,3,408,,False,68
21476,2023-03-29,2369,7454,1,408,,False,68
21476,2023-03-30,2370,7452,1,408,,False,68
21476,2023-03-31,2371,7453,1,408,,False,68
21476,2023-04-01,2372,7452,2,408,,False,68
21476,2023-04-02,2373,7457,1,408,,False,68
21476,2023-04-03,2374,7462,4,408,,False,68
21476,2023-04-05,2376,7468,3,411,,False,68
21476,2023-04-06,2377,7473,1,411,,False,68
21476,2023-04-07,2378,7473,3,411,,False,68
21476,2023-04-08,2379,7478,3,412,,False,68
21476,2023-04-09,2380,7481,1,413,,False,68
21476,2023-04-10,2381,7482,4,413,,False,68
21476,2023-04-11,2382,7482,1,414,,False,68
21476,2023-04-13,2384,7485,1,415,,False,68
21476,2023-04-15,2386,7488,1,415,,False,68
21476,2023-04-16,2387,7489,6,415,,False,68
21476,2023-04-17,2388,7491,7,414,,False,68
21476,2023-04-18,2389,7490,8,414,,False,68
21476,2023-04-19,2390,7495,3,414,,False,68
21476,2023-04-20,2391,7500,1,414,,False,68
21476,2023-04-21,2392,7502,1,414,,False,68
21476,2023-04-22,2393,7504,4,414,,False,68
21476,2023-04-23,2394,7508,3,414,,False,68
21476,2023-04-24,2395,7508,2,414,,False,68
21476,2023-04-26,2397,7510,4,413,,False,68
21476,2023-04-27,2398,7516,1,414,,False,68
21476,2023-04-28,2399,7519,4,414,,False,68
21476,2023-04-29,2400,7525,1,415,,False,68
21476,2023-04-30,2401,7528,2,414,,False,68
21476,2023-05-01,2402,7528,5,414,,False,68
21476,2023-05-04,2405,7538,1,415,,False,68
21476,2023-05-05,2406,7538,3,415,,False,68
21476,2023-05-06,2407,7541,1,415,,False,68
21476,2023-05-07,2408,7548,1,416,,False,68
21476,2023-05-08,2409,7548,5,416,,False,68
21476,2023-05-11,2412,7553,3,418,,False,68
21476,2023-05-12,2413,7556,11,418,,False,68
21476,2023-05-13,2414,7565,6,418,,False,68
21476,2023-05-14,2415,7594,5,418,,False,68
21476,2023-05-15,2416,7617,3,419,,False,68
21476,2023-05-17,2418,7624,2,418,,False,68
21476,2023-05-19,2420,7631,1,418,,False,68
21476,2023-05-20,2421,7639,2,418,,False,68
21476,2023-05-21,2422,7639,4,418,,False,68
21476,2023-05-23,2424,7644,4,420,,False,68
21476,2023-05-25,2426,7651,4,420,,False,68
21476,2023-05-28,2429,7656,1,419,,False,68
21476,2023-05-29,2430,7660,1,419,,False,68
21476,2023-05-30,2431,7660,3,419,,False,68
21476,2023-05-31,2432,7663,4,419,,False,68
21476,2023-06-01,2433,7670,2,419,,False,68
21476,2023-06-02,2434,7670,3,419,,False,68
21476,2023-06-03,2435,7676,2,419,,False,68
21476,2023-06-04,2436,7678,4,419,,False,68
21476,2023-06-05,2437,7684,3,418,,False,68
21476,2023-06-06,2438,7686,2,418,,False,68
21476,2023-06-08,2440,7689,3,417,,False,68
21476,2023-06-09,2441,7691,3,417,,False,68
21476,2023-06-10,2442,7694,4,417,,False,68
21476,2023-06-12,2444,7697,3,417,,False,68
21476,2023-06-13,2445,7700,7,417,,False,68
21476,2023-06-14,2446,7705,2,418,,False,68
21476,2023-06-16,2448,7709,4,419,,False,68
21476,2023-06-17,2449,7709,5,419,,False,68
21476,2023-06-18,2450,7712,6,420,,False,68
21476,2023-06-19,2451,7715,12,420,,False,68
21476,2023-06-20,2452,7719,9,419,,False,68
21476,2023-06-24,2456,7727,2,419,,False,68
21476,2023-06-25,2457,7728,3,419,,False,68
21476,2023-06-27,2459,7735,5,419,,False,68
21476,2023-06-29,2461,7741,3,419,,False,68
21476,2023-06-30,2462,7746,4,419,,False,68
21476,2023-07-02,2464,7750,2,419,,False,68
21476,2023-07-03,2465,7751,2,420,,False,68
21476,2023-07-04,2466,7752,5,420,,False,68
21476,2023-07-05,2467,7759,4,420,,False,68
21476,2023-07-06,2468,7760,2,420,,False,68
21476,2023-07-07,2469,7763,5,421,,False,68
21476,2023-07-08,2470,7766,2,421,,False,68
21476,2023-07-09,2471,7767,2,421,,False,68
21476,2023-07-10,2472,7768,1,420,,False,68
21476,2023-07-13,2475,7767,1,420,,False,68
21476,2023-07-14,2476,7768,3,420,,False,68
21476,2023-07-15,2477,7771,3,420,,False,68
21476,2023-07-17,2479,7778,2,422,,False,68
21476,2023-07-18,2480,7779,1,422,,False,68
21476,2023-07-20,2482,7781,2,422,,False,68
21476,2023-07-21,2483,7783,1,421,,False,68
21476,2023-07-22,2484,7783,4,422,,False,68
21476,2023-07-23,2485,7783,5,422,,False,68
21476,2023-07-24,2486,7784,8,422,,False,68
21476,2023-07-26,2488,7787,1,421,,False,68
21476,2023-07-27,2489,7788,1,422,,False,68
21476,2023-07-29,2491,7793,1,422,,False,68
21476,2023-07-30,2492,7795,1,422,,False,68
21476,2023-07-31,2493,7795,3,422,,False,68
21476,2023-08-01,2494,7800,5,424,,False,68
21476,2023-08-02,2495,7804,4,425,,False,68
21476,2023-08-03,2496,7808,4,426,,False,68
21476,2023-08-04,2497,7812,2,426,,False,68
21476,2023-08-06,2499,7808,3,425,,False,68
21476,2023-08-07,2500,7812,2,426,,False,68
21476,2023-08-08,2501,7813,1,425,,False,68
21476,2023-08-10,2503,7817,6,425,,False,68
21476,2023-08-11,2504,7821,1,427,,False,68
21476,2023-08-12,2505,7823,6,427,,False,68
21476,2023-08-13,2506,7823,5,427,,False,68
21476,2023-08-15,2508,7825,3,428,,False,68
21476,2023-08-16,2509,7828,2,427,,False,68
21476,2023-08-17,2510,7832,2,427,,False,68
21476,2023-08-19,2512,7836,2,428,,False,68
21476,2023-08-21,2514,7839,2,429,,False,68
21476,2023-08-22,2515,7842,1,429,,False,68
21476,2023-08-24,2517,7847,2,432,,False,68
21476,2023-08-25,2518,7850,1,432,,False,68
21476,2023-08-26,2519,7849,2,431,,False,68
21476,2023-08-27,2520,7849,1,431,,False,68
21476,2023-08-28,2521,7850,3,431,,False,68
21476,2023-08-30,2523,7853,2,431,,False,68
21476,2023-09-01,2525,7856,2,432,,False,68
21476,2023-09-02,2526,7858,1,431,,False,68
21476,2023-09-03,2527,7861,2,432,,False,68
21476,2023-09-04,2528,7864,1,432,,False,68
21476,2023-09-06,2530,7867,2,433,,False,68
21476,2023-09-07,2531,7868,5,433,,False,68
21476,2023-09-08,2532,7870,3,433,,False,68
21476,2023-09-09,2533,7872,4,434,,False,68
21476,2023-09-10,2534,7873,3,435,,False,68
21476,2023-09-11,2535,7875,7,436,,False,68
21476,2023-09-12,2536,7875,2,438,,False,68
21476,2023-09-13,2537,7875,2,438,,False,68
21476,2023-09-14,2538,7878,1,437,,False,68
21476,2023-09-15,2539,7879,4,437,,False,68
21476,2023-09-16,2540,7880,5,437,,False,68
21476,2023-09-17,2541,7887,1,436,,False,68
21476,2023-09-18,2542,7887,1,436,,False,68
21476,2023-09-20,2544,7888,2,438,,False,68
21476,2023-09-21,2545,7888,2,437,,False,68
21476,2023-09-22,2546,7890,4,439,,False,68
21476,2023-09-23,2547,7893,2,436,,False,68
21476,2023-09-24,2548,7897,2,436,,False,68
21476,2023-09-25,2549,7900,3,436,,False,68
21476,2023-09-26,2550,7902,3,436,,False,68
21476,2023-09-27,2551,7904,5,437,,False,68
21476,2023-09-28,2552,7904,4,437,,False,68
21476,2023-09-29,2553,7908,3,437,,False,68
21476,2023-10-01,2555,7911,3,437,,False,68
21476,2023-10-02,2556,7914,4,437,,False,68
21476,2023-10-03,2557,7917,5,436,,False,68
21476,2023-10-04,2558,7918,5,438,,False,68
21476,2023-10-05,2559,7919,5,438,,False,68
21476,2023-10-06,2560,7920,3,437,,False,68
21476,2023-10-07,2561,7921,5,437,,False,68
21476,2023-10-08,2562,7923,1,435,,False,68
21476,2023-10-09,2563,7924,1,436,,False,68
21476,2023-10-10,2564,7923,8,436,,False,68
21476,2023-10-11,2565,7929,3,436,,False,68
21476,2023-10-12,2566,7933,2,436,,False,68
21476,2023-10-13,2567,7933,3,436,,False,68
21476,2023-10-14,2568,7938,2,436,,False,68
21476,2023-10-15,2569,7938,1,436,,False,68
21476,2023-10-17,2571,7944,2,437,,False,68
21476,2023-10-18,2572,7947,8,437,,False,68
21476,2023-10-19,2573,7949,7,437,,False,68
21476,2023-10-20,2574,7953,3,436,,False,68
21476,2023-10-21,2575,7956,1,435,,False,68
21476,2023-10-22,2576,7959,1,435,,False,68
21476,2023-10-23,2577,7960,1,436,,False,68
21476,2023-10-24,2578,7960,3,436,,False,68
21476,2023-10-25,2579,7963,3,438,,False,68
21476,2023-10-26,2580,7964,6,437,,False,68
21476,2023-10-27,2581,7967,5,438,,False,68
21476,2023-10-28,2582,7969,2,437,,False,68
21476,2023-10-29,2583,7972,2,437,,False,68
21476,2023-10-30,2584,7973,2,437,,False,68
21476,2023-10-31,2585,7975,1,437,,False,68
21476,2023-11-01,2586,7982,2,437,,False,68
21476,2023-11-02,2587,7985,6,437,,False,68
21476,2023-11-03,2588,7989,2,437,,False,68
21476,2023-11-04,2589,7993,1,437,,False,68
21476,2023-11-05,2590,7996,2,438,,False,68
21476,2023-11-06,2591,7996,2,437,,False,68
21476,2023-11-07,2592,7999,2,437,,False,68
21476,2023-11-09,2594,7999,1,436,,False,68
21476,2023-11-12,2597,7998,2,436,,False,68
21476,2023-11-13,2598,8001,3,438,,False,68
21476,2023-11-14,2599,8006,2,438,,False,68
21476,2023-11-16,2601,8011,1,439,,False,68
21476,2023-11-17,2602,8013,6,439,,False,68
21476,2023-11-18,2603,8015,1,439,,False,68
21476,2023-11-19,2604,8020,5,439,,False,68
21476,2023-11-20,2605,8023,4,439,,False,68
21476,2023-11-21,2606,8025,3,438,,False,68
21476,2023-11-22,2607,8025,3,437,,False,68
21476,2023-11-23,2608,8028,4,438,,False,68
21476,2023-11-24,2609,8029,2,439,,False,68
21476,2023-11-25,2610,8029,1,438,,False,68
21476,2023-11-26,2611,8030,1,439,,False,68
21476,2023-11-27,2612,8033,2,439,,False,68
21476,2023-11-28,2613,8040,2,439,,False,68
21476,2023-11-29,2614,8043,1,439,,False,68
21476,2023-11-30,2615,8043,1,439,,False,68
21476,2023-12-02,2617,8044,2,440,,False,68
21476,2023-12-03,2618,8045,3,440,,False,68
21476,2023-12-04,2619,8047,2,440,,False,68
21476,2023-12-05,2620,8048,1,440,,False,68
21476,2023-12-06,2621,8050,1,439,,False,68
21476,2023-12-07,2622,8050,1,438,,False,68
21476,2023-12-09,2624,8055,1,438,,False,68
21476,2023-12-10,2625,8057,2,438,,False,68
21476,2023-12-12,2627,8059,2,438,,False,68
21476,2023-12-13,2628,8062,2,439,,False,68
21476,2023-12-14,2629,8063,1,439,,False,68
21476,2023-12-15,2630,8064,2,439,,False,68
21476,2023-12-16,2631,8067,1,440,,False,68
21476,2023-12-17,2632,8067,4,439,,False,68
21476,2023-12-18,2633,8071,2,440,,False,68
21476,2023-12-19,2634,8074,1,440,,False,68
21476,2023-12-21,2636,8075,1,439,,False,68
21476,2023-12-24,2639,8074,1,438,,False,68
21476,2023-12-25,2640,8075,2,440,,False,68
21476,2023-12-27,2642,8077,2,438,,False,68
21476,2023-12-28,2643,8076,2,438,,False,68
21476,2023-12-29,2644,8076,2,439,,False,68
21476,2023-12-30,2645,8075,2,439,,False,68
21476,2023-12-31,2646,8077,1,440,,False,68
21476,2024-01-02,2648,8080,3,440,,False,68
21476,2024-01-04,2650,8081,3,440,,False,68
21476,2024-01-05,2651,8085,5,440,,False,68
21476,2024-01-06,2652,8090,2,441,,False,68
21476,2024-01-07,2653,8095,4,442,,False,68
21476,2024-01-08,2654,8096,3,442,,False,68
21476,2024-01-09,2655,8103,5,443,,False,68
21476,2024-01-10,2656,8106,2,441,,False,68
21476,2024-01-11,2657,8110,1,441,,False,68
21476,2024-01-13,2659,8110,4,441,,False,68
21476,2024-01-15,2661,8118,2,442,,False,68
21476,2024-01-17,2663,8122,2,442,,False,68
21476,2024-01-19,2665,8126,2,442,,False,68
21476,2024-01-20,2666,8127,3,442,,False,68
21476,2024-01-21,2667,8130,4,442,,False,68
21476,2024-01-22,2668,8134,3,442,,False,68
21476,2024-01-24,2670,8138,3,443,,False,68
21476,2024-01-25,2671,8141,2,444,,False,68
21476,2024-01-26,2672,8146,8,446,,False,68
21476,2024-01-27,2673,8148,1,446,,False,68
21476,2024-01-29,2675,8155,2,447,,False,68
21476,2024-01-30,2676,8155,4,448,,False,68
21476,2024-01-31,2677,8156,2,447,,False,68
21476,2024-02-01,2678,8160,2,447,,False,68
21476,2024-02-02,2679,8163,2,447,,False,68
21476,2024-02-03,2680,8167,2,450,,False,68
21476,2024-02-04,2681,8171,2,449,,False,68
21476,2024-02-05,2682,8171,1,448,,False,68
21476,2024-02-09,2686,8172,1,446,,False,68
21476,2024-02-10,2687,8172,6,446,,False,68
21476,2024-02-11,2688,8180,2,450,,False,68
21476,2024-02-12,2689,8183,1,449,,False,68
21476,2024-02-13,2690,8182,11,449,,False,68
21476,2024-02-14,2691,8188,2,451,,False,68
21476,2024-02-15,2692,8189,5,451,,False,68
21476,2024-02-16,2693,8192,2,450,,False,68
21476,2024-02-18,2695,8194,3,449,,False,68
21476,2024-02-19,2696,8198,1,446,,False,68
21476,2024-02-23,2700,8199,2,446,,False,68
21476,2024-02-24,2701,8201,1,446,,False,68
21476,2024-02-25,2702,8205,5,446,,False,68
21476,2024-02-26,2703,8207,5,448,,False,68
21476,2024-02-27,2704,8214,1,447,,False,68
21476,2024-02-28,2705,8217,2,448,,False,68
21476,2024-02-29,2706,8219,1,448,,False,68
21476,2024-03-01,2707,8222,1,449,,False,68
21476,2024-03-03,2709,8222,2,448,,False,68
21476,2024-03-06,2712,8227,3,448,,False,68
21476,2024-03-07,2713,8230,1,448,,False,68
21476,2024-03-08,2714,8230,3,447,,False,68
21476,2024-03-09,2715,8235,2,447,,False,68
21476,2024-03-10,2716,8239,3,449,,False,68
21476,2024-03-11,2717,8240,1,449,,False,68
21476,2024-03-12,2718,8242,1,449,,False,68
21476,2024-03-13,2719,8246,2,449,,False,68
21476,2024-03-14,2720,8250,3,450,,False,68
21476,2024-03-15,2721,8251,2,449,,False,68
21476,2024-03-16,2722,8255,2,449,,False,68
21476,2024-03-18,2724,8259,6,449,,False,68
21476,2024-03-19,2725,8264,3,449,,False,68
21476,2024-03-20,2726,8264,1,449,,False,68
21476,2024-03-22,2728,8267,3,448,,False,68
21476,2024-03-23,2729,8269,1,447,,False,68
21476,2024-03-24,2730,8270,1,446,,False,68
21476,2024-03-25,2731,8270,2,445,,False,68
21476,2024-03-26,2732,8272,2,445,,False,68
21476,2024-03-27,2733,8275,2,445,,False,68
21476,2024-03-28,2734,8277,7,446,,False,68
21476,2024-03-29,2735,8281,1,446,,False,68
21476,2024-03-30,2736,8283,3,446,,False,68
21476,2024-03-31,2737,8284,3,446,,False,68
21476,2024-04-01,2738,8288,5,446,,False,68
21476,2024-04-02,2739,8292,2,446,,False,68
21476,2024-04-03,2740,8292,4,447,,False,68
21476,2024-04-06,2743,8295,3,446,,False,68
21476,2024-04-08,2745,8300,2,446,,False,68
21476,2024-04-09,2746,8303,1,446,,False,68
21476,2024-04-10,2747,8305,2,446,,False,68
21476,2024-04-11,2748,8309,1,448,,False,68
21476,2024-04-12,2749,8314,3,448,,False,68
21476,2024-04-13,2750,8314,5,448,,False,68
21476,2024-04-14,2751,8318,4,448,,False,68
21476,2024-04-15,2752,8322,1,449,,False,68
21476,2024-04-16,2753,8323,1,450,,False,68
21476,2024-04-17,2754,8326,1,451,,False,68
21476,2024-04-19,2756,8329,1,452,,False,68
21476,2024-04-21,2758,8332,1,452,,False,68
21476,2024-04-22,2759,8334,5,452,,False,68
21476,2024-04-23,2760,8337,2,452,,False,68
21476,2024-04-24,2761,8340,1,453,,False,68
21476,2024-04-25,2762,8342,1,453,,False,68
21476,2024-04-26,2763,8344,2,453,,False,68
21476,2024-04-27,2764,8347,1,453,,False,68
21476,2024-04-29,2766,8347,1,453,,False,68
21476,2024-04-30,2767,8350,3,453,,False,68
21476,2024-05-01,2768,8354,2,453,,False,68
21476,2024-05-03,2770,8357,2,454,,False,68
21476,2024-05-05,2772,8362,1,454,,False,68
21476,2024-05-06,2773,8363,3,454,,False,68
21476,2024-05-07,2774,8366,6,454,,False,68
21476,2024-05-08,2775,8367,1,454,,False,68
21476,2024-05-11,2778,8366,3,452,,False,68
21476,2024-05-12,2779,8369,2,452,,False,68
21476,2024-05-13,2780,8370,2,452,,False,68
21476,2024-05-14,2781,8372,2,452,,False,68
21476,2024-05-17,2784,8378,1,452,,False,68
21476,2024-05-18,2785,8380,3,453,,False,68
21476,2024-05-19,2786,8384,5,455,,False,68
21476,2024-05-20,2787,8385,1,455,,False,68
21476,2024-05-22,2789,8387,3,454,,False,68
21476,2024-05-23,2790,8389,6,456,,False,68
21476,2024-05-24,2791,8390,1,456,,False,68
21476,2024-05-25,2792,8392,2,456,,False,68
21476,2024-05-26,2793,8394,1,455,,False,68
21476,2024-05-30,2797,8396,2,455,,False,68
21476,2024-05-31,2798,8399,2,455,,False,68
21476,2024-06-01,2799,8402,1,455,,False,68
21476,2024-06-02,2800,8406,4,455,,False,68
21476,2024-06-04,2802,8409,1,454,,False,68
21476,2024-06-05,2803,8413,1,454,,False,68
21476,2024-06-06,2804,8415,2,454,,False,68
21476,2024-06-07,2805,8415,1,454,,False,68
21476,2024-06-08,2806,8415,3,454,,False,68
21476,2024-06-09,2807,8415,2,454,,False,68
21476,2024-06-10,2808,8419,2,454,,False,68
21476,2024-06-11,2809,8418,1,455,,False,68
21476,2024-06-15,2813,8423,2,457,,False,68
21476,2024-06-16,2814,8423,3,457,,False,68
21476,2024-06-17,2815,8423,1,457,,False,68
21476,2024-06-18,2816,8427,1,457,,False,68
21476,2024-06-19,2817,8430,1,457,,False,68
21476,2024-06-20,2818,8432,2,457,,False,68
21476,2024-06-21,2819,8436,4,458,,False,68
21476,2024-06-22,2820,8442,2,456,,False,68
21476,2024-06-23,2821,8442,5,456,,False,68
21476,2024-06-24,2822,8448,1,457,,False,68
21476,2024-06-25,2823,8448,4,457,,False,68
21476,2024-06-29,2827,8453,2,457,,False,68
21476,2024-07-01,2829,8455,1,457,,False,68
21476,2024-07-04,2832,8463,3,456,,False,68
21476,2024-07-05,2833,8466,1,456,,False,68
21476,2024-07-06,2834,8467,1,456,,False,68
21476,2024-07-08,2836,8470,1,456,,False,68
21476,2024-07-09,2837,8470,1,456,,False,68
21476,2024-07-10,2838,8471,4,455,,False,68
21476,2024-07-12,2840,8479,1,456,,False,68
21476,2024-07-14,2842,8480,1,454,,False,68
21476,2024-07-15,2843,8481,2,455,,False,68
21476,2024-07-16,2844,8479,1,454,,False,68
21476,2024-07-19,2847,8480,1,454,,False,68
21476,2024-07-20,2848,8483,1,455,,False,68
21476,2024-07-22,2850,8487,1,455,,False,68
21476,2024-07-23,2851,8490,2,455,,False,68
21476,2024-07-24,2852,8493,2,455,,False,68
21476,2024-07-25,2853,8496,1,455,,False,68
21476,2024-07-27,2855,8497,2,455,,False,68
21476,2024-07-28,2856,8500,2,455,,False,68
21476,2024-07-29,2857,8500,2,455,,False,68
21476,2024-07-31,2859,8504,1,454,,False,68
21476,2024-08-01,2860,8507,1,453,,False,68
21476,2024-08-02,2861,8508,1,453,,False,68
21476,2024-08-03,2862,8509,1,452,,False,68
21476,2024-08-05,2864,8511,2,453,,False,68
21476,2024-08-06,2865,8514,1,453,,False,68
21476,2024-08-07,2866,8515,2,453,,False,68
21476,2024-08-08,2867,8515,1,453,,False,68
21476,2024-08-09,2868,8521,1,453,,False,68
21476,2024-08-10,2869,8524,1,452,,False,68
21476,2024-08-12,2871,8527,1,453,,False,68
21476,2024-08-13,2872,8529,2,453,,False,68
21476,2024-08-14,2873,8532,3,454,,False,68
21476,2024-08-15,2874,8532,2,453,,False,68
21476,2024-08-16,2875,8532,1,453,,False,68
21476,2024-08-17,2876,8533,1,453,,False,68
21476,2024-08-18,2877,8534,5,453,,False,68
21476,2024-08-19,2878,8538,1,452,,False,68
21476,2024-08-21,2880,8539,3,452,,False,68
21476,2024-08-22,2881,8544,3,452,,False,68
21476,2024-08-23,2882,8547,2,453,,False,68
21476,2024-08-24,2883,8550,1,453,,False,68
21476,2024-08-26,2885,8552,1,453,,False,68
21476,2024-08-27,2886,8554,5,453,,False,68
21476,2024-08-28,2887,8561,2,453,,False,68
21476,2024-08-29,2888,8570,1,454,,False,68
21476,2024-08-30,2889,8577,1,455,,False,68
21476,2024-09-01,2891,8579,4,455,,False,68
21476,2024-09-02,2892,8584,2,455,,False,68
21476,2024-09-04,2894,8591,3,456,,False,68
21476,2024-09-05,2895,8591,5,456,,False,68
21476,2024-09-06,2896,8597,2,456,,False,68
21476,2024-09-07,2897,8600,1,456,,False,68
21476,2024-09-08,2898,8606,1,457,,False,68
21476,2024-09-09,2899,8606,3,457,,False,68
21476,2024-09-10,2900,8611,3,458,,False,68
21476,2024-09-11,2901,8613,1,460,,False,68
21476,2024-09-12,2902,8613,1,459,,False,68
21476,2024-09-13,2903,8613,2,459,,False,68
21476,2024-09-14,2904,8615,1,460,,False,68
21476,2024-09-15,2905,8615,3,459,,False,68
21476,2024-09-16,2906,8618,1,459,,False,68
21476,2024-09-17,2907,8620,3,458,,False,68
21476,2024-09-19,2909,8624,1,459,,False,68
21476,2024-09-21,2911,8629,1,460,,False,68
21476,2024-09-23,2913,8631,2,461,,False,68
21476,2024-09-24,2914,8634,2,460,,False,68
21476,2024-09-27,2917,8639,1,460,,False,68
21476,2024-09-28,2918,8639,1,460,,False,68
21476,2024-09-29,2919,8640,1,460,,False,68
21476,2024-10-01,2921,8641,5,460,,False,68
21476,2024-10-03,2923,8646,1,461,,False,68
21476,2024-10-04,2924,8646,2,461,,False,68
21476,2024-10-05,2925,8649,1,462,,False,68
21476,2024-10-08,2928,8655,1,462,,False,68
21476,2024-10-09,2929,8660,1,464,,False,68
21476,2024-10-10,2930,8660,4,464,,False,68
21476,2024-10-11,2931,8662,2,464,,False,68
21476,2024-10-12,2932,8665,3,464,,False,68
21476,2024-10-13,2933,8670,1,465,,False,68
21476,2024-10-14,2934,8670,2,465,,False,68
21476,2024-10-15,2935,8670,2,463,,False,68
21476,2024-10-19,2939,8674,3,463,,False,68
21476,2024-10-20,2940,8679,2,463,,False,68
21476,2024-10-21,2941,8682,1,464,,False,68
21476,2024-10-22,2942,8685,2,464,,False,68
21476,2024-10-23,2943,8690,5,464,,False,68
21476,2024-10-24,2944,8690,3,465,,False,68
21476,2024-10-25,2945,8693,1,466,,False,68
21476,2024-10-26,2946,8695,1,465,,False,68
21476,2024-10-27,2947,8695,3,465,,False,68
21476,2024-10-29,2949,8697,4,465,,False,68
21476,2024-11-01,2952,8699,3,464,,False,68
21476,2024-11-04,2955,8703,1,463,,False,68
21476,2024-11-07,2958,8711,1,462,,False,68
21476,2024-11-08,2959,8713,4,463,,False,68
21476,2024-11-09,2960,8717,3,463,,False,68
21476,2024-11-13,2964,8722,1,460,,False,68
21476,2024-11-14,2965,8723,3,460,,False,68
21476,2024-11-15,2966,8724,5,460,,False,68
21476,2024-11-16,2967,8725,4,460,,False,68
21476,2024-11-17,2968,8730,4,460,,False,68
21476,2024-11-18,2969,8737,3,460,,False,68
21476,2024-11-19,2970,8745,2,461,,False,68
21476,2024-11-27,2978,8770,3,460,,False,69
21476,2024-11-28,2979,8773,1,460,,False,69
21476,2024-11-29,2980,8775,1,460,,False,69
21476,2024-11-30,2981,8780,2,460,,False,69
21476,2024-12-01,2982,8780,5,460,,False,69
21476,2024-12-02,2983,8784,7,461,,False,69
21476,2024-12-03,2984,8788,4,462,,False,69
21476,2024-12-04,2985,8793,6,462,,False,69
21476,2024-12-05,2986,8800,10,462,,False,69
21476,2024-12-06,2987,8802,4,463,,False,69
21476,2024-12-07,2988,8807,4,465,,False,69
21476,2024-12-08,2989,8810,2,464,,False,69
21476,2024-12-09,2990,8812,3,464,,False,69
21476,2024-12-10,2991,8817,2,465,,False,69
21476,2024-12-11,2992,8818,1,465,,False,69
21476,2024-12-12,2993,8818,2,464,,False,69
21476,2024-12-15,2996,8822,2,464,,False,69
21476,2024-12-16,2997,8825,1,464,,False,69
21476,2024-12-17,2998,8835,1,465,,False,69
21476,2024-12-19,3000,8837,3,465,,False,69
21476,2024-12-20,3001,8840,6,465,,False,69
21476,2024-12-21,3002,8841,2,464,,False,69
21476,2024-12-23,3004,8844,3,464,,False,69
21476,2024-12-24,3005,8849,3,464,,False,69
21476,2024-12-26,3007,8852,1,464,,False,69
21476,2024-12-28,3009,8856,2,464,,False,69
21476,2024-12-29,3010,8857,11,465,,False,69
21476,2024-12-30,3011,8862,2,466,,False,69
21476,2024-12-31,3012,8865,2,465,,False,69
21476,2025-01-01,3013,8868,1,465,,False,69
21476,2025-01-02,3014,8868,3,464,,False,69
21476,2025-01-03,3015,8870,4,464,,False,69
21476,2025-01-04,3016,8874,3,464,,False,69
21476,2025-01-05,3017,8876,1,463,,False,69
21476,2025-01-06,3018,8879,4,464,,False,69
21476,2025-01-07,3019,8885,2,465,,False,69
21476,2025-01-08,3020,8889,3,465,,False,69
21476,2025-01-09,3021,8892,1,466,,False,69
21476,2025-01-10,3022,8896,5,466,,False,69
21476,2025-01-11,3023,8898,4,466,,False,69
21476,2025-01-12,3024,8902,6,464,,False,69
21476,2025-01-13,3025,8908,3,464,,False,69
21476,2025-01-14,3026,8913,2,465,,False,69
21476,2025-01-15,3027,8915,2,465,,False,69
21476,2025-01-16,3028,8916,1,464,,False,69
21476,2025-01-17,3029,8918,2,464,,False,69
21476,2025-01-18,3030,8923,1,464,,False,69
21476,2025-01-19,3031,8927,1,464,,False,69
21476,2025-01-20,3032,8929,3,464,,False,69
21476,2025-01-21,3033,8929,1,464,,False,69
21476,2025-01-25,3037,8933,2,464,,False,69
21476,2025-01-28,3040,8936,2,465,,False,69
21476,2025-02-02,3045,8937,2,465,,False,69
21476,2025-02-04,3047,8943,7,467,,False,69
21476,2025-02-05,3048,8947,2,466,,False,69
21476,2025-02-06,3049,8948,5,466,,False,69
21476,2025-02-07,3050,8950,6,466,,False,69
21476,2025-02-08,3051,8953,2,466,,False,69
21476,2025-02-09,3052,8954,1,467,,False,69
21476,2025-02-10,3053,8956,2,468,,False,69
21476,2025-02-11,3054,8957,1,467,,False,69
21476,2025-02-12,3055,8956,4,467,,False,69
21476,2025-02-13,3056,8959,4,468,,False,69
21476,2025-02-14,3057,8959,3,468,,False,69
21476,2025-02-15,3058,8960,2,468,,False,69
21476,2025-02-16,3059,8966,3,469,,False,69
21476,2025-02-17,3060,8968,4,470,,False,69
21476,2025-02-18,3061,8969,1,469,,False,69
21476,2025-02-20,3063,8971,1,469,,False,69
21476,2025-02-21,3064,8975,1,469,,False,69
21476,2025-02-22,3065,8974,3,469,,False,69
21476,2025-02-23,3066,8976,1,469,,False,69
21476,2025-02-26,3069,8982,4,469,,False,69
21476,2025-02-27,3070,8985,1,469,,False,69
21476,2025-02-28,3071,8993,1,470,,False,69
21476,2025-03-01,3072,8993,3,470,,False,69
21476,2025-03-03,3074,8996,1,470,,False,69
21476,2025-03-05,3076,9003,1,470,,False,69
21476,2025-03-07,3078,9006,1,470,,False,69
21476,2025-03-08,3079,9008,1,470,,False,69
21476,2025-03-10,3081,9011,3,470,,False,69
21476,2025-03-12,3083,9016,6,471,,False,69
21476,2025-03-14,3085,9021,8,472,,False,69
21476,2025-03-15,3086,9026,7,474,,False,69
21476,2025-03-16,3087,9028,3,474,,False,69
21476,2025-03-18,3089,9030,1,472,,False,69
21476,2025-03-19,3090,9030,2,472,,False,69
21476,2025-03-20,3091,9031,3,472,,False,69
21476,2025-03-21,3092,9033,1,472,,False,69
21476,2025-03-22,3093,9034,1,471,,False,69
21476,2025-03-23,3094,9035,4,470,,False,69
21476,2025-03-24,3095,9042,3,470,,False,69
21476,2025-03-25,3096,9044,1,471,,False,69
21476,2025-03-26,3097,9050,7,472,,False,69
21476,2025-03-28,3099,9053,3,473,,False,69
21476,2025-03-29,3100,9055,2,473,,False,69
21476,2025-03-30,3101,9059,1,474,,False,69
21476,2025-03-31,3102,9060,1,474,,False,69
21476,2025-04-01,3103,9061,3,474,,False,69
21476,2025-04-03,3105,9089,3,475,,False,69
21476,2025-04-04,3106,9107,1,476,,False,69
21476,2025-04-05,3107,9113,3,476,,False,69
21476,2025-04-06,3108,9125,3,476,,False,69
21476,2025-04-08,3110,9146,4,478,,False,69
21476,2025-04-09,3111,9154,3,477,,False,69
21476,2025-04-10,3112,9158,3,477,,False,69
21476,2025-04-11,3113,9161,2,476,,False,69
21476,2025-04-12,3114,9166,3,476,,False,69
21476,2025-04-13,3115,9170,5,476,,False,69
21476,2025-04-14,3116,9173,2,477,,False,69
21476,2025-04-15,3117,9176,2,478,,False,69
21476,2025-04-16,3118,9179,1,479,,False,69
21476,2025-04-18,3120,9181,3,479,,False,69
21476,2025-04-19,3121,9186,1,479,,False,69
21476,2025-04-20,3122,9188,4,479,,False,69
21476,2025-04-21,3123,9189,2,478,,False,69
21476,2025-04-22,3124,9192,3,477,,False,69
21476,2025-04-23,3125,9198,3,477,,False,69
21476,2025-04-24,3126,9203,3,476,,False,69
21476,2025-04-25,3127,9206,6,477,,False,69
21476,2025-04-26,3128,9212,1,478,,False,69
21476,2025-04-28,3130,9217,7,479,,False,69
21476,2025-04-29,3131,9223,10,483,,False,69
21476,2025-04-30,3132,9225,5,483,,False,69
21476,2025-05-01,3133,9225,8,483,,False,69
21476,2025-05-02,3134,9229,9,484,,False,69
21476,2025-05-03,3135,9233,5,485,,False,69
21476,2025-05-04,3136,9233,3,487,,False,69
21476,2025-05-05,3137,9232,2,486,,False,69
21476,2025-05-06,3138,9234,7,486,,False,69
21476,2025-05-07,3139,9235,7,487,,False,69
21476,2025-05-08,3140,9236,9,487,,False,69
21476,2025-05-09,3141,9244,4,488,,False,69
21476,2025-05-10,3142,9264,9,483,,False,69
21476,2025-05-11,3143,9273,3,479,,False,69
21476,2025-05-12,3144,9279,6,479,,False,69
21476,2025-05-13,3145,9285,5,479,,False,69
21476,2025-05-15,3147,9295,2,479,,False,69
21476,2025-05-16,3148,9296,3,479,,False,69
21476,2025-05-17,3149,9298,3,479,,False,69
21476,2025-05-18,3150,9302,1,480,,False,69
21476,2025-05-19,3151,9304,4,480,,False,69
21476,2025-05-20,3152,9307,3,480,,False,69
21476,2025-05-21,3153,9307,4,480,,False,69
21476,2025-05-23,3155,9312,5,480,,False,69
21476,2025-05-24,3156,9317,3,480,,False,69
21476,2025-05-25,3157,9321,3,480,,False,69
21476,2025-05-26,3158,9326,2,480,,False,69
21476,2025-05-27,3159,9327,1,480,,False,69
21476,2025-05-28,3160,9331,3,480,,False,69
21476,2025-05-30,3162,9333,2,479,,False,69
21476,2025-05-31,3163,9333,3,479,,False,69
21476,2025-06-01,3164,9336,7,480,,False,69
21476,2025-06-02,3165,9343,3,481,,False,69
21476,2025-06-04,3167,9345,4,481,,False,69
21476,2025-06-05,3168,9353,4,485,,False,69
21476,2025-06-08,3171,9355,2,486,,False,69
21476,2025-06-09,3172,9357,8,487,,False,69
21476,2025-06-10,3173,9359,5,487,,False,69
21476,2025-06-11,3174,9362,1,485,,False,69
21476,2025-06-12,3175,9366,2,485,,False,69
21476,2025-06-13,3176,9369,2,486,,False,69
21476,2025-06-14,3177,9370,8,487,,False,69
21476,2025-06-15,3178,9373,5,487,,False,69
21476,2025-06-16,3179,9375,6,487,,False,69
21476,2025-06-17,3180,9375,2,485,,False,69
21476,2025-06-18,3181,9378,5,485,,False,69
21476,2025-06-19,3182,9382,1,484,,False,69
21476,2025-06-20,3183,9383,2,484,,False,69
21476,2025-06-21,3184,9387,3,484,,False,69
21476,2025-06-22,3185,9389,10,485,,False,69
21476,2025-06-23,3186,9394,8,485,,False,69
21476,2025-06-24,3187,9397,1,482,,False,69
21476,2025-06-25,3188,9399,3,482,,False,69
21476,2025-06-26,3189,9401,1,483,,False,69
21476,2025-06-27,3190,9403,7,483,,False,69
21476,2025-06-28,3191,9405,3,482,,False,69
21476,2025-06-29,3192,9409,6,484,,False,69
21476,2025-06-30,3193,9409,5,484,,False,69
21476,2025-07-01,3194,9412,5,484,,False,69
21476,2025-07-02,3195,9418,2,482,,False,69
21476,2025-07-03,3196,9418,2,481,,False,69
21476,2025-07-04,3197,9418,1,481,,False,69
21476,2025-07-05,3198,9421,4,481,,False,69
21476,2025-07-06,3199,9423,4,482,,False,69
21476,2025-07-07,3200,9425,2,482,,False,69
21476,2025-07-10,3203,9434,1,484,,False,69
21476,2025-07-11,3204,9436,2,484,,False,69
21476,2025-07-12,3205,9436,1,484,,False,69
21476,2025-07-13,3206,9442,1,486,,False,69
21476,2025-07-14,3207,9440,1,486,,False,69
21476,2025-07-15,3208,9440,1,486,,False,69
21476,2025-07-16,3209,9445,2,486,,False,69
21476,2025-07-18,3211,9445,3,486,,False,69
21476,2025-07-19,3212,9446,1,486,,False,69
21476,2025-07-20,3213,9453,2,485,,False,69
21476,2025-07-21,3214,9453,1,485,,False,69
21476,2025-07-22,3215,9453,2,485,,False,69
21476,2025-07-23,3216,9457,2,485,,False,69
21476,2025-07-24,3217,9459,2,485,,False,69
21476,2025-07-25,3218,9459,3,485,,False,69
21476,2025-07-28,3221,9464,3,486,,False,69
21476,2025-07-29,3222,9471,3,489,,False,69
21476,2025-07-30,3223,9471,3,489,,False,69
21476,2025-07-31,3224,9474,1,488,,False,69
21476,2025-08-02,3226,9474,2,488,,False,69
21476,2025-08-04,3228,9478,3,487,,False,69
21476,2025-08-05,3229,9477,1,487,,False,69
21476,2025-08-06,3230,9482,4,488,,False,69
21476,2025-08-08,3232,9484,4,488,,False,69
21476,2025-08-09,3233,9486,1,488,,False,69
21476,2025-08-10,3234,9486,2,488,,False,69
21476,2025-08-11,3235,9487,3,488,,False,69
21476,2025-08-12,3236,9491,2,488,,False,69
21476,2025-08-15,3239,9495,2,489,,False,69
21476,2025-08-16,3240,9497,2,489,,False,69
21476,2025-08-17,3241,9499,1,490,,False,69
21476,2025-08-18,3242,9499,2,489,,False,69
21476,2025-08-19,3243,9499,2,489,,False,69
21476,2025-08-20,3244,9501,4,490,,False,69
21476,2025-08-21,3245,9506,5,491,,False,69
21476,2025-08-22,3246,9506,6,491,,False,69
21476,2025-08-23,3247,9509,3,491,,False,69
21476,2025-08-24,3248,9512,2,491,,False,69
21476,2025-08-25,3249,9512,4,491,,False,69
21476,2025-08-26,3250,9516,1,491,,False,69
21476,2025-08-27,3251,9516,1,491,,False,69
21476,2025-08-29,3253,9517,3,490,,False,69
21476,2025-08-30,3254,9521,3,491,,False,69
21476,2025-08-31,3255,9522,5,491,,False,69
21476,2025-09-01,3256,9526,2,491,,False,69
21476,2025-09-02,3257,9527,1,490,,False,69
21476,2025-09-03,3258,9530,1,491,,False,69
21476,2025-09-04,3259,9532,5,491,,False,69
21476,2025-09-05,3260,9535,5,493,,False,69
21476,2025-09-06,3261,9538,4,493,,False,69
21476,2025-09-07,3262,9541,3,492,,False,69
21476,2025-09-08,3263,9544,2,491,,False,69
21476,2025-09-09,3264,9544,1,491,,False,69
21476,2025-09-10,3265,9545,2,492,,False,69
21476,2025-09-11,3266,9547,1,492,,False,69
21476,2025-09-13,3268,9546,2,493,,False,69
21476,2025-09-15,3270,9548,3,492,,False,69
21476,2025-09-18,3273,9558,2,494,,False,69
21476,2025-09-19,3274,9561,1,494,,False,69
21476,2025-09-20,3275,9563,1,493,,False,69
21476,2025-09-21,3276,9562,3,493,,False,69
21476,2025-09-22,3277,9564,4,494,,False,69
21476,2025-09-23,3278,9570,3,496,,False,69
21476,2025-09-25,3280,9573,2,496,,False,69
21476,2025-09-27,3282,9575,1,495,,False,69
21476,2025-09-28,3283,9575,4,495,,False,69
21476,2025-09-29,3284,9579,1,494,,False,69
21476,2025-09-30,3285,9579,3,494,,False,69
21476,2025-10-01,3286,9585,2,496,,False,69
21476,2025-10-02,3287,9585,2,496,,False,69
21476,2025-10-03,3288,9587,4,496,,False,69
21476,2025-10-04,3289,9594,2,497,,False,69
21476,2025-10-05,3290,9596,2,498,,False,69
21476,2025-10-06,3291,9596,3,498,,False,69
21476,2025-10-07,3292,9599,3,498,,False,69
21476,2025-10-08,3293,9600,1,497,,False,69
21476,2025-10-09,3294,9600,6,497,,False,69
21476,2025-10-10,3295,9603,3,497,,False,69
21476,2025-10-11,3296,9608,1,497,,False,69
21476,2025-10-12,3297,9608,3,497,,False,69
21476,2025-10-13,3298,9613,7,496,,False,69
21476,2025-10-14,3299,9619,2,495,,False,69
21476,2025-10-15,3300,9622,3,495,,False,69
21476,2025-10-18,3303,9626,1,494,,False,69
21476,2025-10-19,3304,9626,3,494,,False,69
21476,2025-10-20,3305,9629,1,494,,False,69
21476,2025-10-22,3307,9634,1,494,,False,69
21476,2025-10-24,3309,9633,1,494,,False,69
21476,2025-10-25,3310,9636,1,494,,False,69
21476,2025-10-26,3311,9636,2,494,,False,69
21476,2025-10-27,3312,9639,1,494,,False,69
21476,2025-10-28,3313,9639,1,494,,False,69
21476,2025-11-01,3317,9638,2,492,,False,69
21476,2025-11-04,3320,9638,6,492,,False,69
21476,2025-11-06,3322,9642,1,492,,False,69
21476,2025-11-07,3323,9644,1,492,,False,69
21476,2025-11-09,3325,9645,7,492,,False,69
21476,2025-11-10,3326,9645,6,492,,False,69
21476,2025-11-11,3327,9651,1,491,,False,69
21476,2025-11-12,3328,9652,2,492,,False,69
21476,2025-11-13,3329,9656,2,492,,False,69
21476,2025-11-15,3331,9658,2,492,,False,69
21476,2025-11-16,3332,9659,4,492,,False,69
21476,2025-11-17,3333,9663,1,493,,False,69
21476,2025-11-19,3335,9665,3,493,,False,69
21476,2025-11-20,3336,9667,5,493,,False,69
21476,2025-11-21,3337,9669,4,493,,False,69
21476,2025-11-22,3338,9671,5,495,,False,69
21476,2025-11-23,3339,9671,5,495,,False,69
21476,2025-11-24,3340,9673,5,495,,False,69
21476,2025-11-25,3341,9676,3,495,,False,69
21476,2025-11-26,3342,9679,2,494,,False,69
21476,2025-11-27,3343,9683,2,493,,False,69
21476,2025-12-01,3347,9686,1,493,,False,69
21476,2025-12-02,3348,9686,2,493,,False,69
21476,2025-12-03,3349,9689,1,493,,False,69
21476,2025-12-04,3350,9689,2,492,,False,69
21476,2025-12-05,3351,9690,1,493,,False,69
21476,2025-12-06,3352,9690,3,493,,False,69
21476,2025-12-07,3353,9692,4,493,,False,69
21476,2025-12-08,3354,9695,6,494,,False,69
21476,2025-12-09,3355,9695,8,494,,False,69
21476,2025-12-10,3356,9696,2,494,,False,69
21476,2025-12-11,3357,9696,8,494,,False,69
21476,2025-12-12,3358,9700,1,496,,False,69
21476,2025-12-13,3359,9700,1,496,,False,69
21476,2025-12-14,3360,9700,2,495,,False,69
21476,2025-12-15,3361,9703,2,496,,False,69
21476,2025-12-16,3362,9703,1,496,,False,69
21476,2025-12-17,3363,9705,1,496,,False,69
21476,2025-12-18,3364,9708,1,496,,False,69
21476,2025-12-21,3367,9708,4,495,,False,69
21476,2025-12-22,3368,9712,2,496,,False,69
21476,2025-12-23,3369,9716,3,497,,False,69
21476,2025-12-24,3370,9718,1,496,,False,69
21476,2025-12-26,3372,9719,2,496,,False,69
21476,2025-12-28,3374,9720,1,496,,False,69
21476,2025-12-29,3375,9720,1,496,,False,69
21476,2025-12-30,3376,9721,1,497,,False,69
21476,2026-01-01,3378,9723,3,497,,False,69
21476,2026-01-02,3379,9723,5,497,,False,69
21476,2026-01-04,3381,9729,3,497,,False,69
21476,2026-01-05,3382,9729,3,497,,False,69
21476,2026-01-06,3383,9733,1,499,,False,69
21476,2026-01-07,3384,9735,2,500,,False,69
21476,2026-01-09,3386,9741,1,501,,False,69
21476,2026-01-10,3387,9741,7,501,,False,69
21476,2026-01-11,3388,9746,1,501,,False,69
21476,2026-01-12,3389,9749,3,501,,False,69
21476,2026-01-13,3390,9751,5,504,,False,69
21476,2026-01-14,3391,9751,9,504,,False,69
21476,2026-01-16,3393,9756,1,500,,False,69
21476,2026-01-17,3394,9756,4,500,,False,69
21476,2026-01-18,3395,9757,1,500,,False,69
21476,2026-01-19,3396,9761,2,500,,False,69
21476,2026-01-20,3397,9761,1,500,,False,69
21476,2026-01-21,3398,9764,2,499,,False,69
21476,2026-01-22,3399,9764,3,499,,False,69
21476,2026-01-24,3401,9770,2,500,,False,69
21476,2026-01-25,3402,9768,4,500,,False,69
21476,2026-01-27,3404,9772,2,500,,False,69
21476,2026-01-29,3406,9776,1,500,,False,69
21476,2026-01-30,3407,9776,1,500,,False,69
21476,2026-01-31,3408,9777,3,500,,False,69
21476,2026-02-01,3409,9778,5,500,,False,69
21476,2026-02-03,3411,9785,1,501,,False,69
21476,2026-02-04,3412,9788,1,501,,False,69
21476,2026-02-05,3413,9791,3,501,,False,69
21476,2026-02-06,3414,9791,2,501,,False,69
21476,2026-02-07,3415,9796,2,501,,False,69
21476,2026-02-08,3416,9798,2,502,,False,69
21476,2026-02-09,3417,9800,1,502,,False,69
21476,2026-02-11,3419,9804,2,503,,False,69
21476,2026-02-12,3420,9804,1,503,,False,69
21476,2026-02-14,3422,9807,2,503,,False,69
21476,2026-02-15,3423,9810,6,505,,False,69
21476,2026-02-17,3425,9813,2,505,,False,69
21476,2026-02-19,3427,9813,13,505,,False,69
21476,2026-02-20,3428,9815,3,504,,False,69
21476,2026-02-22,3430,9817,5,504,,False,69
21476,2026-02-23,3431,9819,4,505,,False,69
21476,2026-02-24,3432,9823,4,505,,False,69
21476,2026-02-25,3433,9830,6,506,,False,69
21476,2026-02-26,3434,9830,6,505,,False,69
21476,2026-02-27,3435,9831,6,505,,False,69
21476,2026-02-28,3436,9831,5,505,,False,69
21476,2026-03-01,3437,9835,11,503,,False,69
21476,2026-03-02,3438,9839,1,504,,False,69
21476,2026-03-03,3439,9839,10,504,,False,69
21476,2026-03-04,3440,9841,5,502,,False,69
21476,2026-03-05,3441,9846,2,505,,False,69
21476,2026-03-06,3442,9847,2,506,,False,69
21476,2026-03-07,3443,9847,4,506,,False,69
21476,2026-03-08,3444,9853,3,504,,False,69
21476,2026-03-09,3445,9853,1,504,,False,69
21476,2026-03-11,3447,9854,1,505,,False,69
21476,2026-03-12,3448,9855,2,505,,False,69
21476,2026-03-13,3449,9855,5,505,,False,69
21476,2026-03-14,3450,9856,6,505,,False,69
21476,2026-03-15,3451,9859,4,506,,False,69
21476,2026-03-16,3452,9871,3,506,,False,69
21476,2026-03-17,3453,9871,2,506,,False,69
21476,2026-03-18,3454,9879,8,506,,False,69
21476,2026-03-19,3455,9884,5,507,,False,69
21476,2026-03-20,3456,9890,5,507,,False,69
21476,2026-03-21,3457,9895,1,508,,False,69
21476,2026-03-22,3458,9898,1,509,,False,69
21476,2026-03-23,3459,9898,1,509,,False,69
21476,2026-03-24,3460,9902,1,510,,False,69
21476,2026-03-25,3461,9902,5,510,,False,69
21476,2026-03-26,3462,9906,3,511,,False,69
21476,2026-03-27,3463,9909,1,510,,False,69
21476,2026-03-28,3464,9909,3,510,,False,69
21476,2026-03-29,3465,9914,1,510,,False,69
21476,2026-03-31,3467,9917,2,509,,False,69
21476,2026-04-20,3487,9977,3,512,,False,69
21476,2026-04-22,3489,9979,1,510,,False,69
21476,2026-04-24,3491,9991,3,510,,False,69
21476,2026-04-25,3492,9991,3,510,,False,69
21476,2026-04-26,3493,9994,5,511,,False,69
21476,2026-04-27,3494,9996,1,511,,False,69
21476,2026-04-30,3497,10000,3,512,,False,69
21476,2026-05-02,3499,10006,3,512,,False,69
21476,2026-05-03,3500,10010,2,513,,False,69
21476,2026-05-04,3501,10012,2,513,,False,69
21476,2026-05-05,3502,10012,4,513,,False,69
21476,2026-05-07,3504,10018,1,514,,False,69
21476,2026-05-08,3505,10019,2,514,,False,69
21476,2026-05-10,3507,10021,3,514,,False,69
21476,2026-05-11,3508,10034,3,518,,False,69
21476,2026-05-12,3509,10048,2,519,,False,69
21476,2026-05-13,3510,10057,1,523,,False,69
21476,2026-05-14,3511,10064,2,526,,False,69
21476,2026-05-15,3512,10069,1,526,,False,69
21476,2026-05-16,3513,10073,4,527,,False,69
21476,2026-05-17,3514,10078,2,528,,False,69
21476,2026-05-18,3515,10082,3,528,,False,69
21476,2026-05-19,3516,10085,5,528,,False,69
21476,2026-05-21,3518,10090,4,528,,False,69
21476,2026-05-23,3520,10098,2,531,,False,69
21476,2026-05-24,3521,10101,5,531,,False,69
21476,2026-05-25,3522,10107,1,534,,False,69
21476,2026-05-27,3524,10108,2,532,,False,69
21476,2026-05-28,3525,10108,4,530,,False,69
21476,2026-05-29,3526,10114,1,531,,False,69
21476,2026-05-30,3527,10115,5,531,,False,69
21476,2026-05-31,3528,10117,1,530,,False,69
21476,2026-06-01,3529,10122,3,531,,False,69
21476,2026-06-03,3531,10123,1,531,,False,69
21476,2026-06-04,3532,10127,1,531,,False,69
21476,2026-06-05,3533,10130,1,531,,False,69
21476,2026-06-07,3535,10131,2,531,,False,69
21476,2026-06-08,3536,10131,2,531,,False,69
21476,2026-06-09,3537,10138,2,531,,False,69
21476,2026-06-11,3539,10138,1,532,,False,69
21476,2026-06-13,3541,10144,1,533,,False,69
21476,2026-06-15,3543,10143,2,532,,False,69
21476,2026-06-16,3544,10147,1,533,,False,69
21476,2026-06-17,3545,10147,2,533,,False,69
21476,2026-06-18,3546,10148,5,532,,False,69
21476,2026-06-19,3547,10152,1,532,,False,69
21476,2026-06-20,3548,10154,3,533,,False,69
21476,2026-06-22,3550,10157,4,534,,False,69
21476,2026-06-23,3551,10159,1,534,,False,69
21476,2026-06-24,3552,10159,2,534,,False,69
21476,2026-06-25,3553,10165,3,534,,False,69
21476,2026-06-26,3554,10170,1,537,,False,69
21476,2026-06-27,3555,10170,1,537,,False,69
21476,2026-06-29,3557,10173,3,537,,False,69
21476,2026-06-30,3558,10173,3,537,,False,69
21476,2026-07-01,3559,10176,4,538,,False,69
21476,2026-07-02,3560,10176,6,536,,False,69
21476,2026-07-03,3561,10180,1,537,,False,69
21476,2026-07-04,3562,10184,4,537,,False,69
21476,2026-07-05,3563,10184,6,537,,False,69
21476,2026-07-10,3568,10200,3,537,,False,69
21476,2026-07-11,3569,10202,2,537,,False,69
21476,2026-07-12,3570,10203,1,537,,False,69
21476,2026-07-13,3571,10209,1,538,,False,69
21476,2026-07-14,3572,10209,4,538,,False,69
21476,2026-07-15,3573,10212,3,539,,False,69
21476,2026-07-16,3574,10212,10,539,,False,69
21476,2026-07-17,3575,10215,7,539,,False,69
21476,2026-07-18,3576,10218,2,538,,False,69
21476,2026-07-19,3577,10218,1,538,,False,69
21476,2026-07-21,3579,10220,1,538,,False,69
21476,2026-07-22,3580,10226,1,539,,False,69
21476,2026-07-23,3581,10226,6,539,,False,69
21476,2026-07-25,3583,10230,4,539,,False,69
21476,2026-07-26,3584,10230,1,539,,False,69
21476,2026-07-27,3585,10232,1,540,,False,69
21476,2026-07-28,3586,10232,4,540,,False,69
21476,2026-07-29,3587,10236,9,540,,False,69
21476,2026-07-30,3588,10237,4,539,,False,69
21476,2026-08-03,3592,10244,1,540,,False,69
21476,2026-08-05,3594,10245,1,539,,False,69
21476,2026-08-06,3595,10248,1,539,,False,69
21476,2026-08-07,3596,10251,1,539,,False,69
21476,2026-08-09,3598,10254,17,539,,False,69
21476,2026-08-10,3599,10260,2,539,,False,69
21476,2026-08-11,3600,10260,3,539,,False,69
21476,2026-08-12,3601,10265,3,541,,False,69
21476,2026-08-14,3603,10268,1,541,,False,69
21476,2026-08-15,3604,10270,3,541,,False,69
21476,2026-08-16,3605,10273,1,541,,False,69
21476,2026-08-17,3606,10275,4,541,,False,69
21476,2026-08-18,3607,10275,5,541,,False,69
21476,2026-08-19,3608,10279,4,544,,False,69
21476,2026-08-20,3609,10282,5,543,,False,69
21476,2026-08-21,3610,10285,1,543,,False,69
21476,2026-08-23,3612,10287,3,543,,False,69
21476,2026-08-24,3613,10289,5,544,,False,69
21476,2026-08-25,3614,10288,2,544,,False,69
21476,2026-08-26,3615,10289,4,543,,False,69
21476,2026-08-27,3616,10292,1,543,,False,69
21476,2026-08-28,3617,10292,6,543,,False,69
21476,2026-08-29,3618,10295,1,542,,False,69
21476,2026-08-30,3619,10296,2,542,,False,69
21476,2026-08-31,3620,10298,2,542,,False,69
21476,2026-09-01,3621,10301,3,542,,False,69
21476,2026-09-03,3623,10308,1,543,,False,69
21476,2026-09-04,3624,10309,3,543,,False,69
21476,2026-09-05,3625,10312,2,543,,False,69
21476,2026-09-06,3626,10312,5,543,,False,69
21476,2026-09-07,3627,10319,4,543,,False,69
21476,2026-09-08,3628,10323,1,544,,False,69
21476,2026-09-09,3629,10323,1,544,,False,69
21476,2026-09-10,3630,10324,1,544,,False,69
21476,2026-09-13,3633,10322,2,543,,False,69
21476,2026-09-14,3634,10323,2,543,,False,69
21476,2026-09-15,3635,10323,1,543,,False,69
21476,2026-09-16,3636,10329,1,542,,False,69
21476,2026-09-17,3637,10331,1,541,,False,69
21476,2026-09-18,3638,10333,1,541,,False,69
21476,2026-09-20,3640,10334,3,541,,False,69
21476,2026-09-21,3641,10337,1,541,,False,69
21476,2026-09-24,3644,10342,1,540,,False,69
21476,2026-09-25,3645,10342,1,540,,False,69
21476,2026-09-26,3646,10342,2,540,,False,69
21476,2026-09-27,3647,10345,3,540,,False,69
21476,2026-09-28,3648,10349,2,540,,False,69
21476,2026-09-29,3649,10349,1,540,,False,69
21476,2026-09-30,3650,10354,5,541,,False,69
21476,2026-10-02,3652,10359,4,541,,False,69
21476,2026-10-03,3653,10361,5,542,,False,69
21476,2026-10-04,3654,10368,2,542,,False,69
21476,2026-10-05,3655,10371,4,542,,False,69
21476,2026-10-06,3656,10375,4,542,,False,69
21476,2026-10-07,3657,10375,1,541,,False,69
21476,2026-10-08,3658,10375,2,541,,False,69
21820,2016-05-21,-133,,2,,,False,
21820,2016-05-22,-132,,2,,,False,
21820,2016-05-26,-128,,2,,,False,
21820,2016-05-28,-126,,2,,,False,
21820,2016-05-29,-125,,2,,,False,
21820,2016-07-02,-91,,2,,,False,
21820,2016-07-04,-89,,2,,,False,
21820,2016-07-05,-88,,2,,,False,
21820,2016-07-11,-82,,2,,,False,
21820,2016-09-10,-21,,2,,,False,
21820,2016-09-19,-12,,3,,,False,
21820,2016-09-26,-5,,3,,,False,
21820,2016-09-29,-2,,2,,,False,
21820,2016-10-01,0,,2,,,False,
21820,2016-10-02,1,,3,,,False,
21820,2016-10-03,2,,18,,,False,
21820,2016-10-04,3,,11,,,False,
21820,2016-10-05,4,,3,,,False,
21820,2016-10-06,5,,3,,,False,
21820,2016-10-07,6,,2,,,False,
21820,2016-10-08,7,,4,,,False,
21820,2016-10-09,8,,2,,,False,
21820,2016-10-10,9,,11,,,False,
21820,2016-10-11,10,,4,,,False,
21820,2016-10-12,11,,6,,,False,
21820,2016-10-13,12,,4,,,False,
21820,2016-10-14,13,,5,,,False,
21820,2016-10-15,14,,2,,,False,
21820,2016-10-16,15,,5,,,False,
21820,2016-10-17,16,,10,,,False,
21820,2016-10-18,17,,9,,,False,
21820,2016-10-19,18,,5,,,False,
21820,2016-10-22,21,,2,,,False,
21820,2016-10-24,23,,9,,,False,
21820,2016-10-25,24,,6,,,False,
21820,2016-10-26,25,,3,,,False,
21820,2016-10-27,26,,3,,,False,
21820,2016-10-30,29,,2,,,False,
21820,2016-10-31,30,,5,,,False,
21820,2016-11-01,31,,3,,,False,
21820,2016-11-02,32,,6,,,False,
21820,2016-11-03,33,,5,,,False,
21820,2016-11-04,34,,3,,,False,
21820,2016-11-05,35,,3,,,False,
21820,2016-11-07,37,,3,,,False,
21820,2016-11-08,38,,11,,,False,
21820,2016-11-09,39,,4,,,False,
21820,2016-11-10,40,,4,,,False,
21820,2016-11-14,44,,5,,,False,
21820,2016-11-15,45,,2,,,False,
21820,2016-11-16,46,,5,,,False,
21820,2016-11-18,48,,2,,,False,
21820,2016-11-20,50,,2,,,False,
21820,2016-11-21,51,,5,,,False,
21820,2016-11-22,52,,5,,,False,
21820,2016-11-24,54,,3,,,False,
21820,2016-11-26,56,,2,,,False,
21820,2016-11-27,57,,3,,,False,
21820,2016-11-28,58,,6,,,False,
21820,2016-11-29,59,,4,,,False,
21820,2016-11-30,60,,2,,,False,
21820,2016-12-01,61,,2,,,False,
21820,2016-12-04,64,,2,,,False,
21820,2016-12-06,66,,4,,,False,
21820,2016-12-07,67,,6,,,False,
21820,2016-12-08,68,,5,,,False,
21820,2016-12-09,69,,2,,,False,
21820,2016-12-10,70,,2,,,False,
21820,2016-12-11,71,,6,,,False,
21820,2016-12-12,72,,4,,,False,
21820,2016-12-17,77,,2,,,False,
21820,2016-12-19,79,,6,,,False,
21820,2016-12-22,82,,3,,,False,
21820,2016-12-23,83,,2,,,False,
21820,2016-12-24,84,,2,,,False,
21820,2016-12-25,85,,7,,,False,
21820,2016-12-26,86,,3,,,False,
21820,2016-12-27,87,,7,,,False,
21820,2016-12-28,88,,7,,,False,
21820,2016-12-29,89,,2,,,False,
21820,2017-01-05,96,,3,,,False,
21820,2017-01-08,99,,5,,,False,
21820,2017-01-09,100,,3,,,False,
21820,2017-01-12,103,,3,,,False,
21820,2017-01-14,105,,3,,,False,
21820,2017-01-15,106,,4,,,False,
21820,2017-01-16,107,,3,,,False,
21820,2017-01-18,109,,4,,,False,
21820,2017-01-19,110,,7,,,False,
21820,2017-01-20,111,,2,,,False,
21820,2017-01-21,112,,2,,,False,
21820,2017-01-22,113,,2,,,False,
21820,2017-01-23,114,,5,,,False,
21820,2017-01-24,115,,2,,,False,
21820,2017-01-25,116,,5,,,False,
21820,2017-01-26,117,,3,,,False,
21820,2017-01-27,118,,2,,,False,
21820,2017-01-28,119,,0,70,16,True,
21820,2017-01-29,120,,2,,,False,
21820,2017-01-30,121,,2,,,False,
21820,2017-01-31,122,,2,,,False,
21820,2017-02-02,124,,2,,,False,
21820,2017-02-04,126,,4,68,17,True,
21820,2017-02-06,128,,6,,,False,
21820,2017-02-07,129,,2,,,False,
21820,2017-02-08,130,,4,,,False,
21820,2017-02-09,131,,3,,,False,
21820,2017-02-10,132,,2,,,False,
21820,2017-02-11,133,,0,73,18,True,
21820,2017-02-13,135,,4,,,False,
21820,2017-02-14,136,,2,,,False,
21820,2017-02-16,138,,3,,,False,
21820,2017-02-18,140,,3,76,19,True,
21820,2017-02-19,141,,3,,,False,
21820,2017-02-20,142,,2,,,False,
21820,2017-02-21,143,,5,,,False,
21820,2017-02-22,144,,2,,,False,
21820,2017-02-23,145,,2,,,False,
21820,2017-02-25,147,,0,75,20,True,
21820,2017-02-27,149,,2,,,False,
21820,2017-03-01,151,,5,,,False,
21820,2017-03-02,152,,2,,,False,
21820,2017-03-04,154,,2,,,False,
21820,2017-03-05,155,,5,,,False,
21820,2017-03-07,157,,2,,,False,
21820,2017-03-08,158,,7,,,False,
21820,2017-03-11,161,,3,76,21,True,
21820,2017-03-12,162,,3,,,False,
21820,2017-03-14,164,,3,,,False,
21820,2017-03-16,166,,5,,,False,
21820,2017-03-17,167,,3,,,False,
21820,2017-03-18,168,,3,77,22,True,
21820,2017-03-19,169,,3,,,False,
21820,2017-03-20,170,,3,,,False,
21820,2017-03-22,172,,4,,,False,
21820,2017-03-23,173,,2,,,False,
21820,2017-03-24,174,,3,,,False,
21820,2017-03-25,175,,0,77,23,True,
21820,2017-03-27,177,,6,,,False,
21820,2017-03-29,179,,3,,,False,
21820,2017-03-30,180,,9,,,False,
21820,2017-04-01,182,,0,77,24,True,
21820,2017-04-02,183,,4,,,False,
21820,2017-04-03,184,,6,,,False,
21820,2017-04-08,189,,2,76,25,True,
21820,2017-04-10,191,,7,,,False,
21820,2017-04-11,192,,3,,,False,
21820,2017-04-12,193,,2,,,False,
21820,2017-04-13,194,,2,,,False,
21820,2017-04-14,195,,2,,,False,
21820,2017-04-15,196,,3,74,26,True,
21820,2017-04-16,197,,6,,,False,
21820,2017-04-17,198,,2,,,False,
21820,2017-04-18,199,,2,,,False,
21820,2017-04-19,200,,3,,,False,
21820,2017-04-22,203,,0,76,27,True,
21820,2017-04-23,204,,5,,,False,
21820,2017-04-24,205,,3,,,False,
21820,2017-04-26,207,,2,,,False,
21820,2017-04-28,209,,3,,,False,
21820,2017-04-29,210,,0,77,28,True,
21820,2017-04-30,211,,5,,,False,
21820,2017-05-01,212,,4,,,False,
21820,2017-05-02,213,,2,,,False,
21820,2017-05-04,215,,3,,,False,
21820,2017-05-06,217,,0,77,29,True,
21820,2017-05-07,218,,4,,,False,
21820,2017-05-08,219,,4,,,False,
21820,2017-05-09,220,,3,,,False,
21820,2017-05-13,224,,0,78,30,True,
21820,2017-05-14,225,,3,,,False,
21820,2017-05-15,226,,4,,,False,
21820,2017-05-17,228,,3,,,False,
21820,2017-05-20,231,,4,78,31,True,
21820,2017-05-23,234,,2,,,False,
21820,2017-05-24,235,,3,,,False,
21820,2017-05-27,238,,3,77,32,True,
21820,2017-05-28,239,,3,,,False,
21820,2017-05-29,240,,2,,,False,
21820,2017-05-30,241,,2,,,False,
21820,2017-06-03,245,,2,80,33,True,
21820,2017-06-04,246,,3,,,False,
21820,2017-06-06,248,,2,,,False,
21820,2017-06-07,249,,2,,,False,
21820,2017-06-08,250,,4,,,False,
21820,2017-06-09,251,,3,,,False,
21820,2017-06-10,252,,0,80,34,True,
21820,2017-06-11,253,,6,,,False,
21820,2017-06-12,254,,2,,,False,
21820,2017-06-14,256,,2,,,False,
21820,2017-06-17,259,,0,79,35,True,
21820,2017-06-19,261,,3,,,False,
21820,2017-06-20,262,,2,,,False,
21820,2017-06-21,263,,3,,,False,
21820,2017-06-22,264,,2,,,False,
21820,2017-06-23,265,,2,,,False,
21820,2017-06-24,266,,0,80,36,True,
21820,2017-06-25,267,,5,,,False,
21820,2017-06-26,268,,4,,,False,
21820,2017-06-27,269,,2,,,False,
21820,2017-06-29,271,,2,,,False,
21820,2017-07-01,273,,2,81,37,True,
21820,2017-07-02,274,,2,,,False,
21820,2017-07-03,275,,7,,,False,
21820,2017-07-04,276,,3,,,False,
21820,2017-07-05,277,,4,,,False,
21820,2017-07-06,278,,3,,,False,
21820,2017-07-07,279,,3,,,False,
21820,2017-07-08,280,,0,80,38,True,
21820,2017-07-11,283,,3,,,False,
21820,2017-07-13,285,,2,,,False,
21820,2017-07-14,286,,4,,,False,
21820,2017-07-15,287,,0,82,39,True,
21820,2017-07-16,288,,5,,,False,
21820,2017-07-17,289,,3,,,False,
21820,2017-07-22,294,,0,85,40,True,
21820,2017-07-23,295,,2,,,False,
21820,2017-07-24,296,,4,,,False,
21820,2017-07-29,301,,0,87,41,True,
21820,2017-07-30,302,,2,,,False,
21820,2017-07-31,303,,4,,,False,
21820,2017-08-02,305,,3,,,False,
21820,2017-08-04,307,,2,,,False,
21820,2017-08-05,308,,0,87,42,True,
21820,2017-08-06,309,,2,,,False,
21820,2017-08-07,310,,2,,,False,
21820,2017-08-09,312,,2,,,False,
21820,2017-08-10,313,,4,,,False,
21820,2017-08-12,315,,2,88,43,True,
21820,2017-08-13,316,,5,,,False,
21820,2017-08-14,317,,4,,,False,
21820,2017-08-16,319,,2,,,False,
21820,2017-08-18,321,,2,,,False,
21820,2017-08-19,322,,0,87,44,True,
21820,2017-08-20,323,,2,,,False,
21820,2017-08-21,324,,5,,,False,
21820,2017-08-23,326,,2,,,False,
21820,2017-08-24,327,,2,,,False,
21820,2017-08-26,329,,2,88,45,True,
21820,2017-08-27,330,,3,,,False,
21820,2017-08-28,331,,3,,,False,
21820,2017-08-29,332,,3,,,False,
21820,2017-08-30,333,,2,,,False,
21820,2017-09-02,336,,0,88,46,True,
21820,2017-09-03,337,,3,,,False,
21820,2017-09-04,338,,5,,,False,
21820,2017-09-05,339,,2,,,False,
21820,2017-09-07,341,,2,,,False,
21820,2017-09-09,343,,0,90,47,True,
21820,2017-09-10,344,,3,,,False,
21820,2017-09-11,345,,8,,,False,
21820,2017-09-12,346,,2,,,False,
21820,2017-09-13,347,,2,,,False,
21820,2017-09-16,350,,3,90,48,True,
21820,2017-09-17,351,,3,,,False,
21820,2017-09-18,352,,2,,,False,
21820,2017-09-19,353,,3,,,False,
21820,2017-09-20,354,,6,,,False,
21820,2017-09-23,357,,0,92,49,True,
21820,2017-09-24,358,,3,,,False,
21820,2017-09-25,359,,2,,,False,
21820,2017-09-26,360,,4,,,False,
21820,2017-09-28,362,,2,,,False,
21820,2017-09-29,363,,3,,,False,
21820,2017-09-30,364,,2,95,50,True,
21820,2017-10-01,365,,5,,,False,
21820,2017-10-02,366,,7,,,False,
21820,2017-10-04,368,,2,,,False,
21820,2017-10-05,369,,3,,,False,
21820,2017-10-06,370,,2,,,False,
21820,2017-10-08,372,,2,,,False,
21820,2017-10-09,373,,2,,,False,
21820,2017-10-21,385,,2,,,False,
21820,2017-10-26,390,,2,,,False,
21820,2017-10-31,395,,2,,,False,
21820,2017-11-02,397,,2,,,False,
21820,2017-12-04,429,,2,,,False,
21820,2017-12-05,430,,2,,,False,
21820,2017-12-23,448,,2,,,False,
21820,2018-01-17,473,,2,,,False,
21820,2018-04-04,550,270,1,69,,False,54
21820,2018-04-16,562,275,1,68,,False,54
21820,2018-05-13,589,280,4,70,,False,54
21820,2018-05-14,590,281,2,68,,False,54
21820,2018-05-29,605,307,4,67,,False,54
21820,2018-05-30,606,311,2,66,,False,54
21820,2018-05-31,607,316,4,67,,False,54
21820,2018-06-01,608,323,2,68,,False,54
21820,2018-06-02,609,334,2,68,,False,54
21820,2018-06-03,610,343,2,69,,False,54
21820,2018-06-05,612,447,5,77,,False,55
21820,2018-06-06,613,456,5,78,,False,56
21820,2018-06-07,614,469,3,79,,False,56
21820,2018-06-08,615,476,2,80,,False,56
21820,2018-06-09,616,476,2,80,,False,56
21820,2018-06-10,617,482,1,80,,False,56
21820,2018-06-11,618,485,2,81,,False,56
21820,2018-06-13,620,492,2,81,,False,56
21820,2018-06-14,621,494,2,81,,False,56
21820,2018-06-15,622,500,3,81,,False,56
21820,2018-06-16,623,500,1,81,,False,56
21820,2018-06-17,624,510,2,86,,False,56
21820,2018-06-18,625,514,2,86,,False,56
21820,2018-06-19,626,516,1,86,,False,56
21820,2018-06-20,627,519,1,85,,False,56
21820,2018-06-21,628,526,2,87,,False,56
21820,2018-06-24,631,534,1,87,,False,56
21820,2018-06-28,635,554,3,88,,False,56
21820,2018-06-30,637,556,2,88,,False,56
21820,2018-07-03,640,571,1,89,,False,56
21820,2018-07-07,644,586,2,89,,False,57
21820,2018-07-10,647,601,1,90,,False,57
21820,2018-07-11,648,604,1,90,,False,57
21820,2018-07-12,649,608,1,91,,False,57
21820,2018-07-14,651,613,1,90,,False,57
21820,2018-07-15,652,618,1,90,,False,57
21820,2018-07-16,653,624,2,90,,False,57
21820,2018-07-19,656,629,1,91,,False,57
21820,2018-07-20,657,630,2,91,,False,57
21820,2018-07-21,658,638,1,93,,False,58
21820,2018-07-22,659,642,1,93,,False,58
21820,2018-07-23,660,645,2,93,,False,58
21820,2018-07-24,661,651,1,94,,False,58
21820,2018-07-25,662,654,1,94,,False,58
21820,2018-07-26,663,657,2,95,,False,58
21820,2018-07-27,664,662,3,95,,False,58
21820,2018-07-30,667,666,1,96,,False,58
21820,2018-07-31,668,670,5,96,,False,58
21820,2018-08-01,669,673,2,95,,False,58
21820,2018-08-02,670,675,2,95,,False,58
21820,2018-08-03,671,679,1,97,,False,58
21820,2018-08-07,675,687,1,98,,False,58
21820,2018-08-08,676,693,1,100,,False,58
21820,2018-08-10,678,694,1,99,,False,58
21820,2018-08-11,679,696,7,99,,False,58
21820,2018-08-12,680,697,6,99,,False,58
21820,2018-08-13,681,697,8,99,,False,58
21820,2018-08-14,682,701,2,98,,False,58
21820,2018-08-15,683,702,2,99,,False,58
21820,2018-08-16,684,705,3,99,,False,58
21820,2018-08-17,685,705,7,99,,False,58
21820,2018-08-18,686,705,2,98,,False,58
21820,2018-08-19,687,706,1,96,,False,58
21820,2018-08-22,690,711,1,96,,False,58
21820,2018-08-23,691,712,2,96,,False,58
21820,2018-08-25,693,715,1,97,,False,58
21820,2018-08-27,695,717,2,97,,False,58
21820,2018-09-03,702,727,1,99,,False,58
21820,2018-09-11,710,734,1,99,,False,58
21820,2018-09-13,712,736,2,99,,False,58
21820,2018-09-15,714,739,1,100,,False,58
21820,2018-09-17,716,741,1,100,,False,58
21820,2018-09-21,720,745,4,101,,False,58
21820,2018-09-22,721,750,1,104,,False,58
21820,2018-09-23,722,752,1,105,,False,58
21820,2018-09-24,723,752,3,105,,False,58
21820,2018-09-25,724,753,1,106,,False,58
21820,2018-09-26,725,754,3,105,,False,58
21820,2018-09-27,726,754,4,105,,False,58
21820,2018-09-28,727,756,5,105,,False,58
21820,2018-09-30,729,757,2,106,,False,58
21820,2018-10-03,732,764,1,109,,False,59
21820,2018-10-04,733,766,1,110,,False,59
21820,2018-10-05,734,768,1,110,,False,59
21820,2018-10-07,736,769,1,110,,False,58
21820,2018-10-08,737,770,1,110,,False,58
21820,2018-10-09,738,770,4,110,,False,58
21820,2018-10-10,739,774,4,111,,False,58
21820,2018-10-11,740,776,4,110,,False,58
21820,2018-10-14,743,780,3,109,,False,59
21820,2018-10-15,744,783,1,109,,False,58
21820,2018-10-22,751,791,3,108,,False,58
21820,2018-10-23,752,798,1,110,,False,58
21820,2018-10-29,758,803,1,110,,False,58
21820,2018-10-30,759,805,3,112,,False,58
21820,2018-11-01,761,806,1,111,,False,58
21820,2018-11-07,767,808,1,110,,False,58
21820,2018-11-08,768,809,2,110,,False,58
21820,2018-11-09,769,809,3,110,,False,58
21820,2018-11-11,771,812,1,110,,False,58
21820,2018-11-12,772,815,1,110,,False,58
21820,2018-11-17,777,821,1,111,,False,58
21820,2018-11-18,778,824,1,111,,False,58
21820,2018-11-25,785,831,1,111,,False,58
21820,2018-11-27,787,834,2,111,,False,58
21820,2018-11-30,790,837,1,112,,False,58
21820,2018-12-05,795,841,1,112,,False,58
21820,2018-12-07,797,845,1,113,,False,58
21820,2018-12-08,798,846,1,113,,False,58
21820,2018-12-10,800,848,1,113,,False,58
21820,2018-12-12,802,849,1,113,,False,58
21820,2018-12-13,803,849,3,114,,False,58
21820,2018-12-14,804,850,1,113,,False,58
21820,2018-12-16,806,851,1,112,,False,58
21820,2018-12-19,809,853,2,112,,False,58
21820,2018-12-21,811,857,1,112,,False,58
21820,2018-12-24,814,858,1,112,,False,58
21820,2018-12-25,815,861,1,112,,False,58
21820,2018-12-26,816,862,1,112,,False,58
21820,2018-12-27,817,863,1,112,,False,58
21820,2019-01-01,822,865,1,112,,False,58
21820,2019-01-02,823,866,2,112,,False,58
21820,2019-01-03,824,868,1,112,,False,58
21820,2019-01-04,825,867,1,111,,False,58
21820,2019-01-06,827,867,1,111,,False,58
21820,2019-01-07,828,869,1,110,,False,58
21820,2019-01-10,831,874,3,110,,False,58
21820,2019-01-11,832,874,1,110,,False,58
21820,2019-01-13,834,878,1,110,,False,58
21820,2019-01-14,835,879,2,111,,False,58
21820,2019-01-15,836,882,3,111,,False,58
21820,2019-01-17,838,885,2,111,,False,58
21820,2019-01-18,839,888,2,111,,False,58
21820,2019-01-19,840,888,5,111,,False,58
21820,2019-01-20,841,895,2,113,,False,59
21820,2019-01-23,844,900,1,115,,False,59
21820,2019-01-27,848,899,1,115,,False,59
21820,2019-02-01,853,902,2,117,,False,59
21820,2019-02-03,855,905,1,117,,False,59
21820,2019-02-04,856,907,1,118,,False,59
21820,2019-02-05,857,910,2,119,,False,59
21820,2019-02-06,858,911,2,120,,False,59
21820,2019-02-07,859,914,1,121,,False,59
21820,2019-02-08,860,914,4,121,,False,59
21820,2019-02-12,864,919,1,123,,False,59
21820,2019-02-13,865,920,5,123,,False,59
21820,2019-02-14,866,923,2,124,,False,59
21820,2019-02-15,867,925,3,124,,False,59
21820,2019-02-16,868,926,1,124,,False,59
21820,2019-02-17,869,927,1,124,,False,59
21820,2019-02-18,870,927,2,124,,False,59
21820,2019-02-19,871,928,2,124,,False,59
21820,2019-02-20,872,929,1,124,,False,59
21820,2019-02-21,873,930,1,124,,False,59
21820,2019-02-22,874,930,1,124,,False,59
21820,2019-02-23,875,931,3,124,,False,59
21820,2019-02-24,876,931,2,124,,False,59
21820,2019-02-26,878,934,3,126,,False,59
21820,2019-02-27,879,935,4,126,,False,59
21820,2019-02-28,880,937,3,126,,False,59
21820,2019-03-01,881,937,1,126,,False,59
21820,2019-03-02,882,940,1,127,,False,60
21820,2019-03-03,883,940,2,127,,False,60
21820,2019-03-06,886,947,6,127,,False,60
21820,2019-03-07,887,949,9,129,,False,60
21820,2019-03-08,888,952,2,129,,False,60
21820,2019-03-09,889,952,5,129,,False,60
21820,2019-03-10,890,953,1,129,,False,60
21820,2019-03-11,891,953,6,129,,False,60
21820,2019-03-12,892,955,2,129,,False,60
21820,2019-03-13,893,957,1,129,,False,60
21820,2019-03-14,894,957,3,129,,False,60
21820,2019-03-15,895,960,2,129,,False,60
21820,2019-03-16,896,960,1,129,,False,60
21820,2019-03-17,897,960,4,129,,False,60
21820,2019-03-19,899,962,3,129,,False,60
21820,2019-03-20,900,962,3,129,,False,60
21820,2019-03-22,902,966,1,128,,False,60
21820,2019-03-24,904,966,2,127,,False,60
21820,2019-03-26,906,972,1,127,,False,60
21820,2019-03-30,910,976,3,127,,False,60
21820,2019-03-31,911,976,3,128,,False,60
21820,2019-04-01,912,976,1,128,,False,60
21820,2019-04-02,913,977,2,128,,False,60
21820,2019-04-03,914,976,3,128,,False,60
21820,2019-04-04,915,976,4,128,,False,60
21820,2019-04-09,920,984,2,128,,False,60
21820,2019-04-10,921,984,1,128,,False,60
21820,2019-04-13,924,992,2,128,,False,60
21820,2019-04-16,927,996,1,129,,False,60
21820,2019-04-17,928,999,3,129,,False,60
21820,2019-04-20,931,1001,2,128,,False,60
21820,2019-04-22,933,1008,1,129,,False,60
21820,2019-04-23,934,1009,1,129,,False,60
21820,2019-04-25,936,1010,2,129,,False,60
21820,2019-04-27,938,1010,2,129,,False,60
21820,2019-04-29,940,1014,3,130,,False,60
21820,2019-04-30,941,1015,4,128,,False,60
21820,2019-05-01,942,1016,4,128,,False,60
21820,2019-05-06,947,1016,1,128,,False,60
21820,2019-05-07,948,1016,3,128,,False,60
21820,2019-05-08,949,1017,2,128,,False,60
21820,2019-05-09,950,1017,1,128,,False,60
21820,2019-05-11,952,1021,2,128,,False,60
21820,2019-05-14,955,1025,1,129,,False,60
21820,2019-05-15,956,1025,2,130,,False,60
21820,2019-05-16,957,1025,1,130,,False,60
21820,2019-05-18,959,1026,1,130,,False,60
21820,2019-05-19,960,1026,2,130,,False,60
21820,2019-05-20,961,1029,1,131,,False,60
21820,2019-05-23,964,1031,1,131,,False,60
21820,2019-05-24,965,1031,1,131,,False,60
21820,2019-05-25,966,1032,3,132,,False,60
21820,2019-05-26,967,1035,1,132,,False,60
21820,2019-05-30,971,1038,1,132,,False,60
21820,2019-05-31,972,1038,1,132,,False,60
21820,2019-06-04,976,1039,1,132,,False,60
21820,2019-06-06,978,1044,1,133,,False,60
21820,2019-06-07,979,1046,2,133,,False,60
21820,2019-06-09,981,1049,4,133,,False,60
21820,2019-06-10,982,1052,1,133,,False,60
21820,2019-06-15,987,1058,3,133,,False,60
21820,2019-06-16,988,1060,3,133,,False,60
21820,2019-06-19,991,1064,1,132,,False,60
21820,2019-06-20,992,1065,2,132,,False,60
21820,2019-06-22,994,1069,2,132,,False,60
21820,2019-06-23,995,1071,1,132,,False,59
21820,2019-06-25,997,1074,2,132,,False,60
21820,2019-06-26,998,1077,2,132,,False,60
21820,2019-06-28,1000,1080,1,132,,False,60
21820,2019-07-02,1004,1082,1,133,,False,60
21820,2019-07-03,1005,1084,2,133,,False,60
21820,2019-07-05,1007,1085,1,135,,False,60
21820,2019-07-08,1010,1089,2,136,,False,60
21820,2019-07-09,1011,1089,4,136,,False,60
21820,2019-07-11,1013,1092,2,135,,False,60
21820,2019-07-12,1014,1095,2,135,,False,60
21820,2019-07-13,1015,1095,2,135,,False,60
21820,2019-07-15,1017,1093,2,134,,False,60
21820,2019-07-16,1018,1094,1,134,,False,60
21820,2019-07-17,1019,1094,2,133,,False,60
21820,2019-07-18,1020,1096,1,133,,False,60
21820,2019-07-21,1023,1098,4,133,,False,60
21820,2019-07-22,1024,1098,2,133,,False,60
21820,2019-07-23,1025,1100,1,133,,False,60
21820,2019-07-26,1028,1102,1,133,,False,60
21820,2019-07-27,1029,1102,2,133,,False,60
21820,2019-07-29,1031,1103,1,134,,False,60
21820,2019-08-01,1034,1108,2,134,,False,60
21820,2019-08-02,1035,1110,1,134,,False,60
21820,2019-08-05,1038,1113,1,134,,False,60
21820,2019-08-07,1040,1117,1,135,,False,60
21820,2019-08-08,1041,1119,1,135,,False,60
21820,2019-08-09,1042,1120,3,135,,False,60
21820,2019-08-11,1044,1122,2,136,,False,60
21820,2019-08-13,1046,1126,1,137,,False,60
21820,2019-08-14,1047,1126,1,137,,False,60
21820,2019-08-15,1048,1129,1,137,,False,60
21820,2019-08-16,1049,1129,2,137,,False,60
21820,2019-08-20,1053,1132,1,136,,False,60
21820,2019-08-21,1054,1132,1,136,,False,60
21820,2019-08-22,1055,1133,2,135,,False,60
21820,2019-08-30,1063,1138,1,136,,False,60
21820,2019-09-01,1065,1140,1,136,,False,60
21820,2019-09-02,1066,1141,1,136,,False,60
21820,2019-09-05,1069,1143,2,136,,False,60
21820,2019-09-09,1073,1147,4,135,,False,60
21820,2019-09-15,1079,1153,2,135,,False,60
21820,2019-09-17,1081,1157,2,135,,False,60
21820,2019-09-20,1084,1163,1,135,,False,60
21820,2019-09-22,1086,1164,1,135,,False,60
21820,2019-09-23,1087,1166,1,136,,False,60
21820,2019-09-24,1088,1170,1,136,,False,60
21820,2019-09-26,1090,1172,1,137,,False,60
21820,2019-09-28,1092,1175,2,137,,False,60
21820,2019-09-30,1094,1178,2,137,,False,60
21820,2019-10-02,1096,1182,3,137,,False,60
21820,2019-10-03,1097,1185,1,137,,False,60
21820,2019-10-06,1100,1189,1,137,,False,60
21820,2019-10-07,1101,1190,1,137,,False,60
21820,2019-10-09,1103,1190,1,137,,False,60
21820,2019-10-12,1106,1194,1,137,,False,60
21820,2019-10-14,1108,1194,1,136,,False,60
21820,2019-10-16,1110,1202,2,138,,False,60
21820,2019-10-17,1111,1205,1,139,,False,60
21820,2019-10-18,1112,1206,6,139,,False,60
21820,2019-10-19,1113,1211,2,140,,False,60
21820,2019-10-20,1114,1214,3,140,,False,60
21820,2019-10-21,1115,1214,1,141,,False,60
21820,2019-10-24,1118,1216,1,141,,False,60
21820,2019-10-27,1121,1218,1,141,,False,60
21820,2019-10-29,1123,1219,2,141,,False,60
21820,2019-10-31,1125,1224,3,142,,False,60
21820,2019-11-02,1127,1227,1,143,,False,60
21820,2019-11-03,1128,1229,1,143,,False,60
21820,2019-11-04,1129,1229,2,142,,False,60
21820,2019-11-05,1130,1229,2,142,,False,60
21820,2019-11-06,1131,1231,2,143,,False,60
21820,2019-11-07,1132,1233,2,142,,False,60
21820,2019-11-10,1135,1235,1,142,,False,60
21820,2019-11-11,1136,1234,1,142,,False,60
21820,2019-11-12,1137,1235,2,142,,False,60
21820,2019-11-15,1140,1237,1,142,,False,60
21820,2019-11-18,1143,1236,2,142,,False,60
21820,2019-11-19,1144,1239,1,142,,False,60
21820,2019-11-20,1145,1239,1,142,,False,60
21820,2019-11-22,1147,1240,2,142,,False,60
21820,2019-11-23,1148,1244,2,143,,False,60
21820,2019-11-25,1150,1246,1,144,,False,60
21820,2019-11-27,1152,1249,1,144,,False,59
21820,2019-11-28,1153,1249,3,143,,False,59
21820,2019-12-02,1157,1254,1,143,,False,59
21820,2019-12-03,1158,1255,1,143,,False,59
21820,2019-12-04,1159,1257,1,143,,False,59
21820,2019-12-05,1160,1258,1,143,,False,59
21820,2019-12-08,1163,1257,1,142,,False,59
21820,2019-12-15,1170,1265,1,143,,False,59
21820,2019-12-18,1173,1266,1,143,,False,59
21820,2019-12-19,1174,1267,2,144,,False,59
21820,2019-12-20,1175,1271,1,144,,False,59
21820,2019-12-21,1176,1271,2,144,,False,59
21820,2019-12-22,1177,1277,1,145,,False,59
21820,2019-12-23,1178,1279,1,145,,False,59
21820,2019-12-25,1180,1280,1,145,,False,59
21820,2019-12-26,1181,1281,2,145,,False,59
21820,2019-12-27,1182,1284,1,146,,False,59
21820,2019-12-30,1185,1285,1,146,,False,59
21820,2019-12-31,1186,1286,1,146,,False,59
21820,2020-01-01,1187,1286,1,146,,False,59
21820,2020-01-03,1189,1287,5,147,,False,59
21820,2020-01-05,1191,1288,1,148,,False,59
21820,2020-01-06,1192,1290,2,150,,False,59
21820,2020-01-08,1194,1290,1,149,,False,59
21820,2020-01-10,1196,1292,3,148,,False,59
21820,2020-01-13,1199,1295,2,147,,False,60
21820,2020-01-15,1201,1296,1,147,,False,60
21820,2020-01-16,1202,1297,3,147,,False,60
21820,2020-01-18,1204,1299,3,147,,False,60
21820,2020-01-20,1206,1303,2,147,,False,60
21820,2020-01-21,1207,1306,1,147,,False,60
21820,2020-01-23,1209,1307,2,147,,False,60
21820,2020-01-24,1210,1312,1,147,,False,60
21820,2020-01-25,1211,1313,2,148,,False,60
21820,2020-01-26,1212,1315,3,148,,False,60
21820,2020-01-27,1213,1318,1,148,,False,59
21820,2020-01-30,1216,1321,1,147,,False,59
21820,2020-02-01,1218,1322,1,147,,False,59
21820,2020-02-02,1219,1323,2,147,,False,59
21820,2020-02-05,1222,1326,2,149,,False,59
21820,2020-02-08,1225,1331,3,150,,False,59
21820,2020-02-09,1226,1331,2,150,,False,59
21820,2020-02-10,1227,1335,1,150,,False,59
21820,2020-02-11,1228,1336,1,150,,False,59
21820,2020-02-12,1229,1339,2,150,,False,59
21820,2020-02-15,1232,1346,1,151,,False,59
21820,2020-02-16,1233,1346,3,150,,False,59
21820,2020-02-18,1235,1348,1,150,,False,59
21820,2020-02-21,1238,1357,1,150,,False,59
21820,2020-02-22,1239,1360,5,152,,False,59
21820,2020-02-24,1241,1364,1,154,,False,59
21820,2020-02-25,1242,1365,2,154,,False,59
21820,2020-02-26,1243,1367,5,153,,False,59
21820,2020-02-27,1244,1370,3,153,,False,59
21820,2020-02-29,1246,1371,1,154,,False,59
21820,2020-03-02,1248,1376,1,155,,False,59
21820,2020-03-03,1249,1378,2,156,,False,59
21820,2020-03-05,1251,1376,1,156,,False,59
21820,2020-03-06,1252,1380,1,156,,False,59
21820,2020-03-07,1253,1381,2,156,,False,59
21820,2020-03-11,1257,1382,2,156,,False,59
21820,2020-03-13,1259,1383,2,156,,False,59
21820,2020-03-14,1260,1383,3,156,,False,59
21820,2020-03-15,1261,1382,2,155,,False,59
21820,2020-03-16,1262,1388,1,154,,False,59
21820,2020-03-17,1263,1392,1,154,,False,59
21820,2020-03-18,1264,1394,4,154,,False,59
21820,2020-03-19,1265,1397,1,155,,False,59
21820,2020-03-20,1266,1399,1,156,,False,59
21820,2020-03-21,1267,1400,2,156,,False,59
21820,2020-03-22,1268,1404,2,157,,False,59
21820,2020-03-25,1271,1409,2,158,,False,59
21820,2020-03-26,1272,1411,1,158,,False,59
21820,2020-03-28,1274,1413,1,157,,False,59
21820,2020-03-29,1275,1413,3,157,,False,59
21820,2020-03-30,1276,1416,4,156,,False,59
21820,2020-03-31,1277,1423,5,157,,False,59
21820,2020-04-01,1278,1423,1,157,,False,59
21820,2020-04-02,1279,1426,3,157,,False,59
21820,2020-04-03,1280,1424,2,157,,False,59
21820,2020-04-04,1281,1425,1,157,,False,59
21820,2020-04-05,1282,1428,3,157,,False,59
21820,2020-04-06,1283,1432,6,157,,False,59
21820,2020-04-07,1284,1437,2,158,,False,59
21820,2020-04-08,1285,1438,4,159,,False,59
21820,2020-04-09,1286,1439,2,159,,False,59
21820,2020-04-10,1287,1442,2,158,,False,59
21820,2020-04-11,1288,1442,4,158,,False,59
21820,2020-04-12,1289,1442,2,158,,False,59
21820,2020-04-14,1291,1447,1,159,,False,59
21820,2020-04-15,1292,1448,3,158,,False,59
21820,2020-04-16,1293,1448,7,158,,False,59
21820,2020-04-17,1294,1448,6,158,,False,59
21820,2020-04-18,1295,1452,4,157,,False,59
21820,2020-04-19,1296,1454,2,157,,False,59
21820,2020-04-21,1298,1456,1,158,,False,59
21820,2020-04-22,1299,1456,3,158,,False,59
21820,2020-04-23,1300,1459,1,158,,False,59
21820,2020-04-24,1301,1462,1,159,,False,59
21820,2020-04-25,1302,1462,1,159,,False,59
21820,2020-04-26,1303,1464,3,159,,False,59
21820,2020-04-28,1305,1467,6,161,,False,59
21820,2020-04-29,1306,1473,8,161,,False,59
21820,2020-04-30,1307,1477,9,162,,False,59
21820,2020-05-01,1308,1480,3,162,,False,59
21820,2020-05-02,1309,1482,3,162,,False,59
21820,2020-05-03,1310,1482,7,162,,False,59
21820,2020-05-04,1311,1490,2,166,,False,59
21820,2020-05-05,1312,1491,2,166,,False,59
21820,2020-05-07,1314,1491,3,166,,False,59
21820,2020-05-08,1315,1492,1,166,,False,59
21820,2020-05-09,1316,1493,7,167,,False,59
21820,2020-05-10,1317,1496,8,167,,False,59
21820,2020-05-11,1318,1496,1,167,,False,59
21820,2020-05-12,1319,1506,2,169,,False,59
21820,2020-05-13,1320,1506,5,169,,False,59
21820,2020-05-14,1321,1511,2,169,,False,60
21820,2020-05-15,1322,1514,6,170,,False,60
21820,2020-05-16,1323,1516,7,170,,False,60
21820,2020-05-17,1324,1518,7,170,,False,60
21820,2020-05-19,1326,1524,8,171,,False,60
21820,2020-05-20,1327,1526,9,172,,False,60
21820,2020-05-21,1328,1528,2,171,,False,60
21820,2020-05-22,1329,1530,2,171,,False,60
21820,2020-05-23,1330,1532,4,171,,False,60
21820,2020-05-24,1331,1535,4,171,,False,60
21820,2020-05-25,1332,1535,7,171,,False,60
21820,2020-05-28,1335,1548,1,171,,False,60
21820,2020-05-29,1336,1548,1,171,,False,60
21820,2020-05-30,1337,1551,3,171,,False,60
21820,2020-05-31,1338,1554,3,171,,False,60
21820,2020-06-01,1339,1559,2,170,,False,60
21820,2020-06-02,1340,1559,3,170,,False,60
21820,2020-06-04,1342,1567,2,169,,False,60
21820,2020-06-05,1343,1572,1,170,,False,60
21820,2020-06-09,1347,1577,2,171,,False,60
21820,2020-06-10,1348,1579,3,172,,False,60
21820,2020-06-11,1349,1586,1,172,,False,60
21820,2020-06-13,1351,1589,2,172,,False,60
21820,2020-06-14,1352,1589,1,172,,False,60
21820,2020-06-16,1354,1596,3,171,,False,59
21820,2020-06-17,1355,1599,8,170,,False,59
21820,2020-06-18,1356,1603,2,171,,False,60
21820,2020-06-20,1358,1603,4,171,,False,59
21820,2020-06-21,1359,1607,3,170,,False,59
21820,2020-06-22,1360,1608,1,171,,False,59
21820,2020-06-23,1361,1608,2,171,,False,59
21820,2020-06-24,1362,1609,4,171,,False,59
21820,2020-06-25,1363,1612,3,169,,False,60
21820,2020-06-26,1364,1614,1,171,,False,60
21820,2020-06-27,1365,1616,3,171,,False,60
21820,2020-06-28,1366,1617,1,170,,False,60
21820,2020-06-29,1367,1617,4,170,,False,60
21820,2020-06-30,1368,1622,4,170,,False,60
21820,2020-07-01,1369,1627,3,173,,False,60
21820,2020-07-02,1370,1627,4,173,,False,60
21820,2020-07-03,1371,1628,5,173,,False,60
21820,2020-07-04,1372,1632,3,172,,False,60
21820,2020-07-05,1373,1633,3,172,,False,60
21820,2020-07-06,1374,1636,1,172,,False,60
21820,2020-07-07,1375,1636,5,171,,False,60
21820,2020-07-08,1376,1638,6,171,,False,60
21820,2020-07-09,1377,1642,9,173,,False,60
21820,2020-07-10,1378,1647,15,174,,False,60
21820,2020-07-11,1379,1655,10,175,,False,60
21820,2020-07-12,1380,1661,5,172,,False,59
21820,2020-07-13,1381,1661,4,172,,False,59
21820,2020-07-14,1382,1675,3,176,,False,60
21820,2020-07-15,1383,1675,8,177,,False,60
21820,2020-07-16,1384,1681,3,177,,False,60
21820,2020-07-17,1385,1681,3,177,,False,60
21820,2020-07-18,1386,1684,4,178,,False,60
21820,2020-07-19,1387,1685,6,178,,False,60
21820,2020-07-20,1388,1687,6,177,,False,59
21820,2020-07-21,1389,1687,3,177,,False,59
21820,2020-07-22,1390,1695,7,176,,False,59
21820,2020-07-23,1391,1694,3,176,,False,59
21820,2020-07-24,1392,1696,1,176,,False,59
21820,2020-07-25,1393,1698,2,176,,False,59
21820,2020-07-26,1394,1698,4,176,,False,59
21820,2020-07-29,1397,1707,2,176,,False,60
21820,2020-07-30,1398,1707,3,176,,False,60
21820,2020-07-31,1399,1707,1,176,,False,60
21820,2020-08-01,1400,1708,6,176,,False,60
21820,2020-08-02,1401,1708,3,175,,False,60
21820,2020-08-03,1402,1711,1,176,,False,60
21820,2020-08-04,1403,1714,7,175,,False,60
21820,2020-08-05,1404,1714,2,174,,False,60
21820,2020-08-06,1405,1717,6,176,,False,60
21820,2020-08-08,1407,1722,5,176,,False,60
21820,2020-08-09,1408,1723,1,176,,False,60
21820,2020-08-10,1409,1722,3,176,,False,60
21820,2020-08-11,1410,1729,6,176,,False,60
21820,2020-08-12,1411,1731,1,175,,False,60
21820,2020-08-13,1412,1733,1,175,,False,60
21820,2020-08-14,1413,1736,3,176,,False,60
21820,2020-08-15,1414,1738,3,176,,False,60
21820,2020-08-16,1415,1742,3,176,,False,60
21820,2020-08-18,1417,1745,3,176,,False,60
21820,2020-08-19,1418,1745,5,176,,False,60
21820,2020-08-20,1419,1753,1,176,,False,60
21820,2020-08-23,1422,1756,6,175,,False,60
21820,2020-08-24,1423,1763,2,176,,False,60
21820,2020-08-25,1424,1763,6,176,,False,60
21820,2020-08-26,1425,1767,2,176,,False,60
21820,2020-08-27,1426,1770,4,177,,False,60
21820,2020-08-28,1427,1770,3,177,,False,60
21820,2020-08-29,1428,1770,5,177,,False,60
21820,2020-08-30,1429,1776,1,176,,False,60
21820,2020-08-31,1430,1776,3,176,,False,60
21820,2020-09-01,1431,1776,2,176,,False,60
21820,2020-09-03,1433,1780,4,177,,False,60
21820,2020-09-05,1435,1783,2,177,,False,60
21820,2020-09-06,1436,1784,2,177,,False,60
21820,2020-09-07,1437,1787,2,178,,False,60
21820,2020-09-08,1438,1789,1,177,,False,60
21820,2020-09-09,1439,1789,1,177,,False,60
21820,2020-09-10,1440,1794,2,177,,False,60
21820,2020-09-11,1441,1795,2,177,,False,60
21820,2020-09-12,1442,1799,1,177,,False,60
21820,2020-09-15,1445,1801,1,177,,False,60
21820,2020-09-16,1446,1804,1,177,,False,60
21820,2020-09-17,1447,1804,3,177,,False,60
21820,2020-09-19,1449,1807,1,177,,False,60
21820,2020-09-21,1451,1808,2,177,,False,60
21820,2020-09-23,1453,1812,3,177,,False,60
21820,2020-09-24,1454,1816,3,177,,False,60
21820,2020-09-25,1455,1820,2,177,,False,60
21820,2020-09-26,1456,1823,3,177,,False,60
21820,2020-09-27,1457,1828,4,177,,False,60
21820,2020-09-28,1458,1832,3,178,,False,60
21820,2020-09-29,1459,1834,2,178,,False,60
21820,2020-09-30,1460,1837,2,179,,False,60
21820,2020-10-02,1462,1841,3,179,,False,60
21820,2020-10-03,1463,1844,1,179,,False,60
21820,2020-10-04,1464,1846,1,179,,False,60
21820,2020-10-05,1465,1846,1,179,,False,60
21820,2020-10-06,1466,1847,1,179,,False,60
21820,2020-10-07,1467,1849,1,179,,False,60
21820,2020-10-09,1469,1851,1,179,,False,60
21820,2020-10-10,1470,1851,2,179,,False,60
21820,2020-10-11,1471,1854,2,181,,False,60
21820,2020-10-12,1472,1856,2,182,,False,60
21820,2020-10-16,1476,1860,3,183,,False,60
21820,2020-10-17,1477,1865,1,183,,False,60
21820,2020-10-19,1479,1867,3,183,,False,60
21820,2020-10-22,1482,1870,3,181,,False,60
21820,2020-10-23,1483,1872,5,180,,False,60
21820,2020-10-24,1484,1872,5,180,,False,60
21820,2020-10-25,1485,1875,2,181,,False,60
21820,2020-10-26,1486,1875,4,181,,False,60
21820,2020-10-27,1487,1875,4,181,,False,60
21820,2020-10-28,1488,1874,4,181,,False,60
21820,2020-10-29,1489,1875,9,181,,False,60
21820,2020-10-30,1490,1878,2,181,,False,60
21820,2020-10-31,1491,1878,5,181,,False,60
21820,2020-11-01,1492,1879,4,181,,False,60
21820,2020-11-02,1493,1879,4,181,,False,60
21820,2020-11-03,1494,1880,8,181,,False,60
21820,2020-11-04,1495,1883,3,181,,False,60
21820,2020-11-05,1496,1884,1,181,,False,60
21820,2020-11-06,1497,1884,3,180,,False,60
21820,2020-11-07,1498,1887,3,182,,False,60
21820,2020-11-11,1502,1889,1,182,,False,60
21820,2020-11-12,1503,1893,1,185,,False,60
21820,2020-11-13,1504,1893,1,186,,False,60
21820,2020-11-14,1505,1893,3,186,,False,60
21820,2020-11-16,1507,1897,2,186,,False,60
21820,2020-11-17,1508,1901,1,187,,False,60
21820,2020-11-18,1509,1902,4,187,,False,60
21820,2020-11-19,1510,1905,2,187,,False,60
21820,2020-11-20,1511,1905,4,187,,False,60
21820,2020-11-22,1513,1911,1,187,,False,60
21820,2020-11-23,1514,1912,5,187,,False,60
21820,2020-11-24,1515,1913,1,187,,False,60
21820,2020-11-25,1516,1913,2,187,,False,60
21820,2020-11-26,1517,1917,1,187,,False,60
21820,2020-11-27,1518,1917,1,187,,False,60
21820,2020-12-01,1522,1919,5,186,,False,60
21820,2020-12-02,1523,1918,5,186,,False,60
21820,2020-12-03,1524,1921,5,185,,False,60
21820,2020-12-04,1525,1921,2,185,,False,60
21820,2020-12-05,1526,1925,3,185,,False,60
21820,2020-12-08,1529,1931,3,186,,False,60
21820,2020-12-09,1530,1933,1,186,,False,60
21820,2020-12-10,1531,1933,1,186,,False,60
21820,2020-12-11,1532,1936,2,187,,False,60
21820,2020-12-12,1533,1938,1,187,,False,60
21820,2020-12-14,1535,1943,1,187,,False,60
21820,2020-12-15,1536,1943,1,185,,False,60
21820,2020-12-19,1540,1946,1,185,,False,60
21820,2020-12-20,1541,1947,1,185,,False,60
21820,2020-12-21,1542,1947,2,185,,False,60
21820,2020-12-22,1543,1947,3,185,,False,60
21820,2020-12-24,1545,1952,1,186,,False,60
21820,2020-12-26,1547,1956,2,185,,False,60
21820,2020-12-27,1548,1956,5,185,,False,60
21820,2020-12-28,1549,1956,2,185,,False,60
21820,2020-12-29,1550,1964,3,186,,False,60
21820,2020-12-30,1551,1965,1,186,,False,60
21820,2020-12-31,1552,1965,3,186,,False,60
21820,2021-01-01,1553,1970,9,186,,False,60
21820,2021-01-02,1554,1973,2,187,,False,60
21820,2021-01-03,1555,1976,5,187,,False,60
21820,2021-01-04,1556,1979,5,187,,False,60
21820,2021-01-05,1557,1980,2,186,,False,60
21820,2021-01-06,1558,1980,5,186,,False,60
21820,2021-01-07,1559,1983,5,186,,False,60
21820,2021-01-09,1561,1985,1,187,,False,60
21820,2021-01-10,1562,1987,1,188,,False,60
21820,2021-01-11,1563,1986,2,188,,False,60
21820,2021-01-12,1564,1987,10,188,,False,60
21820,2021-01-13,1565,1988,12,187,,False,60
21820,2021-01-14,1566,1994,11,187,,False,60
21820,2021-01-15,1567,1996,5,186,,False,60
21820,2021-01-16,1568,1997,3,185,,False,60
21820,2021-01-17,1569,1999,5,185,,False,60
21820,2021-01-18,1570,2004,3,185,,False,60
21820,2021-01-19,1571,2008,2,185,,False,60
21820,2021-01-20,1572,2007,1,185,,False,60
21820,2021-01-21,1573,2009,3,185,,False,60
21820,2021-01-22,1574,2011,4,185,,False,60
21820,2021-01-23,1575,2012,7,185,,False,60
21820,2021-01-24,1576,2015,2,186,,False,60
21820,2021-01-25,1577,2015,2,185,,False,60
21820,2021-01-26,1578,2017,4,185,,False,60
21820,2021-01-28,1580,2021,7,185,,False,60
21820,2021-01-29,1581,2023,5,185,,False,60
21820,2021-01-30,1582,2026,3,186,,False,60
21820,2021-01-31,1583,2027,3,187,,False,60
21820,2021-02-01,1584,2031,5,188,,False,60
21820,2021-02-02,1585,2032,1,188,,False,60
21820,2021-02-03,1586,2034,4,188,,False,60
21820,2021-02-04,1587,2038,6,189,,False,60
21820,2021-02-05,1588,2040,7,189,,False,60
21820,2021-02-06,1589,2043,7,189,,False,60
21820,2021-02-07,1590,2044,11,190,,False,60
21820,2021-02-08,1591,2047,13,190,,False,60
21820,2021-02-09,1592,2057,7,190,,False,60
21820,2021-02-10,1593,2058,8,189,,False,61
21820,2021-02-11,1594,2060,12,189,,False,61
21820,2021-02-12,1595,2064,4,189,,False,61
21820,2021-02-13,1596,2066,1,188,,False,61
21820,2021-02-14,1597,2066,1,188,,False,61
21820,2021-02-15,1598,2068,2,188,,False,61
21820,2021-02-16,1599,2070,2,189,,False,61
21820,2021-02-17,1600,2070,2,188,,False,61
21820,2021-02-19,1602,2073,1,188,,False,61
21820,2021-02-20,1603,2073,4,188,,False,61
21820,2021-02-21,1604,2076,6,188,,False,61
21820,2021-02-22,1605,2081,4,189,,False,61
21820,2021-02-23,1606,2084,5,188,,False,61
21820,2021-02-24,1607,2086,3,188,,False,61
21820,2021-02-26,1609,2089,2,188,,False,61
21820,2021-02-27,1610,2093,2,189,,False,61
21820,2021-03-01,1612,2095,1,189,,False,61
21820,2021-03-02,1613,2095,2,189,,False,61
21820,2021-03-03,1614,2097,2,190,,False,61
21820,2021-03-04,1615,2099,5,190,,False,61
21820,2021-03-05,1616,2102,1,191,,False,61
21820,2021-03-06,1617,2106,1,192,,False,61
21820,2021-03-07,1618,2106,1,192,,False,61
21820,2021-03-08,1619,2106,4,191,,False,60
21820,2021-03-10,1621,2112,5,192,,False,61
21820,2021-03-11,1622,2113,4,193,,False,61
21820,2021-03-12,1623,2117,2,193,,False,61
21820,2021-03-13,1624,2121,9,194,,False,61
21820,2021-03-14,1625,2126,2,194,,False,61
21820,2021-03-15,1626,2127,3,195,,False,60
21820,2021-03-16,1627,2128,3,195,,False,60
21820,2021-03-17,1628,2129,3,195,,False,60
21820,2021-03-18,1629,2131,7,194,,False,60
21820,2021-03-19,1630,2132,7,195,,False,60
21820,2021-03-20,1631,2134,8,195,,False,60
21820,2021-03-21,1632,2135,6,196,,False,60
21820,2021-03-22,1633,2138,6,196,,False,60
21820,2021-03-23,1634,2139,2,196,,False,60
21820,2021-03-24,1635,2140,3,196,,False,60
21820,2021-03-25,1636,2144,1,199,,False,60
21820,2021-03-26,1637,2145,4,199,,False,60
21820,2021-03-27,1638,2147,2,199,,False,60
21820,2021-03-28,1639,2150,3,199,,False,60
21820,2021-03-29,1640,2154,1,199,,False,60
21820,2021-03-30,1641,2155,1,198,,False,60
21820,2021-03-31,1642,2156,2,197,,False,60
21820,2021-04-01,1643,2156,3,197,,False,60
21820,2021-04-02,1644,2160,3,197,,False,60
21820,2021-04-03,1645,2160,2,196,,False,60
21820,2021-04-04,1646,2163,5,196,,False,60
21820,2021-04-05,1647,2167,1,196,,False,60
21820,2021-04-07,1649,2168,1,196,,False,60
21820,2021-04-08,1650,2172,4,196,,False,60
21820,2021-04-09,1651,2178,4,197,,False,60
21820,2021-04-10,1652,2178,3,197,,False,60
21820,2021-04-11,1653,2177,3,198,,False,60
21820,2021-04-12,1654,2178,2,197,,False,60
21820,2021-04-14,1656,2187,3,199,,False,60
21820,2021-04-15,1657,2185,5,198,,False,60
21820,2021-04-16,1658,2187,1,197,,False,60
21820,2021-04-17,1659,2196,1,197,,False,60
21820,2021-04-18,1660,2196,2,197,,False,60
21820,2021-04-19,1661,2198,1,197,,False,60
21820,2021-04-20,1662,2199,1,196,,False,60
21820,2021-04-21,1663,2202,3,197,,False,60
21820,2021-04-22,1664,2201,1,197,,False,60
21820,2021-04-24,1666,2201,1,197,,False,60
21820,2021-04-25,1667,2202,4,197,,False,60
21820,2021-04-26,1668,2205,3,198,,False,60
21820,2021-04-27,1669,2210,7,197,,False,60
21820,2021-04-28,1670,2211,5,196,,False,60
21820,2021-04-29,1671,2214,1,197,,False,60
21820,2021-05-01,1673,2216,2,196,,False,60
21820,2021-05-02,1674,2219,4,196,,False,60
21820,2021-05-03,1675,2224,4,197,,False,60
21820,2021-05-04,1676,2222,2,196,,False,60
21820,2021-05-05,1677,2222,2,196,,False,60
21820,2021-05-06,1678,2224,1,196,,False,60
21820,2021-05-08,1680,2225,2,196,,False,60
21820,2021-05-09,1681,2224,3,197,,False,60
21820,2021-05-11,1683,2225,2,197,,False,60
21820,2021-05-12,1684,2228,4,198,,False,60
21820,2021-05-13,1685,2232,1,198,,False,60
21820,2021-05-14,1686,2232,2,198,,False,60
21820,2021-05-15,1687,2233,2,198,,False,60
21820,2021-05-16,1688,2234,2,198,,False,60
21820,2021-05-17,1689,2234,2,199,,False,60
21820,2021-05-18,1690,2237,5,199,,False,60
21820,2021-05-20,1692,2241,4,199,,False,60
21820,2021-05-21,1693,2243,1,200,,False,60
21820,2021-05-22,1694,2245,3,200,,False,60
21820,2021-05-23,1695,2249,2,200,,False,60
21820,2021-05-25,1697,2250,1,200,,False,60
21820,2021-05-26,1698,2250,6,200,,False,60
21820,2021-05-27,1699,2253,6,201,,False,60
21820,2021-05-28,1700,2256,1,202,,False,60
21820,2021-05-29,1701,2259,1,202,,False,60
21820,2021-05-30,1702,2262,3,202,,False,60
21820,2021-05-31,1703,2263,2,202,,False,60
21820,2021-06-01,1704,2264,3,200,,False,60
21820,2021-06-02,1705,2267,4,200,,False,60
21820,2021-06-03,1706,2269,2,200,,False,60
21820,2021-06-04,1707,2270,2,200,,False,60
21820,2021-06-05,1708,2270,1,199,,False,60
21820,2021-06-07,1710,2274,3,198,,False,60
21820,2021-06-08,1711,2278,2,198,,False,60
21820,2021-06-10,1713,2281,1,198,,False,60
21820,2021-06-11,1714,2281,4,198,,False,60
21820,2021-06-12,1715,2282,2,197,,False,60
21820,2021-06-13,1716,2282,1,196,,False,60
21820,2021-06-14,1717,2282,2,196,,False,60
21820,2021-06-16,1719,2288,2,197,,False,60
21820,2021-06-17,1720,2289,2,196,,False,60
21820,2021-06-18,1721,2289,2,196,,False,60
21820,2021-06-20,1723,2291,1,196,,False,60
21820,2021-06-21,1724,2291,1,196,,False,60
21820,2021-06-22,1725,2292,6,196,,False,60
21820,2021-06-23,1726,2296,2,196,,False,60
21820,2021-06-26,1729,2299,1,195,,False,60
21820,2021-06-27,1730,2300,2,195,,False,60
21820,2021-06-28,1731,2304,1,195,,False,60
21820,2021-06-29,1732,2305,5,195,,False,60
21820,2021-06-30,1733,2305,2,195,,False,60
21820,2021-07-02,1735,2309,1,196,,False,60
21820,2021-07-05,1738,2314,1,196,,False,60
21820,2021-07-07,1740,2316,2,197,,False,60
21820,2021-07-08,1741,2319,1,197,,False,60
21820,2021-07-09,1742,2319,2,197,,False,60
21820,2021-07-11,1744,2318,1,196,,False,60
21820,2021-07-12,1745,2318,2,196,,False,60
21820,2021-07-14,1747,2323,1,194,,False,60
21820,2021-07-15,1748,2323,4,194,,False,60
21820,2021-07-16,1749,2323,5,193,,False,60
21820,2021-07-18,1751,2329,1,193,,False,60
21820,2021-07-20,1753,2337,3,194,,False,60
21820,2021-07-21,1754,2339,1,194,,False,60
21820,2021-07-22,1755,2341,1,193,,False,60
21820,2021-07-23,1756,2344,1,193,,False,60
21820,2021-07-24,1757,2344,1,193,,False,60
21820,2021-07-25,1758,2345,11,195,,False,60
21820,2021-07-26,1759,2348,2,195,,False,60
21820,2021-07-27,1760,2349,4,194,,False,60
21820,2021-07-29,1762,2350,2,194,,False,60
21820,2021-08-01,1765,2353,1,195,,False,60
21820,2021-08-02,1766,2355,4,195,,False,60
21820,2021-08-03,1767,2358,4,197,,False,60
21820,2021-08-04,1768,2359,5,197,,False,60
21820,2021-08-05,1769,2363,2,197,,False,60
21820,2021-08-06,1770,2366,2,197,,False,60
21820,2021-08-08,1772,2368,2,197,,False,60
21820,2021-08-09,1773,2369,2,197,,False,60
21820,2021-08-10,1774,2371,3,197,,False,60
21820,2021-08-11,1775,2372,2,198,,False,60
21820,2021-08-12,1776,2373,1,198,,False,60
21820,2021-08-13,1777,2376,1,198,,False,60
21820,2021-08-16,1780,2375,3,197,,False,60
21820,2021-08-17,1781,2376,8,197,,False,60
21820,2021-08-18,1782,2378,2,199,,False,60
21820,2021-08-19,1783,2382,3,199,,False,60
21820,2021-08-23,1787,2381,1,200,,False,60
21820,2021-08-24,1788,2381,4,200,,False,60
21820,2021-08-25,1789,2384,3,200,,False,60
21820,2021-08-26,1790,2386,1,199,,False,60
21820,2021-08-27,1791,2387,2,199,,False,60
21820,2021-08-30,1794,2392,1,199,,False,60
21820,2021-08-31,1795,2393,2,199,,False,60
21820,2021-09-02,1797,2394,1,199,,False,60
21820,2021-09-04,1799,2394,3,199,,False,60
21820,2021-09-06,1801,2395,3,199,,False,60
21820,2021-09-07,1802,2396,4,200,,False,60
21820,2021-09-08,1803,2398,2,201,,False,60
21820,2021-09-09,1804,2398,3,201,,False,60
21820,2021-09-10,1805,2397,2,201,,False,60
21820,2021-09-11,1806,2398,1,202,,False,60
21820,2021-09-12,1807,2400,2,203,,False,60
21820,2021-09-13,1808,2402,1,203,,False,60
21820,2021-09-14,1809,2404,5,204,,False,60
21820,2021-09-15,1810,2409,4,206,,False,60
21820,2021-09-16,1811,2410,8,205,,False,60
21820,2021-09-17,1812,2412,2,206,,False,60
21820,2021-09-18,1813,2413,9,205,,False,60
21820,2021-09-19,1814,2417,3,206,,False,60
21820,2021-09-20,1815,2419,3,206,,False,60
21820,2021-09-21,1816,2421,1,205,,False,60
21820,2021-09-22,1817,2423,3,205,,False,60
21820,2021-09-23,1818,2425,2,204,,False,60
21820,2021-09-24,1819,2426,1,204,,False,60
21820,2021-09-26,1821,2430,5,204,,False,60
21820,2021-09-27,1822,2432,2,207,,False,60
21820,2021-09-28,1823,2434,2,209,,False,60
21820,2021-09-29,1824,2435,9,209,,False,60
21820,2021-09-30,1825,2437,5,210,,False,60
21820,2021-10-01,1826,2442,5,211,,False,60
21820,2021-10-03,1828,2446,5,212,,False,60
21820,2021-10-04,1829,2446,5,212,,False,60
21820,2021-10-05,1830,2450,6,212,,False,60
21820,2021-10-06,1831,2450,5,211,,False,60
21820,2021-10-07,1832,2451,4,211,,False,60
21820,2021-10-08,1833,2454,6,213,,False,60
21820,2021-10-09,1834,2455,6,213,,False,60
21820,2021-10-10,1835,2460,8,214,,False,60
21820,2021-10-11,1836,2461,5,213,,False,60
21820,2021-10-13,1838,2461,5,211,,False,60
21820,2021-10-14,1839,2463,1,212,,False,60
21820,2021-10-15,1840,2463,1,210,,False,60
21820,2021-10-16,1841,2463,4,210,,False,60
21820,2021-10-17,1842,2467,2,210,,False,60
21820,2021-10-18,1843,2469,3,211,,False,60
21820,2021-10-19,1844,2472,1,212,,False,60
21820,2021-10-20,1845,2479,4,213,,False,60
21820,2021-10-21,1846,2483,4,214,,False,60
21820,2021-10-23,1848,2482,2,214,,False,60
21820,2021-10-24,1849,2484,1,216,,False,60
21820,2021-10-25,1850,2486,2,215,,False,60
21820,2021-10-26,1851,2488,2,215,,False,60
21820,2021-10-27,1852,2489,1,213,,False,60
21820,2021-10-28,1853,2490,5,214,,False,60
21820,2021-10-29,1854,2491,8,215,,False,60
21820,2021-10-30,1855,2494,1,216,,False,60
21820,2021-10-31,1856,2494,3,216,,False,60
21820,2021-11-01,1857,2494,4,216,,False,60
21820,2021-11-02,1858,2496,1,215,,False,60
21820,2021-11-03,1859,2499,2,215,,False,60
21820,2021-11-04,1860,2499,4,215,,False,60
21820,2021-11-05,1861,2500,2,213,,False,60
21820,2021-11-06,1862,2500,1,213,,False,60
21820,2021-11-07,1863,2502,1,213,,False,60
21820,2021-11-08,1864,2503,3,213,,False,60
21820,2021-11-09,1865,2506,1,213,,False,60
21820,2021-11-10,1866,2507,1,214,,False,60
21820,2021-11-13,1869,2510,2,214,,False,60
21820,2021-11-14,1870,2511,1,214,,False,60
21820,2021-11-15,1871,2512,2,214,,False,60
21820,2021-11-16,1872,2512,4,214,,False,60
21820,2021-11-19,1875,2516,4,214,,False,60
21820,2021-11-22,1878,2521,2,213,,False,60
21820,2021-11-23,1879,2522,2,213,,False,60
21820,2021-11-24,1880,2524,1,213,,False,60
21820,2021-11-25,1881,2524,2,212,,False,60
21820,2021-11-26,1882,2524,1,212,,False,60
21820,2021-11-28,1884,2524,1,211,,False,60
21820,2021-11-30,1886,2525,3,210,,False,60
21820,2021-12-01,1887,2528,1,210,,False,60
21820,2021-12-02,1888,2529,2,211,,False,60
21820,2021-12-03,1889,2529,2,211,,False,60
21820,2021-12-05,1891,2530,1,210,,False,60
21820,2021-12-06,1892,2532,4,210,,False,60
21820,2021-12-07,1893,2534,2,210,,False,60
21820,2021-12-09,1895,2536,2,209,,False,60
21820,2021-12-10,1896,2538,1,208,,False,60
21820,2021-12-11,1897,2540,1,208,,False,60
21820,2021-12-12,1898,2542,2,208,,False,60
21820,2021-12-14,1900,2545,1,208,,False,60
21820,2021-12-15,1901,2546,3,208,,False,60
21820,2021-12-17,1903,2550,3,208,,False,60
21820,2021-12-18,1904,2551,1,208,,False,60
21820,2021-12-19,1905,2551,2,208,,False,60
21820,2021-12-20,1906,2551,6,207,,False,60
21820,2021-12-21,1907,2552,12,208,,False,60
21820,2021-12-22,1908,2553,1,207,,False,60
21820,2021-12-23,1909,2555,3,207,,False,60
21820,2021-12-25,1911,2558,3,207,,False,60
21820,2021-12-27,1913,2557,7,207,,False,60
21820,2021-12-28,1914,2558,4,206,,False,60
21820,2021-12-29,1915,2560,1,205,,False,60
21820,2021-12-30,1916,2563,3,204,,False,60
21820,2021-12-31,1917,2571,1,204,,False,60
21820,2022-01-01,1918,2571,6,204,,False,60
21820,2022-01-02,1919,2573,11,206,,False,60
21820,2022-01-03,1920,2574,8,206,,False,60
21820,2022-01-04,1921,2575,3,206,,False,60
21820,2022-01-05,1922,2576,2,205,,False,60
21820,2022-01-06,1923,2580,1,205,,False,60
21820,2022-01-08,1925,2583,2,207,,False,60
21820,2022-01-09,1926,2585,2,206,,False,60
21820,2022-01-10,1927,2586,2,206,,False,60
21820,2022-01-12,1929,2588,1,206,,False,60
21820,2022-01-13,1930,2589,2,206,,False,60
21820,2022-01-14,1931,2589,2,205,,False,60
21820,2022-01-15,1932,2589,8,205,,False,60
21820,2022-01-16,1933,2593,4,205,,False,60
21820,2022-01-17,1934,2596,1,204,,False,60
21820,2022-01-18,1935,2596,4,204,,False,60
21820,2022-01-19,1936,2599,2,205,,False,60
21820,2022-01-21,1938,2601,1,206,,False,60
21820,2022-01-22,1939,2603,2,206,,False,60
21820,2022-01-23,1940,2608,3,207,,False,60
21820,2022-01-26,1943,2609,1,206,,False,60
21820,2022-01-28,1945,2612,3,205,,False,60
21820,2022-01-30,1947,2615,4,205,,False,60
21820,2022-01-31,1948,2615,2,205,,False,60
21820,2022-02-01,1949,2616,2,205,,False,60
21820,2022-02-03,1951,2618,1,205,,False,60
21820,2022-02-04,1952,2616,1,204,,False,60
21820,2022-02-09,1957,2618,4,204,,False,60
21820,2022-02-10,1958,2622,2,205,,False,60
21820,2022-02-11,1959,2622,1,205,,False,60
21820,2022-02-12,1960,2622,1,205,,False,60
21820,2022-02-13,1961,2623,5,205,,False,60
21820,2022-02-15,1963,2628,4,205,,False,60
21820,2022-02-19,1967,2635,5,206,,False,60
21820,2022-02-20,1968,2638,3,206,,False,60
21820,2022-02-21,1969,2640,2,206,,False,60
21820,2022-02-22,1970,2641,2,206,,False,60
21820,2022-02-23,1971,2643,1,207,,False,60
21820,2022-02-24,1972,2643,4,207,,False,60
21820,2022-02-25,1973,2644,3,207,,False,60
21820,2022-02-26,1974,2642,2,207,,False,60
21820,2022-02-27,1975,2644,2,209,,False,60
21820,2022-02-28,1976,2644,2,208,,False,60
21820,2022-03-01,1977,2644,3,208,,False,60
21820,2022-03-02,1978,2650,1,209,,False,60
21820,2022-03-03,1979,2650,2,209,,False,60
21820,2022-03-04,1980,2653,2,209,,False,60
21820,2022-03-05,1981,2655,3,209,,False,60
21820,2022-03-06,1982,2656,3,209,,False,60
21820,2022-03-07,1983,2656,5,209,,False,60
21820,2022-03-08,1984,2656,1,208,,False,60
21820,2022-03-09,1985,2656,4,208,,False,60
21820,2022-03-12,1988,2662,2,208,,False,60
21820,2022-03-14,1990,2666,2,208,,False,60
21820,2022-03-17,1993,2667,1,208,,False,60
21820,2022-03-19,1995,2669,2,208,,False,60
21820,2022-03-21,1997,2670,2,208,,False,60
21820,2022-03-22,1998,2671,2,208,,False,60
21820,2022-03-23,1999,2672,2,208,,False,60
21820,2022-03-24,2000,2673,3,207,,False,60
21820,2022-03-26,2002,2679,2,208,,False,60
21820,2022-03-27,2003,2683,2,208,,False,60
21820,2022-03-29,2005,2684,2,210,,False,60
21820,2022-03-31,2007,2688,1,210,,False,60
21820,2022-04-01,2008,2689,3,210,,False,60
21820,2022-04-02,2009,2691,1,209,,False,60
21820,2022-04-03,2010,2693,1,209,,False,60
21820,2022-04-04,2011,2693,1,209,,False,60
21820,2022-04-05,2012,2695,3,210,,False,60
21820,2022-04-06,2013,2695,1,210,,False,60
21820,2022-04-07,2014,2694,2,210,,False,60
21820,2022-04-08,2015,2694,4,209,,False,60
21820,2022-04-10,2017,2696,1,208,,False,60
21820,2022-04-11,2018,2697,1,208,,False,60
21820,2022-04-12,2019,2697,2,208,,False,60
21820,2022-04-13,2020,2698,4,208,,False,60
21820,2022-04-14,2021,2699,3,208,,False,60
21820,2022-04-15,2022,2701,1,207,,False,60
21820,2022-04-16,2023,2702,3,208,,False,60
21820,2022-04-17,2024,2702,10,208,,False,60
21820,2022-04-18,2025,2703,3,208,,False,60
21820,2022-04-19,2026,2704,3,209,,False,60
21820,2022-04-21,2028,2705,4,209,,False,60
21820,2022-04-22,2029,2707,1,210,,False,60
21820,2022-04-24,2031,2709,6,210,,False,60
21820,2022-04-26,2033,2713,2,211,,False,60
21820,2022-04-27,2034,2715,4,211,,False,60
21820,2022-04-28,2035,2716,4,211,,False,60
21820,2022-04-29,2036,2716,4,211,,False,60
21820,2022-04-30,2037,2718,4,211,,False,60
21820,2022-05-01,2038,2719,5,210,,False,60
21820,2022-05-02,2039,2721,2,210,,False,60
21820,2022-05-03,2040,2721,1,210,,False,60
21820,2022-05-04,2041,2721,1,210,,False,60
21820,2022-05-05,2042,2722,1,209,,False,60
21820,2022-05-08,2045,2726,2,209,,False,60
21820,2022-05-09,2046,2728,2,209,,False,60
21820,2022-05-11,2048,2730,1,209,,False,60
21820,2022-05-12,2049,2730,1,209,,False,60
21820,2022-05-13,2050,2731,2,209,,False,60
21820,2022-05-14,2051,2731,2,209,,False,60
21820,2022-05-15,2052,2733,1,209,,False,60
21820,2022-05-16,2053,2734,1,209,,False,60
21820,2022-05-17,2054,2738,4,209,,False,60
21820,2022-05-18,2055,2739,4,210,,False,60
21820,2022-05-19,2056,2742,1,209,,False,60
21820,2022-05-20,2057,2742,2,209,,False,60
21820,2022-05-21,2058,2742,1,209,,False,60
21820,2022-05-24,2061,2743,2,210,,False,60
21820,2022-05-25,2062,2743,2,210,,False,60
21820,2022-05-26,2063,2747,2,211,,False,60
21820,2022-05-27,2064,2747,2,211,,False,60
21820,2022-05-28,2065,2748,2,212,,False,60
21820,2022-05-29,2066,2753,3,214,,False,60
21820,2022-05-30,2067,2755,10,215,,False,60
21820,2022-05-31,2068,2757,6,215,,False,60
21820,2022-06-01,2069,2757,9,215,,False,60
21820,2022-06-02,2070,2763,9,216,,False,60
21820,2022-06-04,2072,2764,1,216,,False,60
21820,2022-06-05,2073,2764,3,216,,False,60
21820,2022-06-06,2074,2764,4,216,,False,60
21820,2022-06-07,2075,2766,2,216,,False,60
21820,2022-06-08,2076,2768,1,214,,False,60
21820,2022-06-09,2077,2769,3,214,,False,60
21820,2022-06-10,2078,2772,9,215,,False,60
21820,2022-06-11,2079,2774,1,214,,False,60
21820,2022-06-12,2080,2773,1,215,,False,60
21820,2022-06-13,2081,2773,5,215,,False,60
21820,2022-06-14,2082,2774,1,214,,False,60
21820,2022-06-15,2083,2775,1,214,,False,60
21820,2022-06-18,2086,2782,1,214,,False,60
21820,2022-06-19,2087,2782,2,215,,False,60
21820,2022-06-20,2088,2785,2,215,,False,60
21820,2022-06-21,2089,2788,3,215,,False,60
21820,2022-06-22,2090,2789,1,215,,False,60
21820,2022-06-23,2091,2789,2,215,,False,60
21820,2022-06-24,2092,2793,1,215,,False,60
21820,2022-06-25,2093,2796,3,215,,False,60
21820,2022-06-27,2095,2799,2,215,,False,60
21820,2022-06-29,2097,2804,1,215,,False,60
21820,2022-07-01,2099,2802,1,216,,False,60
21820,2022-07-02,2100,2807,1,217,,False,60
21820,2022-07-03,2101,2807,2,217,,False,60
21820,2022-07-05,2103,2808,1,217,,False,60
21820,2022-07-06,2104,2812,2,217,,False,60
21820,2022-07-07,2105,2816,1,219,,False,60
21820,2022-07-08,2106,2816,1,219,,False,60
21820,2022-07-13,2111,2819,2,218,,False,60
21820,2022-07-14,2112,2821,1,218,,False,60
21820,2022-07-17,2115,2818,4,218,,False,60
21820,2022-07-18,2116,2820,2,219,,False,60
21820,2022-07-19,2117,2820,2,219,,False,60
21820,2022-07-21,2119,2828,1,219,,False,60
21820,2022-07-22,2120,2828,1,219,,False,60
21820,2022-07-23,2121,2830,2,219,,False,60
21820,2022-07-24,2122,2831,2,219,,False,60
21820,2022-07-25,2123,2835,1,220,,False,60
21820,2022-07-26,2124,2835,1,221,,False,60
21820,2022-07-27,2125,2835,1,221,,False,60
21820,2022-07-28,2126,2835,2,221,,False,60
21820,2022-07-30,2128,2835,2,221,,False,60
21820,2022-07-31,2129,2835,2,221,,False,60
21820,2022-08-01,2130,2837,3,223,,False,60
21820,2022-08-02,2131,2842,2,223,,False,60
21820,2022-08-03,2132,2843,1,223,,False,60
21820,2022-08-04,2133,2844,1,223,,False,60
21820,2022-08-05,2134,2844,6,223,,False,60
21820,2022-08-06,2135,2846,3,223,,False,60
21820,2022-08-07,2136,2851,2,223,,False,60
21820,2022-08-08,2137,2853,1,224,,False,60
21820,2022-08-09,2138,2855,6,224,,False,60
21820,2022-08-10,2139,2855,2,224,,False,60
21820,2022-08-12,2141,2856,2,223,,False,60
21820,2022-08-14,2143,2858,3,223,,False,60
21820,2022-08-15,2144,2859,2,223,,False,60
21820,2022-08-17,2146,2860,1,223,,False,60
21820,2022-08-18,2147,2862,1,223,,False,60
21820,2022-08-19,2148,2862,1,223,,False,60
21820,2022-08-20,2149,2863,1,223,,False,60
21820,2022-08-21,2150,2863,2,221,,False,60
21820,2022-08-22,2151,2864,2,222,,False,60
21820,2022-08-23,2152,2865,1,222,,False,60
21820,2022-08-25,2154,2865,1,222,,False,60
21820,2022-08-26,2155,2866,8,222,,False,60
21820,2022-08-27,2156,2868,8,224,,False,60
21820,2022-08-29,2158,2869,2,225,,False,60
21820,2022-09-03,2163,2870,1,226,,False,60
21820,2022-09-05,2165,2871,1,225,,False,60
21820,2022-09-08,2168,2876,1,227,,False,60
21820,2022-09-09,2169,2877,1,227,,False,60
21820,2022-09-10,2170,2876,1,227,,False,60
21820,2022-09-11,2171,2879,1,227,,False,60
21820,2022-09-13,2173,2880,4,227,,False,60
21820,2022-09-15,2175,2882,5,228,,False,60
21820,2022-09-16,2176,2885,7,228,,False,60
21820,2022-09-17,2177,2891,1,228,,False,60
21820,2022-09-18,2178,2891,3,228,,False,60
21820,2022-09-19,2179,2894,1,228,,False,60
21820,2022-09-20,2180,2894,3,228,,False,60
21820,2022-09-21,2181,2896,1,228,,False,60
21820,2022-09-23,2183,2897,2,228,,False,60
21820,2022-09-24,2184,2901,1,229,,False,60
21820,2022-09-25,2185,2900,4,230,,False,60
21820,2022-09-26,2186,2903,2,230,,False,60
21820,2022-09-27,2187,2904,1,231,,False,60
21820,2022-09-28,2188,2904,1,231,,False,60
21820,2022-09-29,2189,2906,2,230,,False,60
21820,2022-10-02,2192,2906,1,230,,False,60
21820,2022-10-06,2196,2912,1,230,,False,60
21820,2022-10-07,2197,2916,1,231,,False,60
21820,2022-10-08,2198,2917,1,231,,False,60
21820,2022-10-09,2199,2920,3,231,,False,60
21820,2022-10-10,2200,2923,2,231,,False,60
21820,2022-10-12,2202,2925,1,231,,False,60
21820,2022-10-13,2203,2927,2,230,,False,60
21820,2022-10-16,2206,2930,2,230,,False,60
21820,2022-10-18,2208,2929,3,230,,False,60
21820,2022-10-20,2210,2928,2,230,,False,60
21820,2022-10-21,2211,2928,1,230,,False,60
21820,2022-10-23,2213,2930,2,230,,False,60
21820,2022-10-24,2214,2931,3,230,,False,60
21820,2022-10-25,2215,2934,2,230,,False,60
21820,2022-10-26,2216,2936,1,229,,False,60
21820,2022-10-30,2220,2939,3,229,,False,60
21820,2022-10-31,2221,2941,2,229,,False,60
21820,2022-11-01,2222,2942,6,229,,False,60
21820,2022-11-03,2224,2945,1,228,,False,60
21820,2022-11-04,2225,2946,1,228,,False,60
21820,2022-11-05,2226,2947,1,229,,False,60
21820,2022-11-06,2227,2947,2,228,,False,60
21820,2022-11-08,2229,2949,1,228,,False,60
21820,2022-11-09,2230,2948,1,228,,False,60
21820,2022-11-10,2231,2948,2,228,,False,60
21820,2022-11-11,2232,2950,2,228,,False,60
21820,2022-11-14,2235,2953,1,228,,False,60
21820,2022-11-16,2237,2956,1,228,,False,60
21820,2022-11-18,2239,2959,1,228,,False,60
21820,2022-11-19,2240,2960,1,229,,False,60
21820,2022-11-20,2241,2960,3,229,,False,60
21820,2022-11-21,2242,2962,2,232,,False,60
21820,2022-11-22,2243,2962,2,232,,False,60
21820,2022-11-23,2244,2964,1,231,,False,60
21820,2022-11-26,2247,2966,1,230,,False,60
21820,2022-11-30,2251,2968,2,229,,False,60
21820,2022-12-01,2252,2970,1,230,,False,60
21820,2022-12-04,2255,2970,1,230,,False,60
21820,2022-12-05,2256,2971,3,230,,False,60
21820,2022-12-06,2257,2975,1,230,,False,60
21820,2022-12-14,2265,2977,2,231,,False,60
21820,2022-12-15,2266,2979,1,231,,False,60
21820,2022-12-16,2267,2980,3,231,,False,60
21820,2022-12-17,2268,2984,1,231,,False,60
21820,2022-12-18,2269,2984,1,231,,False,60
21820,2022-12-19,2270,2985,1,231,,False,60
21820,2022-12-20,2271,2989,1,231,,False,60
21820,2022-12-22,2273,2989,2,231,,False,60
21820,2022-12-23,2274,2991,2,231,,False,60
21820,2022-12-24,2275,2994,2,231,,False,60
21820,2022-12-25,2276,2995,2,232,,False,60
21820,2022-12-27,2278,2994,1,231,,False,60
21820,2022-12-28,2279,2996,1,232,,False,60
21820,2022-12-29,2280,2996,4,232,,False,60
21820,2022-12-30,2281,2997,5,233,,False,60
21820,2022-12-31,2282,3000,4,233,,False,60
21820,2023-01-01,2283,3004,2,233,,False,60
21820,2023-01-02,2284,3003,3,233,,False,60
21820,2023-01-03,2285,3006,1,235,,False,60
21820,2023-01-04,2286,3004,2,236,,False,60
21820,2023-01-05,2287,3003,2,236,,False,60
21820,2023-01-07,2289,3010,1,236,,False,60
21820,2023-01-08,2290,3010,4,236,,False,60
21820,2023-01-09,2291,3013,3,238,,False,60
21820,2023-01-10,2292,3014,5,238,,False,60
21820,2023-01-12,2294,3017,3,240,,False,60
21820,2023-01-13,2295,3018,2,240,,False,60
21820,2023-01-14,2296,3018,11,240,,False,60
21820,2023-01-15,2297,3021,4,239,,False,60
21820,2023-01-16,2298,3021,2,239,,False,60
21820,2023-01-17,2299,3025,3,239,,False,60
21820,2023-01-19,2301,3027,2,238,,False,60
21820,2023-01-20,2302,3028,6,240,,False,60
21820,2023-01-21,2303,3031,4,241,,False,60
21820,2023-01-22,2304,3030,1,241,,False,60
21820,2023-01-23,2305,3029,4,243,,False,60
21820,2023-01-24,2306,3030,7,243,,False,60
21820,2023-01-25,2307,3034,2,243,,False,60
21820,2023-01-26,2308,3036,2,243,,False,60
21820,2023-01-27,2309,3034,3,243,,False,60
21820,2023-01-28,2310,3035,2,244,,False,60
21820,2023-01-29,2311,3038,2,244,,False,60
21820,2023-01-30,2312,3037,2,242,,False,60
21820,2023-01-31,2313,3038,1,242,,False,60
21820,2023-02-04,2317,3039,3,243,,False,60
21820,2023-02-06,2319,3042,2,243,,False,60
21820,2023-02-07,2320,3045,2,243,,False,60
21820,2023-02-08,2321,3046,1,243,,False,60
21820,2023-02-09,2322,3046,2,243,,False,60
21820,2023-02-10,2323,3052,1,244,,False,60
21820,2023-02-11,2324,3053,1,245,,False,60
21820,2023-02-12,2325,3055,2,245,,False,60
21820,2023-02-13,2326,3055,2,245,,False,60
21820,2023-02-14,2327,3055,1,245,,False,60
21820,2023-02-15,2328,3056,4,246,,False,60
21820,2023-02-16,2329,3058,1,246,,False,60
21820,2023-02-18,2331,3059,1,247,,False,60
21820,2023-02-20,2333,3061,5,248,,False,60
21820,2023-02-21,2334,3060,2,248,,False,60
21820,2023-02-26,2339,3060,4,249,,False,60
21820,2023-02-27,2340,3062,2,249,,False,60
21820,2023-02-28,2341,3066,2,249,,False,60
21820,2023-03-02,2343,3065,4,248,,False,60
21820,2023-03-03,2344,3066,1,248,,False,60
21820,2023-03-04,2345,3067,3,248,,False,60
21820,2023-03-06,2347,3068,1,248,,False,60
21820,2023-03-07,2348,3068,5,249,,False,60
21820,2023-03-08,2349,3073,4,250,,False,60
21820,2023-03-09,2350,3073,4,250,,False,60
21820,2023-03-10,2351,3074,3,250,,False,60
21820,2023-03-11,2352,3078,6,251,,False,60
21820,2023-03-12,2353,3079,12,251,,False,60
21820,2023-03-13,2354,3081,7,252,,False,60
21820,2023-03-14,2355,3083,12,252,,False,60
21820,2023-03-15,2356,3087,4,251,,False,60
21820,2023-03-16,2357,3089,7,252,,False,60
21820,2023-03-17,2358,3090,10,251,,False,60
21820,2023-03-18,2359,3091,3,251,,False,60
21820,2023-03-19,2360,3091,2,250,,False,60
21820,2023-03-20,2361,3091,3,250,,False,60
21820,2023-03-21,2362,3093,10,250,,False,60
21820,2023-03-22,2363,3094,2,252,,False,60
21820,2023-03-23,2364,3094,4,252,,False,60
21820,2023-03-24,2365,3096,3,252,,False,60
21820,2023-03-25,2366,3097,3,252,,False,60
21820,2023-03-26,2367,3099,4,252,,False,60
21820,2023-03-27,2368,3100,9,253,,False,60
21820,2023-03-28,2369,3102,3,253,,False,60
21820,2023-03-29,2370,3105,4,253,,False,60
21820,2023-03-30,2371,3108,5,254,,False,60
21820,2023-03-31,2372,3109,9,254,,False,60
21820,2023-04-01,2373,3108,5,255,,False,60
21820,2023-04-02,2374,3110,10,255,,False,60
21820,2023-04-03,2375,3114,5,256,,False,60
21820,2023-04-04,2376,3113,4,255,,False,60
21820,2023-04-05,2377,3115,3,256,,False,60
21820,2023-04-06,2378,3113,1,256,,False,60
21820,2023-04-08,2380,3115,1,255,,False,60
21820,2023-04-09,2381,3117,2,255,,False,60
21820,2023-04-11,2383,3118,2,256,,False,60
21820,2023-04-12,2384,3119,4,256,,False,60
21820,2023-04-13,2385,3121,1,256,,False,60
21820,2023-04-14,2386,3122,1,256,,False,60
21820,2023-04-16,2388,3126,2,256,,False,60
21820,2023-04-18,2390,3127,6,256,,False,60
21820,2023-04-19,2391,3130,1,257,,False,60
21820,2023-04-20,2392,3133,7,257,,False,60
21820,2023-04-22,2394,3139,2,257,,False,60
21820,2023-04-23,2395,3141,2,257,,False,60
21820,2023-04-24,2396,3141,4,257,,False,60
21820,2023-04-25,2397,3140,4,257,,False,60
21820,2023-04-26,2398,3141,4,258,,False,60
21820,2023-04-27,2399,3142,5,259,,False,60
21820,2023-04-28,2400,3143,4,260,,False,60
21820,2023-04-29,2401,3143,7,260,,False,60
21820,2023-04-30,2402,3143,2,259,,False,60
21820,2023-05-01,2403,3145,3,258,,False,60
21820,2023-05-02,2404,3147,3,258,,False,60
21820,2023-05-03,2405,3147,4,258,,False,60
21820,2023-05-04,2406,3148,2,258,,False,60
21820,2023-05-05,2407,3148,4,258,,False,60
21820,2023-05-06,2408,3149,3,259,,False,60
21820,2023-05-07,2409,3149,3,259,,False,60
21820,2023-05-08,2410,3151,4,259,,False,60
21820,2023-05-09,2411,3152,3,259,,False,60
21820,2023-05-10,2412,3152,4,257,,False,60
21820,2023-05-11,2413,3152,3,257,,False,60
21820,2023-05-12,2414,3155,3,257,,False,60
21820,2023-05-13,2415,3155,5,257,,False,60
21820,2023-05-14,2416,3166,2,257,,False,60
21820,2023-05-15,2417,3181,3,257,,False,60
21820,2023-05-16,2418,3184,3,257,,False,60
21820,2023-05-17,2419,3186,1,257,,False,60
21820,2023-05-19,2421,3190,3,257,,False,60
21820,2023-05-20,2422,3190,1,256,,False,60
21820,2023-05-21,2423,3197,2,256,,False,60
21820,2023-05-22,2424,3199,1,256,,False,60
21820,2023-05-23,2425,3202,1,256,,False,60
21820,2023-05-24,2426,3203,4,258,,False,60
21820,2023-05-25,2427,3204,1,258,,False,60
21820,2023-05-26,2428,3206,2,258,,False,60
21820,2023-05-27,2429,3207,2,258,,False,60
21820,2023-05-29,2431,3213,2,258,,False,60
21820,2023-05-30,2432,3217,2,259,,False,60
21820,2023-05-31,2433,3218,4,259,,False,60
21820,2023-06-01,2434,3221,4,259,,False,60
21820,2023-06-03,2436,3221,1,260,,False,60
21820,2023-06-05,2438,3223,2,260,,False,60
21820,2023-06-06,2439,3223,1,261,,False,60
21820,2023-06-08,2441,3229,1,262,,False,60
21820,2023-06-09,2442,3230,1,262,,False,60
21820,2023-06-10,2443,3231,1,263,,False,60
21820,2023-06-12,2445,3231,1,262,,False,60
21820,2023-06-14,2447,3233,2,263,,False,60
21820,2023-06-15,2448,3235,2,264,,False,60
21820,2023-06-16,2449,3237,3,264,,False,60
21820,2023-06-17,2450,3236,1,264,,False,60
21820,2023-06-19,2452,3236,1,264,,False,60
21820,2023-06-22,2455,3238,1,264,,False,60
21820,2023-06-24,2457,3241,4,265,,False,60
21820,2023-06-25,2458,3240,2,265,,False,60
21820,2023-06-26,2459,3240,3,265,,False,60
21820,2023-06-27,2460,3243,4,266,,False,60
21820,2023-06-28,2461,3246,1,267,,False,60
21820,2023-06-29,2462,3245,3,267,,False,60
21820,2023-06-30,2463,3247,2,268,,False,60
21820,2023-07-01,2464,3249,2,268,,False,60
21820,2023-07-02,2465,3250,3,268,,False,60
21820,2023-07-03,2466,3254,5,267,,False,60
21820,2023-07-05,2468,3258,2,269,,False,60
21820,2023-07-06,2469,3260,3,269,,False,60
21820,2023-07-07,2470,3261,2,269,,False,60
21820,2023-07-08,2471,3263,1,269,,False,60
21820,2023-07-09,2472,3265,4,270,,False,60
21820,2023-07-10,2473,3266,5,270,,False,60
21820,2023-07-11,2474,3268,2,270,,False,60
21820,2023-07-12,2475,3270,1,270,,False,60
21820,2023-07-14,2477,3271,2,270,,False,60
21820,2023-07-16,2479,3274,2,270,,False,60
21820,2023-07-17,2480,3274,5,270,,False,60
21820,2023-07-19,2482,3279,1,270,,False,60
21820,2023-07-20,2483,3279,4,270,,False,60
21820,2023-07-23,2486,3281,6,271,,False,60
21820,2023-07-24,2487,3282,1,271,,False,60
21820,2023-07-25,2488,3287,4,271,,False,60
21820,2023-07-26,2489,3287,5,271,,False,60
21820,2023-07-27,2490,3290,5,271,,False,60
21820,2023-07-28,2491,3296,3,270,,False,60
21820,2023-07-29,2492,3296,1,270,,False,60
21820,2023-07-30,2493,3299,1,270,,False,60
21820,2023-07-31,2494,3299,4,270,,False,60
21820,2023-08-01,2495,3303,1,270,,False,60
21820,2023-08-02,2496,3303,3,270,,False,60
21820,2023-08-05,2499,3306,1,271,,False,60
21820,2023-08-07,2501,3309,2,273,,False,60
21820,2023-08-11,2505,3313,3,271,,False,60
21820,2023-08-14,2508,3317,1,271,,False,60
21820,2023-08-15,2509,3320,2,272,,False,60
21820,2023-08-16,2510,3321,2,272,,False,60
21820,2023-08-17,2511,3320,4,272,,False,60
21820,2023-08-19,2513,3323,2,273,,False,60
21820,2023-08-20,2514,3323,2,273,,False,60
21820,2023-08-22,2516,3322,5,273,,False,60
21820,2023-08-23,2517,3322,3,272,,False,60
21820,2023-08-24,2518,3324,1,272,,False,60
21820,2023-08-25,2519,3325,4,272,,False,60
21820,2023-08-26,2520,3326,1,272,,False,60
21820,2023-08-28,2522,3327,2,273,,False,60
21820,2023-08-29,2523,3330,3,273,,False,60
21820,2023-08-30,2524,3329,3,273,,False,60
21820,2023-08-31,2525,3332,2,273,,False,60
21820,2023-09-01,2526,3334,1,273,,False,60
21820,2023-09-02,2527,3335,1,273,,False,60
21820,2023-09-03,2528,3336,4,273,,False,60
21820,2023-09-04,2529,3336,1,273,,False,60
21820,2023-09-06,2531,3337,3,273,,False,60
21820,2023-09-07,2532,3338,1,273,,False,60
21820,2023-09-08,2533,3339,3,273,,False,60
21820,2023-09-11,2536,3341,2,273,,False,60
21820,2023-09-14,2539,3344,2,273,,False,60
21820,2023-09-15,2540,3345,2,273,,False,60
21820,2023-09-16,2541,3348,2,273,,False,60
21820,2023-09-17,2542,3350,5,274,,False,60
21820,2023-09-18,2543,3350,4,274,,False,60
21820,2023-09-19,2544,3353,5,274,,False,60
21820,2023-09-20,2545,3355,4,274,,False,60
21820,2023-09-21,2546,3355,2,274,,False,60
21820,2023-09-22,2547,3354,2,274,,False,60
21820,2023-09-23,2548,3356,2,274,,False,60
21820,2023-09-24,2549,3356,2,274,,False,60
21820,2023-09-25,2550,3356,2,274,,False,60
21820,2023-09-26,2551,3355,1,274,,False,60
21820,2023-09-27,2552,3356,1,274,,False,60
21820,2023-09-28,2553,3357,2,274,,False,60
21820,2023-09-29,2554,3357,5,274,,False,60
21820,2023-09-30,2555,3359,3,274,,False,60
21820,2023-10-01,2556,3362,1,273,,False,60
21820,2023-10-02,2557,3363,4,273,,False,60
21820,2023-10-03,2558,3366,3,273,,False,60
21820,2023-10-04,2559,3369,2,273,,False,60
21820,2023-10-05,2560,3370,2,273,,False,60
21820,2023-10-06,2561,3375,2,273,,False,60
21820,2023-10-07,2562,3378,2,273,,False,60
21820,2023-10-08,2563,3379,1,272,,False,60
21820,2023-10-11,2566,3381,1,272,,False,60
21820,2023-10-12,2567,3383,2,272,,False,60
21820,2023-10-15,2570,3384,5,272,,False,60
21820,2023-10-16,2571,3386,1,272,,False,60
21820,2023-10-17,2572,3387,4,272,,False,60
21820,2023-10-18,2573,3389,1,272,,False,60
21820,2023-10-19,2574,3389,3,272,,False,60
21820,2023-10-20,2575,3389,1,272,,False,60
21820,2023-10-21,2576,3389,1,271,,False,60
21820,2023-10-22,2577,3391,2,271,,False,60
21820,2023-10-23,2578,3391,1,271,,False,60
21820,2023-10-25,2580,3389,2,271,,False,60
21820,2023-10-28,2583,3392,1,272,,False,60
21820,2023-10-31,2586,3394,1,273,,False,60
21820,2023-11-01,2587,3394,3,273,,False,60
21820,2023-11-04,2590,3398,3,273,,False,60
21820,2023-11-06,2592,3399,2,273,,False,60
21820,2023-11-07,2593,3401,1,273,,False,60
21820,2023-11-08,2594,3403,1,273,,False,60
21820,2023-11-09,2595,3404,3,273,,False,60
21820,2023-11-10,2596,3403,1,273,,False,60
21820,2023-11-12,2598,3405,2,273,,False,60
21820,2023-11-13,2599,3407,3,273,,False,60
21820,2023-11-15,2601,3411,2,275,,False,60
21820,2023-11-16,2602,3411,6,275,,False,60
21820,2023-11-17,2603,3412,5,276,,False,60
21820,2023-11-18,2604,3412,1,276,,False,60
21820,2023-11-19,2605,3413,2,277,,False,60
21820,2023-11-21,2607,3412,3,277,,False,60
21820,2023-11-22,2608,3414,3,277,,False,60
21820,2023-11-24,2610,3415,1,279,,False,60
21820,2023-11-25,2611,3418,1,280,,False,60
21820,2023-11-26,2612,3418,2,280,,False,60
21820,2023-11-28,2614,3420,1,279,,False,60
21820,2023-11-30,2616,3420,1,279,,False,60
21820,2023-12-01,2617,3423,1,280,,False,60
21820,2023-12-02,2618,3423,3,279,,False,60
21820,2023-12-04,2620,3423,1,278,,False,60
21820,2023-12-05,2621,3424,3,278,,False,60
21820,2023-12-06,2622,3426,2,278,,False,60
21820,2023-12-10,2626,3431,4,278,,False,60
21820,2023-12-11,2627,3431,1,276,,False,60
21820,2023-12-12,2628,3433,4,276,,False,60
21820,2023-12-13,2629,3433,1,277,,False,60
21820,2023-12-14,2630,3434,3,277,,False,60
21820,2023-12-18,2634,3438,3,278,,False,60
21820,2023-12-20,2636,3439,2,278,,False,60
21820,2023-12-22,2638,3439,1,277,,False,60
21820,2023-12-23,2639,3439,2,277,,False,60
21820,2023-12-24,2640,3440,1,277,,False,60
21820,2023-12-25,2641,3441,2,277,,False,60
21820,2023-12-27,2643,3443,1,278,,False,60
21820,2023-12-29,2645,3446,1,278,,False,60
21820,2023-12-30,2646,3447,2,278,,False,60
21820,2024-01-02,2649,3447,1,279,,False,60
21820,2024-01-05,2652,3447,1,279,,False,60
21820,2024-01-06,2653,3448,1,279,,False,60
21820,2024-01-07,2654,3449,1,279,,False,60
21820,2024-01-08,2655,3451,1,280,,False,60
21820,2024-01-14,2661,3455,1,281,,False,60
21820,2024-01-15,2662,3456,1,281,,False,60
21820,2024-01-16,2663,3455,1,281,,False,60
21820,2024-01-17,2664,3458,1,282,,False,60
21820,2024-01-18,2665,3458,5,282,,False,60
21820,2024-01-21,2668,3462,2,282,,False,60
21820,2024-01-22,2669,3463,1,283,,False,60
21820,2024-01-23,2670,3464,1,283,,False,60
21820,2024-01-24,2671,3466,2,283,,False,60
21820,2024-01-28,2675,3472,1,285,,False,60
21820,2024-01-29,2676,3472,2,285,,False,60
21820,2024-01-30,2677,3472,5,285,,False,60
21820,2024-02-01,2679,3472,4,285,,False,60
21820,2024-02-03,2681,3477,1,286,,False,60
21820,2024-02-04,2682,3478,4,286,,False,60
21820,2024-02-05,2683,3481,2,286,,False,60
21820,2024-02-06,2684,3481,4,285,,False,60
21820,2024-02-07,2685,3481,1,285,,False,60
21820,2024-02-08,2686,3481,1,285,,False,60
21820,2024-02-09,2687,3482,2,285,,False,60
21820,2024-02-10,2688,3484,3,284,,False,60
21820,2024-02-12,2690,3486,4,284,,False,60
21820,2024-02-13,2691,3492,2,285,,False,60
21820,2024-02-14,2692,3492,1,285,,False,60
21820,2024-02-15,2693,3493,5,286,,False,60
21820,2024-02-18,2696,3494,1,285,,False,60
21820,2024-02-23,2701,3498,1,285,,False,60
21820,2024-02-24,2702,3497,2,285,,False,60
21820,2024-02-25,2703,3497,2,285,,False,60
21820,2024-02-26,2704,3498,2,285,,False,60
21820,2024-02-27,2705,3499,2,285,,False,60
21820,2024-03-02,2709,3498,1,285,,False,60
21820,2024-03-03,2710,3499,4,286,,False,60
21820,2024-03-06,2713,3503,7,287,,False,60
21820,2024-03-07,2714,3507,3,287,,False,60
21820,2024-03-08,2715,3508,3,288,,False,60
21820,2024-03-09,2716,3510,2,288,,False,60
21820,2024-03-10,2717,3509,3,288,,False,60
21820,2024-03-11,2718,3509,2,288,,False,60
21820,2024-03-12,2719,3510,1,289,,False,60
21820,2024-03-14,2721,3515,2,290,,False,60
21820,2024-03-15,2722,3518,1,290,,False,60
21820,2024-03-17,2724,3520,3,290,,False,60
21820,2024-03-18,2725,3521,1,290,,False,60
21820,2024-03-19,2726,3523,1,290,,False,60
21820,2024-03-20,2727,3523,1,290,,False,60
21820,2024-03-22,2729,3526,1,290,,False,60
21820,2024-03-24,2731,3527,2,290,,False,60
21820,2024-03-25,2732,3527,1,290,,False,60
21820,2024-03-26,2733,3527,1,292,,False,60
21820,2024-03-28,2735,3528,2,292,,False,60
21820,2024-03-30,2737,3530,1,292,,False,60
21820,2024-03-31,2738,3532,4,292,,False,60
21820,2024-04-01,2739,3534,1,292,,False,60
21820,2024-04-02,2740,3536,1,293,,False,60
21820,2024-04-03,2741,3535,1,293,,False,60
21820,2024-04-04,2742,3535,1,293,,False,60
21820,2024-04-05,2743,3534,1,293,,False,60
21820,2024-04-06,2744,3534,8,293,,False,60
21820,2024-04-07,2745,3536,2,292,,False,60
21820,2024-04-08,2746,3536,4,292,,False,60
21820,2024-04-10,2748,3544,4,292,,False,60
21820,2024-04-13,2751,3548,2,293,,False,60
21820,2024-04-14,2752,3549,2,293,,False,60
21820,2024-04-15,2753,3550,2,293,,False,60
21820,2024-04-16,2754,3550,1,293,,False,60
21820,2024-04-17,2755,3550,2,293,,False,60
21820,2024-04-18,2756,3550,1,293,,False,60
21820,2024-04-19,2757,3551,4,293,,False,60
21820,2024-04-21,2759,3554,1,293,,False,60
21820,2024-04-23,2761,3554,1,293,,False,60
21820,2024-04-25,2763,3555,6,293,,False,60
21820,2024-04-26,2764,3555,1,293,,False,60
21820,2024-04-27,2765,3557,4,293,,False,60
21820,2024-04-28,2766,3558,3,292,,False,60
21820,2024-04-29,2767,3559,2,291,,False,60
21820,2024-04-30,2768,3558,1,291,,False,60
21820,2024-05-01,2769,3561,1,291,,False,60
21820,2024-05-02,2770,3561,2,291,,False,60
21820,2024-05-03,2771,3563,2,291,,False,60
21820,2024-05-05,2773,3565,2,292,,False,60
21820,2024-05-07,2775,3568,2,291,,False,60
21820,2024-05-08,2776,3570,2,291,,False,60
21820,2024-05-10,2778,3570,4,291,,False,60
21820,2024-05-12,2780,3570,2,290,,False,60
21820,2024-05-13,2781,3570,5,288,,False,60
21820,2024-05-14,2782,3575,1,288,,False,60
21820,2024-05-24,2792,3577,2,287,,False,60
21820,2024-05-25,2793,3579,1,287,,False,60
21820,2024-05-27,2795,3582,1,287,,False,60
21820,2024-05-30,2798,3584,2,287,,False,60
21820,2024-05-31,2799,3588,1,287,,False,60
21820,2024-06-01,2800,3587,1,287,,False,60
21820,2024-06-02,2801,3590,2,287,,False,60
21820,2024-06-03,2802,3592,1,287,,False,60
21820,2024-06-06,2805,3595,1,287,,False,60
21820,2024-06-07,2806,3597,1,286,,False,60
21820,2024-06-10,2809,3598,1,286,,False,60
21820,2024-06-12,2811,3601,1,286,,False,60
21820,2024-06-13,2812,3602,1,286,,False,60
21820,2024-06-16,2815,3605,1,287,,False,60
21820,2024-06-17,2816,3604,2,286,,False,60
21820,2024-06-21,2820,3607,2,286,,False,60
21820,2024-06-22,2821,3609,1,286,,False,60
21820,2024-06-23,2822,3611,2,286,,False,60
21820,2024-06-24,2823,3612,4,285,,False,60
21820,2024-06-26,2825,3615,1,285,,False,60
21820,2024-06-27,2826,3616,2,285,,False,60
21820,2024-06-29,2828,3617,1,285,,False,60
21820,2024-06-30,2829,3618,1,285,,False,60
21820,2024-07-01,2830,3620,4,286,,False,60
21820,2024-07-03,2832,3626,1,287,,False,60
21820,2024-07-05,2834,3627,2,287,,False,60
21820,2024-07-09,2838,3631,1,287,,False,60
21820,2024-07-13,2842,3634,1,287,,False,60
21820,2024-07-14,2843,3634,3,287,,False,60
21820,2024-07-15,2844,3639,2,289,,False,60
21820,2024-07-16,2845,3639,2,289,,False,60
21820,2024-07-17,2846,3640,4,289,,False,60
21820,2024-07-18,2847,3641,2,289,,False,60
21820,2024-07-19,2848,3641,1,290,,False,60
21820,2024-07-20,2849,3643,4,290,,False,60
21820,2024-07-21,2850,3645,1,291,,False,60
21820,2024-07-22,2851,3646,2,291,,False,60
21820,2024-07-23,2852,3646,3,291,,False,60
21820,2024-07-25,2854,3649,1,292,,False,60
21820,2024-07-27,2856,3652,2,292,,False,60
21820,2024-07-28,2857,3652,6,292,,False,60
21820,2024-07-29,2858,3657,1,293,,False,60
21820,2024-07-30,2859,3661,1,293,,False,60
21820,2024-08-01,2861,3663,1,293,,False,60
21820,2024-08-02,2862,3665,1,293,,False,60
21820,2024-08-03,2863,3666,2,293,,False,60
21820,2024-08-06,2866,3667,1,292,,False,60
21820,2024-08-07,2867,3668,5,292,,False,60
21820,2024-08-08,2868,3676,2,293,,False,60
21820,2024-08-10,2870,3677,1,292,,False,60
21820,2024-08-11,2871,3675,1,292,,False,60
21820,2024-08-12,2872,3680,6,293,,False,60
21820,2024-08-13,2873,3684,2,293,,False,60
21820,2024-08-14,2874,3684,3,293,,False,60
21820,2024-08-15,2875,3691,1,294,,False,60
21820,2024-08-16,2876,3693,1,296,,False,60
21820,2024-08-17,2877,3694,1,297,,False,60
21820,2024-08-19,2879,3694,2,297,,False,60
21820,2024-08-20,2880,3697,4,298,,False,60
21820,2024-08-22,2882,3698,1,297,,False,60
21820,2024-08-24,2884,3697,2,299,,False,60
21820,2024-08-25,2885,3700,3,298,,False,60
21820,2024-08-26,2886,3703,1,298,,False,60
21820,2024-08-27,2887,3702,1,298,,False,60
21820,2024-08-28,2888,3703,2,298,,False,60
21820,2024-08-29,2889,3703,1,298,,False,60
21820,2024-08-30,2890,3716,5,300,,False,60
21820,2024-08-31,2891,3722,5,300,,False,60
21820,2024-09-01,2892,3725,4,300,,False,60
21820,2024-09-03,2894,3726,1,300,,False,60
21820,2024-09-06,2897,3729,2,300,,False,60
21820,2024-09-07,2898,3730,2,300,,False,60
21820,2024-09-09,2900,3735,2,304,,False,60
21820,2024-09-10,2901,3738,1,305,,False,60
21820,2024-09-11,2902,3742,3,305,,False,60
21820,2024-09-12,2903,3743,2,306,,False,60
21820,2024-09-13,2904,3743,1,306,,False,60
21820,2024-09-14,2905,3746,3,307,,False,60
21820,2024-09-15,2906,3747,1,309,,False,60
21820,2024-09-17,2908,3749,1,310,,False,60
21820,2024-09-18,2909,3753,1,311,,False,60
21820,2024-09-19,2910,3754,1,311,,False,60
21820,2024-09-20,2911,3754,5,310,,False,60
21820,2024-09-21,2912,3758,1,310,,False,60
21820,2024-09-22,2913,3759,1,310,,False,60
21820,2024-09-23,2914,3759,2,311,,False,60
21820,2024-09-24,2915,3760,3,311,,False,60
21820,2024-09-25,2916,3761,2,311,,False,60
21820,2024-09-27,2918,3764,2,311,,False,60
21820,2024-09-28,2919,3766,1,311,,False,60
21820,2024-09-29,2920,3768,2,311,,False,60
21820,2024-09-30,2921,3769,3,311,,False,60
21820,2024-10-01,2922,3771,3,311,,False,60
21820,2024-10-02,2923,3773,4,311,,False,60
21820,2024-10-03,2924,3777,2,312,,False,60
21820,2024-10-04,2925,3777,2,311,,False,60
21820,2024-10-05,2926,3777,5,311,,False,60
21820,2024-10-06,2927,3782,1,310,,False,60
21820,2024-10-07,2928,3785,1,310,,False,60
21820,2024-10-08,2929,3786,8,313,,False,60
21820,2024-10-09,2930,3786,4,313,,False,60
21820,2024-10-10,2931,3785,3,311,,False,60
21820,2024-10-11,2932,3787,3,311,,False,60
21820,2024-10-12,2933,3788,3,311,,False,60
21820,2024-10-13,2934,3789,3,310,,False,60
21820,2024-10-14,2935,3792,8,309,,False,60
21820,2024-10-15,2936,3793,3,310,,False,60
21820,2024-10-16,2937,3793,8,310,,False,60
21820,2024-10-17,2938,3795,4,310,,False,60
21820,2024-10-18,2939,3797,2,310,,False,60
21820,2024-10-19,2940,3798,2,309,,False,60
21820,2024-10-21,2942,3802,1,310,,False,60
21820,2024-10-23,2944,3809,6,312,,False,61
21820,2024-10-24,2945,3812,2,311,,False,61
21820,2024-10-25,2946,3814,1,312,,False,61
21820,2024-10-27,2948,3815,2,311,,False,61
21820,2024-10-29,2950,3816,1,312,,False,61
21820,2024-10-30,2951,3820,3,312,,False,61
21820,2024-11-02,2954,3822,1,312,,False,61
21820,2024-11-03,2955,3825,1,313,,False,61
21820,2024-11-04,2956,3825,1,313,,False,61
21820,2024-11-05,2957,3827,1,313,,False,61
21820,2024-11-06,2958,3826,2,313,,False,61
21820,2024-11-07,2959,3829,3,310,,False,61
21820,2024-11-08,2960,3832,2,311,,False,61
21820,2024-11-16,2968,3844,2,313,,False,61
21820,2024-11-18,2970,3852,2,314,,False,61
21820,2024-11-27,2979,3875,2,314,,False,61
21820,2024-11-29,2981,3876,4,314,,False,61
21820,2024-12-01,2983,3883,1,315,,False,62
21820,2024-12-05,2987,3894,1,312,,False,62
21820,2024-12-06,2988,3895,4,312,,False,62
21820,2024-12-07,2989,3900,3,313,,False,62
21820,2024-12-08,2990,3902,7,313,,False,62
21820,2024-12-09,2991,3906,9,315,,False,62
21820,2024-12-10,2992,3908,1,315,,False,62
21820,2024-12-11,2993,3909,2,315,,False,62
21820,2024-12-12,2994,3910,6,315,,False,62
21820,2024-12-14,2996,3911,1,314,,False,62
21820,2024-12-16,2998,3911,2,314,,False,62
21820,2024-12-17,2999,3914,4,315,,False,62
21820,2024-12-18,3000,3918,9,315,,False,62
21820,2024-12-19,3001,3921,4,314,,False,62
21820,2024-12-20,3002,3922,1,314,,False,62
21820,2024-12-21,3003,3923,2,314,,False,62
21820,2024-12-23,3005,3923,2,314,,False,62
21820,2024-12-24,3006,3925,1,314,,False,62
21820,2024-12-25,3007,3926,1,316,,False,62
21820,2024-12-27,3009,3925,2,316,,False,62
21820,2024-12-28,3010,3926,1,314,,False,62
21820,2024-12-29,3011,3927,2,314,,False,62
21820,2024-12-30,3012,3929,3,314,,False,62
21820,2024-12-31,3013,3932,2,314,,False,62
21820,2025-01-01,3014,3933,1,314,,False,62
21820,2025-01-02,3015,3933,3,314,,False,62
21820,2025-01-03,3016,3934,1,314,,False,62
21820,2025-01-04,3017,3935,3,314,,False,62
21820,2025-01-05,3018,3936,1,314,,False,62
21820,2025-01-06,3019,3936,4,314,,False,62
21820,2025-01-07,3020,3943,3,314,,False,62
21820,2025-01-08,3021,3945,5,315,,False,62
21820,2025-01-09,3022,3949,1,316,,False,62
21820,2025-01-10,3023,3948,3,316,,False,62
21820,2025-01-11,3024,3947,3,316,,False,62
21820,2025-01-12,3025,3950,1,317,,False,62
21820,2025-01-13,3026,3950,2,317,,False,62
21820,2025-01-14,3027,3952,3,318,,False,62
21820,2025-01-15,3028,3952,2,318,,False,62
21820,2025-01-16,3029,3952,4,318,,False,62
21820,2025-01-17,3030,3953,4,318,,False,62
21820,2025-01-18,3031,3953,4,317,,False,62
21820,2025-01-19,3032,3957,2,318,,False,62
21820,2025-01-20,3033,3957,4,318,,False,62
21820,2025-01-21,3034,3959,5,317,,False,62
21820,2025-01-22,3035,3960,1,317,,False,62
21820,2025-01-23,3036,3961,1,317,,False,62
21820,2025-01-24,3037,3962,4,317,,False,62
21820,2025-01-25,3038,3962,2,317,,False,62
21820,2025-01-26,3039,3962,5,316,,False,62
21820,2025-01-27,3040,3964,1,316,,False,62
21820,2025-01-28,3041,3965,1,317,,False,62
21820,2025-01-29,3042,3965,2,317,,False,62
21820,2025-02-01,3045,3969,3,318,,False,62
21820,2025-02-03,3047,3974,4,321,,False,62
21820,2025-02-04,3048,3976,6,321,,False,62
21820,2025-02-05,3049,3976,2,320,,False,62
21820,2025-02-06,3050,3978,2,320,,False,62
21820,2025-02-07,3051,3979,3,320,,False,62
21820,2025-02-08,3052,3981,4,320,,False,62
21820,2025-02-09,3053,3982,3,322,,False,62
21820,2025-02-10,3054,3985,1,322,,False,62
21820,2025-02-11,3055,3986,2,322,,False,62
21820,2025-02-12,3056,3986,2,322,,False,62
21820,2025-02-13,3057,3985,4,322,,False,62
21820,2025-02-15,3059,3986,3,321,,False,62
21820,2025-02-16,3060,3985,4,321,,False,62
21820,2025-02-17,3061,3988,3,321,,False,62
21820,2025-02-18,3062,3989,1,321,,False,62
21820,2025-02-19,3063,3990,6,321,,False,62
21820,2025-02-20,3064,3990,1,321,,False,62
21820,2025-02-21,3065,3993,5,321,,False,62
21820,2025-02-22,3066,3994,3,321,,False,62
21820,2025-02-23,3067,3994,6,321,,False,62
21820,2025-02-24,3068,3997,2,321,,False,62
21820,2025-02-25,3069,3997,3,321,,False,62
21820,2025-02-28,3072,3997,1,322,,False,62
21820,2025-03-01,3073,3999,1,322,,False,62
21820,2025-03-05,3077,4008,1,323,,False,62
21820,2025-03-06,3078,4008,4,323,,False,62
21820,2025-03-07,3079,4010,3,323,,False,62
21820,2025-03-08,3080,4010,4,324,,False,62
21820,2025-03-09,3081,4013,4,324,,False,62
21820,2025-03-10,3082,4015,5,325,,False,62
21820,2025-03-11,3083,4013,5,324,,False,62
21820,2025-03-12,3084,4013,2,324,,False,62
21820,2025-03-14,3086,4014,1,324,,False,62
21820,2025-03-16,3088,4014,2,324,,False,62
21820,2025-03-17,3089,4014,2,323,,False,62
21820,2025-03-18,3090,4015,1,324,,False,62
21820,2025-03-19,3091,4018,1,324,,False,62
21820,2025-03-20,3092,4020,2,325,,False,62
21820,2025-03-21,3093,4019,3,326,,False,62
21820,2025-03-22,3094,4019,5,326,,False,62
21820,2025-03-23,3095,4021,3,326,,False,62
21820,2025-03-24,3096,4021,4,326,,False,62
21820,2025-03-25,3097,4023,4,325,,False,62
21820,2025-03-26,3098,4024,4,326,,False,62
21820,2025-03-27,3099,4027,1,326,,False,62
21820,2025-03-28,3100,4026,4,325,,False,62
21820,2025-03-30,3102,4029,1,325,,False,62
21820,2025-03-31,3103,4032,1,326,,False,62
21820,2025-04-01,3104,4032,1,326,,False,62
21820,2025-04-04,3107,4060,1,326,,False,62
21820,2025-04-05,3108,4063,1,326,,False,62
21820,2025-04-06,3109,4068,3,327,,False,62
21820,2025-04-07,3110,4077,1,328,,False,62
21820,2025-04-09,3112,4081,5,330,,False,62
21820,2025-04-10,3113,4084,2,330,,False,62
21820,2025-04-11,3114,4086,3,330,,False,62
21820,2025-04-12,3115,4091,3,329,,False,62
21820,2025-04-14,3117,4095,2,328,,False,62
21820,2025-04-15,3118,4099,2,327,,False,62
21820,2025-04-16,3119,4101,2,327,,False,62
21820,2025-04-17,3120,4102,1,328,,False,62
21820,2025-04-18,3121,4105,1,328,,False,62
21820,2025-04-19,3122,4106,3,327,,False,62
21820,2025-04-20,3123,4107,1,328,,False,62
21820,2025-04-25,3128,4112,13,328,,False,62
21820,2025-04-26,3129,4114,13,330,,False,62
21820,2025-04-27,3130,4114,10,330,,False,62
21820,2025-04-28,3131,4116,7,330,,False,62
21820,2025-04-29,3132,4120,1,330,,False,62
21820,2025-04-30,3133,4120,7,329,,False,62
21820,2025-05-01,3134,4122,1,329,,False,62
21820,2025-05-02,3135,4123,5,329,,False,62
21820,2025-05-03,3136,4130,1,330,,False,62
21820,2025-05-04,3137,4131,1,329,,False,62
21820,2025-05-05,3138,4134,4,329,,False,62
21820,2025-05-06,3139,4134,1,328,,False,62
21820,2025-05-07,3140,4136,1,328,,False,62
21820,2025-05-10,3143,4143,1,328,,False,62
21820,2025-05-11,3144,4146,2,327,,False,62
21820,2025-05-12,3145,4148,4,327,,False,62
21820,2025-05-13,3146,4148,1,327,,False,62
21820,2025-05-14,3147,4150,1,327,,False,62
21820,2025-05-15,3148,4152,1,327,,False,62
21820,2025-05-16,3149,4150,2,327,,False,62
21820,2025-05-17,3150,4150,2,327,,False,62
21820,2025-05-18,3151,4150,5,327,,False,62
21820,2025-05-19,3152,4154,3,325,,False,62
21820,2025-05-20,3153,4161,1,326,,False,62
21820,2025-05-21,3154,4160,2,326,,False,62
21820,2025-05-22,3155,4163,1,327,,False,62
21820,2025-05-23,3156,4164,4,327,,False,62
21820,2025-05-24,3157,4167,2,328,,False,62
21820,2025-05-25,3158,4169,2,328,,False,62
21820,2025-05-26,3159,4168,1,327,,False,62
21820,2025-05-28,3161,4171,1,327,,False,62
21820,2025-05-30,3163,4172,1,327,,False,62
21820,2025-06-01,3165,4173,1,327,,False,62
21820,2025-06-02,3166,4173,1,327,,False,62
21820,2025-06-03,3167,4174,3,327,,False,62
21820,2025-06-04,3168,4175,1,325,,False,62
21820,2025-06-06,3170,4175,5,325,,False,62
21820,2025-06-07,3171,4177,2,325,,False,62
21820,2025-06-08,3172,4179,2,326,,False,62
21820,2025-06-09,3173,4181,6,327,,False,62
21820,2025-06-10,3174,4180,2,327,,False,62
21820,2025-06-11,3175,4181,2,327,,False,62
21820,2025-06-12,3176,4182,8,327,,False,62
21820,2025-06-13,3177,4182,2,327,,False,62
21820,2025-06-14,3178,4183,10,328,,False,62
21820,2025-06-15,3179,4183,3,328,,False,62
21820,2025-06-16,3180,4182,1,327,,False,62
21820,2025-06-17,3181,4184,1,328,,False,62
21820,2025-06-20,3184,4188,2,328,,False,62
21820,2025-06-21,3185,4190,2,328,,False,62
21820,2025-06-22,3186,4194,3,329,,False,62
21820,2025-06-23,3187,4197,4,328,,False,62
21820,2025-06-24,3188,4202,1,328,,False,62
21820,2025-06-25,3189,4202,2,328,,False,62
21820,2025-06-26,3190,4204,2,329,,False,62
21820,2025-06-27,3191,4205,1,329,,False,62
21820,2025-06-28,3192,4206,2,329,,False,62
21820,2025-06-29,3193,4209,1,328,,False,62
21820,2025-06-30,3194,4209,1,327,,False,62
21820,2025-07-01,3195,4207,1,328,,False,62
21820,2025-07-02,3196,4208,4,328,,False,62
21820,2025-07-03,3197,4208,1,328,,False,62
21820,2025-07-04,3198,4208,1,328,,False,62
21820,2025-07-05,3199,4210,6,328,,False,62
21820,2025-07-06,3200,4210,7,328,,False,62
21820,2025-07-07,3201,4213,2,330,,False,62
21820,2025-07-08,3202,4213,4,330,,False,62
21820,2025-07-09,3203,4215,4,331,,False,62
21820,2025-07-10,3204,4215,4,331,,False,62
21820,2025-07-11,3205,4218,3,331,,False,62
21820,2025-07-12,3206,4222,1,331,,False,62
21820,2025-07-13,3207,4225,2,332,,False,62
21820,2025-07-14,3208,4225,7,332,,False,62
21820,2025-07-15,3209,4230,1,333,,False,62
21820,2025-07-16,3210,4231,1,332,,False,62
21820,2025-07-17,3211,4232,2,331,,False,62
21820,2025-07-18,3212,4234,1,331,,False,62
21820,2025-07-19,3213,4233,3,331,,False,62
21820,2025-07-20,3214,4233,4,331,,False,62
21820,2025-07-21,3215,4234,1,331,,False,62
21820,2025-07-23,3217,4235,1,330,,False,62
21820,2025-07-25,3219,4238,2,331,,False,62
21820,2025-07-26,3220,4239,1,332,,False,62
21820,2025-07-28,3222,4240,1,333,,False,62
21820,2025-07-29,3223,4241,3,333,,False,62
21820,2025-07-30,3224,4241,4,333,,False,62
21820,2025-08-01,3226,4241,5,333,,False,62
21820,2025-08-02,3227,4243,7,333,,False,62
21820,2025-08-03,3228,4246,8,334,,False,62
21820,2025-08-04,3229,4246,3,334,,False,62
21820,2025-08-05,3230,4249,2,335,,False,62
21820,2025-08-06,3231,4250,3,335,,False,62
21820,2025-08-07,3232,4251,6,336,,False,62
21820,2025-08-08,3233,4253,5,336,,False,62
21820,2025-08-09,3234,4253,7,336,,False,62
21820,2025-08-10,3235,4254,2,336,,False,62
21820,2025-08-11,3236,4255,4,336,,False,62
21820,2025-08-12,3237,4255,4,335,,False,62
21820,2025-08-13,3238,4256,2,334,,False,62
21820,2025-08-14,3239,4257,2,334,,False,62
21820,2025-08-15,3240,4257,2,334,,False,62
21820,2025-08-16,3241,4258,3,334,,False,62
21820,2025-08-18,3243,4261,5,332,,False,62
21820,2025-08-19,3244,4261,6,332,,False,62
21820,2025-08-20,3245,4267,2,331,,False,62
21820,2025-08-21,3246,4267,2,331,,False,62
21820,2025-08-24,3249,4270,1,331,,False,62
21820,2025-08-25,3250,4270,2,331,,False,62
21820,2025-08-26,3251,4274,2,332,,False,62
21820,2025-08-27,3252,4276,1,333,,False,62
21820,2025-08-28,3253,4276,1,333,,False,62
21820,2025-08-30,3255,4277,1,333,,False,62
21820,2025-08-31,3256,4276,3,334,,False,62
21820,2025-09-01,3257,4277,3,334,,False,62
21820,2025-09-02,3258,4281,4,335,,False,62
21820,2025-09-04,3260,4284,2,335,,False,62
21820,2025-09-05,3261,4283,2,335,,False,62
21820,2025-09-06,3262,4284,1,335,,False,62
21820,2025-09-08,3264,4286,1,335,,False,62
21820,2025-09-09,3265,4286,1,335,,False,62
21820,2025-09-11,3267,4288,1,335,,False,62
21820,2025-09-12,3268,4288,2,335,,False,62
21820,2025-09-14,3270,4286,1,333,,False,62
21820,2025-09-15,3271,4289,4,333,,False,62
21820,2025-09-16,3272,4292,8,336,,False,62
21820,2025-09-17,3273,4292,7,335,,False,62
21820,2025-09-18,3274,4293,9,335,,False,62
21820,2025-09-19,3275,4294,7,335,,False,62
21820,2025-09-20,3276,4295,4,334,,False,62
21820,2025-09-21,3277,4297,3,335,,False,62
21820,2025-09-22,3278,4301,1,335,,False,62
21820,2025-09-23,3279,4303,6,335,,False,62
21820,2025-09-24,3280,4303,3,335,,False,62
21820,2025-09-25,3281,4305,3,336,,False,62
21820,2025-09-26,3282,4306,6,337,,False,62
21820,2025-09-27,3283,4306,2,337,,False,62
21820,2025-09-28,3284,4306,3,336,,False,62
21820,2025-09-29,3285,4307,4,338,,False,62
21820,2025-09-30,3286,4307,7,336,,False,62
21820,2025-10-01,3287,4309,8,336,,False,62
21820,2025-10-02,3288,4309,3,336,,False,62
21820,2025-10-03,3289,4311,7,338,,False,62
21820,2025-10-04,3290,4311,5,336,,False,62
21820,2025-10-05,3291,4311,8,336,,False,62
21820,2025-10-06,3292,4315,16,338,,False,62
21820,2025-10-07,3293,4331,9,341,,False,62
21820,2025-10-08,3294,4336,3,339,,False,62
21820,2025-10-09,3295,4336,3,339,,False,62
21820,2025-10-10,3296,4340,6,340,,False,62
21820,2025-10-11,3297,4341,3,340,,False,62
21820,2025-10-12,3298,4343,6,341,,False,62
21820,2025-10-13,3299,4345,5,341,,False,63
21820,2025-10-14,3300,4348,13,341,,False,63
21820,2025-10-15,3301,4352,8,342,,False,63
21820,2025-10-16,3302,4353,6,341,,False,63
21820,2025-10-17,3303,4358,4,341,,False,63
21820,2025-10-18,3304,4362,1,341,,False,63
21820,2025-10-19,3305,4363,14,341,,False,63
21820,2025-10-20,3306,4366,3,341,,False,63
21820,2025-10-21,3307,4368,2,342,,False,63
21820,2025-10-22,3308,4368,1,344,,False,63
21820,2025-10-24,3310,4368,2,344,,False,63
21820,2025-10-25,3311,4370,3,343,,False,63
21820,2025-10-26,3312,4370,1,343,,False,63
21820,2025-10-27,3313,4370,7,343,,False,63
21820,2025-10-28,3314,4374,4,344,,False,63
21820,2025-10-29,3315,4374,7,344,,False,63
21820,2025-10-30,3316,4376,12,344,,False,63
21820,2025-10-31,3317,4377,13,345,,False,63
21820,2025-11-01,3318,4376,10,344,,False,63
21820,2025-11-02,3319,4378,8,343,,False,63
21820,2025-11-03,3320,4379,10,344,,False,63
21820,2025-11-04,3321,4382,1,344,,False,63
21820,2025-11-05,3322,4382,5,344,,False,63
21820,2025-11-06,3323,4383,3,343,,False,63
21820,2025-11-07,3324,4384,4,343,,False,63
21820,2025-11-08,3325,4385,4,343,,False,62
21820,2025-11-09,3326,4387,3,343,,False,62
21820,2025-11-10,3327,4388,2,343,,False,62
21820,2025-11-11,3328,4390,2,343,,False,63
21820,2025-11-12,3329,4391,7,343,,False,63
21820,2025-11-13,3330,4395,2,342,,False,63
21820,2025-11-14,3331,4395,3,343,,False,63
21820,2025-11-15,3332,4396,2,343,,False,63
21820,2025-11-16,3333,4399,6,343,,False,63
21820,2025-11-17,3334,4402,3,342,,False,63
21820,2025-11-18,3335,4401,4,343,,False,63
21820,2025-11-19,3336,4401,3,343,,False,63
21820,2025-11-20,3337,4400,9,343,,False,63
21820,2025-11-21,3338,4400,4,343,,False,63
21820,2025-11-22,3339,4402,6,343,,False,63
21820,2025-11-23,3340,4401,6,342,,False,63
21820,2025-11-24,3341,4401,5,342,,False,63
21820,2025-11-26,3343,4402,5,341,,False,62
21820,2025-11-27,3344,4404,1,341,,False,63
21820,2025-11-29,3346,4405,6,341,,False,62
21820,2025-11-30,3347,4407,4,343,,False,62
21820,2025-12-01,3348,4409,5,343,,False,62
21820,2025-12-02,3349,4411,6,344,,False,63
21820,2025-12-03,3350,4415,3,344,,False,63
21820,2025-12-04,3351,4415,8,344,,False,63
21820,2025-12-05,3352,4414,11,344,,False,63
21820,2025-12-06,3353,4414,3,344,,False,63
21820,2025-12-07,3354,4414,1,344,,False,63
21820,2025-12-10,3357,4416,2,344,,False,63
21820,2025-12-11,3358,4415,1,345,,False,63
21820,2025-12-12,3359,4415,1,345,,False,63
21820,2025-12-13,3360,4417,2,345,,False,63
21820,2025-12-14,3361,4417,1,345,,False,63
21820,2025-12-15,3362,4418,2,345,,False,63
21820,2025-12-16,3363,4419,3,345,,False,63
21820,2025-12-17,3364,4421,4,345,,False,63
21820,2025-12-18,3365,4421,7,345,,False,63
21820,2025-12-19,3366,4423,8,345,,False,63
21820,2025-12-20,3367,4425,9,346,,False,63
21820,2025-12-21,3368,4425,2,346,,False,63
21820,2025-12-22,3369,4427,7,346,,False,63
21820,2025-12-24,3371,4429,1,346,,False,63
21820,2025-12-25,3372,4429,2,346,,False,63
21820,2025-12-26,3373,4431,1,345,,False,63
21820,2025-12-27,3374,4432,3,345,,False,63
21820,2025-12-28,3375,4432,1,345,,False,63
21820,2025-12-29,3376,4432,9,345,,False,63
21820,2025-12-30,3377,4434,3,344,,False,63
21820,2025-12-31,3378,4434,3,344,,False,63
21820,2026-01-01,3379,4434,3,344,,False,63
21820,2026-01-02,3380,4436,1,343,,False,63
21820,2026-01-03,3381,4435,11,342,,False,63
21820,2026-01-04,3382,4435,5,342,,False,63
21820,2026-01-05,3383,4441,9,343,,False,63
21820,2026-01-06,3384,4447,2,342,,False,63
21820,2026-01-07,3385,4447,4,342,,False,63
21820,2026-01-08,3386,4447,3,342,,False,63
21820,2026-01-09,3387,4451,1,344,,False,63
21820,2026-01-10,3388,4452,5,344,,False,63
21820,2026-01-12,3390,4455,2,345,,False,63
21820,2026-01-13,3391,4458,8,344,,False,62
21820,2026-01-14,3392,4458,4,344,,False,62
21820,2026-01-15,3393,4461,5,343,,False,62
21820,2026-01-16,3394,4466,2,344,,False,62
21820,2026-01-17,3395,4466,5,344,,False,62
21820,2026-01-18,3396,4466,1,344,,False,62
21820,2026-01-19,3397,4467,2,343,,False,62
21820,2026-01-20,3398,4467,12,343,,False,62
21820,2026-01-21,3399,4466,4,343,,False,62
21820,2026-01-22,3400,4467,4,343,,False,62
21820,2026-01-23,3401,4470,3,344,,False,62
21820,2026-01-24,3402,4470,3,344,,False,62
21820,2026-01-25,3403,4470,11,344,,False,62
21820,2026-01-26,3404,4473,11,345,,False,62
21820,2026-01-27,3405,4475,8,344,,False,62
21820,2026-01-28,3406,4478,12,343,,False,62
21820,2026-01-29,3407,4479,7,343,,False,62
21820,2026-01-30,3408,4480,4,342,,False,62
21820,2026-01-31,3409,4479,2,342,,False,62
21820,2026-02-01,3410,4479,2,342,,False,62
21820,2026-02-03,3412,4480,3,342,,False,62
21820,2026-02-04,3413,4482,3,342,,False,62
21820,2026-02-05,3414,4484,5,342,,False,62
21820,2026-02-06,3415,4485,3,342,,False,62
21820,2026-02-07,3416,4485,1,342,,False,62
21820,2026-02-08,3417,4486,3,342,,False,62
21820,2026-02-09,3418,4487,4,343,,False,62
21820,2026-02-10,3419,4491,4,342,,False,62
21820,2026-02-11,3420,4491,5,342,,False,62
21820,2026-02-13,3422,4496,3,342,,False,62
21820,2026-02-14,3423,4499,3,342,,False,62
21820,2026-02-15,3424,4500,2,341,,False,62
21820,2026-02-18,3427,4501,1,341,,False,62
21820,2026-02-19,3428,4502,2,341,,False,62
21820,2026-02-20,3429,4501,1,340,,False,62
21820,2026-02-21,3430,4504,4,341,,False,62
21820,2026-02-22,3431,4504,1,341,,False,62
21820,2026-02-23,3432,4507,1,341,,False,62
21820,2026-02-24,3433,4508,2,342,,False,62
21820,2026-02-25,3434,4507,4,342,,False,62
21820,2026-02-27,3436,4514,3,342,,False,62
21820,2026-03-01,3438,4515,5,343,,False,62
21820,2026-03-02,3439,4518,6,343,,False,62
21820,2026-03-03,3440,4519,6,344,,False,62
21820,2026-03-04,3441,4517,9,343,,False,62
21820,2026-03-05,3442,4517,1,342,,False,62
21820,2026-03-06,3443,4518,2,342,,False,62
21820,2026-03-07,3444,4519,7,342,,False,62
21820,2026-03-08,3445,4519,8,342,,False,62
21820,2026-03-09,3446,4520,2,342,,False,62
21820,2026-03-10,3447,4520,2,342,,False,62
21820,2026-03-11,3448,4521,6,342,,False,62
21820,2026-03-12,3449,4523,1,343,,False,62
21820,2026-03-13,3450,4523,9,343,,False,62
21820,2026-03-14,3451,4524,4,342,,False,62
21820,2026-03-15,3452,4524,4,342,,False,62
21820,2026-03-16,3453,4528,2,343,,False,62
21820,2026-03-17,3454,4533,1,344,,False,62
21820,2026-03-18,3455,4533,1,344,,False,62
21820,2026-03-19,3456,4532,2,344,,False,62
21820,2026-03-21,3458,4536,1,344,,False,62
21820,2026-03-22,3459,4536,2,344,,False,62
21820,2026-03-23,3460,4540,2,345,,False,62
21820,2026-03-24,3461,4542,2,345,,False,62
21820,2026-03-27,3464,4548,1,347,,False,62
21820,2026-03-28,3465,4550,2,348,,False,62
21820,2026-03-29,3466,4550,1,348,,False,62
21820,2026-03-30,3467,4550,2,348,,False,62
21820,2026-03-31,3468,4553,2,349,,False,62
21820,2026-04-01,3469,4554,3,350,,False,62
21820,2026-04-02,3470,4558,2,351,,False,62
21820,2026-04-21,3489,4593,1,350,,False,62
21820,2026-04-22,3490,4594,1,350,,False,62
21820,2026-04-23,3491,4596,1,350,,False,62
21820,2026-04-27,3495,4599,1,353,,False,62
21820,2026-04-28,3496,4598,1,353,,False,62
21820,2026-04-29,3497,4599,5,353,,False,62
21820,2026-04-30,3498,4601,1,353,,False,62
21820,2026-05-01,3499,4602,1,353,,False,62
21820,2026-05-02,3500,4603,1,353,,False,62
21820,2026-05-03,3501,4605,8,353,,False,62
21820,2026-05-04,3502,4605,3,353,,False,62
21820,2026-05-05,3503,4611,2,354,,False,62
21820,2026-05-06,3504,4616,1,355,,False,62
21820,2026-05-07,3505,4617,2,355,,False,62
21820,2026-05-09,3507,4617,1,355,,False,62
21820,2026-05-10,3508,4620,4,356,,False,62
21820,2026-05-11,3509,4630,4,356,,False,62
21820,2026-05-13,3511,4645,1,364,,False,62
21820,2026-05-14,3512,4648,9,365,,False,62
21820,2026-05-15,3513,4655,2,366,,False,62
21820,2026-05-16,3514,4663,1,368,,False,62
21820,2026-05-17,3515,4663,5,369,,False,62
21820,2026-05-18,3516,4667,4,369,,False,62
21820,2026-05-19,3517,4669,1,369,,False,62
21820,2026-05-21,3519,4672,5,369,,False,62
21820,2026-05-22,3520,4681,6,370,,False,62
21820,2026-05-23,3521,4683,4,370,,False,62
21820,2026-05-24,3522,4683,2,370,,False,62
21820,2026-05-25,3523,4684,2,371,,False,62
21820,2026-05-26,3524,4686,8,371,,False,62
21820,2026-05-27,3525,4690,2,370,,False,62
21820,2026-05-29,3527,4694,2,370,,False,62
21820,2026-05-30,3528,4696,1,371,,False,62
21820,2026-05-31,3529,4698,3,372,,False,62
21820,2026-06-01,3530,4702,5,373,,False,62
21820,2026-06-02,3531,4705,3,372,,False,62
21820,2026-06-04,3533,4708,2,372,,False,62
21820,2026-06-05,3534,4709,1,372,,False,62
21820,2026-06-06,3535,4711,1,372,,False,62
21820,2026-06-07,3536,4710,2,372,,False,62
21820,2026-06-08,3537,4714,2,374,,False,62
21820,2026-06-09,3538,4722,3,375,,False,62
21820,2026-06-10,3539,4724,1,375,,False,62
21820,2026-06-11,3540,4725,4,375,,False,62
21820,2026-06-12,3541,4728,2,377,,False,62
21820,2026-06-13,3542,4730,3,377,,False,62
21820,2026-06-16,3545,4732,6,377,,False,62
21820,2026-06-17,3546,4736,3,378,,False,62
21820,2026-06-18,3547,4739,3,378,,False,62
21820,2026-06-19,3548,4739,1,378,,False,62
21820,2026-06-21,3550,4741,1,378,,False,62
21820,2026-06-22,3551,4741,3,378,,False,62
21820,2026-06-23,3552,4742,1,378,,False,62
21820,2026-06-24,3553,4742,3,378,,False,62
21820,2026-06-25,3554,4745,8,381,,False,62
21820,2026-06-26,3555,4748,9,383,,False,62
21820,2026-06-27,3556,4750,2,384,,False,62
21820,2026-06-28,3557,4754,2,384,,False,62
21820,2026-06-29,3558,4756,4,384,,False,62
21820,2026-06-30,3559,4757,3,384,,False,62
21820,2026-07-01,3560,4757,4,385,,False,63
21820,2026-07-02,3561,4761,8,387,,False,62
21820,2026-07-03,3562,4762,3,386,,False,62
21820,2026-07-04,3563,4764,3,386,,False,62
21820,2026-07-05,3564,4764,2,386,,False,62
21820,2026-07-06,3565,4764,1,386,,False,62
21820,2026-07-10,3569,4779,5,388,,False,62
21820,2026-07-11,3570,4787,2,390,,False,62
21820,2026-07-12,3571,4787,6,390,,False,62
21820,2026-07-13,3572,4790,4,393,,False,62
21820,2026-07-14,3573,4790,4,393,,False,62
21820,2026-07-15,3574,4793,5,393,,False,62
21820,2026-07-16,3575,4797,5,393,,False,62
21820,2026-07-17,3576,4798,1,393,,False,62
21820,2026-07-18,3577,4796,2,393,,False,62
21820,2026-07-19,3578,4797,1,393,,False,62
21820,2026-07-20,3579,4797,1,393,,False,62
21820,2026-07-21,3580,4797,9,393,,False,62
21820,2026-07-22,3581,4797,9,393,,False,62
21820,2026-07-23,3582,4799,6,392,,False,62
21820,2026-07-24,3583,4801,4,393,,False,62
21820,2026-07-25,3584,4802,1,392,,False,63
21820,2026-07-26,3585,4802,1,392,,False,62
21820,2026-07-27,3586,4802,4,392,,False,62
21820,2026-07-28,3587,4803,3,391,,False,62
21820,2026-07-29,3588,4804,4,391,,False,62
21820,2026-07-30,3589,4806,5,391,,False,62
21820,2026-07-31,3590,4809,6,392,,False,63
21820,2026-08-01,3591,4812,2,393,,False,63
21820,2026-08-02,3592,4812,8,394,,False,63
21820,2026-08-03,3593,4813,7,394,,False,63
21820,2026-08-04,3594,4819,4,394,,False,63
21820,2026-08-05,3595,4823,4,397,,False,63
21820,2026-08-06,3596,4827,3,398,,False,63
21820,2026-08-07,3597,4831,8,399,,False,63
21820,2026-08-08,3598,4837,5,398,,False,63
21820,2026-08-09,3599,4838,1,398,,False,63
21820,2026-08-10,3600,4837,3,398,,False,63
21820,2026-08-11,3601,4837,4,398,,False,63
21820,2026-08-12,3602,4839,3,397,,False,63
21820,2026-08-13,3603,4840,1,397,,False,63
21820,2026-08-14,3604,4839,3,397,,False,63
21820,2026-08-15,3605,4841,1,397,,False,63
21820,2026-08-16,3606,4841,2,397,,False,63
21820,2026-08-17,3607,4844,2,397,,False,63
21820,2026-08-18,3608,4844,1,397,,False,63
21820,2026-08-19,3609,4848,4,399,,False,63
21820,2026-08-20,3610,4849,3,399,,False,63
21820,2026-08-21,3611,4849,2,399,,False,63
21820,2026-08-22,3612,4851,1,398,,False,63
21820,2026-08-24,3614,4852,5,398,,False,63
21820,2026-08-26,3616,4854,1,396,,False,63
21820,2026-08-28,3618,4856,2,396,,False,63
21820,2026-08-31,3621,4859,4,397,,False,63
21820,2026-09-01,3622,4860,2,397,,False,63
21820,2026-09-02,3623,4862,3,397,,False,63
21820,2026-09-04,3625,4865,2,397,,False,63
21820,2026-09-06,3627,4867,1,396,,False,63
21820,2026-09-07,3628,4867,2,396,,False,63
21820,2026-09-08,3629,4869,1,396,,False,63
21820,2026-09-09,3630,4868,4,396,,False,63
21820,2026-09-10,3631,4869,2,395,,False,63
21820,2026-09-11,3632,4871,2,395,,False,63
21820,2026-09-12,3633,4874,2,395,,False,63
21820,2026-09-13,3634,4874,3,395,,False,63
21820,2026-09-14,3635,4877,1,395,,False,63
21820,2026-09-15,3636,4879,2,396,,False,63
21820,2026-09-16,3637,4879,3,396,,False,63
21820,2026-09-17,3638,4883,1,396,,False,63
21820,2026-09-18,3639,4886,3,395,,False,63
21820,2026-09-19,3640,4886,3,395,,False,63
21820,2026-09-20,3641,4886,6,395,,False,63
21820,2026-09-21,3642,4894,2,396,,False,63
21820,2026-09-22,3643,4894,9,396,,False,63
21820,2026-09-23,3644,4896,9,397,,False,63
21820,2026-09-24,3645,4899,8,397,,False,63
21820,2026-09-25,3646,4899,10,397,,False,63
21820,2026-09-26,3647,4901,14,398,,False,63
21820,2026-09-27,3648,4902,19,398,,False,63
21820,2026-09-28,3649,4904,10,398,,False,63
21820,2026-09-29,3650,4905,5,399,,False,63
21820,2026-09-30,3651,4910,1,398,,False,63
21820,2026-10-01,3652,4910,1,398,,False,63
21820,2026-10-02,3653,4912,1,398,,False,63
21820,2026-10-03,3654,4912,5,398,,False,63
21820,2026-10-04,3655,4914,7,399,,False,63
21820,2026-10-05,3656,4919,3,399,,False,63
21820,2026-10-06,3657,4924,3,400,,False,63
21820,2026-10-07,3658,4928,3,401,,False,63
104004,2018-08-27,-40,0,1,,,False,
104004,2018-08-29,-38,2,1,,,False,0
104004,2018-08-31,-36,3,1,,,False,0
104004,2018-09-04,-32,4,1,,,False,0
104004,2018-09-13,-23,5,1,,,False,0
104004,2018-09-15,-21,6,1,,,False,0
104004,2018-09-16,-20,7,1,,,False,0
104004,2018-09-18,-18,10,1,1,,False,0
104004,2018-09-19,-17,11,1,1,,False,0
104004,2018-09-23,-13,12,1,1,,False,0
104004,2018-09-26,-10,13,1,1,,False,0
104004,2018-10-01,-5,16,3,3,,False,0
104004,2018-10-04,-2,20,1,4,,False,0
104004,2018-10-07,1,21,1,5,,True,0
104004,2018-10-08,2,24,1,6,,True,0
104004,2018-10-12,6,26,1,8,,True,0
104004,2018-10-13,7,27,1,8,2,True,0
104004,2018-10-14,8,27,1,8,,True,0
104004,2018-10-17,11,26,1,6,,True,0
104004,2018-10-20,14,27,1,6,3,True,0
104004,2018-10-23,17,29,1,6,,True,0
104004,2018-10-24,18,30,1,6,,True,0
104004,2018-10-30,24,30,1,6,,True,0
104004,2018-10-31,25,31,1,6,,True,0
104004,2018-11-06,31,31,1,6,,True,0
104004,2018-11-10,35,32,1,7,6,True,0
104004,2018-12-05,60,33,1,9,,True,0
104004,2018-12-19,74,34,1,9,,True,0
104004,2018-12-24,79,35,2,9,,True,0
104004,2019-05-01,207,43,1,9,,True,0
104004,2019-06-16,253,48,1,8,,True,0
104004,2019-07-12,279,48,2,8,,True,0
104004,2019-08-04,302,50,1,9,,True,0
104004,2019-09-09,338,52,1,9,,True,0
104004,2019-11-04,394,56,1,10,,True,0
104004,2019-11-10,400,57,1,10,,True,0
104004,2019-11-25,415,57,1,10,,True,0
104004,2019-12-21,441,59,1,10,,True,0
104004,2019-12-28,448,59,1,10,,True,0
104004,2020-01-25,476,60,1,10,,True,0
104004,2020-01-27,478,61,2,10,,True,0
104004,2020-03-01,512,64,1,12,,True,0
104004,2020-04-12,554,63,1,11,,True,0
104004,2020-04-17,559,64,1,11,,True,0
104004,2020-05-08,580,70,1,12,,True,0
104004,2020-05-10,582,71,1,12,,True,0
104004,2020-06-10,613,79,1,14,,True,0
104004,2020-08-14,678,85,1,14,,True,0
104004,2020-08-16,680,87,3,14,,True,0
104004,2020-09-17,712,87,1,14,,True,0
104004,2020-10-16,741,90,1,14,,True,0
104004,2020-11-03,759,91,1,15,,True,0
104004,2020-11-09,765,92,1,15,,True,0
104004,2020-12-21,807,92,2,14,,True,0
104004,2021-01-12,829,97,1,14,,True,0
104004,2021-01-14,831,98,1,14,,True,0
104004,2021-02-08,856,97,1,15,,True,0
104004,2021-03-08,884,98,2,16,,True,0
104004,2021-03-22,898,101,1,15,,True,0
104004,2021-03-27,903,102,1,15,,True,0
104004,2021-04-01,908,103,1,15,,False,0
104004,2021-04-02,909,103,2,15,,False,0
104004,2021-04-06,913,104,1,15,,False,0
104004,2021-05-15,952,109,1,15,,False,0
104004,2021-05-16,953,109,1,14,,False,0
104004,2021-05-17,954,110,1,14,,False,0
104004,2021-05-24,961,112,1,14,,False,0
104004,2021-05-29,966,113,1,15,,False,0
104004,2021-06-01,969,113,1,14,,False,0
104004,2021-06-07,975,113,2,14,,False,0
104004,2021-07-05,1003,114,1,14,,False,0
104004,2021-07-10,1008,115,1,14,,False,0
104004,2021-07-14,1012,116,1,14,,False,0
104004,2021-08-03,1032,117,1,14,,False,0
104004,2021-08-31,1060,118,1,16,,False,0
104004,2021-09-24,1084,119,1,16,,False,0
104004,2021-09-27,1087,120,1,16,,False,0
104004,2021-10-27,1117,123,1,16,,False,0
104004,2021-10-31,1121,124,1,16,,False,0
104004,2021-11-23,1144,125,1,16,,False,0
104004,2021-12-16,1167,126,1,16,,False,0
104004,2022-01-09,1191,125,2,16,,False,0
104004,2022-01-19,1201,127,1,16,,False,0
104004,2022-02-25,1238,127,1,16,,False,0
104004,2022-03-17,1258,127,1,15,,False,0
104004,2022-03-26,1267,126,1,15,,False,0
104004,2022-04-10,1282,127,1,15,,False,0
104004,2022-04-11,1283,128,1,15,,False,0
104004,2022-05-19,1321,129,1,15,,False,0
104004,2022-05-28,1330,130,1,15,,False,0
104004,2022-05-30,1332,131,1,15,,False,0
104004,2022-06-09,1342,133,1,15,,False,0
104004,2022-07-05,1368,132,1,17,,False,0
104004,2022-08-07,1401,133,1,16,,False,0
104004,2022-08-23,1417,134,1,17,,False,0
104004,2022-09-07,1432,134,2,17,,False,0
104004,2022-09-19,1444,136,1,17,,False,0
104004,2022-10-04,1459,139,2,17,,False,0
104004,2022-11-30,1516,142,1,17,,False,0
104004,2022-12-24,1540,145,1,16,,False,0
104004,2023-01-02,1549,146,2,17,,False,0
104004,2023-01-08,1555,147,1,18,,False,0
104004,2023-01-10,1557,147,1,18,,False,0
104004,2023-01-14,1561,147,2,18,,False,0
104004,2023-01-16,1563,147,1,18,,False,0
104004,2023-01-18,1565,147,2,16,,False,0
104004,2023-02-04,1582,150,1,16,,False,0
104004,2023-02-12,1590,152,1,17,,False,0
104004,2023-02-25,1603,153,1,17,,False,0
104004,2023-03-04,1610,154,1,17,,False,0
104004,2023-03-13,1619,156,1,17,,False,0
104004,2023-04-18,1655,160,1,17,,False,0
104004,2023-04-27,1664,160,1,16,,False,0
104004,2023-06-12,1710,164,1,16,,False,0
104004,2023-06-17,1715,164,1,16,,False,0
104004,2023-06-23,1721,165,1,16,,False,0
104004,2023-06-27,1725,166,1,16,,False,0
104004,2023-07-08,1736,167,1,16,,False,0
104004,2023-07-17,1745,171,1,17,,False,0
104004,2023-07-26,1754,172,1,17,,False,0
104004,2023-07-29,1757,173,2,17,,False,0
104004,2023-08-17,1776,175,2,18,,False,0
104004,2023-08-27,1786,175,1,17,,False,0
104004,2023-10-01,1821,176,1,16,,False,0
104004,2023-10-22,1842,179,1,15,,False,0
104004,2023-11-01,1852,179,1,14,,False,0
104004,2023-11-12,1863,181,2,14,,False,0
104004,2023-11-17,1868,183,1,14,,False,0
104004,2023-12-18,1899,187,1,14,,False,0
104004,2024-01-20,1932,188,1,14,,False,0
104004,2024-01-23,1935,189,1,14,,False,0
104004,2024-01-25,1937,190,1,14,,False,0
104004,2024-02-22,1965,190,1,15,,False,0
104004,2024-03-07,1979,189,1,15,,False,0
104004,2024-03-11,1983,190,1,15,,False,0
104004,2024-05-26,2059,194,1,16,,False,0
104004,2024-07-20,2114,196,1,16,,False,0
104004,2024-08-19,2144,198,1,16,,False,0
104004,2024-08-22,2147,199,1,15,,False,0
104004,2024-09-14,2170,197,1,15,,False,0
104004,2024-09-30,2186,199,1,15,,False,0
104004,2024-10-05,2191,199,1,15,,False,0
104004,2024-12-17,2264,198,2,15,,False,0
104004,2025-02-10,2319,201,3,17,,False,0
104004,2025-05-26,2424,207,1,16,,False,0
104004,2025-07-28,2487,209,1,16,,False,0
104004,2025-08-31,2521,209,1,16,,False,0
104004,2026-02-15,2689,214,2,16,,False,0
104004,2026-03-13,2715,216,1,16,,False,0
104004,2026-03-14,2716,217,1,16,,False,0
104004,2026-03-15,2717,216,2,16,,False,0
104004,2026-03-21,2723,218,3,16,,False,0
104004,2026-03-22,2724,219,3,17,,False,0
104004,2026-05-04,2767,223,1,17,,False,0
104004,2026-05-05,2768,223,2,17,,False,0
104004,2026-05-16,2779,224,1,17,,False,0
104004,2026-07-25,2849,225,1,17,,False,0
104004,2026-09-21,2907,229,1,17,,False,0
104004,2026-09-29,2915,228,1,17,,False,0
107346,2019-01-21,-257,0,10,,,False,
107346,2019-01-22,-256,12,16,,,False,0
107346,2019-01-23,-255,28,2,,,False,0
107346,2019-01-24,-254,35,2,,,False,0
107346,2019-01-25,-253,35,5,,,False,0
107346,2019-01-26,-252,39,4,,,False,0
107346,2019-01-28,-250,56,2,,,False,0
107346,2019-01-29,-249,63,1,,,False,0
107346,2019-01-30,-248,65,1,,,False,0
107346,2019-02-01,-246,68,2,,,False,0
107346,2019-02-02,-245,73,2,,,False,0
107346,2019-02-03,-244,78,4,,,False,0
107346,2019-02-06,-241,93,3,,,False,0
107346,2019-02-07,-240,97,1,,,False,0
107346,2019-02-10,-237,107,1,1,,False,0
107346,2019-02-11,-236,107,1,1,,False,0
107346,2019-02-12,-235,111,3,1,,False,0
107346,2019-02-13,-234,117,1,1,,False,0
107346,2019-02-14,-233,119,1,1,,False,0
107346,2019-02-16,-231,123,3,1,,False,0
107346,2019-02-17,-230,127,1,1,,False,0
107346,2019-02-18,-229,130,2,1,,False,0
107346,2019-02-20,-227,137,2,1,,False,0
107346,2019-02-21,-226,140,2,1,,False,0
107346,2019-02-22,-225,143,3,1,,False,0
107346,2019-02-23,-224,147,1,1,,False,0
107346,2019-02-24,-223,152,2,1,,False,0
107346,2019-02-25,-222,157,2,1,,False,0
107346,2019-03-01,-218,166,1,1,,False,0
107346,2019-03-02,-217,168,1,1,,False,0
107346,2019-03-03,-216,171,2,1,,False,0
107346,2019-03-06,-213,178,1,2,,False,0
107346,2019-03-07,-212,182,3,2,,False,0
107346,2019-03-09,-210,187,2,2,,False,0
107346,2019-03-10,-209,187,11,2,,False,0
107346,2019-03-11,-208,192,7,2,,False,0
107346,2019-03-12,-207,210,5,2,,False,0
107346,2019-03-13,-206,217,4,2,,False,0
107346,2019-03-14,-205,217,6,2,,False,0
107346,2019-03-15,-204,228,5,2,,False,0
107346,2019-03-16,-203,232,4,2,,False,0
107346,2019-03-17,-202,232,3,2,,False,0
107346,2019-03-18,-201,242,6,2,,False,0
107346,2019-03-19,-200,249,3,2,,False,0
107346,2019-03-20,-199,253,5,2,,False,0
107346,2019-03-21,-198,253,3,2,,False,0
107346,2019-03-22,-197,262,3,2,,False,0
107346,2019-03-23,-196,271,2,2,,False,0
107346,2019-03-24,-195,276,5,2,,False,0
107346,2019-03-25,-194,280,13,2,,False,0
107346,2019-03-26,-193,302,6,2,,False,0
107346,2019-03-27,-192,309,3,2,,False,0
107346,2019-03-28,-191,315,8,3,,False,0
107346,2019-03-29,-190,324,4,3,,False,0
107346,2019-03-30,-189,324,1,3,,False,0
107346,2019-03-31,-188,327,9,2,,False,0
107346,2019-04-01,-187,328,7,2,,False,0
107346,2019-04-02,-186,340,4,2,,False,0
107346,2019-04-03,-185,356,5,3,,False,0
107346,2019-04-04,-184,363,6,3,,False,0
107346,2019-04-05,-183,368,7,3,,False,0
107346,2019-04-06,-182,368,7,3,,False,0
107346,2019-04-07,-181,387,3,3,,False,0
107346,2019-04-08,-180,387,9,3,,False,0
107346,2019-04-09,-179,396,7,4,,False,0
107346,2019-04-10,-178,414,2,4,,False,0
107346,2019-04-11,-177,420,2,5,,False,0
107346,2019-04-12,-176,420,6,5,,False,0
107346,2019-04-13,-175,432,2,5,,False,0
107346,2019-04-14,-174,432,7,5,,False,0
107346,2019-04-15,-173,447,1,5,,False,0
107346,2019-04-16,-172,447,4,5,,False,0
107346,2019-04-17,-171,459,1,6,,False,0
107346,2019-04-19,-169,465,5,6,,False,0
107346,2019-04-20,-168,477,9,8,,False,0
107346,2019-04-21,-167,487,4,8,,False,0
107346,2019-04-22,-166,494,3,8,,False,0
107346,2019-04-23,-165,498,1,8,,False,0
107346,2019-04-24,-164,501,1,8,,False,0
107346,2019-04-25,-163,504,4,8,,False,0
107346,2019-04-26,-162,511,2,8,,False,0
107346,2019-04-27,-161,516,3,10,,False,0
107346,2019-04-28,-160,527,1,10,,False,0
107346,2019-04-29,-159,534,3,10,,False,0
107346,2019-04-30,-158,534,3,10,,False,0
107346,2019-05-01,-157,545,2,10,,False,0
107346,2019-05-02,-156,547,4,10,,False,0
107346,2019-05-03,-155,552,3,10,,False,0
107346,2019-05-04,-154,552,1,10,,False,0
107346,2019-05-05,-153,557,2,11,,False,0
107346,2019-05-06,-152,561,4,11,,False,0
107346,2019-05-07,-151,571,1,11,,False,0
107346,2019-05-09,-149,578,1,11,,False,0
107346,2019-05-10,-148,578,2,11,,False,0
107346,2019-05-12,-146,588,1,12,,False,0
107346,2019-05-13,-145,590,1,12,,False,0
107346,2019-05-14,-144,598,2,13,,False,0
107346,2019-05-15,-143,603,4,13,,False,0
107346,2019-05-16,-142,613,2,13,,False,0
107346,2019-05-17,-141,618,4,13,,False,0
107346,2019-05-18,-140,627,1,14,,False,0
107346,2019-05-19,-139,629,2,14,,False,0
107346,2019-05-20,-138,635,4,14,,False,0
107346,2019-05-21,-137,640,1,14,,False,0
107346,2019-05-22,-136,643,1,15,,False,0
107346,2019-05-23,-135,646,1,15,,False,0
107346,2019-05-24,-134,649,2,15,,False,0
107346,2019-05-25,-133,653,1,17,,False,0
107346,2019-05-26,-132,657,1,17,,False,0
107346,2019-05-27,-131,661,2,17,,False,0
107346,2019-05-28,-130,661,3,17,,False,0
107346,2019-05-30,-128,670,3,19,,False,0
107346,2019-05-31,-127,675,1,20,,False,0
107346,2019-06-01,-126,677,1,21,,False,0
107346,2019-06-02,-125,682,1,22,,False,0
107346,2019-06-03,-124,687,5,22,,False,0
107346,2019-06-04,-123,695,5,22,,False,0
107346,2019-06-05,-122,704,4,24,,False,0
107346,2019-06-06,-121,704,5,24,,False,0
107346,2019-06-07,-120,722,2,24,,False,0
107346,2019-06-08,-119,724,2,24,,False,0
107346,2019-06-09,-118,731,6,25,,False,0
107346,2019-06-10,-117,731,3,25,,False,0
107346,2019-06-11,-116,738,4,25,,False,0
107346,2019-06-12,-115,742,3,25,,False,0
107346,2019-06-13,-114,751,4,26,,False,0
107346,2019-06-14,-113,757,5,26,,False,0
107346,2019-06-16,-111,763,5,27,,False,0
107346,2019-06-18,-109,770,3,28,,False,0
107346,2019-06-19,-108,777,4,28,,False,0
107346,2019-06-20,-107,784,2,28,,False,0
107346,2019-06-21,-106,788,2,28,,False,0
107346,2019-06-22,-105,790,3,28,,False,0
107346,2019-06-23,-104,794,4,29,,False,0
107346,2019-06-24,-103,802,5,30,,False,0
107346,2019-06-25,-102,808,2,30,,False,0
107346,2019-06-26,-101,812,6,30,,False,0
107346,2019-06-27,-100,823,5,32,,False,0
107346,2019-06-28,-99,830,7,33,,False,0
107346,2019-06-29,-98,840,6,33,,False,0
107346,2019-06-30,-97,849,7,33,,False,0
107346,2019-07-01,-96,849,7,33,,False,0
107346,2019-07-02,-95,868,15,34,,False,0
107346,2019-07-03,-94,868,5,34,,False,0
107346,2019-07-04,-93,879,10,34,,False,0
107346,2019-07-05,-92,885,3,35,,False,0
107346,2019-07-06,-91,895,10,35,,False,0
107346,2019-07-07,-90,905,12,35,,False,0
107346,2019-07-08,-89,915,9,35,,False,0
107346,2019-07-09,-88,924,3,36,,False,0
107346,2019-07-10,-87,930,6,37,,False,0
107346,2019-07-11,-86,941,2,39,,False,0
107346,2019-07-12,-85,946,3,40,,False,0
107346,2019-07-13,-84,953,6,41,,False,0
107346,2019-07-14,-83,953,7,41,,False,0
107346,2019-07-15,-82,960,6,41,,False,0
107346,2019-07-16,-81,971,4,41,,False,0
107346,2019-07-17,-80,985,7,41,,False,0
107346,2019-07-18,-79,985,8,41,,False,0
107346,2019-07-19,-78,995,4,42,,False,0
107346,2019-07-20,-77,1008,2,42,,False,0
107346,2019-07-21,-76,1013,6,42,,False,0
107346,2019-07-22,-75,1020,9,42,,False,0
107346,2019-07-23,-74,1020,5,42,,False,0
107346,2019-07-24,-73,1029,5,42,,False,0
107346,2019-07-25,-72,1045,2,43,,False,0
107346,2019-07-26,-71,1045,6,43,,False,0
107346,2019-07-27,-70,1050,2,42,,False,0
107346,2019-07-28,-69,1057,10,43,,False,0
107346,2019-07-29,-68,1066,4,43,,False,0
107346,2019-07-30,-67,1079,5,44,,False,0
107346,2019-07-31,-66,1083,8,44,,False,0
107346,2019-08-01,-65,1083,4,44,,False,0
107346,2019-08-02,-64,1098,3,44,,False,0
107346,2019-08-03,-63,1104,7,44,,False,0
107346,2019-08-04,-62,1114,10,44,,False,0
107346,2019-08-05,-61,1114,10,44,,False,0
107346,2019-08-06,-60,1139,9,46,,False,0
107346,2019-08-07,-59,1139,6,46,,False,0
107346,2019-08-08,-58,1150,9,46,,False,0
107346,2019-08-09,-57,1172,7,49,,False,0
107346,2019-08-10,-56,1182,4,49,,False,0
107346,2019-08-11,-55,1182,7,49,,False,0
107346,2019-08-12,-54,1201,6,50,,False,0
107346,2019-08-13,-53,1201,7,50,,False,0
107346,2019-08-14,-52,1225,8,52,,False,0
107346,2019-08-15,-51,1225,6,52,,False,0
107346,2019-08-16,-50,1238,5,53,,False,0
107346,2019-08-17,-49,1247,1,54,,False,0
107346,2019-08-18,-48,1247,10,54,,False,0
107346,2019-08-19,-47,1264,6,56,,False,0
107346,2019-08-20,-46,1264,7,56,,False,0
107346,2019-08-21,-45,1276,7,57,,False,0
107346,2019-08-22,-44,1297,8,58,,False,0
107346,2019-08-23,-43,1308,5,58,,False,0
107346,2019-08-24,-42,1308,6,58,,False,0
107346,2019-08-25,-41,1327,11,61,,False,0
107346,2019-08-26,-40,1327,11,61,,False,0
107346,2019-08-27,-39,1349,4,62,,False,0
107346,2019-08-28,-38,1358,7,62,,False,0
107346,2019-08-29,-37,1368,7,64,,False,0
107346,2019-08-30,-36,1377,3,65,,False,0
107346,2019-09-01,-34,1384,18,65,,False,0
107346,2019-09-02,-33,1388,23,66,,False,0
107346,2019-09-03,-32,1409,27,68,,False,0
107346,2019-09-04,-31,1442,22,74,,False,0
107346,2019-09-05,-30,1477,17,77,,False,0
107346,2019-09-06,-29,1501,25,80,,False,0
107346,2019-09-07,-28,1518,19,81,,False,0
107346,2019-09-08,-27,1564,21,84,,False,0
107346,2019-09-09,-26,1564,25,84,,False,0
107346,2019-09-10,-25,1589,16,87,,False,0
107346,2019-09-11,-24,1619,11,89,,False,0
107346,2019-09-12,-23,1642,6,91,,False,0
107346,2019-09-13,-22,1666,15,91,,False,0
107346,2019-09-14,-21,1684,9,94,,False,0
107346,2019-09-15,-20,1684,20,94,,False,0
107346,2019-09-16,-19,1725,13,97,,False,0
107346,2019-09-17,-18,1725,22,97,,False,0
107346,2019-09-18,-17,1763,16,99,,False,0
107346,2019-09-19,-16,1789,31,103,,False,0
107346,2019-09-20,-15,1828,20,115,,False,0
107346,2019-09-21,-14,1856,17,120,,False,0
107346,2019-09-22,-13,1856,25,120,,False,0
107346,2019-09-23,-12,1880,30,123,,False,0
107346,2019-09-24,-11,1945,16,134,,False,0
107346,2019-09-25,-10,1968,26,138,,False,0
107346,2019-09-26,-9,1999,18,143,,False,0
107346,2019-09-27,-8,2017,18,150,,False,0
107346,2019-09-28,-7,2037,29,152,,False,0
107346,2019-09-29,-6,2037,39,152,,False,0
107346,2019-09-30,-5,2126,37,174,,False,0
107346,2019-10-01,-4,2126,38,174,,False,0
107346,2019-10-02,-3,2231,42,215,,False,0
107346,2019-10-03,-2,2231,49,215,,False,0
107346,2019-10-04,-1,2299,40,248,1,False,0
107346,2019-10-05,0,2370,580,289,1,False,0
107346,2019-10-06,1,2442,264,342,,True,0
107346,2019-10-07,2,2748,137,871,,True,61
107346,2019-10-08,3,2913,102,1079,,True,61
107346,2019-10-09,4,3016,76,1192,,True,62
107346,2019-10-10,5,3095,58,1271,,True,63
107346,2019-10-11,6,3155,47,1332,2,True,64
107346,2019-10-12,7,3212,485,1371,2,True,63
107346,2019-10-13,8,3250,206,1416,,True,64
107346,2019-10-14,9,3313,180,1474,,True,64
107346,2019-10-15,10,3366,100,1515,,True,64
107346,2019-10-16,11,3433,83,1579,,True,64
107346,2019-10-17,12,3478,52,1618,,True,64
107346,2019-10-18,13,3520,46,1651,3,True,64
107346,2019-10-19,14,3553,413,1669,3,True,64
107346,2019-10-20,15,3580,230,1693,,True,65
107346,2019-10-21,16,3620,129,1712,,True,65
107346,2019-10-22,17,3655,97,1735,,True,65
107346,2019-10-23,18,3682,79,1757,,True,65
107346,2019-10-24,19,3702,53,1777,,True,65
107346,2019-10-25,20,3745,41,1807,4,True,65
107346,2019-10-26,21,3745,368,1807,4,True,65
107346,2019-10-27,22,3761,237,1812,,True,65
107346,2019-10-28,23,3792,138,1824,,True,65
107346,2019-10-29,24,3814,83,1841,,True,65
107346,2019-10-30,25,3829,60,1855,,True,65
107346,2019-10-31,26,3846,43,1867,,True,65
107346,2019-11-01,27,3882,41,1880,5,True,65
107346,2019-11-02,28,3882,346,1880,5,True,65
107346,2019-11-03,29,3898,207,1890,,True,65
107346,2019-11-04,30,3913,121,1897,,True,65
107346,2019-11-05,31,3939,69,1914,,True,65
107346,2019-11-06,32,3956,56,1921,,True,65
107346,2019-11-07,33,3977,46,1931,,True,65
107346,2019-11-08,34,3996,39,1937,6,True,65
107346,2019-11-09,35,4009,95,1942,6,True,65
107346,2019-11-10,36,4021,51,1946,,True,65
107346,2019-11-11,37,4031,35,1944,,True,65
107346,2019-11-12,38,4043,55,1947,,True,65
107346,2019-11-13,39,4081,45,1955,,True,65
107346,2019-11-14,40,4081,30,1955,,True,65
107346,2019-11-15,41,4101,36,1971,6,True,65
107346,2019-11-16,42,4125,248,1977,6,True,65
107346,2019-11-17,43,4141,156,1984,,True,65
107346,2019-11-18,44,4150,123,1985,,True,65
107346,2019-11-19,45,4161,68,1984,,True,65
107346,2019-11-20,46,4177,54,1993,,True,65
107346,2019-11-21,47,4193,35,1996,,True,65
107346,2019-11-22,48,4202,32,2000,7,True,65
107346,2019-11-23,49,4215,286,2007,7,True,65
107346,2019-11-24,50,4226,169,2009,,True,65
107346,2019-11-25,51,4233,112,2014,,True,65
107346,2019-11-26,52,4251,69,2023,,True,65
107346,2019-11-27,53,4263,51,2030,,True,65
107346,2019-11-28,54,4274,47,2030,,True,65
107346,2019-11-29,55,4282,26,2034,8,True,65
107346,2019-11-30,56,4293,276,2039,8,True,65
107346,2019-12-01,57,4300,141,2038,,True,65
107346,2019-12-02,58,4317,133,2041,,True,65
107346,2019-12-03,59,4337,58,2047,,True,65
107346,2019-12-04,60,4337,55,2047,,True,65
107346,2019-12-05,61,4349,33,2055,,True,65
107346,2019-12-06,62,4361,48,2061,9,True,65
107346,2019-12-07,63,4366,266,2064,9,True,65
107346,2019-12-08,64,4376,131,2069,,True,65
107346,2019-12-09,65,4391,100,2073,,True,65
107346,2019-12-10,66,4413,57,2084,,True,65
107346,2019-12-11,67,4427,47,2086,,True,65
107346,2019-12-12,68,4450,30,2093,,True,65
107346,2019-12-13,69,4450,40,2093,10,True,65
107346,2019-12-14,70,4461,248,2100,10,True,65
107346,2019-12-15,71,4475,152,2103,,True,65
107346,2019-12-16,72,4488,102,2104,,True,65
107346,2019-12-17,73,4494,69,2105,,True,64
107346,2019-12-18,74,4504,45,2107,,True,64
107346,2019-12-19,75,4534,32,2121,,True,64
107346,2019-12-20,76,4534,47,2121,11,True,64
107346,2019-12-21,77,4543,249,2122,11,True,64
107346,2019-12-22,78,4553,121,2130,,True,64
107346,2019-12-23,79,4566,101,2133,,True,64
107346,2019-12-24,80,4587,53,2142,,True,64
107346,2019-12-25,81,4587,41,2142,,True,64
107346,2019-12-26,82,4604,40,2153,,True,65
107346,2019-12-27,83,4612,45,2154,,True,65
107346,2019-12-28,84,4624,372,2154,,True,64
107346,2019-12-29,85,4633,198,2155,,False,64
107346,2019-12-30,86,4655,149,1974,,False,65
107346,2019-12-31,87,4670,87,1836,,False,65
107346,2020-01-01,88,4691,61,1752,,False,65
107346,2020-01-02,89,4699,90,1703,,False,65
107346,2020-01-03,90,4709,60,1671,,False,65
107346,2020-01-04,91,4722,81,1625,,False,65
107346,2020-01-05,92,4736,80,1596,,False,65
107346,2020-01-06,93,4753,70,1563,,False,65
107346,2020-01-07,94,4775,67,1529,,False,65
107346,2020-01-08,95,4795,46,1504,,False,65
107346,2020-01-09,96,4810,50,1481,,False,65
107346,2020-01-10,97,4824,33,1463,,False,65
107346,2020-01-11,98,4836,46,1450,,False,65
107346,2020-01-12,99,4855,46,1418,,False,65
107346,2020-01-13,100,4855,38,1418,,False,65
107346,2020-01-14,101,4869,50,1400,,False,65
107346,2020-01-15,102,4879,40,1384,,False,65
107346,2020-01-16,103,4900,38,1371,,False,65
107346,2020-01-17,104,4909,31,1359,,False,65
107346,2020-01-18,105,4912,32,1350,,False,65
107346,2020-01-19,106,4930,21,1321,,False,65
107346,2020-01-20,107,4930,18,1321,,False,65
107346,2020-01-21,108,4937,16,1314,,False,65
107346,2020-01-22,109,4958,13,1306,,False,65
107346,2020-01-23,110,4967,21,1299,,False,65
107346,2020-01-24,111,4967,16,1299,,False,65
107346,2020-01-25,112,4982,22,1290,,False,65
107346,2020-01-26,113,4982,18,1290,,False,65
107346,2020-01-27,114,4989,16,1283,,False,65
107346,2020-01-28,115,4998,12,1274,,False,65
107346,2020-01-29,116,4998,24,1274,,False,65
107346,2020-01-30,117,5021,22,1264,,False,65
107346,2020-01-31,118,5021,18,1264,,False,65
107346,2020-02-01,119,5038,11,1258,,False,65
107346,2020-02-02,120,5038,20,1258,,False,65
107346,2020-02-03,121,5045,24,1254,,False,65
107346,2020-02-04,122,5055,13,1246,,False,65
107346,2020-02-05,123,5063,17,1244,,False,65
107346,2020-02-06,124,5076,21,1244,,False,65
107346,2020-02-07,125,5091,8,1243,,False,65
107346,2020-02-08,126,5091,8,1243,,False,65
107346,2020-02-09,127,5107,11,1237,,False,65
107346,2020-02-10,128,5118,15,1238,,False,65
107346,2020-02-11,129,5127,13,1240,,False,65
107346,2020-02-12,130,5127,18,1240,,False,65
107346,2020-02-13,131,5135,18,1237,,False,65
107346,2020-02-14,132,5143,17,1236,,False,65
107346,2020-02-15,133,5151,9,1230,,False,65
107346,2020-02-16,134,5168,13,1223,,False,65
107346,2020-02-17,135,5178,12,1224,,False,65
107346,2020-02-18,136,5191,20,1222,,False,65
107346,2020-02-19,137,5199,20,1225,,False,65
107346,2020-02-20,138,5225,14,1222,,False,65
107346,2020-02-21,139,5225,6,1222,,False,65
107346,2020-02-22,140,5247,13,1219,,False,65
107346,2020-02-23,141,5256,7,1212,,False,65
107346,2020-02-24,142,5265,16,1210,,False,65
107346,2020-02-25,143,5273,9,1205,,False,65
107346,2020-02-26,144,5273,22,1205,,False,65
107346,2020-02-27,145,5284,14,1203,,False,65
107346,2020-02-28,146,5288,11,1205,,False,65
107346,2020-02-29,147,5301,12,1204,,False,65
107346,2020-03-01,148,5312,10,1201,,False,65
107346,2020-03-02,149,5312,20,1201,,False,65
107346,2020-03-03,150,5329,4,1197,,False,65
107346,2020-03-04,151,5329,10,1197,,False,65
107346,2020-03-05,152,5334,10,1197,,False,65
107346,2020-03-06,153,5349,16,1194,,False,65
107346,2020-03-07,154,5358,10,1190,,False,65
107346,2020-03-08,155,5358,21,1190,,False,65
107346,2020-03-09,156,5382,24,1190,,False,65
107346,2020-03-10,157,5394,15,1190,,False,65
107346,2020-03-11,158,5401,10,1185,,False,65
107346,2020-03-12,159,5401,18,1185,,False,65
107346,2020-03-13,160,5416,12,1183,,False,65
107346,2020-03-14,161,5417,12,1181,,False,65
107346,2020-03-15,162,5424,10,1180,,False,65
107346,2020-03-16,163,5424,15,1180,,False,65
107346,2020-03-17,164,5438,13,1179,,False,65
107346,2020-03-18,165,5447,14,1180,,False,65
107346,2020-03-19,166,5468,14,1178,,False,65
107346,2020-03-20,167,5468,7,1178,,False,65
107346,2020-03-21,168,5484,13,1178,,False,65
107346,2020-03-22,169,5493,19,1172,,False,65
107346,2020-03-23,170,5493,14,1172,,False,65
107346,2020-03-24,171,5516,13,1166,,False,65
107346,2020-03-25,172,5522,15,1164,,False,65
107346,2020-03-26,173,5522,17,1164,,False,65
107346,2020-03-27,174,5534,16,1163,,False,65
107346,2020-03-28,175,5547,17,1159,,False,65
107346,2020-03-29,176,5569,22,1164,,False,65
107346,2020-03-30,177,5569,15,1164,,False,65
107346,2020-03-31,178,5584,19,1157,,False,65
107346,2020-04-01,179,5601,25,1144,,False,65
107346,2020-04-02,180,5601,20,1144,,False,65
107346,2020-04-03,181,5616,19,1143,,False,65
107346,2020-04-04,182,5645,27,1136,,False,65
107346,2020-04-05,183,5660,26,1131,,False,66
107346,2020-04-06,184,5660,32,1131,,False,66
107346,2020-04-07,185,5720,27,1132,,False,65
107346,2020-04-08,186,5720,14,1132,,False,65
107346,2020-04-09,187,5754,23,1127,,False,65
107346,2020-04-10,188,5754,23,1127,,False,65
107346,2020-04-11,189,5775,23,1122,,False,65
107346,2020-04-12,190,5805,18,1111,,False,66
107346,2020-04-13,191,5822,15,1113,,False,66
107346,2020-04-14,192,5822,15,1113,,False,66
107346,2020-04-15,193,5857,13,1109,,False,66
107346,2020-04-16,194,5857,23,1109,,False,66
107346,2020-04-17,195,5888,20,1111,,False,66
107346,2020-04-18,196,5888,16,1111,,False,66
107346,2020-04-19,197,5910,19,1109,,False,66
107346,2020-04-20,198,5925,11,1109,,False,66
107346,2020-04-21,199,5931,20,1104,,False,66
107346,2020-04-22,200,5949,13,1099,,False,66
107346,2020-04-23,201,5949,16,1099,,False,66
107346,2020-04-24,202,5986,11,1103,,False,66
107346,2020-04-25,203,5986,11,1103,,False,66
107346,2020-04-26,204,5998,21,1102,,False,66
107346,2020-04-27,205,6008,21,1104,,False,66
107346,2020-04-28,206,6026,12,1100,,False,66
107346,2020-04-29,207,6039,14,1101,,False,66
107346,2020-04-30,208,6052,13,1102,,False,66
107346,2020-05-01,209,6052,14,1102,,False,66
107346,2020-05-02,210,6066,15,1103,,False,66
107346,2020-05-03,211,6075,6,1101,,False,66
107346,2020-05-04,212,6096,16,1092,,False,66
107346,2020-05-05,213,6096,24,1092,,False,66
107346,2020-05-06,214,6134,12,1096,,False,66
107346,2020-05-07,215,6147,20,1100,,False,66
107346,2020-05-08,216,6158,19,1099,,False,66
107346,2020-05-09,217,6158,15,1099,,False,66
107346,2020-05-10,218,6190,10,1102,,False,66
107346,2020-05-11,219,6190,10,1102,,False,66
107346,2020-05-12,220,6215,17,1101,,False,66
107346,2020-05-13,221,6229,13,1100,,False,66
107346,2020-05-14,222,6240,11,1101,,False,66
107346,2020-05-15,223,6252,7,1105,,False,66
107346,2020-05-16,224,6252,17,1105,,False,66
107346,2020-05-17,225,6276,9,1105,,False,66
107346,2020-05-18,226,6276,16,1105,,False,66
107346,2020-05-19,227,6286,23,1106,,False,66
107346,2020-05-20,228,6297,15,1107,,False,66
107346,2020-05-21,229,6312,12,1106,,False,66
107346,2020-05-22,230,6331,10,1100,,False,66
107346,2020-05-23,231,6344,9,1102,,False,66
107346,2020-05-24,232,6357,11,1102,,False,66
107346,2020-05-25,233,6357,13,1102,,False,66
107346,2020-05-26,234,6376,10,1105,,False,66
107346,2020-05-27,235,6395,14,1107,,False,66
107346,2020-05-28,236,6426,7,1108,,False,66
107346,2020-05-29,237,6426,18,1108,,False,66
107346,2020-05-30,238,6436,15,1108,,False,66
107346,2020-05-31,239,6464,12,1108,,False,66
107346,2020-06-01,240,6472,9,1106,,False,66
107346,2020-06-02,241,6472,8,1106,,False,66
107346,2020-06-03,242,6480,14,1108,,False,66
107346,2020-06-04,243,6498,1,1103,,False,66
107346,2020-06-05,244,6504,5,1105,,False,66
107346,2020-06-06,245,6515,21,1106,,False,66
107346,2020-06-07,246,6529,8,1101,,False,66
107346,2020-06-08,247,6547,3,1103,,False,66
107346,2020-06-09,248,6559,14,1104,,False,66
107346,2020-06-10,249,6576,8,1103,,False,66
107346,2020-06-11,250,6590,6,1104,,False,66
107346,2020-06-12,251,6600,11,1106,,False,66
107346,2020-06-13,252,6600,17,1106,,False,66
107346,2020-06-14,253,6617,8,1109,,False,66
107346,2020-06-15,254,6642,11,1112,,False,66
107346,2020-06-16,255,6653,18,1109,,False,66
107346,2020-06-17,256,6653,12,1109,,False,66
107346,2020-06-18,257,6680,13,1111,,False,66
107346,2020-06-19,258,6680,9,1111,,False,66
107346,2020-06-20,259,6694,7,1109,,False,66
107346,2020-06-21,260,6694,16,1109,,False,66
107346,2020-06-22,261,6705,9,1110,,False,66
107346,2020-06-23,262,6730,12,1110,,False,66
107346,2020-06-24,263,6743,9,1108,,False,66
107346,2020-06-25,264,6743,12,1108,,False,66
107346,2020-06-26,265,6761,12,1106,,False,66
107346,2020-06-27,266,6761,14,1106,,False,66
107346,2020-06-28,267,6780,7,1102,,False,66
107346,2020-06-29,268,6780,12,1102,,False,66
107346,2020-06-30,269,6798,14,1099,,False,66
107346,2020-07-01,270,6798,12,1099,,False,66
107346,2020-07-02,271,6823,8,1098,,False,66
107346,2020-07-03,272,6823,13,1098,,False,66
107346,2020-07-04,273,6847,11,1098,,False,66
107346,2020-07-05,274,6847,17,1098,,False,66
107346,2020-07-06,275,6856,21,1096,,False,66
107346,2020-07-07,276,6870,9,1095,,False,66
107346,2020-07-08,277,6890,20,1092,,False,66
107346,2020-07-09,278,6890,14,1092,,False,66
107346,2020-07-10,279,6938,13,1089,,False,66
107346,2020-07-11,280,6938,22,1089,,False,66
107346,2020-07-12,281,7009,13,1085,,False,66
107346,2020-07-13,282,7060,17,1084,,False,66
107346,2020-07-14,283,7060,9,1084,,False,66
107346,2020-07-15,284,7081,10,1081,,False,66
107346,2020-07-16,285,7115,11,1087,,False,66
107346,2020-07-17,286,7127,16,1088,,False,66
107346,2020-07-18,287,7127,9,1088,,False,66
107346,2020-07-19,288,7139,25,1088,,False,66
107346,2020-07-20,289,7164,16,1084,,False,66
107346,2020-07-21,290,7164,14,1084,,False,66
107346,2020-07-22,291,7194,16,1084,,False,66
107346,2020-07-23,292,7237,10,1079,,False,66
107346,2020-07-24,293,7246,18,1079,,False,66
107346,2020-07-25,294,7246,16,1079,,False,66
107346,2020-07-26,295,7265,19,1078,,False,66
107346,2020-07-27,296,7265,14,1078,,False,66
107346,2020-07-28,297,7291,14,1076,,False,66
107346,2020-07-29,298,7310,14,1075,,False,66
107346,2020-07-30,299,7310,13,1075,,False,66
107346,2020-07-31,300,7334,13,1067,,False,66
107346,2020-08-01,301,7334,10,1067,,False,66
107346,2020-08-02,302,7354,11,1065,,False,66
107346,2020-08-03,303,7363,10,1066,,False,66
107346,2020-08-04,304,7375,7,1065,,False,66
107346,2020-08-05,305,7375,12,1065,,False,66
107346,2020-08-06,306,7385,9,1065,,False,66
107346,2020-08-07,307,7399,9,1067,,False,66
107346,2020-08-08,308,7415,6,1067,,False,66
107346,2020-08-09,309,7419,10,1068,,False,66
107346,2020-08-10,310,7432,12,1069,,False,66
107346,2020-08-11,311,7432,4,1069,,False,66
107346,2020-08-12,312,7443,15,1072,,False,66
107346,2020-08-13,313,7458,13,1067,,False,66
107346,2020-08-14,314,7458,13,1067,,False,66
107346,2020-08-15,315,7476,13,1066,,False,66
107346,2020-08-16,316,7488,22,1066,,False,66
107346,2020-08-17,317,7521,14,1065,,False,66
107346,2020-08-18,318,7530,19,1064,,False,66
107346,2020-08-19,319,7543,11,1062,,False,66
107346,2020-08-20,320,7543,9,1062,,False,66
107346,2020-08-21,321,7564,12,1065,,False,66
107346,2020-08-22,322,7576,7,1066,,False,66
107346,2020-08-23,323,7576,10,1066,,False,66
107346,2020-08-24,324,7583,19,1068,,False,66
107346,2020-08-25,325,7589,18,1072,,False,66
107346,2020-08-26,326,7597,20,1069,,False,66
107346,2020-08-27,327,7628,16,1067,,False,66
107346,2020-08-28,328,7628,25,1067,,False,66
107346,2020-08-29,329,7645,17,1068,,False,66
107346,2020-08-30,330,7673,9,1065,,False,66
107346,2020-08-31,331,7680,18,1068,,False,66
107346,2020-09-01,332,7680,9,1068,,False,66
107346,2020-09-02,333,7698,12,1066,,False,66
107346,2020-09-03,334,7712,20,1067,,False,66
107346,2020-09-04,335,7712,10,1067,,False,66
107346,2020-09-05,336,7718,14,1064,,False,66
107346,2020-09-06,337,7738,8,1064,,False,66
107346,2020-09-07,338,7745,10,1063,,False,66
107346,2020-09-08,339,7745,11,1063,,False,66
107346,2020-09-09,340,7757,9,1061,,False,66
107346,2020-09-10,341,7764,6,1059,,False,66
107346,2020-09-11,342,7773,6,1060,,False,66
107346,2020-09-12,343,7790,11,1059,,False,66
107346,2020-09-13,344,7790,10,1059,,False,66
107346,2020-09-14,345,7821,3,1058,,False,66
107346,2020-09-15,346,7823,11,1057,,False,66
107346,2020-09-16,347,7823,9,1057,,False,66
107346,2020-09-17,348,7846,8,1061,,False,66
107346,2020-09-18,349,7846,8,1061,,False,66
107346,2020-09-19,350,7862,6,1063,,False,66
107346,2020-09-20,351,7862,10,1063,,False,66
107346,2020-09-21,352,7878,12,1063,,False,66
107346,2020-09-22,353,7878,12,1063,,False,66
107346,2020-09-23,354,7894,7,1063,,False,66
107346,2020-09-24,355,7900,11,1063,,False,66
107346,2020-09-25,356,7910,9,1065,,False,66
107346,2020-09-26,357,7910,6,1065,,False,66
107346,2020-09-27,358,7925,2,1064,,False,66
107346,2020-09-28,359,7929,9,1065,,False,66
107346,2020-09-29,360,7929,10,1065,,False,66
107346,2020-09-30,361,7951,10,1064,,False,66
107346,2020-10-01,362,7959,4,1066,,False,66
107346,2020-10-02,363,7962,6,1065,,False,66
107346,2020-10-03,364,7962,6,1065,,False,66
107346,2020-10-04,365,7982,14,1066,,False,66
107346,2020-10-05,366,7982,16,1066,,False,66
107346,2020-10-06,367,8004,11,1065,,False,66
107346,2020-10-07,368,8019,9,1064,,False,66
107346,2020-10-08,369,8019,10,1064,,False,66
107346,2020-10-09,370,8034,10,1062,,False,66
107346,2020-10-10,371,8034,12,1062,,False,66
107346,2020-10-11,372,8054,10,1061,,False,66
107346,2020-10-12,373,8063,11,1062,,False,66
107346,2020-10-13,374,8063,5,1062,,False,66
107346,2020-10-14,375,8073,13,1062,,False,66
107346,2020-10-15,376,8087,7,1062,,False,66
107346,2020-10-16,377,8087,13,1062,,False,66
107346,2020-10-17,378,8101,11,1058,,False,66
107346,2020-10-18,379,8113,6,1058,,False,66
107346,2020-10-19,380,8113,8,1058,,False,66
107346,2020-10-20,381,8131,9,1056,,False,66
107346,2020-10-21,382,8139,12,1059,,False,66
107346,2020-10-22,383,8149,6,1056,,False,66
107346,2020-10-23,384,8163,9,1060,,False,66
107346,2020-10-24,385,8163,8,1060,,False,66
107346,2020-10-25,386,8170,7,1056,,False,66
107346,2020-10-26,387,8181,15,1056,,False,66
107346,2020-10-27,388,8187,3,1056,,False,66
107346,2020-10-28,389,8190,11,1056,,False,66
107346,2020-10-29,390,8199,7,1056,,False,66
107346,2020-10-30,391,8199,10,1056,,False,66
107346,2020-10-31,392,8210,7,1055,,False,66
107346,2020-11-01,393,8210,15,1055,,False,66
107346,2020-11-02,394,8217,13,1055,,False,66
107346,2020-11-03,395,8234,13,1058,,False,66
107346,2020-11-04,396,8242,11,1057,,False,66
107346,2020-11-05,397,8250,9,1058,,False,66
107346,2020-11-06,398,8267,6,1057,,False,66
107346,2020-11-07,399,8275,13,1058,,False,66
107346,2020-11-08,400,8275,13,1058,,False,66
107346,2020-11-09,401,8300,10,1058,,False,66
107346,2020-11-10,402,8308,12,1056,,False,66
107346,2020-11-11,403,8316,7,1057,,False,66
107346,2020-11-12,404,8322,10,1055,,False,66
107346,2020-11-13,405,8327,6,1054,,False,66
107346,2020-11-14,406,8327,6,1054,,False,66
107346,2020-11-15,407,8339,7,1054,,False,66
107346,2020-11-16,408,8349,5,1055,,False,66
107346,2020-11-17,409,8349,10,1055,,False,66
107346,2020-11-18,410,8360,9,1055,,False,66
107346,2020-11-19,411,8367,5,1055,,False,66
107346,2020-11-20,412,8367,18,1055,,False,66
107346,2020-11-21,413,8384,11,1056,,False,66
107346,2020-11-22,414,8392,9,1054,,False,66
107346,2020-11-23,415,8392,9,1054,,False,66
107346,2020-11-24,416,8410,9,1053,,False,66
107346,2020-11-25,417,8425,16,1052,,False,66
107346,2020-11-26,418,8425,3,1052,,False,66
107346,2020-11-27,419,8439,10,1053,,False,66
107346,2020-11-28,420,8452,13,1057,,False,66
107346,2020-11-29,421,8452,11,1057,,False,66
107346,2020-11-30,422,8466,13,1059,,False,66
107346,2020-12-01,423,8482,8,1055,,False,66
107346,2020-12-02,424,8485,8,1054,,False,66
107346,2020-12-03,425,8492,9,1055,,False,66
107346,2020-12-04,426,8498,7,1057,,False,66
107346,2020-12-05,427,8499,5,1055,,False,66
107346,2020-12-06,428,8499,14,1055,,False,66
107346,2020-12-07,429,8504,7,1058,,False,66
107346,2020-12-08,430,8521,16,1056,,False,66
107346,2020-12-09,431,8532,8,1058,,False,66
107346,2020-12-10,432,8532,15,1058,,False,66
107346,2020-12-11,433,8537,10,1058,,False,66
107346,2020-12-12,434,8551,7,1059,,False,66
107346,2020-12-13,435,8558,8,1058,,False,66
107346,2020-12-14,436,8558,9,1058,,False,66
107346,2020-12-15,437,8566,6,1060,,False,66
107346,2020-12-16,438,8581,6,1061,,False,66
107346,2020-12-17,439,8586,7,1061,,False,66
107346,2020-12-18,440,8590,11,1059,,False,66
107346,2020-12-19,441,8590,12,1059,,False,66
107346,2020-12-20,442,8599,14,1058,,False,66
107346,2020-12-21,443,8607,10,1058,,False,66
107346,2020-12-22,444,8615,8,1054,,False,66
107346,2020-12-23,445,8619,5,1056,,False,66
107346,2020-12-24,446,8630,11,1058,,False,66
107346,2020-12-25,447,8630,4,1058,,False,66
107346,2020-12-26,448,8653,6,1059,,False,66
107346,2020-12-27,449,8661,6,1060,,False,66
107346,2020-12-28,450,8671,11,1059,,False,66
107346,2020-12-29,451,8686,7,1058,,False,66
107346,2020-12-30,452,8692,10,1061,,False,66
107346,2020-12-31,453,8701,11,1062,,False,66
107346,2021-01-01,454,8710,4,1063,,False,66
107346,2021-01-02,455,8712,8,1060,,False,66
107346,2021-01-03,456,8721,12,1060,,False,66
107346,2021-01-04,457,8739,16,1060,,False,66
107346,2021-01-05,458,8739,9,1060,,False,66
107346,2021-01-06,459,8767,7,1064,,False,66
107346,2021-01-07,460,8767,9,1064,,False,66
107346,2021-01-09,462,8789,12,1063,,False,66
107346,2021-01-10,463,8795,6,1061,,False,66
107346,2021-01-11,464,8801,10,1058,,False,66
107346,2021-01-12,465,8813,15,1059,,False,66
107346,2021-01-13,466,8827,7,1058,,False,66
107346,2021-01-14,467,8835,3,1057,,False,66
107346,2021-01-15,468,8846,8,1058,,False,66
107346,2021-01-16,469,8853,9,1057,,False,66
107346,2021-01-17,470,8864,12,1056,,False,66
107346,2021-01-18,471,8875,10,1057,,False,66
107346,2021-01-19,472,8883,6,1061,,False,66
107346,2021-01-20,473,8895,8,1060,,False,66
107346,2021-01-21,474,8909,7,1057,,False,66
107346,2021-01-22,475,8918,11,1057,,False,66
107346,2021-01-23,476,8928,9,1058,,False,66
107346,2021-01-24,477,8939,11,1058,,False,66
107346,2021-01-25,478,8952,17,1058,,False,66
107346,2021-01-26,479,8966,13,1058,,False,66
107346,2021-01-27,480,8981,12,1055,,False,66
107346,2021-01-28,481,9001,14,1056,,False,66
107346,2021-01-29,482,9012,6,1053,,False,66
107346,2021-01-30,483,9020,13,1054,,False,66
107346,2021-01-31,484,9031,10,1053,,False,66
107346,2021-02-01,485,9038,18,1054,,False,66
107346,2021-02-02,486,9058,7,1053,,False,66
107346,2021-02-03,487,9064,12,1051,,False,66
107346,2021-02-04,488,9076,17,1053,,False,66
107346,2021-02-05,489,9091,9,1052,,False,66
107346,2021-02-06,490,9099,6,1052,,False,66
107346,2021-02-07,491,9108,14,1049,,False,66
107346,2021-02-08,492,9124,3,1048,,False,66
107346,2021-02-09,493,9132,8,1050,,False,66
107346,2021-02-10,494,9140,6,1050,,False,66
107346,2021-02-11,495,9145,10,1052,,False,66
107346,2021-02-12,496,9152,7,1050,,False,66
107346,2021-02-13,497,9161,6,1052,,False,66
107346,2021-02-14,498,9164,13,1052,,False,66
107346,2021-02-15,499,9174,13,1052,,False,66
107346,2021-02-16,500,9184,19,1051,,False,66
107346,2021-02-17,501,9205,14,1053,,False,66
107346,2021-02-18,502,9214,11,1051,,False,66
107346,2021-02-19,503,9230,1,1051,,False,66
107346,2021-02-20,504,9230,1,1051,,False,66
107346,2021-02-21,505,9233,17,1050,,False,66
107346,2021-02-22,506,9243,8,1049,,False,66
107346,2021-02-23,507,9255,15,1051,,False,66
107346,2021-02-24,508,9263,12,1049,,False,66
107346,2021-02-25,509,9270,3,1046,,False,66
107346,2021-02-26,510,9274,10,1047,,False,66
107346,2021-02-27,511,9288,7,1048,,False,66
107346,2021-02-28,512,9296,8,1050,,False,66
107346,2021-03-01,513,9312,9,1053,,False,66
107346,2021-03-02,514,9321,5,1052,,False,66
107346,2021-03-03,515,9332,11,1051,,False,66
107346,2021-03-04,516,9341,12,1053,,False,66
107346,2021-03-05,517,9355,5,1055,,False,66
107346,2021-03-06,518,9360,9,1056,,False,66
107346,2021-03-07,519,9365,12,1054,,False,66
107346,2021-03-08,520,9371,11,1056,,False,66
107346,2021-03-09,521,9379,10,1055,,False,66
107346,2021-03-10,522,9388,5,1055,,False,66
107346,2021-03-11,523,9395,8,1054,,False,66
107346,2021-03-12,524,9403,12,1053,,False,66
107346,2021-03-13,525,9414,2,1054,,False,66
107346,2021-03-14,526,9422,10,1056,,False,66
107346,2021-03-15,527,9427,16,1055,,False,66
107346,2021-03-16,528,9440,9,1055,,False,66
107346,2021-03-17,529,9447,13,1054,,False,66
107346,2021-03-18,530,9453,5,1051,,False,66
107346,2021-03-19,531,9459,4,1050,,False,66
107346,2021-03-21,533,9478,11,1053,,False,66
107346,2021-03-22,534,9485,8,1054,,False,66
107346,2021-03-23,535,9503,6,1054,,False,66
107346,2021-03-24,536,9513,4,1052,,False,66
107346,2021-03-25,537,9519,5,1052,,False,66
107346,2021-03-26,538,9529,11,1052,,False,66
107346,2021-03-27,539,9539,12,1049,,False,66
107346,2021-03-28,540,9556,6,1049,,False,66
107346,2021-03-29,541,9571,12,1049,,False,66
107346,2021-03-30,542,9577,14,1049,,False,66
107346,2021-03-31,543,9583,9,1048,,False,66
107346,2021-04-01,544,9591,13,1046,,False,66
107346,2021-04-02,545,9606,10,1047,,False,66
107346,2021-04-03,546,9619,12,1048,,False,66
107346,2021-04-04,547,9635,16,1046,,False,66
107346,2021-04-05,548,9638,9,1040,,False,66
107346,2021-04-06,549,9644,14,1038,,False,66
107346,2021-04-07,550,9661,8,1038,,False,66
107346,2021-04-08,551,9669,4,1036,,False,66
107346,2021-04-09,552,9678,10,1038,,False,66
107346,2021-04-10,553,9694,8,1038,,False,66
107346,2021-04-11,554,9704,10,1042,,False,66
107346,2021-04-12,555,9719,13,1043,,False,66
107346,2021-04-13,556,9735,12,1049,,False,66
107346,2021-04-14,557,9749,9,1049,,False,66
107346,2021-04-15,558,9761,4,1049,,False,66
107346,2021-04-16,559,9772,11,1050,,False,66
107346,2021-04-17,560,9787,7,1052,,False,66
107346,2021-04-18,561,9790,8,1051,,False,66
107346,2021-04-19,562,9801,8,1050,,False,66
107346,2021-04-20,563,9813,9,1051,,False,66
107346,2021-04-21,564,9820,12,1053,,False,66
107346,2021-04-22,565,9836,14,1052,,False,66
107346,2021-04-23,566,9841,9,1050,,False,66
107346,2021-04-24,567,9849,11,1049,,False,66
107346,2021-04-25,568,9857,6,1049,,False,66
107346,2021-04-26,569,9863,8,1049,,False,66
107346,2021-04-27,570,9872,5,1049,,False,66
107346,2021-04-28,571,9886,7,1052,,False,66
107346,2021-04-29,572,9898,10,1055,,False,66
107346,2021-04-30,573,9904,14,1056,,False,66
107346,2021-05-01,574,9920,7,1056,,False,66
107346,2021-05-02,575,9929,10,1053,,False,66
107346,2021-05-03,576,9937,14,1053,,False,66
107346,2021-05-04,577,9942,14,1051,,False,66
107346,2021-05-05,578,9947,8,1049,,False,66
107346,2021-05-06,579,9956,12,1049,,False,66
107346,2021-05-07,580,9971,9,1053,,False,66
107346,2021-05-08,581,9974,11,1053,,False,66
107346,2021-05-09,582,9980,10,1052,,False,66
107346,2021-05-10,583,9989,9,1053,,False,66
107346,2021-05-11,584,9998,9,1054,,False,66
107346,2021-05-12,585,10007,5,1054,,False,66
107346,2021-05-13,586,10014,9,1055,,False,66
107346,2021-05-14,587,10018,10,1056,,False,66
107346,2021-05-15,588,10031,10,1057,,False,66
107346,2021-05-16,589,10036,9,1056,,False,66
107346,2021-05-17,590,10042,12,1056,,False,66
107346,2021-05-18,591,10049,10,1053,,False,66
107346,2021-05-19,592,10064,4,1052,,False,66
107346,2021-05-20,593,10070,6,1053,,False,66
107346,2021-05-21,594,10076,9,1052,,False,66
107346,2021-05-22,595,10081,11,1053,,False,66
107346,2021-05-23,596,10091,4,1053,,False,66
107346,2021-05-24,597,10097,7,1056,,False,66
107346,2021-05-25,598,10103,10,1056,,False,66
107346,2021-05-26,599,10108,11,1057,,False,66
107346,2021-05-27,600,10117,10,1057,,False,66
107346,2021-05-28,601,10123,7,1056,,False,66
107346,2021-05-29,602,10131,11,1057,,False,66
107346,2021-05-30,603,10135,9,1057,,False,66
107346,2021-05-31,604,10142,8,1057,,False,66
107346,2021-06-01,605,10151,9,1059,,False,66
107346,2021-06-02,606,10157,9,1060,,False,66
107346,2021-06-03,607,10166,9,1059,,False,66
107346,2021-06-04,608,10178,7,1059,,False,66
107346,2021-06-05,609,10186,7,1060,,False,66
107346,2021-06-06,610,10196,7,1061,,False,66
107346,2021-06-08,612,10212,12,1062,,False,66
107346,2021-06-09,613,10217,4,1061,,False,66
107346,2021-06-10,614,10220,7,1059,,False,66
107346,2021-06-11,615,10224,4,1058,,False,66
107346,2021-06-12,616,10233,6,1060,,False,66
107346,2021-06-13,617,10239,2,1058,,False,66
107346,2021-06-14,618,10243,5,1058,,False,66
107346,2021-06-15,619,10250,5,1058,,False,66
107346,2021-06-16,620,10254,4,1056,,False,66
107346,2021-06-17,621,10255,9,1055,,False,66
107346,2021-06-18,622,10261,5,1052,,False,66
107346,2021-06-19,623,10264,6,1053,,False,66
107346,2021-06-20,624,10268,9,1053,,False,66
107346,2021-06-21,625,10275,5,1052,,False,66
107346,2021-06-22,626,10283,2,1051,,False,66
107346,2021-06-23,627,10292,2,1053,,False,66
107346,2021-06-24,628,10295,5,1053,,False,66
107346,2021-06-25,629,10298,7,1053,,False,66
107346,2021-06-26,630,10308,4,1055,,False,66
107346,2021-06-27,631,10316,6,1056,,False,66
107346,2021-06-28,632,10322,11,1057,,False,66
107346,2021-06-29,633,10334,5,1058,,False,66
107346,2021-06-30,634,10342,8,1058,,False,66
107346,2021-07-01,635,10349,13,1057,,False,66
107346,2021-07-02,636,10362,4,1055,,False,66
107346,2021-07-03,637,10365,5,1054,,False,66
107346,2021-07-04,638,10373,5,1054,,False,66
107346,2021-07-05,639,10378,3,1054,,False,66
107346,2021-07-06,640,10385,3,1055,,False,66
107346,2021-07-07,641,10395,5,1057,,False,66
107346,2021-07-08,642,10397,9,1056,,False,66
107346,2021-07-09,643,10404,10,1054,,False,66
107346,2021-07-10,644,10409,9,1053,,False,66
107346,2021-07-11,645,10416,6,1052,,False,66
107346,2021-07-12,646,10422,9,1053,,False,66
107346,2021-07-13,647,10435,7,1054,,False,66
107346,2021-07-14,648,10443,12,1054,,False,66
107346,2021-07-15,649,10452,8,1055,,False,66
107346,2021-07-16,650,10456,10,1052,,False,66
107346,2021-07-17,651,10466,14,1049,,False,66
107346,2021-07-18,652,10472,6,1051,,False,66
107346,2021-07-19,653,10482,4,1052,,False,66
107346,2021-07-20,654,10486,10,1052,,False,66
107346,2021-07-21,655,10495,3,1052,,False,66
107346,2021-07-22,656,10498,5,1051,,False,66
107346,2021-07-23,657,10505,11,1051,,False,66
107346,2021-07-24,658,10512,7,1054,,False,66
107346,2021-07-25,659,10519,8,1053,,False,66
107346,2021-07-26,660,10521,7,1052,,False,66
107346,2021-07-27,661,10526,5,1052,,False,66
107346,2021-07-28,662,10532,6,1052,,False,66
107346,2021-07-29,663,10539,8,1051,,False,66
107346,2021-07-30,664,10546,10,1050,,False,66
107346,2021-07-31,665,10555,5,1051,,False,66
107346,2021-08-01,666,10561,8,1053,,False,66
107346,2021-08-02,667,10566,5,1052,,False,66
107346,2021-08-03,668,10568,5,1051,,False,66
107346,2021-08-04,669,10570,5,1053,,False,66
107346,2021-08-05,670,10579,3,1054,,False,66
107346,2021-08-06,671,10583,13,1054,,False,66
107346,2021-08-07,672,10592,6,1054,,False,66
107346,2021-08-08,673,10597,5,1054,,False,66
107346,2021-08-09,674,10600,6,1054,,False,66
107346,2021-08-10,675,10608,2,1053,,False,66
107346,2021-08-11,676,10615,4,1053,,False,66
107346,2021-08-12,677,10622,17,1052,,False,66
107346,2021-08-13,678,10632,9,1052,,False,66
107346,2021-08-14,679,10639,2,1054,,False,66
107346,2021-08-15,680,10643,14,1054,,False,66
107346,2021-08-16,681,10653,4,1053,,False,66
107346,2021-08-17,682,10666,9,1052,,False,66
107346,2021-08-18,683,10675,4,1052,,False,66
107346,2021-08-19,684,10680,7,1054,,False,66
107346,2021-08-20,685,10687,9,1056,,False,66
107346,2021-08-21,686,10693,6,1053,,False,66
107346,2021-08-22,687,10699,7,1052,,False,66
107346,2021-08-23,688,10705,6,1050,,False,66
107346,2021-08-24,689,10713,7,1049,,False,66
107346,2021-08-25,690,10720,7,1049,,False,66
107346,2021-08-26,691,10725,6,1050,,False,66
107346,2021-08-27,692,10729,6,1051,,False,66
107346,2021-08-28,693,10735,3,1052,,False,66
107346,2021-08-29,694,10740,8,1052,,False,66
107346,2021-08-30,695,10749,6,1050,,False,66
107346,2021-08-31,696,10756,8,1050,,False,66
107346,2021-09-01,697,10762,15,1050,,False,66
107346,2021-09-02,698,10770,7,1048,,False,66
107346,2021-09-03,699,10777,3,1049,,False,66
107346,2021-09-04,700,10781,5,1049,,False,66
107346,2021-09-05,701,10786,6,1053,,False,66
107346,2021-09-06,702,10794,2,1054,,False,66
107346,2021-09-07,703,10800,7,1054,,False,66
107346,2021-09-08,704,10808,8,1052,,False,66
107346,2021-09-09,705,10819,5,1053,,False,66
107346,2021-09-10,706,10823,4,1054,,False,66
107346,2021-09-11,707,10828,6,1053,,False,66
107346,2021-09-12,708,10834,7,1054,,False,66
107346,2021-09-13,709,10840,5,1055,,False,66
107346,2021-09-14,710,10851,3,1056,,False,66
107346,2021-09-15,711,10858,5,1057,,False,66
107346,2021-09-16,712,10866,7,1057,,False,66
107346,2021-09-17,713,10873,6,1055,,False,66
107346,2021-09-18,714,10881,5,1055,,False,66
107346,2021-09-19,715,10894,11,1057,,False,66
107346,2021-09-20,716,10904,4,1055,,False,66
107346,2021-09-21,717,10911,8,1056,,False,66
107346,2021-09-22,718,10917,6,1054,,False,66
107346,2021-09-23,719,10925,4,1056,,False,66
107346,2021-09-24,720,10931,7,1056,,False,66
107346,2021-09-25,721,10941,7,1055,,False,66
107346,2021-09-26,722,10950,4,1056,,False,66
107346,2021-09-27,723,10957,4,1057,,False,66
107346,2021-09-28,724,10962,8,1060,,False,66
107346,2021-09-29,725,10968,5,1060,,False,66
107346,2021-09-30,726,10975,3,1058,,False,66
107346,2021-10-01,727,10978,4,1059,,False,66
107346,2021-10-03,729,10984,3,1060,,False,66
107346,2021-10-04,730,10991,8,1061,,False,66
107346,2021-10-05,731,11007,4,1061,,False,66
107346,2021-10-06,732,11014,8,1061,,False,66
107346,2021-10-07,733,11019,7,1060,,False,66
107346,2021-10-08,734,11026,5,1061,,False,66
107346,2021-10-09,735,11027,4,1059,,False,66
107346,2021-10-10,736,11035,5,1059,,False,66
107346,2021-10-11,737,11040,7,1060,,False,66
107346,2021-10-12,738,11049,3,1060,,False,66
107346,2021-10-13,739,11053,7,1060,,False,66
107346,2021-10-14,740,11055,4,1060,,False,66
107346,2021-10-15,741,11056,5,1058,,False,66
107346,2021-10-16,742,11063,1,1058,,False,66
107346,2021-10-17,743,11069,7,1059,,False,66
107346,2021-10-18,744,11073,5,1062,,False,66
107346,2021-10-19,745,11080,5,1060,,False,66
107346,2021-10-20,746,11087,3,1060,,False,66
107346,2021-10-21,747,11096,6,1061,,False,66
107346,2021-10-22,748,11097,4,1061,,False,66
107346,2021-10-23,749,11105,6,1060,,False,66
107346,2021-10-24,750,11109,2,1060,,False,66
107346,2021-10-26,752,11118,3,1061,,False,66
107346,2021-10-27,753,11120,4,1060,,False,66
107346,2021-10-28,754,11126,4,1059,,False,66
107346,2021-10-29,755,11127,7,1061,,False,66
107346,2021-10-30,756,11133,7,1061,,False,66
107346,2021-10-31,757,11137,4,1061,,False,66
107346,2021-11-01,758,11141,3,1062,,False,66
107346,2021-11-02,759,11143,2,1062,,False,66
107346,2021-11-03,760,11145,5,1062,,False,66
107346,2021-11-04,761,11150,6,1061,,False,66
107346,2021-11-05,762,11153,13,1060,,False,66
107346,2021-11-06,763,11158,6,1058,,False,66
107346,2021-11-07,764,11167,3,1059,,False,66
107346,2021-11-08,765,11176,7,1058,,False,66
107346,2021-11-10,767,11186,7,1058,,False,66
107346,2021-11-11,768,11193,7,1058,,False,66
107346,2021-11-12,769,11198,2,1057,,False,66
107346,2021-11-13,770,11202,1,1057,,False,66
107346,2021-11-14,771,11204,6,1057,,False,66
107346,2021-11-15,772,11207,4,1056,,False,66
107346,2021-11-16,773,11209,2,1057,,False,66
107346,2021-11-17,774,11209,8,1057,,False,66
107346,2021-11-18,775,11218,3,1058,,False,66
107346,2021-11-19,776,11221,4,1057,,False,66
107346,2021-11-20,777,11225,4,1058,,False,66
107346,2021-11-21,778,11226,7,1058,,False,66
107346,2021-11-22,779,11237,1,1059,,False,66
107346,2021-11-23,780,11243,4,1059,,False,66
107346,2021-11-24,781,11248,3,1059,,False,66
107346,2021-11-25,782,11253,7,1062,,False,66
107346,2021-11-26,783,11257,11,1062,,False,66
107346,2021-11-27,784,11268,3,1064,,False,66
107346,2021-11-28,785,11274,5,1064,,False,66
107346,2021-11-29,786,11277,11,1065,,False,66
107346,2021-11-30,787,11287,5,1065,,False,66
107346,2021-12-01,788,11289,5,1065,,False,66
107346,2021-12-02,789,11294,2,1064,,False,66
107346,2021-12-03,790,11299,1,1064,,False,66
107346,2021-12-04,791,11299,3,1064,,False,66
107346,2021-12-05,792,11303,6,1065,,False,66
107346,2021-12-06,793,11305,4,1066,,False,66
107346,2021-12-07,794,11310,3,1066,,False,66
107346,2021-12-09,796,11316,4,1068,,False,66
107346,2021-12-10,797,11318,15,1069,,False,66
107346,2021-12-11,798,11328,1,1069,,False,66
107346,2021-12-12,799,11328,4,1069,,False,66
107346,2021-12-13,800,11332,7,1071,,False,66
107346,2021-12-14,801,11333,9,1071,,False,66
107346,2021-12-15,802,11340,4,1070,,False,66
107346,2021-12-16,803,11348,9,1070,,False,66
107346,2021-12-18,805,11351,2,1071,,False,66
107346,2021-12-19,806,11355,2,1073,,False,66
107346,2021-12-20,807,11356,4,1073,,False,66
107346,2021-12-21,808,11358,5,1073,,False,66
107346,2021-12-22,809,11361,4,1073,,False,66
107346,2021-12-23,810,11365,2,1071,,False,66
107346,2021-12-24,811,11371,3,1071,,False,66
107346,2021-12-25,812,11377,4,1071,,False,66
107346,2021-12-26,813,11380,7,1071,,False,66
107346,2021-12-27,814,11387,7,1071,,False,66
107346,2021-12-28,815,11393,5,1071,,False,66
107346,2021-12-29,816,11398,5,1071,,False,66
107346,2021-12-30,817,11404,3,1072,,False,66
107346,2021-12-31,818,11409,7,1071,,False,66
107346,2022-01-01,819,11413,4,1070,,False,66
107346,2022-01-02,820,11416,13,1068,,False,66
107346,2022-01-03,821,11421,4,1067,,False,66
107346,2022-01-04,822,11427,4,1066,,False,66
107346,2022-01-05,823,11434,12,1066,,False,66
107346,2022-01-06,824,11443,7,1066,,False,66
107346,2022-01-07,825,11448,11,1066,,False,66
107346,2022-01-08,826,11457,5,1066,,False,66
107346,2022-01-09,827,11463,8,1066,,False,66
107346,2022-01-10,828,11471,8,1065,,False,66
107346,2022-01-11,829,11475,4,1065,,False,66
107346,2022-01-12,830,11480,6,1065,,False,66
107346,2022-01-13,831,11485,7,1066,,False,66
107346,2022-01-14,832,11489,9,1065,,False,66
107346,2022-01-15,833,11499,6,1064,,False,66
107346,2022-01-16,834,11505,14,1064,,False,66
107346,2022-01-17,835,11515,3,1062,,False,66
107346,2022-01-18,836,11524,9,1063,,False,66
107346,2022-01-19,837,11530,1,1063,,False,66
107346,2022-01-20,838,11539,10,1063,,False,66
107346,2022-01-21,839,11545,3,1063,,False,66
107346,2022-01-22,840,11553,7,1064,,False,66
107346,2022-01-23,841,11560,6,1065,,False,66
107346,2022-01-24,842,11569,4,1065,,False,66
107346,2022-01-25,843,11579,2,1068,,False,66
107346,2022-01-26,844,11582,5,1067,,False,66
107346,2022-01-28,846,11595,6,1067,,False,66
107346,2022-01-29,847,11600,2,1067,,False,66
107346,2022-01-30,848,11604,3,1068,,False,66
107346,2022-01-31,849,11603,5,1068,,False,66
107346,2022-02-01,850,11607,5,1069,,False,66
107346,2022-02-02,851,11614,3,1068,,False,66
107346,2022-02-03,852,11618,5,1070,,False,66
107346,2022-02-04,853,11625,9,1070,,False,66
107346,2022-02-05,854,11629,9,1072,,False,66
107346,2022-02-06,855,11636,10,1071,,False,66
107346,2022-02-07,856,11641,7,1069,,False,66
107346,2022-02-08,857,11652,5,1069,,False,66
107346,2022-02-09,858,11656,3,1067,,False,66
107346,2022-02-10,859,11658,9,1067,,False,66
107346,2022-02-11,860,11664,5,1067,,False,66
107346,2022-02-12,861,11671,2,1067,,False,66
107346,2022-02-13,862,11678,10,1066,,False,66
107346,2022-02-14,863,11684,10,1066,,False,66
107346,2022-02-15,864,11698,7,1065,,False,66
107346,2022-02-16,865,11704,8,1065,,False,66
107346,2022-02-17,866,11709,2,1065,,False,66
107346,2022-02-18,867,11712,6,1065,,False,66
107346,2022-02-19,868,11717,4,1065,,False,66
107346,2022-02-20,869,11725,7,1066,,False,66
107346,2022-02-21,870,11731,6,1067,,False,66
107346,2022-02-22,871,11735,2,1065,,False,66
107346,2022-02-23,872,11739,4,1065,,False,66
107346,2022-02-24,873,11750,5,1067,,False,66
107346,2022-02-25,874,11756,2,1068,,False,66
107346,2022-02-26,875,11762,6,1067,,False,66
107346,2022-02-27,876,11764,1,1068,,False,66
107346,2022-02-28,877,11769,11,1067,,False,66
107346,2022-03-01,878,11777,7,1067,,False,66
107346,2022-03-02,879,11784,2,1069,,False,66
107346,2022-03-03,880,11786,3,1069,,False,66
107346,2022-03-04,881,11792,3,1069,,False,66
107346,2022-03-05,882,11797,2,1069,,False,66
107346,2022-03-06,883,11798,5,1069,,False,66
107346,2022-03-07,884,11805,4,1070,,False,66
107346,2022-03-08,885,11809,5,1070,,False,66
107346,2022-03-09,886,11810,6,1071,,False,66
107346,2022-03-10,887,11811,8,1071,,False,66
107346,2022-03-11,888,11822,4,1074,,False,66
107346,2022-03-12,889,11823,3,1071,,False,66
107346,2022-03-13,890,11825,2,1072,,False,66
107346,2022-03-14,891,11827,8,1073,,False,66
107346,2022-03-15,892,11829,4,1073,,False,66
107346,2022-03-16,893,11837,4,1075,,False,66
107346,2022-03-17,894,11840,5,1075,,False,66
107346,2022-03-18,895,11843,2,1075,,False,66
107346,2022-03-19,896,11846,3,1075,,False,66
107346,2022-03-20,897,11853,2,1076,,False,66
107346,2022-03-21,898,11855,2,1076,,False,66
107346,2022-03-22,899,11860,4,1078,,False,66
107346,2022-03-23,900,11860,2,1077,,False,66
107346,2022-03-24,901,11867,4,1078,,False,66
107346,2022-03-25,902,11870,1,1078,,False,66
107346,2022-03-26,903,11878,2,1079,,False,66
107346,2022-03-27,904,11884,3,1080,,False,66
107346,2022-03-28,905,11890,4,1079,,False,66
107346,2022-03-29,906,11901,5,1078,,False,66
107346,2022-03-30,907,11911,4,1080,,False,66
107346,2022-03-31,908,11910,7,1079,,False,66
107346,2022-04-01,909,11917,5,1080,,False,66
107346,2022-04-02,910,11923,4,1080,,False,66
107346,2022-04-03,911,11930,4,1079,,False,66
107346,2022-04-04,912,11938,3,1080,,False,66
107346,2022-04-05,913,11943,1,1079,,False,66
107346,2022-04-06,914,11948,4,1080,,False,66
107346,2022-04-07,915,11953,2,1080,,False,66
107346,2022-04-08,916,11957,4,1080,,False,66
107346,2022-04-09,917,11961,4,1080,,False,66
107346,2022-04-10,918,11965,5,1080,,False,66
107346,2022-04-11,919,11970,6,1080,,False,66
107346,2022-04-12,920,11984,4,1080,,False,66
107346,2022-04-13,921,11995,1,1079,,False,66
107346,2022-04-14,922,12004,9,1081,,False,66
107346,2022-04-15,923,12012,9,1080,,False,66
107346,2022-04-16,924,12023,7,1081,,False,66
107346,2022-04-17,925,12035,10,1080,,False,66
107346,2022-04-18,926,12044,4,1079,,False,66
107346,2022-04-19,927,12050,10,1079,,False,66
107346,2022-04-20,928,12057,3,1080,,False,66
107346,2022-04-21,929,12060,5,1080,,False,66
107346,2022-04-22,930,12063,6,1079,,False,66
107346,2022-04-23,931,12070,11,1079,,False,66
107346,2022-04-24,932,12077,6,1078,,False,66
107346,2022-04-25,933,12081,3,1079,,False,66
107346,2022-04-26,934,12082,4,1079,,False,66
107346,2022-04-27,935,12082,4,1079,,False,66
107346,2022-04-28,936,12086,4,1077,,False,66
107346,2022-04-29,937,12093,4,1078,,False,66
107346,2022-04-30,938,12099,3,1079,,False,66
107346,2022-05-01,939,12105,9,1079,,False,66
107346,2022-05-03,941,12113,5,1081,,False,66
107346,2022-05-04,942,12119,6,1083,,False,66
107346,2022-05-05,943,12126,8,1082,,False,66
107346,2022-05-06,944,12132,1,1082,,False,66
107346,2022-05-07,945,12135,3,1081,,False,66
107346,2022-05-08,946,12140,3,1081,,False,66
107346,2022-05-09,947,12143,4,1081,,False,66
107346,2022-05-10,948,12146,8,1082,,False,66
107346,2022-05-11,949,12150,1,1083,,False,66
107346,2022-05-12,950,12156,7,1082,,False,66
107346,2022-05-13,951,12161,8,1082,,False,66
107346,2022-05-14,952,12165,5,1081,,False,66
107346,2022-05-15,953,12166,5,1081,,False,66
107346,2022-05-16,954,12171,5,1081,,False,66
107346,2022-05-17,955,12176,3,1081,,False,66
107346,2022-05-18,956,12179,5,1081,,False,66
107346,2022-05-19,957,12185,5,1080,,False,66
107346,2022-05-20,958,12192,10,1079,,False,66
107346,2022-05-21,959,12201,5,1080,,False,66
107346,2022-05-22,960,12205,12,1080,,False,66
107346,2022-05-23,961,12212,9,1080,,False,66
107346,2022-05-24,962,12221,4,1078,,False,66
107346,2022-05-25,963,12232,3,1079,,False,66
107346,2022-05-26,964,12236,6,1079,,False,66
107346,2022-05-27,965,12242,3,1078,,False,66
107346,2022-05-28,966,12247,2,1079,,False,66
107346,2022-05-29,967,12252,4,1079,,False,66
107346,2022-05-30,968,12261,7,1079,,False,66
107346,2022-05-31,969,12269,15,1080,,False,66
107346,2022-06-01,970,12282,6,1082,,False,66
107346,2022-06-02,971,12288,6,1083,,False,66
107346,2022-06-03,972,12298,3,1084,,False,66
107346,2022-06-04,973,12302,9,1084,,False,66
107346,2022-06-05,974,12311,3,1084,,False,66
107346,2022-06-06,975,12313,9,1085,,False,66
107346,2022-06-07,976,12317,3,1083,,False,66
107346,2022-06-08,977,12322,4,1083,,False,66
107346,2022-06-09,978,12328,4,1081,,False,66
107346,2022-06-10,979,12333,2,1081,,False,66
107346,2022-06-11,980,12335,2,1082,,False,66
107346,2022-06-12,981,12342,6,1084,,False,66
107346,2022-06-13,982,12349,2,1083,,False,66
107346,2022-06-14,983,12351,3,1081,,False,66
107346,2022-06-15,984,12356,4,1082,,False,66
107346,2022-06-16,985,12363,4,1082,,False,66
107346,2022-06-17,986,12364,1,1082,,False,66
107346,2022-06-18,987,12368,5,1083,,False,66
107346,2022-06-19,988,12373,7,1084,,False,66
107346,2022-06-20,989,12378,1,1084,,False,66
107346,2022-06-21,990,12383,9,1085,,False,66
107346,2022-06-22,991,12389,9,1086,,False,66
107346,2022-06-23,992,12393,10,1085,,False,66
107346,2022-06-24,993,12403,5,1084,,False,66
107346,2022-06-25,994,12408,2,1084,,False,66
107346,2022-06-26,995,12410,6,1084,,False,66
107346,2022-06-27,996,12416,10,1084,,False,66
107346,2022-06-28,997,12429,10,1087,,False,66
107346,2022-06-29,998,12439,12,1086,,False,66
107346,2022-06-30,999,12452,8,1088,,False,66
107346,2022-07-01,1000,12469,6,1087,,False,66
107346,2022-07-02,1001,12474,5,1087,,False,66
107346,2022-07-03,1002,12481,9,1088,,False,66
107346,2022-07-04,1003,12491,5,1088,,False,66
107346,2022-07-05,1004,12497,8,1088,,False,66
107346,2022-07-06,1005,12505,7,1088,,False,66
107346,2022-07-07,1006,12516,2,1086,,False,66
107346,2022-07-08,1007,12528,7,1086,,False,66
107346,2022-07-10,1009,12543,6,1089,,False,66
107346,2022-07-11,1010,12545,7,1089,,False,66
107346,2022-07-12,1011,12549,3,1088,,False,66
107346,2022-07-13,1012,12553,11,1087,,False,66
107346,2022-07-14,1013,12572,13,1090,,False,66
107346,2022-07-16,1015,12580,5,1089,,False,66
107346,2022-07-17,1016,12582,7,1089,,False,66
107346,2022-07-18,1017,12577,10,1090,,False,66
107346,2022-07-19,1018,12584,6,1093,,False,66
107346,2022-07-20,1019,12585,4,1091,,False,66
107346,2022-07-21,1020,12588,4,1091,,False,66
107346,2022-07-22,1021,12594,6,1090,,False,66
107346,2022-07-23,1022,12601,5,1090,,False,66
107346,2022-07-24,1023,12607,8,1091,,False,66
107346,2022-07-25,1024,12616,8,1092,,False,66
107346,2022-07-26,1025,12620,7,1094,,False,66
107346,2022-07-27,1026,12626,6,1098,,False,66
107346,2022-07-28,1027,12630,5,1099,,False,66
107346,2022-07-29,1028,12633,5,1097,,False,66
107346,2022-07-30,1029,12638,1,1099,,False,66
107346,2022-07-31,1030,12643,3,1100,,False,66
107346,2022-08-01,1031,12645,9,1101,,False,66
107346,2022-08-02,1032,12655,2,1098,,False,66
107346,2022-08-03,1033,12659,6,1098,,False,66
107346,2022-08-04,1034,12664,4,1097,,False,66
107346,2022-08-05,1035,12663,4,1098,,False,66
107346,2022-08-06,1036,12667,3,1099,,False,66
107346,2022-08-07,1037,12672,4,1098,,False,66
107346,2022-08-08,1038,12677,3,1098,,False,66
107346,2022-08-09,1039,12683,1,1100,,False,66
107346,2022-08-10,1040,12687,4,1099,,False,66
107346,2022-08-11,1041,12691,4,1099,,False,66
107346,2022-08-12,1042,12697,6,1099,,False,66
107346,2022-08-13,1043,12700,3,1099,,False,66
107346,2022-08-14,1044,12707,6,1099,,False,66
107346,2022-08-15,1045,12710,6,1099,,False,66
107346,2022-08-16,1046,12718,2,1098,,False,66
107346,2022-08-17,1047,12721,8,1099,,False,66
107346,2022-08-18,1048,12725,7,1100,,False,66
107346,2022-08-19,1049,12731,7,1099,,False,66
107346,2022-08-20,1050,12734,4,1099,,False,66
107346,2022-08-21,1051,12739,2,1098,,False,66
107346,2022-08-22,1052,12739,6,1098,,False,66
107346,2022-08-24,1054,12750,2,1098,,False,66
107346,2022-08-26,1056,12754,4,1098,,False,66
107346,2022-08-27,1057,12762,7,1099,,False,66
107346,2022-08-28,1058,12773,2,1101,,False,66
107346,2022-08-29,1059,12775,1,1101,,False,66
107346,2022-08-30,1060,12779,4,1101,,False,66
107346,2022-08-31,1061,12783,6,1102,,False,66
107346,2022-09-01,1062,12788,3,1103,,False,66
107346,2022-09-02,1063,12791,3,1104,,False,66
107346,2022-09-04,1065,12797,10,1105,,False,66
107346,2022-09-06,1067,12806,2,1107,,False,66
107346,2022-09-07,1068,12805,1,1107,,False,66
107346,2022-09-08,1069,12808,4,1107,,False,66
107346,2022-09-11,1072,12816,4,1108,,False,66
107346,2022-09-12,1073,12819,7,1109,,False,66
107346,2022-09-13,1074,12821,7,1111,,False,66
107346,2022-09-14,1075,12829,10,1110,,False,66
107346,2022-09-15,1076,12833,2,1111,,False,66
107346,2022-09-16,1077,12839,2,1111,,False,66
107346,2022-09-17,1078,12842,5,1111,,False,66
107346,2022-09-18,1079,12852,4,1112,,False,66
107346,2022-09-19,1080,12854,5,1114,,False,66
107346,2022-09-20,1081,12858,10,1113,,False,66
107346,2022-09-21,1082,12861,10,1113,,False,66
107346,2022-09-22,1083,12866,3,1113,,False,66
107346,2022-09-23,1084,12872,2,1114,,False,66
107346,2022-09-24,1085,12875,1,1114,,False,66
107346,2022-09-26,1087,12881,6,1115,,False,66
107346,2022-09-27,1088,12890,6,1117,,False,66
107346,2022-09-28,1089,12894,6,1117,,False,66
107346,2022-09-29,1090,12897,11,1116,,False,66
107346,2022-09-30,1091,12904,4,1115,,False,66
107346,2022-10-01,1092,12910,6,1114,,False,66
107346,2022-10-02,1093,12916,1,1115,,False,66
107346,2022-10-03,1094,12924,4,1114,,False,66
107346,2022-10-04,1095,12931,5,1115,,False,66
107346,2022-10-05,1096,12935,6,1116,,False,66
107346,2022-10-06,1097,12940,3,1115,,False,66
107346,2022-10-07,1098,12941,5,1115,,False,66
107346,2022-10-08,1099,12946,10,1114,,False,66
107346,2022-10-09,1100,12954,7,1114,,False,66
107346,2022-10-10,1101,12962,5,1113,,False,66
107346,2022-10-11,1102,12964,5,1111,,False,66
107346,2022-10-12,1103,12970,6,1110,,False,66
107346,2022-10-13,1104,12979,2,1112,,False,66
107346,2022-10-14,1105,12981,4,1112,,False,66
107346,2022-10-15,1106,12988,2,1113,,False,66
107346,2022-10-16,1107,12994,1,1113,,False,66
107346,2022-10-17,1108,12995,2,1112,,False,66
107346,2022-10-18,1109,13000,3,1113,,False,66
107346,2022-10-19,1110,13003,3,1113,,False,66
107346,2022-10-20,1111,13006,6,1113,,False,66
107346,2022-10-21,1112,13011,6,1114,,False,66
107346,2022-10-22,1113,13016,3,1114,,False,66
107346,2022-10-23,1114,13018,2,1114,,False,66
107346,2022-10-24,1115,13025,6,1117,,False,66
107346,2022-10-25,1116,13031,4,1118,,False,66
107346,2022-10-27,1118,13039,8,1121,,False,66
107346,2022-10-29,1120,13050,4,1122,,False,66
107346,2022-10-30,1121,13049,9,1121,,False,66
107346,2022-10-31,1122,13055,5,1120,,False,66
107346,2022-11-01,1123,13061,11,1119,,False,66
107346,2022-11-02,1124,13067,4,1120,,False,66
107346,2022-11-03,1125,13070,6,1119,,False,66
107346,2022-11-04,1126,13075,6,1116,,False,66
107346,2022-11-05,1127,13079,3,1116,,False,66
107346,2022-11-06,1128,13082,3,1115,,False,66
107346,2022-11-07,1129,13086,2,1117,,False,66
107346,2022-11-09,1131,13099,5,1117,,False,66
107346,2022-11-10,1132,13103,2,1117,,False,66
107346,2022-11-11,1133,13102,6,1117,,False,66
107346,2022-11-13,1135,13103,3,1117,,False,66
107346,2022-11-14,1136,13111,8,1117,,False,66
107346,2022-11-15,1137,13114,5,1118,,False,66
107346,2022-11-16,1138,13118,1,1119,,False,66
107346,2022-11-18,1140,13117,2,1118,,False,66
107346,2022-11-19,1141,13118,7,1118,,False,66
107346,2022-11-20,1142,13123,1,1119,,False,66
107346,2022-11-21,1143,13123,4,1118,,False,66
107346,2022-11-22,1144,13127,2,1117,,False,66
107346,2022-11-24,1146,13135,1,1117,,False,66
107346,2022-11-25,1147,13135,2,1117,,False,66
107346,2022-11-26,1148,13141,6,1119,,False,66
107346,2022-11-27,1149,13141,1,1118,,False,66
107346,2022-11-28,1150,13146,3,1117,,False,66
107346,2022-11-29,1151,13151,4,1118,,False,66
107346,2022-11-30,1152,13156,5,1119,,False,66
107346,2022-12-01,1153,13162,2,1121,,False,66
107346,2022-12-02,1154,13162,2,1121,,False,66
107346,2022-12-03,1155,13165,5,1122,,False,66
107346,2022-12-04,1156,13172,5,1123,,False,66
107346,2022-12-05,1157,13178,4,1123,,False,66
107346,2022-12-06,1158,13179,3,1122,,False,66
107346,2022-12-07,1159,13184,4,1122,,False,66
107346,2022-12-08,1160,13188,7,1123,,False,66
107346,2022-12-09,1161,13192,5,1124,,False,66
107346,2022-12-10,1162,13195,3,1123,,False,66
107346,2022-12-11,1163,13199,4,1124,,False,66
107346,2022-12-12,1164,13205,3,1125,,False,66
107346,2022-12-13,1165,13209,7,1124,,False,66
107346,2022-12-14,1166,13211,3,1125,,False,66
107346,2022-12-15,1167,13216,6,1125,,False,66
107346,2022-12-16,1168,13219,2,1125,,False,66
107346,2022-12-17,1169,13222,6,1126,,False,66
107346,2022-12-18,1170,13224,4,1126,,False,66
107346,2022-12-19,1171,13226,3,1126,,False,66
107346,2022-12-20,1172,13231,3,1126,,False,66
107346,2022-12-21,1173,13235,5,1126,,False,66
107346,2022-12-22,1174,13239,5,1128,,False,66
107346,2022-12-23,1175,13248,5,1128,,False,66
107346,2022-12-24,1176,13255,6,1131,,False,66
107346,2022-12-25,1177,13266,2,1133,,False,66
107346,2022-12-26,1178,13273,2,1134,,False,66
107346,2022-12-27,1179,13279,6,1135,,False,66
107346,2022-12-28,1180,13288,6,1135,,False,66
107346,2022-12-29,1181,13290,3,1135,,False,66
107346,2022-12-30,1182,13297,8,1137,,False,66
107346,2022-12-31,1183,13307,3,1137,,False,66
107346,2023-01-01,1184,13310,2,1137,,False,66
107346,2023-01-02,1185,13316,9,1138,,False,66
107346,2023-01-03,1186,13320,2,1139,,False,66
107346,2023-01-04,1187,13326,5,1140,,False,66
107346,2023-01-05,1188,13328,4,1139,,False,66
107346,2023-01-06,1189,13342,1,1140,,False,66
107346,2023-01-07,1190,13342,1,1140,,False,66
107346,2023-01-08,1191,13349,7,1141,,False,66
107346,2023-01-09,1192,13357,4,1141,,False,66
107346,2023-01-10,1193,13361,1,1140,,False,66
107346,2023-01-11,1194,13371,5,1141,,False,66
107346,2023-01-12,1195,13376,5,1140,,False,66
107346,2023-01-13,1196,13379,2,1139,,False,66
107346,2023-01-14,1197,13383,6,1139,,False,66
107346,2023-01-15,1198,13389,5,1140,,False,66
107346,2023-01-16,1199,13395,1,1139,,False,66
107346,2023-01-17,1200,13395,8,1139,,False,66
107346,2023-01-18,1201,13401,6,1136,,False,66
107346,2023-01-21,1204,13410,4,1135,,False,66
107346,2023-01-22,1205,13418,7,1135,,False,66
107346,2023-01-23,1206,13425,3,1135,,False,66
107346,2023-01-24,1207,13434,4,1135,,False,66
107346,2023-01-25,1208,13440,2,1135,,False,66
107346,2023-01-26,1209,13444,3,1136,,False,66
107346,2023-01-27,1210,13456,1,1137,,False,66
107346,2023-01-28,1211,13456,14,1137,,False,66
107346,2023-01-29,1212,13466,4,1137,,False,66
107346,2023-01-30,1213,13470,7,1137,,False,66
107346,2023-01-31,1214,13481,4,1137,,False,66
107346,2023-02-01,1215,13484,3,1138,,False,66
107346,2023-02-03,1217,13488,6,1139,,False,66
107346,2023-02-04,1218,13492,4,1139,,False,66
107346,2023-02-05,1219,13497,7,1141,,False,66
107346,2023-02-06,1220,13500,5,1140,,False,66
107346,2023-02-07,1221,13501,1,1138,,False,66
107346,2023-02-08,1222,13504,7,1139,,False,66
107346,2023-02-09,1223,13510,1,1140,,False,66
107346,2023-02-10,1224,13514,7,1140,,False,66
107346,2023-02-11,1225,13516,3,1141,,False,66
107346,2023-02-12,1226,13518,3,1141,,False,66
107346,2023-02-13,1227,13522,1,1141,,False,66
107346,2023-02-14,1228,13522,3,1141,,False,66
107346,2023-02-16,1230,13526,1,1141,,False,66
107346,2023-02-17,1231,13526,2,1142,,False,66
107346,2023-02-19,1233,13532,9,1142,,False,66
107346,2023-02-20,1234,13535,13,1142,,False,66
107346,2023-02-21,1235,13541,8,1142,,False,66
107346,2023-02-23,1237,13545,3,1142,,False,66
107346,2023-02-24,1238,13548,3,1141,,False,66
107346,2023-02-25,1239,13553,2,1141,,False,66
107346,2023-02-26,1240,13552,3,1140,,False,66
107346,2023-02-27,1241,13560,1,1140,,False,66
107346,2023-02-28,1242,13560,1,1140,,False,66
107346,2023-03-01,1243,13563,4,1140,,False,66
107346,2023-03-02,1244,13569,1,1141,,False,66
107346,2023-03-03,1245,13572,3,1142,,False,66
107346,2023-03-04,1246,13577,2,1143,,False,66
107346,2023-03-05,1247,13579,8,1142,,False,66
107346,2023-03-06,1248,13583,2,1142,,False,66
107346,2023-03-07,1249,13586,4,1141,,False,66
107346,2023-03-08,1250,13592,3,1141,,False,66
107346,2023-03-09,1251,13596,3,1141,,False,66
107346,2023-03-10,1252,13600,3,1142,,False,66
107346,2023-03-11,1253,13604,3,1142,,False,66
107346,2023-03-12,1254,13610,2,1144,,False,66
107346,2023-03-13,1255,13615,1,1145,,False,66
107346,2023-03-14,1256,13614,4,1143,,False,66
107346,2023-03-15,1257,13620,2,1144,,False,66
107346,2023-03-17,1259,13626,7,1144,,False,66
107346,2023-03-18,1260,13631,10,1143,,False,66
107346,2023-03-19,1261,13637,8,1145,,False,66
107346,2023-03-20,1262,13647,10,1145,,False,66
107346,2023-03-21,1263,13649,1,1146,,False,66
107346,2023-03-22,1264,13652,3,1146,,False,66
107346,2023-03-23,1265,13657,5,1146,,False,66
107346,2023-03-24,1266,13662,2,1145,,False,66
107346,2023-03-25,1267,13665,6,1146,,False,66
107346,2023-03-26,1268,13670,5,1147,,False,66
107346,2023-03-27,1269,13673,4,1146,,False,66
107346,2023-03-28,1270,13678,4,1146,,False,66
107346,2023-03-29,1271,13683,5,1146,,False,66
107346,2023-03-30,1272,13686,1,1147,,False,66
107346,2023-03-31,1273,13688,5,1147,,False,66
107346,2023-04-01,1274,13691,3,1147,,False,66
107346,2023-04-02,1275,13694,2,1148,,False,66
107346,2023-04-03,1276,13700,5,1149,,False,66
107346,2023-04-04,1277,13704,3,1147,,False,66
107346,2023-04-05,1278,13711,5,1149,,False,66
107346,2023-04-06,1279,13714,3,1149,,False,66
107346,2023-04-07,1280,13720,3,1148,,False,66
107346,2023-04-08,1281,13726,2,1148,,False,66
107346,2023-04-09,1282,13729,4,1148,,False,66
107346,2023-04-10,1283,13733,5,1148,,False,66
107346,2023-04-11,1284,13744,6,1148,,False,66
107346,2023-04-12,1285,13747,12,1145,,False,66
107346,2023-04-13,1286,13753,3,1144,,False,66
107346,2023-04-14,1287,13754,7,1145,,False,66
107346,2023-04-15,1288,13759,2,1145,,False,66
107346,2023-04-16,1289,13768,2,1146,,False,66
107346,2023-04-17,1290,13775,2,1148,,False,66
107346,2023-04-18,1291,13784,2,1150,,False,66
107346,2023-04-19,1292,13787,5,1150,,False,66
107346,2023-04-20,1293,13791,2,1149,,False,66
107346,2023-04-23,1296,13795,3,1150,,False,66
107346,2023-04-24,1297,13798,4,1149,,False,66
107346,2023-04-25,1298,13803,6,1149,,False,66
107346,2023-04-26,1299,13810,5,1150,,False,66
107346,2023-04-27,1300,13813,3,1150,,False,66
107346,2023-04-28,1301,13817,3,1150,,False,66
107346,2023-04-30,1303,13828,4,1151,,False,66
107346,2023-05-01,1304,13836,2,1153,,False,66
107346,2023-05-02,1305,13836,2,1153,,False,66
107346,2023-05-03,1306,13838,2,1154,,False,66
107346,2023-05-04,1307,13838,6,1154,,False,66
107346,2023-05-05,1308,13840,1,1153,,False,66
107346,2023-05-06,1309,13842,1,1153,,False,66
107346,2023-05-07,1310,13842,1,1154,,False,66
107346,2023-05-08,1311,13845,3,1155,,False,66
107346,2023-05-09,1312,13850,4,1155,,False,66
107346,2023-05-10,1313,13854,2,1155,,False,66
107346,2023-05-11,1314,13858,2,1155,,False,66
107346,2023-05-12,1315,13863,7,1155,,False,66
107346,2023-05-13,1316,13872,4,1156,,False,66
107346,2023-05-14,1317,13932,4,1158,,False,66
107346,2023-05-15,1318,13977,6,1161,,False,66
107346,2023-05-16,1319,13987,2,1163,,False,66
107346,2023-05-17,1320,13996,3,1164,,False,66
107346,2023-05-18,1321,14009,1,1168,,False,66
107346,2023-05-19,1322,14014,4,1168,,False,66
107346,2023-05-20,1323,14021,6,1167,,False,66
107346,2023-05-21,1324,14030,5,1166,,False,66
107346,2023-05-22,1325,14047,2,1166,,False,66
107346,2023-05-23,1326,14048,3,1165,,False,66
107346,2023-05-25,1328,14058,2,1166,,False,66
107346,2023-05-26,1329,14065,9,1167,,False,66
107346,2023-05-27,1330,14070,10,1168,,False,66
107346,2023-05-28,1331,14077,4,1170,,False,66
107346,2023-05-29,1332,14080,5,1168,,False,66
107346,2023-05-30,1333,14082,4,1168,,False,66
107346,2023-05-31,1334,14086,2,1167,,False,66
107346,2023-06-01,1335,14091,2,1167,,False,66
107346,2023-06-02,1336,14094,4,1167,,False,66
107346,2023-06-03,1337,14100,4,1167,,False,66
107346,2023-06-04,1338,14106,4,1167,,False,66
107346,2023-06-05,1339,14112,8,1167,,False,66
107346,2023-06-06,1340,14116,2,1168,,False,66
107346,2023-06-09,1343,14123,4,1167,,False,66
107346,2023-06-11,1345,14126,7,1169,,False,66
107346,2023-06-12,1346,14130,4,1169,,False,66
107346,2023-06-13,1347,14136,2,1170,,False,66
107346,2023-06-14,1348,14140,5,1171,,False,66
107346,2023-06-15,1349,14146,4,1171,,False,66
107346,2023-06-16,1350,14149,2,1171,,False,66
107346,2023-06-17,1351,14152,3,1172,,False,66
107346,2023-06-18,1352,14156,4,1172,,False,66
107346,2023-06-19,1353,14159,3,1173,,False,66
107346,2023-06-20,1354,14166,2,1174,,False,66
107346,2023-06-21,1355,14172,2,1173,,False,66
107346,2023-06-22,1356,14172,1,1174,,False,66
107346,2023-06-23,1357,14176,4,1174,,False,66
107346,2023-06-24,1358,14179,3,1172,,False,66
107346,2023-06-25,1359,14179,2,1173,,False,66
107346,2023-06-26,1360,14185,1,1175,,False,66
107346,2023-06-27,1361,14185,6,1175,,False,66
107346,2023-06-28,1362,14193,5,1176,,False,66
107346,2023-06-29,1363,14198,3,1177,,False,66
107346,2023-06-30,1364,14202,6,1177,,False,66
107346,2023-07-01,1365,14207,3,1178,,False,66
107346,2023-07-02,1366,14207,4,1178,,False,66
107346,2023-07-03,1367,14212,6,1180,,False,66
107346,2023-07-04,1368,14220,7,1180,,False,66
107346,2023-07-05,1369,14236,1,1184,,False,66
107346,2023-07-06,1370,14236,3,1184,,False,66
107346,2023-07-07,1371,14241,3,1183,,False,66
107346,2023-07-08,1372,14246,3,1183,,False,66
107346,2023-07-09,1373,14252,2,1182,,False,66
107346,2023-07-10,1374,14257,1,1182,,False,66
107346,2023-07-11,1375,14257,2,1182,,False,66
107346,2023-07-12,1376,14261,3,1184,,False,66
107346,2023-07-13,1377,14262,4,1183,,False,66
107346,2023-07-14,1378,14268,3,1183,,False,66
107346,2023-07-16,1380,14278,5,1183,,False,66
107346,2023-07-17,1381,14281,1,1181,,False,66
107346,2023-07-18,1382,14287,4,1180,,False,66
107346,2023-07-19,1383,14287,1,1179,,False,66
107346,2023-07-20,1384,14293,3,1180,,False,66
107346,2023-07-21,1385,14297,6,1181,,False,66
107346,2023-07-22,1386,14300,9,1181,,False,66
107346,2023-07-23,1387,14306,4,1180,,False,66
107346,2023-07-24,1388,14309,5,1180,,False,66
107346,2023-07-25,1389,14319,7,1182,,False,66
107346,2023-07-26,1390,14326,3,1184,,False,66
107346,2023-07-27,1391,14330,3,1184,,False,66
107346,2023-07-28,1392,14334,6,1185,,False,66
107346,2023-07-29,1393,14338,3,1183,,False,66
107346,2023-07-30,1394,14340,5,1183,,False,66
107346,2023-07-31,1395,14342,10,1184,,False,66
107346,2023-08-01,1396,14344,6,1185,,False,66
107346,2023-08-02,1397,14348,6,1186,,False,66
107346,2023-08-03,1398,14354,3,1186,,False,66
107346,2023-08-04,1399,14358,11,1186,,False,66
107346,2023-08-05,1400,14358,4,1187,,False,66
107346,2023-08-06,1401,14360,7,1185,,False,66
107346,2023-08-08,1403,14369,1,1186,,False,66
107346,2023-08-09,1404,14371,8,1186,,False,66
107346,2023-08-10,1405,14374,2,1186,,False,66
107346,2023-08-11,1406,14379,1,1189,,False,66
107346,2023-08-12,1407,14379,1,1189,,False,66
107346,2023-08-13,1408,14384,5,1189,,False,66
107346,2023-08-14,1409,14390,1,1188,,False,66
107346,2023-08-15,1410,14393,3,1188,,False,66
107346,2023-08-16,1411,14398,3,1189,,False,66
107346,2023-08-18,1413,14403,2,1189,,False,66
107346,2023-08-19,1414,14412,1,1191,,False,66
107346,2023-08-20,1415,14417,1,1192,,False,66
107346,2023-08-21,1416,14417,1,1192,,False,66
107346,2023-08-22,1417,14419,3,1192,,False,66
107346,2023-08-23,1418,14425,6,1193,,False,66
107346,2023-08-24,1419,14426,1,1193,,False,66
107346,2023-08-25,1420,14431,1,1195,,False,66
107346,2023-08-26,1421,14432,2,1195,,False,66
107346,2023-08-27,1422,14434,3,1195,,False,66
107346,2023-08-28,1423,14437,5,1194,,False,66
107346,2023-08-29,1424,14442,3,1193,,False,66
107346,2023-08-30,1425,14448,1,1193,,False,66
107346,2023-08-31,1426,14455,2,1194,,False,66
107346,2023-09-01,1427,14455,2,1194,,False,66
107346,2023-09-02,1428,14459,6,1194,,False,66
107346,2023-09-03,1429,14466,2,1195,,False,66
107346,2023-09-04,1430,14472,1,1195,,False,66
107346,2023-09-05,1431,14474,2,1195,,False,66
107346,2023-09-06,1432,14478,2,1197,,False,66
107346,2023-09-07,1433,14483,1,1198,,False,66
107346,2023-09-08,1434,14484,2,1198,,False,66
107346,2023-09-09,1435,14486,9,1198,,False,66
107346,2023-09-10,1436,14492,5,1198,,False,66
107346,2023-09-12,1438,14498,1,1198,,False,66
107346,2023-09-14,1440,14501,3,1198,,False,66
107346,2023-09-15,1441,14504,2,1198,,False,66
107346,2023-09-17,1443,14507,2,1198,,False,66
107346,2023-09-18,1444,14512,1,1199,,False,66
107346,2023-09-19,1445,14513,2,1199,,False,66
107346,2023-09-20,1446,14517,3,1198,,False,66
107346,2023-09-21,1447,14520,3,1198,,False,66
107346,2023-09-22,1448,14525,2,1199,,False,66
107346,2023-09-23,1449,14525,4,1199,,False,66
107346,2023-09-24,1450,14533,5,1200,,False,66
107346,2023-09-25,1451,14541,1,1200,,False,66
107346,2023-09-26,1452,14544,4,1201,,False,66
107346,2023-09-27,1453,14548,2,1198,,False,66
107346,2023-09-28,1454,14551,8,1197,,False,66
107346,2023-09-29,1455,14559,4,1197,,False,66
107346,2023-09-30,1456,14563,3,1197,,False,66
107346,2023-10-01,1457,14563,8,1197,,False,66
107346,2023-10-02,1458,14569,3,1197,,False,66
107346,2023-10-03,1459,14573,4,1195,,False,66
107346,2023-10-04,1460,14578,2,1195,,False,66
107346,2023-10-05,1461,14586,4,1197,,False,66
107346,2023-10-06,1462,14586,2,1197,,False,66
107346,2023-10-07,1463,14588,1,1195,,False,66
107346,2023-10-08,1464,14589,3,1195,,False,66
107346,2023-10-09,1465,14602,1,1196,,False,66
107346,2023-10-10,1466,14602,3,1196,,False,66
107346,2023-10-11,1467,14607,6,1196,,False,66
107346,2023-10-12,1468,14611,3,1194,,False,66
107346,2023-10-13,1469,14616,5,1194,,False,66
107346,2023-10-14,1470,14624,5,1195,,False,66
107346,2023-10-15,1471,14632,2,1196,,False,66
107346,2023-10-16,1472,14632,4,1194,,False,66
107346,2023-10-17,1473,14635,2,1194,,False,66
107346,2023-10-19,1475,14637,3,1195,,False,66
107346,2023-10-20,1476,14640,5,1196,,False,66
107346,2023-10-22,1478,14642,2,1196,,False,66
107346,2023-10-23,1479,14646,1,1197,,False,66
107346,2023-10-24,1480,14646,2,1195,,False,66
107346,2023-10-25,1481,14647,5,1195,,False,66
107346,2023-10-26,1482,14653,3,1196,,False,66
107346,2023-10-27,1483,14656,1,1197,,False,66
107346,2023-10-28,1484,14658,7,1198,,False,66
107346,2023-10-29,1485,14665,3,1198,,False,66
107346,2023-10-30,1486,14667,1,1197,,False,66
107346,2023-10-31,1487,14668,7,1199,,False,66
107346,2023-11-01,1488,14676,3,1199,,False,66
107346,2023-11-02,1489,14683,4,1199,,False,66
107346,2023-11-03,1490,14686,2,1197,,False,66
107346,2023-11-05,1492,14691,2,1197,,False,66
107346,2023-11-06,1493,14691,4,1197,,False,66
107346,2023-11-07,1494,14694,3,1199,,False,66
107346,2023-11-08,1495,14698,2,1200,,False,66
107346,2023-11-09,1496,14699,1,1200,,False,66
107346,2023-11-10,1497,14702,1,1201,,False,66
107346,2023-11-11,1498,14702,5,1201,,False,66
107346,2023-11-12,1499,14707,5,1202,,False,66
107346,2023-11-14,1501,14714,3,1202,,False,66
107346,2023-11-16,1503,14714,2,1202,,False,66
107346,2023-11-17,1504,14717,1,1202,,False,66
107346,2023-11-18,1505,14716,4,1202,,False,66
107346,2023-11-19,1506,14716,5,1202,,False,66
107346,2023-11-20,1507,14718,5,1202,,False,66
107346,2023-11-21,1508,14727,2,1203,,False,66
107346,2023-11-22,1509,14731,2,1203,,False,66
107346,2023-11-23,1510,14730,2,1202,,False,66
107346,2023-11-24,1511,14730,3,1202,,False,66
107346,2023-11-25,1512,14732,8,1202,,False,66
107346,2023-11-26,1513,14740,3,1199,,False,66
107346,2023-11-27,1514,14744,3,1200,,False,66
107346,2023-11-28,1515,14748,6,1201,,False,66
107346,2023-11-29,1516,14753,5,1201,,False,66
107346,2023-11-30,1517,14757,2,1202,,False,66
107346,2023-12-02,1519,14757,4,1200,,False,66
107346,2023-12-03,1520,14761,7,1200,,False,66
107346,2023-12-04,1521,14769,2,1199,,False,66
107346,2023-12-05,1522,14773,4,1198,,False,66
107346,2023-12-06,1523,14775,2,1198,,False,66
107346,2023-12-07,1524,14779,4,1198,,False,66
107346,2023-12-08,1525,14784,2,1198,,False,66
107346,2023-12-09,1526,14784,5,1199,,False,66
107346,2023-12-10,1527,14788,1,1199,,False,66
107346,2023-12-11,1528,14788,4,1198,,False,66
107346,2023-12-12,1529,14793,4,1198,,False,66
107346,2023-12-13,1530,14793,1,1198,,False,66
107346,2023-12-14,1531,14796,2,1196,,False,66
107346,2023-12-15,1532,14800,1,1196,,False,66
107346,2023-12-16,1533,14803,6,1196,,False,66
107346,2023-12-17,1534,14808,1,1196,,False,66
107346,2023-12-18,1535,14811,2,1195,,False,66
107346,2023-12-19,1536,14814,4,1194,,False,66
107346,2023-12-20,1537,14820,1,1196,,False,66
107346,2023-12-21,1538,14820,2,1196,,False,66
107346,2023-12-22,1539,14821,4,1196,,False,66
107346,2023-12-23,1540,14823,4,1196,,False,66
107346,2023-12-24,1541,14830,7,1198,,False,66
107346,2023-12-25,1542,14836,12,1200,,False,66
107346,2023-12-26,1543,14837,4,1198,,False,66
107346,2023-12-27,1544,14838,4,1198,,False,66
107346,2023-12-28,1545,14841,3,1199,,False,66
107346,2023-12-29,1546,14846,3,1201,,False,66
107346,2023-12-30,1547,14846,5,1200,,False,66
107346,2023-12-31,1548,14850,3,1200,,False,66
107346,2024-01-01,1549,14856,3,1201,,False,66
107346,2024-01-02,1550,14858,10,1202,,False,66
107346,2024-01-03,1551,14867,4,1204,,False,66
107346,2024-01-04,1552,14870,4,1203,,False,66
107346,2024-01-05,1553,14879,13,1204,,False,66
107346,2024-01-06,1554,14889,6,1205,,False,66
107346,2024-01-07,1555,14892,9,1203,,False,66
107346,2024-01-08,1556,14899,7,1203,,False,66
107346,2024-01-09,1557,14911,9,1203,,False,66
107346,2024-01-10,1558,14917,1,1204,,False,66
107346,2024-01-11,1559,14917,11,1204,,False,66
107346,2024-01-12,1560,14924,8,1202,,False,66
107346,2024-01-13,1561,14930,8,1203,,False,66
107346,2024-01-14,1562,14936,8,1204,,False,66
107346,2024-01-15,1563,14941,13,1204,,False,66
107346,2024-01-16,1564,14950,9,1201,,False,66
107346,2024-01-17,1565,14958,6,1202,,False,66
107346,2024-01-18,1566,14962,6,1202,,False,66
107346,2024-01-19,1567,14965,5,1202,,False,66
107346,2024-01-20,1568,14971,3,1202,,False,66
107346,2024-01-21,1569,14980,12,1203,,False,66
107346,2024-01-22,1570,14987,3,1204,,False,66
107346,2024-01-23,1571,14991,4,1205,,False,66
107346,2024-01-24,1572,14995,2,1204,,False,66
107346,2024-01-25,1573,15000,2,1202,,False,66
107346,2024-01-26,1574,15007,9,1204,,False,66
107346,2024-01-27,1575,15010,1,1205,,False,66
107346,2024-01-28,1576,15012,5,1205,,False,66
107346,2024-01-29,1577,15016,10,1205,,False,66
107346,2024-01-30,1578,15022,20,1203,,False,66
107346,2024-01-31,1579,15028,2,1202,,False,66
107346,2024-02-01,1580,15033,1,1202,,False,66
107346,2024-02-02,1581,15036,8,1203,,False,66
107346,2024-02-03,1582,15044,7,1204,,False,66
107346,2024-02-04,1583,15050,14,1206,,False,66
107346,2024-02-05,1584,15059,4,1207,,False,66
107346,2024-02-06,1585,15064,6,1206,,False,66
107346,2024-02-07,1586,15067,5,1205,,False,66
107346,2024-02-08,1587,15073,1,1207,,False,66
107346,2024-02-09,1588,15077,7,1209,,False,66
107346,2024-02-10,1589,15083,7,1211,,False,66
107346,2024-02-11,1590,15092,9,1215,,False,66
107346,2024-02-12,1591,15096,4,1214,,False,66
107346,2024-02-13,1592,15106,10,1216,,False,66
107346,2024-02-14,1593,15110,10,1217,,False,66
107346,2024-02-15,1594,15118,15,1216,,False,66
107346,2024-02-16,1595,15125,9,1215,,False,66
107346,2024-02-17,1596,15128,12,1213,,False,66
107346,2024-02-18,1597,15136,6,1211,,False,66
107346,2024-02-19,1598,15140,11,1211,,False,66
107346,2024-02-20,1599,15153,11,1212,,False,66
107346,2024-02-21,1600,15164,6,1216,,False,66
107346,2024-02-22,1601,15171,5,1218,,False,66
107346,2024-02-23,1602,15178,2,1220,,False,66
107346,2024-02-24,1603,15183,4,1221,,False,66
107346,2024-02-25,1604,15189,3,1221,,False,66
107346,2024-02-26,1605,15192,2,1220,,False,66
107346,2024-02-27,1606,15194,8,1217,,False,66
107346,2024-02-28,1607,15201,5,1219,,False,66
107346,2024-02-29,1608,15204,5,1220,,False,66
107346,2024-03-01,1609,15207,3,1218,,False,66
107346,2024-03-02,1610,15208,11,1219,,False,66
107346,2024-03-03,1611,15216,10,1221,,False,66
107346,2024-03-04,1612,15222,5,1219,,False,66
107346,2024-03-05,1613,15224,4,1217,,False,66
107346,2024-03-06,1614,15228,2,1216,,False,66
107346,2024-03-07,1615,15233,5,1219,,False,66
107346,2024-03-08,1616,15238,5,1219,,False,66
107346,2024-03-09,1617,15240,7,1220,,False,66
107346,2024-03-10,1618,15247,5,1220,,False,66
107346,2024-03-11,1619,15254,7,1221,,False,66
107346,2024-03-12,1620,15262,3,1220,,False,66
107346,2024-03-13,1621,15266,3,1220,,False,66
107346,2024-03-14,1622,15273,7,1221,,False,66
107346,2024-03-15,1623,15277,5,1223,,False,66
107346,2024-03-16,1624,15281,1,1223,,False,66
107346,2024-03-17,1625,15284,3,1223,,False,66
107346,2024-03-18,1626,15285,6,1223,,False,66
107346,2024-03-19,1627,15289,5,1224,,False,66
107346,2024-03-20,1628,15295,10,1224,,False,66
107346,2024-03-21,1629,15303,4,1225,,False,66
107346,2024-03-22,1630,15309,1,1227,,False,66
107346,2024-03-23,1631,15312,7,1226,,False,66
107346,2024-03-24,1632,15315,5,1227,,False,66
107346,2024-03-25,1633,15321,10,1226,,False,66
107346,2024-03-26,1634,15329,11,1227,,False,66
107346,2024-03-27,1635,15334,3,1228,,False,66
107346,2024-03-28,1636,15343,4,1229,,False,66
107346,2024-03-29,1637,15346,8,1229,,False,66
107346,2024-03-30,1638,15351,7,1228,,False,66
107346,2024-03-31,1639,15356,7,1227,,False,66
107346,2024-04-01,1640,15360,5,1227,,False,66
107346,2024-04-02,1641,15366,4,1227,,False,66
107346,2024-04-03,1642,15372,8,1226,,False,66
107346,2024-04-04,1643,15375,6,1225,,False,66
107346,2024-04-05,1644,15381,3,1226,,False,66
107346,2024-04-06,1645,15384,4,1225,,False,66
107346,2024-04-07,1646,15387,1,1226,,False,66
107346,2024-04-08,1647,15396,1,1228,,False,66
107346,2024-04-09,1648,15396,5,1228,,False,66
107346,2024-04-10,1649,15401,4,1227,,False,66
107346,2024-04-11,1650,15402,3,1228,,False,66
107346,2024-04-12,1651,15413,8,1231,,False,66
107346,2024-04-13,1652,15416,10,1227,,False,66
107346,2024-04-14,1653,15423,4,1226,,False,66
107346,2024-04-15,1654,15429,5,1225,,False,66
107346,2024-04-16,1655,15430,5,1223,,False,66
107346,2024-04-17,1656,15434,4,1223,,False,66
107346,2024-04-18,1657,15439,10,1224,,False,66
107346,2024-04-19,1658,15444,9,1226,,False,66
107346,2024-04-20,1659,15446,4,1226,,False,66
107346,2024-04-21,1660,15449,5,1226,,False,66
107346,2024-04-22,1661,15462,1,1229,,False,66
107346,2024-04-23,1662,15462,4,1229,,False,66
107346,2024-04-24,1663,15465,2,1229,,False,66
107346,2024-04-25,1664,15466,7,1228,,False,66
107346,2024-04-26,1665,15472,3,1227,,False,66
107346,2024-04-27,1666,15475,2,1227,,False,66
107346,2024-04-28,1667,15477,2,1227,,False,66
107346,2024-04-29,1668,15477,3,1227,,False,66
107346,2024-04-30,1669,15479,6,1226,,False,66
107346,2024-05-01,1670,15483,2,1226,,False,66
107346,2024-05-02,1671,15485,6,1225,,False,66
107346,2024-05-03,1672,15490,1,1223,,False,66
107346,2024-05-04,1673,15491,9,1224,,False,66
107346,2024-05-05,1674,15497,7,1223,,False,66
107346,2024-05-06,1675,15508,4,1224,,False,66
107346,2024-05-07,1676,15515,5,1224,,False,66
107346,2024-05-08,1677,15519,5,1225,,False,66
107346,2024-05-09,1678,15525,2,1226,,False,66
107346,2024-05-10,1679,15529,4,1225,,False,66
107346,2024-05-12,1681,15531,5,1226,,False,66
107346,2024-05-13,1682,15532,3,1226,,False,66
107346,2024-05-14,1683,15538,1,1227,,False,66
107346,2024-05-15,1684,15539,4,1227,,False,66
107346,2024-05-16,1685,15544,2,1227,,False,66
107346,2024-05-17,1686,15545,1,1227,,False,66
107346,2024-05-18,1687,15548,2,1228,,False,66
107346,2024-05-20,1689,15554,2,1229,,False,66
107346,2024-05-21,1690,15556,3,1229,,False,66
107346,2024-05-22,1691,15559,1,1229,,False,66
107346,2024-05-23,1692,15564,3,1228,,False,66
107346,2024-05-24,1693,15568,1,1229,,False,66
107346,2024-05-25,1694,15569,3,1229,,False,66
107346,2024-05-26,1695,15571,4,1228,,False,66
107346,2024-05-27,1696,15574,8,1228,,False,66
107346,2024-05-28,1697,15583,5,1230,,False,66
107346,2024-05-29,1698,15587,4,1230,,False,66
107346,2024-05-30,1699,15587,3,1231,,False,66
107346,2024-05-31,1700,15593,8,1232,,False,66
107346,2024-06-01,1701,15595,5,1231,,False,66
107346,2024-06-03,1703,15604,7,1230,,False,66
107346,2024-06-04,1704,15610,6,1230,,False,66
107346,2024-06-05,1705,15616,3,1230,,False,66
107346,2024-06-06,1706,15623,2,1230,,False,66
107346,2024-06-07,1707,15626,6,1231,,False,66
107346,2024-06-08,1708,15627,6,1230,,False,66
107346,2024-06-09,1709,15631,3,1229,,False,66
107346,2024-06-10,1710,15630,3,1228,,False,66
107346,2024-06-11,1711,15633,1,1227,,False,66
107346,2024-06-12,1712,15635,2,1228,,False,66
107346,2024-06-13,1713,15635,2,1228,,False,66
107346,2024-06-14,1714,15639,10,1228,,False,66
107346,2024-06-15,1715,15642,2,1228,,False,66
107346,2024-06-16,1716,15642,7,1228,,False,66
107346,2024-06-17,1717,15644,1,1225,,False,66
107346,2024-06-18,1718,15646,3,1227,,False,66
107346,2024-06-19,1719,15647,3,1225,,False,66
107346,2024-06-20,1720,15650,2,1226,,False,66
107346,2024-06-21,1721,15651,1,1226,,False,66
107346,2024-06-22,1722,15655,4,1226,,False,66
107346,2024-06-23,1723,15660,2,1227,,False,66
107346,2024-06-25,1725,15664,5,1226,,False,66
107346,2024-06-26,1726,15668,3,1226,,False,66
107346,2024-06-27,1727,15671,4,1226,,False,66
107346,2024-06-28,1728,15677,4,1226,,False,66
107346,2024-06-29,1729,15680,5,1227,,False,66
107346,2024-06-30,1730,15680,3,1227,,False,66
107346,2024-07-01,1731,15684,8,1227,,False,66
107346,2024-07-02,1732,15688,4,1227,,False,66
107346,2024-07-04,1734,15697,4,1226,,False,66
107346,2024-07-06,1736,15703,3,1227,,False,66
107346,2024-07-07,1737,15706,3,1226,,False,66
107346,2024-07-08,1738,15712,3,1227,,False,66
107346,2024-07-09,1739,15717,1,1228,,False,66
107346,2024-07-10,1740,15717,1,1228,,False,66
107346,2024-07-11,1741,15719,2,1228,,False,66
107346,2024-07-12,1742,15722,2,1228,,False,66
107346,2024-07-14,1744,15726,4,1230,,False,66
107346,2024-07-15,1745,15733,1,1230,,False,66
107346,2024-07-16,1746,15737,1,1230,,False,66
107346,2024-07-17,1747,15737,5,1230,,False,66
107346,2024-07-18,1748,15742,2,1231,,False,66
107346,2024-07-19,1749,15748,3,1233,,False,66
107346,2024-07-20,1750,15750,2,1232,,False,66
107346,2024-07-21,1751,15753,6,1231,,False,66
107346,2024-07-22,1752,15757,5,1230,,False,66
107346,2024-07-23,1753,15761,3,1230,,False,66
107346,2024-07-24,1754,15762,1,1228,,False,66
107346,2024-07-25,1755,15765,3,1228,,False,66
107346,2024-07-26,1756,15769,2,1228,,False,66
107346,2024-07-27,1757,15771,2,1228,,False,66
107346,2024-07-28,1758,15771,2,1228,,False,66
107346,2024-07-29,1759,15779,3,1228,,False,66
107346,2024-07-30,1760,15781,1,1228,,False,66
107346,2024-07-31,1761,15786,1,1228,,False,66
107346,2024-08-01,1762,15794,1,1229,,False,66
107346,2024-08-02,1763,15794,2,1229,,False,66
107346,2024-08-03,1764,15795,3,1229,,False,66
107346,2024-08-04,1765,15796,2,1229,,False,66
107346,2024-08-05,1766,15794,5,1228,,False,66
107346,2024-08-06,1767,15799,2,1228,,False,66
107346,2024-08-07,1768,15801,1,1228,,False,66
107346,2024-08-08,1769,15808,1,1226,,False,66
107346,2024-08-09,1770,15808,1,1226,,False,66
107346,2024-08-11,1772,15812,5,1226,,False,66
107346,2024-08-12,1773,15817,2,1227,,False,66
107346,2024-08-13,1774,15826,2,1229,,False,66
107346,2024-08-14,1775,15828,7,1229,,False,66
107346,2024-08-15,1776,15839,3,1229,,False,66
107346,2024-08-16,1777,15842,2,1230,,False,66
107346,2024-08-17,1778,15844,1,1231,,False,66
107346,2024-08-18,1779,15845,7,1231,,False,66
107346,2024-08-19,1780,15847,6,1230,,False,66
107346,2024-08-20,1781,15855,1,1232,,False,66
107346,2024-08-21,1782,15861,1,1234,,False,66
107346,2024-08-22,1783,15866,5,1237,,False,66
107346,2024-08-23,1784,15871,2,1237,,False,66
107346,2024-08-24,1785,15876,5,1238,,False,66
107346,2024-08-25,1786,15881,1,1238,,False,66
107346,2024-08-26,1787,15881,4,1238,,False,66
107346,2024-08-27,1788,15895,1,1240,,False,66
107346,2024-08-28,1789,15895,10,1240,,False,66
107346,2024-08-29,1790,15957,3,1242,,False,66
107346,2024-08-30,1791,15980,4,1244,,False,66
107346,2024-08-31,1792,15997,1,1248,,False,66
107346,2024-09-01,1793,16011,6,1249,,False,66
107346,2024-09-02,1794,16021,3,1251,,False,66
107346,2024-09-05,1797,16033,1,1253,,False,66
107346,2024-09-06,1798,16039,2,1254,,False,66
107346,2024-09-07,1799,16042,5,1255,,False,66
107346,2024-09-08,1800,16048,5,1255,,False,66
107346,2024-09-09,1801,16054,4,1256,,False,66
107346,2024-09-10,1802,16056,7,1255,,False,66
107346,2024-09-11,1803,16063,3,1253,,False,66
107346,2024-09-12,1804,16074,1,1256,,False,66
107346,2024-09-13,1805,16074,1,1256,,False,66
107346,2024-09-14,1806,16079,2,1256,,False,66
107346,2024-09-15,1807,16079,4,1256,,False,66
107346,2024-09-16,1808,16083,2,1256,,False,66
107346,2024-09-17,1809,16082,6,1255,,False,66
107346,2024-09-18,1810,16092,5,1256,,False,66
107346,2024-09-19,1811,16105,3,1257,,False,66
107346,2024-09-20,1812,16112,7,1258,,False,66
107346,2024-09-21,1813,16119,3,1256,,False,66
107346,2024-09-22,1814,16129,2,1256,,False,66
107346,2024-09-23,1815,16134,4,1256,,False,66
107346,2024-09-24,1816,16141,1,1256,,False,66
107346,2024-09-25,1817,16143,1,1257,,False,66
107346,2024-09-26,1818,16150,4,1257,,False,66
107346,2024-09-27,1819,16157,4,1257,,False,66
107346,2024-09-28,1820,16162,3,1259,,False,66
107346,2024-09-30,1822,16176,5,1259,,False,66
107346,2024-10-01,1823,16182,3,1259,,False,66
107346,2024-10-02,1824,16187,1,1260,,False,66
107346,2024-10-03,1825,16194,3,1263,,False,66
107346,2024-10-04,1826,16203,1,1264,,False,66
107346,2024-10-05,1827,16205,6,1264,,False,66
107346,2024-10-06,1828,16215,3,1264,,False,66
107346,2024-10-07,1829,16223,7,1266,,False,66
107346,2024-10-08,1830,16226,11,1266,,False,66
107346,2024-10-10,1832,16239,1,1263,,False,66
107346,2024-10-11,1833,16240,2,1263,,False,66
107346,2024-10-12,1834,16248,1,1262,,False,66
107346,2024-10-13,1835,16258,2,1263,,False,66
107346,2024-10-14,1836,16259,1,1263,,False,66
107346,2024-10-15,1837,16264,5,1264,,False,66
107346,2024-10-16,1838,16269,4,1267,,False,66
107346,2024-10-17,1839,16271,7,1269,,False,66
107346,2024-10-18,1840,16274,5,1270,,False,66
107346,2024-10-19,1841,16275,3,1271,,False,66
107346,2024-10-20,1842,16276,6,1270,,False,66
107346,2024-10-21,1843,16282,6,1270,,False,66
107346,2024-10-22,1844,16288,3,1269,,False,66
107346,2024-10-23,1845,16296,5,1269,,False,66
107346,2024-10-24,1846,16299,10,1268,,False,66
107346,2024-10-25,1847,16306,8,1269,,False,66
107346,2024-10-26,1848,16314,2,1272,,False,66
107346,2024-10-27,1849,16315,2,1271,,False,66
107346,2024-10-28,1850,16320,4,1271,,False,66
107346,2024-10-29,1851,16325,3,1271,,False,66
107346,2024-10-30,1852,16333,3,1273,,False,66
107346,2024-10-31,1853,16337,2,1273,,False,66
107346,2024-11-01,1854,16342,2,1276,,False,66
107346,2024-11-02,1855,16342,5,1276,,False,66
107346,2024-11-03,1856,16348,1,1276,,False,66
107346,2024-11-04,1857,16350,4,1276,,False,66
107346,2024-11-05,1858,16353,8,1276,,False,66
107346,2024-11-06,1859,16355,4,1275,,False,66
107346,2024-11-07,1860,16363,2,1274,,False,66
107346,2024-11-08,1861,16369,3,1275,,False,66
107346,2024-11-11,1864,16379,5,1274,,False,66
107346,2024-11-12,1865,16386,3,1273,,False,66
107346,2024-11-14,1867,16391,4,1274,,False,66
107346,2024-11-15,1868,16397,1,1277,,False,66
107346,2024-11-16,1869,16397,2,1277,,False,66
107346,2024-11-17,1870,16400,8,1278,,False,66
107346,2024-11-18,1871,16410,8,1277,,False,66
107346,2024-11-19,1872,16421,6,1278,,False,66
107346,2024-11-20,1873,16428,1,1275,,False,66
107346,2024-11-27,1880,16459,1,1276,,False,66
107346,2024-11-28,1881,16457,1,1276,,False,66
107346,2024-11-29,1882,16461,3,1277,,False,66
107346,2024-11-30,1883,16467,3,1275,,False,66
107346,2024-12-01,1884,16474,5,1277,,False,66
107346,2024-12-02,1885,16476,1,1277,,False,66
107346,2024-12-03,1886,16476,4,1278,,False,66
107346,2024-12-04,1887,16483,3,1278,,False,66
107346,2024-12-05,1888,16490,1,1279,,False,66
107346,2024-12-06,1889,16496,9,1279,,False,66
107346,2024-12-07,1890,16498,3,1279,,False,66
107346,2024-12-08,1891,16505,4,1280,,False,66
107346,2024-12-10,1893,16516,2,1282,,False,66
107346,2024-12-13,1896,16526,1,1285,,False,66
107346,2024-12-14,1897,16528,1,1285,,False,66
107346,2024-12-15,1898,16530,3,1285,,False,66
107346,2024-12-16,1899,16535,1,1285,,False,66
107346,2024-12-17,1900,16540,7,1286,,False,66
107346,2024-12-19,1902,16549,2,1285,,False,66
107346,2024-12-20,1903,16552,6,1285,,False,66
107346,2024-12-22,1905,16557,1,1284,,False,66
107346,2024-12-23,1906,16561,1,1284,,False,66
107346,2024-12-24,1907,16565,1,1284,,False,66
107346,2024-12-26,1909,16570,3,1284,,False,66
107346,2024-12-27,1910,16574,4,1285,,False,66
107346,2024-12-28,1911,16580,1,1285,,False,66
107346,2024-12-29,1912,16583,4,1284,,False,66
107346,2024-12-30,1913,16585,1,1284,,False,66
107346,2024-12-31,1914,16586,5,1284,,False,66
107346,2025-01-01,1915,16591,3,1283,,False,66
107346,2025-01-02,1916,16596,1,1284,,False,66
107346,2025-01-03,1917,16596,2,1284,,False,66
107346,2025-01-04,1918,16601,3,1284,,False,66
107346,2025-01-05,1919,16606,3,1283,,False,66
107346,2025-01-06,1920,16607,4,1284,,False,66
107346,2025-01-07,1921,16615,4,1283,,False,66
107346,2025-01-09,1923,16625,6,1286,,False,66
107346,2025-01-10,1924,16631,8,1286,,False,66
107346,2025-01-11,1925,16637,4,1286,,False,66
107346,2025-01-12,1926,16645,3,1286,,False,66
107346,2025-01-13,1927,16651,3,1286,,False,66
107346,2025-01-14,1928,16656,3,1286,,False,66
107346,2025-01-16,1930,16667,3,1287,,False,66
107346,2025-01-17,1931,16671,3,1286,,False,66
107346,2025-01-18,1932,16674,8,1286,,False,66
107346,2025-01-19,1933,16684,3,1286,,False,66
107346,2025-01-20,1934,16685,1,1285,,False,66
107346,2025-01-21,1935,16689,7,1285,,False,66
107346,2025-01-22,1936,16697,5,1286,,False,66
107346,2025-01-23,1937,16700,3,1286,,False,66
107346,2025-01-25,1939,16708,2,1287,,False,66
107346,2025-01-26,1940,16712,1,1287,,False,66
107346,2025-01-27,1941,16712,3,1287,,False,66
107346,2025-01-28,1942,16718,2,1287,,False,66
107346,2025-01-29,1943,16721,4,1287,,False,66
107346,2025-01-30,1944,16727,1,1291,,False,66
107346,2025-01-31,1945,16729,3,1292,,False,66
107346,2025-02-01,1946,16731,4,1293,,False,66
107346,2025-02-02,1947,16733,4,1293,,False,66
107346,2025-02-03,1948,16741,1,1294,,False,66
107346,2025-02-04,1949,16743,11,1294,,False,66
107346,2025-02-05,1950,16748,3,1294,,False,66
107346,2025-02-06,1951,16757,2,1293,,False,66
107346,2025-02-07,1952,16757,1,1293,,False,66
107346,2025-02-08,1953,16761,7,1293,,False,66
107346,2025-02-09,1954,16767,5,1292,,False,66
107346,2025-02-10,1955,16775,7,1295,,False,66
107346,2025-02-11,1956,16780,2,1294,,False,66
107346,2025-02-12,1957,16779,1,1293,,False,66
107346,2025-02-13,1958,16778,5,1292,,False,66
107346,2025-02-14,1959,16785,8,1292,,False,66
107346,2025-02-15,1960,16790,5,1292,,False,66
107346,2025-02-16,1961,16794,8,1293,,False,66
107346,2025-02-17,1962,16799,4,1289,,False,66
107346,2025-02-18,1963,16801,3,1289,,False,66
107346,2025-02-19,1964,16808,3,1288,,False,66
107346,2025-02-20,1965,16812,16,1289,,False,66
107346,2025-02-21,1966,16825,3,1290,,False,66
107346,2025-02-22,1967,16833,4,1291,,False,66
107346,2025-02-23,1968,16837,8,1291,,False,66
107346,2025-02-24,1969,16843,5,1293,,False,66
107346,2025-02-25,1970,16852,2,1292,,False,66
107346,2025-02-26,1971,16854,3,1292,,False,66
107346,2025-02-27,1972,16861,4,1294,,False,66
107346,2025-03-01,1974,16868,3,1293,,False,66
107346,2025-03-02,1975,16875,2,1294,,False,66
107346,2025-03-03,1976,16877,1,1294,,False,66
107346,2025-03-04,1977,16884,3,1294,,False,66
107346,2025-03-05,1978,16888,2,1294,,False,66
107346,2025-03-07,1980,16894,5,1294,,False,66
107346,2025-03-08,1981,16903,1,1294,,False,66
107346,2025-03-10,1983,16912,1,1293,,False,66
107346,2025-03-11,1984,16912,4,1293,,False,66
107346,2025-03-12,1985,16918,3,1293,,False,66
107346,2025-03-13,1986,16919,4,1295,,False,66
107346,2025-03-14,1987,16922,2,1296,,False,66
107346,2025-03-15,1988,16928,7,1296,,False,66
107346,2025-03-16,1989,16936,1,1297,,False,66
107346,2025-03-17,1990,16937,2,1296,,False,66
107346,2025-03-18,1991,16943,8,1295,,False,66
107346,2025-03-19,1992,16950,3,1298,,False,66
107346,2025-03-20,1993,16955,6,1299,,False,66
107346,2025-03-21,1994,16957,6,1298,,False,66
107346,2025-03-23,1996,16969,9,1297,,False,66
107346,2025-03-24,1997,16977,2,1297,,False,66
107346,2025-03-25,1998,16977,4,1297,,False,66
107346,2025-03-26,1999,16985,6,1297,,False,66
107346,2025-03-27,2000,16991,5,1296,,False,66
107346,2025-03-28,2001,16998,4,1296,,False,66
107346,2025-03-29,2002,17003,2,1298,,False,66
107346,2025-03-31,2004,17008,2,1300,,False,66
107346,2025-04-03,2007,17046,10,1303,,False,66
107346,2025-04-04,2008,17096,1,1303,,False,66
107346,2025-04-05,2009,17117,4,1303,,False,66
107346,2025-04-06,2010,17130,8,1303,,False,66
107346,2025-04-08,2012,17170,3,1304,,False,66
107346,2025-04-09,2013,17180,3,1304,,False,66
107346,2025-04-10,2014,17188,6,1304,,False,66
107346,2025-04-11,2015,17195,3,1305,,False,66
107346,2025-04-12,2016,17203,1,1305,,False,66
107346,2025-04-13,2017,17212,12,1304,,False,66
107346,2025-04-14,2018,17220,3,1305,,False,66
107346,2025-04-15,2019,17223,3,1304,,False,66
107346,2025-04-16,2020,17228,2,1305,,False,66
107346,2025-04-17,2021,17233,2,1304,,False,66
107346,2025-04-18,2022,17237,3,1304,,False,66
107346,2025-04-19,2023,17244,1,1304,,False,66
107346,2025-04-20,2024,17245,10,1303,,False,66
107346,2025-04-21,2025,17248,5,1303,,False,66
107346,2025-04-22,2026,17260,7,1305,,False,66
107346,2025-04-24,2028,17262,1,1305,,False,66
107346,2025-04-26,2030,17265,2,1305,,False,66
107346,2025-04-27,2031,17265,5,1305,,False,66
107346,2025-04-28,2032,17271,4,1304,,False,66
107346,2025-04-29,2033,17274,2,1303,,False,66
107346,2025-04-30,2034,17279,2,1305,,False,66
107346,2025-05-01,2035,17284,3,1305,,False,66
107346,2025-05-02,2036,17287,1,1306,,False,66
107346,2025-05-03,2037,17288,4,1305,,False,66
107346,2025-05-04,2038,17291,5,1304,,False,66
107346,2025-05-05,2039,17295,3,1304,,False,66
107346,2025-05-06,2040,17299,6,1305,,False,66
107346,2025-05-07,2041,17302,7,1304,,False,66
107346,2025-05-08,2042,17306,2,1303,,False,66
107346,2025-05-09,2043,17315,2,1304,,False,66
107346,2025-05-10,2044,17341,1,1305,,False,66
107346,2025-05-11,2045,17371,5,1308,,False,66
107346,2025-05-12,2046,17380,1,1309,,False,66
107346,2025-05-13,2047,17385,4,1310,,False,66
107346,2025-05-14,2048,17396,3,1310,,False,66
107346,2025-05-15,2049,17400,2,1312,,False,66
107346,2025-05-16,2050,17403,3,1312,,False,66
107346,2025-05-17,2051,17411,4,1311,,False,66
107346,2025-05-18,2052,17416,5,1311,,False,66
107346,2025-05-20,2054,17427,1,1310,,False,66
107346,2025-05-21,2055,17432,1,1311,,False,66
107346,2025-05-22,2056,17436,3,1312,,False,66
107346,2025-05-24,2058,17438,1,1312,,False,66
107346,2025-05-25,2059,17442,5,1312,,False,66
107346,2025-05-26,2060,17445,1,1312,,False,66
107346,2025-05-27,2061,17451,3,1313,,False,66
107346,2025-05-28,2062,17463,1,1314,,False,66
107346,2025-05-29,2063,17463,5,1314,,False,66
107346,2025-05-30,2064,17465,2,1314,,False,66
107346,2025-06-01,2066,17479,2,1313,,False,66
107346,2025-06-02,2067,17485,1,1314,,False,66
107346,2025-06-03,2068,17485,4,1314,,False,66
107346,2025-06-04,2069,17490,5,1314,,False,66
107346,2025-06-05,2070,17495,4,1317,,False,66
107346,2025-06-06,2071,17499,3,1317,,False,66
107346,2025-06-07,2072,17500,3,1316,,False,66
107346,2025-06-08,2073,17504,4,1317,,False,66
107346,2025-06-09,2074,17506,2,1318,,False,66
107346,2025-06-10,2075,17507,8,1318,,False,66
107346,2025-06-11,2076,17512,1,1318,,False,66
107346,2025-06-12,2077,17516,5,1319,,False,66
107346,2025-06-13,2078,17518,4,1319,,False,66
107346,2025-06-15,2080,17529,1,1319,,False,66
107346,2025-06-16,2081,17529,8,1319,,False,66
107346,2025-06-17,2082,17533,11,1320,,False,66
107346,2025-06-18,2083,17536,9,1320,,False,66
107346,2025-06-19,2084,17541,3,1319,,False,66
107346,2025-06-20,2085,17542,6,1318,,False,66
107346,2025-06-21,2086,17545,3,1317,,False,66
107346,2025-06-22,2087,17550,17,1318,,False,66
107346,2025-06-23,2088,17555,6,1316,,False,66
107346,2025-06-24,2089,17561,2,1316,,False,66
107346,2025-06-25,2090,17568,1,1318,,False,66
107346,2025-06-26,2091,17568,1,1319,,False,66
107346,2025-06-28,2093,17573,1,1319,,False,66
107346,2025-06-30,2095,17580,2,1320,,False,66
107346,2025-07-01,2096,17584,1,1322,,False,66
107346,2025-07-02,2097,17588,2,1322,,False,66
107346,2025-07-03,2098,17589,4,1323,,False,66
107346,2025-07-04,2099,17592,2,1323,,False,66
107346,2025-07-05,2100,17594,3,1323,,False,66
107346,2025-07-06,2101,17599,3,1324,,False,66
107346,2025-07-07,2102,17602,3,1324,,False,66
107346,2025-07-09,2104,17608,3,1324,,False,66
107346,2025-07-10,2105,17611,2,1323,,False,66
107346,2025-07-11,2106,17614,1,1322,,False,66
107346,2025-07-12,2107,17614,2,1322,,False,66
107346,2025-07-13,2108,17618,6,1322,,False,66
107346,2025-07-14,2109,17624,3,1321,,False,66
107346,2025-07-15,2110,17628,2,1321,,False,66
107346,2025-07-16,2111,17632,5,1322,,False,66
107346,2025-07-17,2112,17639,1,1322,,False,66
107346,2025-07-19,2114,17647,1,1322,,False,66
107346,2025-07-20,2115,17647,1,1322,,False,66
107346,2025-07-21,2116,17647,1,1322,,False,66
107346,2025-07-23,2118,17654,4,1323,,False,66
107346,2025-07-24,2119,17658,8,1324,,False,66
107346,2025-07-25,2120,17663,5,1322,,False,66
107346,2025-07-26,2121,17669,1,1322,,False,66
107346,2025-07-27,2122,17672,4,1322,,False,66
107346,2025-07-28,2123,17674,5,1322,,False,66
107346,2025-07-29,2124,17677,6,1322,,False,66
107346,2025-07-30,2125,17680,4,1321,,False,66
107346,2025-08-01,2127,17686,1,1322,,False,66
107346,2025-08-04,2130,17689,3,1322,,False,66
107346,2025-08-06,2132,17696,5,1323,,False,66
107346,2025-08-07,2133,17701,1,1322,,False,66
107346,2025-08-09,2135,17705,1,1323,,False,66
107346,2025-08-10,2136,17708,2,1325,,False,66
107346,2025-08-12,2138,17710,1,1326,,False,66
107346,2025-08-14,2140,17714,3,1325,,False,66
107346,2025-08-15,2141,17714,2,1325,,False,66
107346,2025-08-16,2142,17716,2,1325,,False,66
107346,2025-08-17,2143,17718,2,1324,,False,66
107346,2025-08-19,2145,17724,1,1324,,False,66
107346,2025-08-20,2146,17730,2,1325,,False,66
107346,2025-08-21,2147,17730,1,1325,,False,66
107346,2025-08-23,2149,17731,2,1326,,False,66
107346,2025-08-24,2150,17733,1,1326,,False,66
107346,2025-08-25,2151,17733,4,1326,,False,66
107346,2025-08-26,2152,17739,2,1326,,False,66
107346,2025-08-27,2153,17742,1,1328,,False,66
107346,2025-08-28,2154,17745,2,1327,,False,66
107346,2025-08-29,2155,17745,1,1327,,False,66
107346,2025-08-31,2157,17749,3,1327,,False,66
107346,2025-09-01,2158,17753,7,1328,,False,66
107346,2025-09-06,2163,17767,4,1330,,False,66
107346,2025-09-07,2164,17774,4,1330,,False,66
107346,2025-09-08,2165,17774,2,1330,,False,66
107346,2025-09-09,2166,17776,3,1330,,False,66
107346,2025-09-10,2167,17777,1,1332,,False,66
107346,2025-09-11,2168,17777,3,1332,,False,66
107346,2025-09-13,2170,17779,2,1330,,False,66
107346,2025-09-14,2171,17779,2,1330,,False,66
107346,2025-09-15,2172,17785,1,1331,,False,66
107346,2025-09-16,2173,17786,2,1331,,False,66
107346,2025-09-17,2174,17787,3,1330,,False,66
107346,2025-09-18,2175,17792,2,1332,,False,66
107346,2025-09-19,2176,17797,1,1330,,False,66
107346,2025-09-20,2177,17796,2,1330,,False,66
107346,2025-09-21,2178,17796,3,1330,,False,66
107346,2025-09-22,2179,17806,2,1334,,False,66
107346,2025-09-23,2180,17809,3,1334,,False,66
107346,2025-09-24,2181,17809,5,1334,,False,66
107346,2025-09-25,2182,17813,4,1334,,False,66
107346,2025-09-26,2183,17815,1,1334,,False,66
107346,2025-09-27,2184,17819,3,1335,,False,66
107346,2025-09-28,2185,17819,2,1335,,False,66
107346,2025-09-29,2186,17822,3,1336,,False,66
107346,2025-09-30,2187,17824,5,1336,,False,66
107346,2025-10-02,2189,17829,6,1336,,False,66
107346,2025-10-03,2190,17833,3,1336,,False,66
107346,2025-10-04,2191,17838,2,1336,,False,66
107346,2025-10-05,2192,17844,1,1338,,False,66
107346,2025-10-06,2193,17844,5,1338,,False,66
107346,2025-10-07,2194,17845,4,1337,,False,66
107346,2025-10-09,2196,17856,3,1336,,False,66
107346,2025-10-10,2197,17856,1,1336,,False,66
107346,2025-10-11,2198,17859,5,1337,,False,66
107346,2025-10-12,2199,17859,5,1337,,False,66
107346,2025-10-13,2200,17868,5,1337,,False,66
107346,2025-10-14,2201,17868,6,1337,,False,66
107346,2025-10-15,2202,17876,3,1338,,False,66
107346,2025-10-16,2203,17880,3,1338,,False,66
107346,2025-10-17,2204,17883,3,1339,,False,66
107346,2025-10-18,2205,17885,4,1340,,False,66
107346,2025-10-19,2206,17887,2,1339,,False,66
107346,2025-10-20,2207,17886,1,1338,,False,66
107346,2025-10-21,2208,17886,1,1339,,False,66
107346,2025-10-22,2209,17889,2,1340,,False,66
107346,2025-10-23,2210,17891,4,1340,,False,66
107346,2025-10-24,2211,17892,2,1340,,False,66
107346,2025-10-26,2213,17900,1,1341,,False,66
107346,2025-10-27,2214,17903,2,1341,,False,66
107346,2025-10-28,2215,17904,5,1341,,False,66
107346,2025-10-29,2216,17905,3,1339,,False,66
107346,2025-10-30,2217,17905,5,1339,,False,66
107346,2025-10-31,2218,17908,2,1339,,False,66
107346,2025-11-01,2219,17912,1,1340,,False,66
107346,2025-11-02,2220,17912,6,1340,,False,66
107346,2025-11-03,2221,17917,3,1340,,False,66
107346,2025-11-04,2222,17922,1,1339,,False,66
107346,2025-11-06,2224,17924,4,1339,,False,66
107346,2025-11-07,2225,17928,3,1339,,False,66
107346,2025-11-08,2226,17933,5,1339,,False,66
107346,2025-11-09,2227,17937,3,1339,,False,66
107346,2025-11-10,2228,17937,5,1339,,False,66
107346,2025-11-11,2229,17941,2,1339,,False,66
107346,2025-11-12,2230,17949,4,1340,,False,66
107346,2025-11-13,2231,17951,2,1340,,False,66
107346,2025-11-15,2233,17955,1,1340,,False,66
107346,2025-11-16,2234,17962,3,1339,,False,66
107346,2025-11-17,2235,17962,3,1339,,False,66
107346,2025-11-18,2236,17967,2,1341,,False,66
107346,2025-11-19,2237,17969,2,1340,,False,66
107346,2025-11-21,2239,17971,1,1340,,False,66
107346,2025-11-22,2240,17974,1,1340,,False,66
107346,2025-11-23,2241,17974,3,1341,,False,66
107346,2025-11-24,2242,17979,8,1343,,False,66
107346,2025-11-25,2243,17982,2,1343,,False,66
107346,2025-11-26,2244,17986,5,1342,,False,66
107346,2025-11-27,2245,17988,1,1342,,False,66
107346,2025-11-28,2246,17988,1,1342,,False,66
107346,2025-11-29,2247,17988,1,1341,,False,66
107346,2025-11-30,2248,17991,1,1341,,False,66
107346,2025-12-01,2249,17991,2,1341,,False,66
107346,2025-12-02,2250,17992,2,1341,,False,66
107346,2025-12-03,2251,17992,3,1341,,False,66
107346,2025-12-05,2253,17996,1,1341,,False,66
107346,2025-12-06,2254,17998,3,1341,,False,66
107346,2025-12-07,2255,17998,1,1341,,False,66
107346,2025-12-08,2256,17999,2,1341,,False,66
107346,2025-12-10,2258,18006,2,1340,,False,66
107346,2025-12-11,2259,18010,1,1340,,False,66
107346,2025-12-13,2261,18017,3,1340,,False,66
107346,2025-12-14,2262,18021,3,1340,,False,66
107346,2025-12-15,2263,18021,1,1340,,False,66
107346,2025-12-16,2264,18026,3,1342,,False,66
107346,2025-12-17,2265,18029,2,1342,,False,66
107346,2025-12-18,2266,18033,1,1342,,False,66
107346,2025-12-19,2267,18034,4,1342,,False,66
107346,2025-12-21,2269,18036,2,1343,,False,66
107346,2025-12-22,2270,18037,2,1343,,False,66
107346,2025-12-26,2274,18046,3,1342,,False,66
107346,2025-12-27,2275,18048,4,1342,,False,66
107346,2025-12-28,2276,18056,2,1343,,False,66
107346,2025-12-29,2277,18056,3,1343,,False,66
107346,2025-12-30,2278,18066,1,1343,,False,66
107346,2025-12-31,2279,18066,3,1343,,False,66
107346,2026-01-01,2280,18070,3,1344,,False,66
107346,2026-01-02,2281,18070,5,1344,,False,66
107346,2026-01-03,2282,18075,8,1345,,False,66
107346,2026-01-04,2283,18081,9,1346,,False,66
107346,2026-01-05,2284,18081,10,1346,,False,66
107346,2026-01-06,2285,18097,3,1344,,False,66
107346,2026-01-07,2286,18100,5,1344,,False,66
107346,2026-01-08,2287,18103,3,1342,,False,66
107346,2026-01-09,2288,18103,2,1342,,False,66
107346,2026-01-10,2289,18108,2,1342,,False,66
107346,2026-01-11,2290,18109,6,1342,,False,66
107346,2026-01-12,2291,18111,2,1343,,False,66
107346,2026-01-13,2292,18119,6,1345,,False,66
107346,2026-01-14,2293,18118,7,1345,,False,66
107346,2026-01-15,2294,18122,4,1344,,False,66
107346,2026-01-16,2295,18127,7,1343,,False,66
107346,2026-01-17,2296,18136,5,1343,,False,66
107346,2026-01-18,2297,18138,2,1342,,False,66
107346,2026-01-19,2298,18143,2,1343,,False,66
107346,2026-01-20,2299,18143,10,1343,,False,66
107346,2026-01-21,2300,18151,9,1344,,False,66
107346,2026-01-22,2301,18160,1,1345,,False,66
107346,2026-01-23,2302,18160,3,1345,,False,66
107346,2026-01-24,2303,18162,5,1344,,False,66
107346,2026-01-25,2304,18165,3,1343,,False,66
107346,2026-01-26,2305,18167,1,1344,,False,66
107346,2026-01-27,2306,18167,8,1344,,False,66
107346,2026-01-28,2307,18174,4,1347,,False,66
107346,2026-01-29,2308,18178,3,1347,,False,66
107346,2026-01-30,2309,18179,8,1347,,False,66
107346,2026-01-31,2310,18182,1,1347,,False,66
107346,2026-02-01,2311,18183,2,1349,,False,66
107346,2026-02-02,2312,18183,3,1349,,False,66
107346,2026-02-03,2313,18186,4,1349,,False,66
107346,2026-02-04,2314,18190,1,1349,,False,66
107346,2026-02-05,2315,18193,5,1350,,False,66
107346,2026-02-06,2316,18198,7,1351,,False,66
107346,2026-02-07,2317,18201,3,1350,,False,66
107346,2026-02-08,2318,18208,1,1351,,False,66
107346,2026-02-09,2319,18208,7,1351,,False,66
107346,2026-02-10,2320,18217,2,1350,,False,66
107346,2026-02-11,2321,18223,2,1351,,False,66
107346,2026-02-12,2322,18230,2,1352,,False,66
107346,2026-02-13,2323,18230,2,1351,,False,66
107346,2026-02-14,2324,18228,2,1350,,False,66
107346,2026-02-15,2325,18232,4,1349,,False,66
107346,2026-02-16,2326,18238,3,1350,,False,66
107346,2026-02-17,2327,18238,3,1350,,False,66
107346,2026-02-18,2328,18238,3,1350,,False,66
107346,2026-02-19,2329,18247,5,1352,,False,66
107346,2026-02-20,2330,18248,10,1353,,False,66
107346,2026-02-21,2331,18251,9,1353,,False,66
107346,2026-02-22,2332,18252,6,1354,,False,66
107346,2026-02-24,2334,18261,1,1354,,False,66
107346,2026-02-25,2335,18265,1,1353,,False,66
107346,2026-02-27,2337,18270,4,1353,,False,66
107346,2026-02-28,2338,18270,1,1353,,False,66
107346,2026-03-01,2339,18271,10,1354,,False,66
107346,2026-03-02,2340,18281,8,1353,,False,66
107346,2026-03-03,2341,18290,3,1354,,False,66
107346,2026-03-04,2342,18291,1,1354,,False,66
107346,2026-03-05,2343,18291,1,1354,,False,66
107346,2026-03-06,2344,18294,4,1353,,False,66
107346,2026-03-08,2346,18300,2,1353,,False,66
107346,2026-03-10,2348,18305,2,1354,,False,66
107346,2026-03-11,2349,18314,3,1355,,False,66
107346,2026-03-12,2350,18314,4,1355,,False,66
107346,2026-03-13,2351,18318,4,1354,,False,66
107346,2026-03-14,2352,18321,4,1355,,False,66
107346,2026-03-15,2353,18339,5,1362,,False,66
107346,2026-03-16,2354,18350,3,1363,,False,66
107346,2026-03-17,2355,18355,3,1364,,False,66
107346,2026-03-18,2356,18359,3,1362,,False,66
107346,2026-03-19,2357,18359,4,1362,,False,66
107346,2026-03-20,2358,18367,3,1361,,False,66
107346,2026-03-21,2359,18372,4,1362,,False,66
107346,2026-03-22,2360,18375,7,1362,,False,66
107346,2026-03-24,2362,18379,4,1363,,False,66
107346,2026-03-25,2363,18384,1,1363,,False,66
107346,2026-03-26,2364,18388,1,1362,,False,66
107346,2026-03-28,2366,18397,1,1365,,False,66
107346,2026-03-29,2367,18401,2,1365,,False,66
107346,2026-03-30,2368,18401,3,1365,,False,66
107346,2026-03-31,2369,18410,2,1367,,False,66
107346,2026-04-01,2370,18416,1,1367,,False,66
107346,2026-04-20,2389,18520,6,1368,,False,66
107346,2026-04-21,2390,18529,2,1368,,False,66
107346,2026-04-22,2391,18531,3,1368,,False,66
107346,2026-04-23,2392,18540,4,1368,,False,66
107346,2026-04-24,2393,18544,5,1369,,False,66
107346,2026-04-25,2394,18548,2,1369,,False,66
107346,2026-04-26,2395,18553,4,1370,,False,66
107346,2026-04-27,2396,18558,3,1370,,False,66
107346,2026-04-28,2397,18562,5,1371,,False,66
107346,2026-04-29,2398,18573,1,1373,,False,66
107346,2026-04-30,2399,18573,1,1373,,False,66
107346,2026-05-01,2400,18580,2,1374,,False,66
107346,2026-05-02,2401,18584,5,1376,,False,66
107346,2026-05-03,2402,18597,3,1379,,False,66
107346,2026-05-04,2403,18600,3,1378,,False,66
107346,2026-05-05,2404,18608,2,1379,,False,66
107346,2026-05-06,2405,18614,1,1380,,False,66
107346,2026-05-07,2406,18619,1,1380,,False,66
107346,2026-05-08,2407,18624,1,1380,,False,66
107346,2026-05-09,2408,18624,3,1380,,False,66
107346,2026-05-10,2409,18629,5,1381,,False,66
107346,2026-05-11,2410,18672,3,1395,,False,66
107346,2026-05-12,2411,18718,11,1406,,False,66
107346,2026-05-13,2412,18753,5,1421,,False,66
107346,2026-05-14,2413,18776,2,1424,,False,66
107346,2026-05-15,2414,18790,7,1429,,False,66
107346,2026-05-16,2415,18803,6,1431,,False,66
107346,2026-05-17,2416,18815,7,1433,,False,66
107346,2026-05-18,2417,18828,4,1436,,False,66
107346,2026-05-19,2418,18835,10,1437,,False,66
107346,2026-05-20,2419,18842,10,1439,,False,66
107346,2026-05-21,2420,18850,4,1438,,False,66
107346,2026-05-22,2421,18856,5,1437,,False,66
107346,2026-05-23,2422,18866,1,1437,,False,66
107346,2026-05-24,2423,18869,9,1438,,False,66
107346,2026-05-25,2424,18880,4,1441,,False,66
107346,2026-05-26,2425,18890,1,1444,,False,66
107346,2026-05-27,2426,18895,2,1445,,False,66
107346,2026-05-28,2427,18902,5,1447,,False,66
107346,2026-05-29,2428,18904,4,1447,,False,66
107346,2026-05-31,2430,18913,2,1448,,False,66
107346,2026-06-02,2432,18926,2,1448,,False,66
107346,2026-06-03,2433,18931,1,1450,,False,66
107346,2026-06-04,2434,18934,6,1451,,False,66
107346,2026-06-05,2435,18938,2,1450,,False,66
107346,2026-06-06,2436,18943,3,1450,,False,66
107346,2026-06-07,2437,18946,3,1452,,False,66
107346,2026-06-08,2438,18953,7,1454,,False,66
107346,2026-06-09,2439,18960,5,1454,,False,66
107346,2026-06-10,2440,18963,7,1454,,False,66
107346,2026-06-11,2441,18971,3,1456,,False,66
107346,2026-06-12,2442,18976,3,1455,,False,66
107346,2026-06-13,2443,18978,3,1453,,False,66
107346,2026-06-14,2444,18982,4,1453,,False,66
107346,2026-06-16,2446,18990,2,1455,,False,66
107346,2026-06-17,2447,18997,15,1455,,False,66
107346,2026-06-18,2448,19007,3,1456,,False,66
107346,2026-06-19,2449,19011,3,1455,,False,66
107346,2026-06-20,2450,19015,1,1454,,False,66
107346,2026-06-21,2451,19017,3,1455,,False,66
107346,2026-06-22,2452,19018,1,1455,,False,66
107346,2026-06-23,2453,19024,6,1455,,False,66
107346,2026-06-24,2454,19029,5,1455,,False,66
107346,2026-06-25,2455,19037,3,1457,,False,66
107346,2026-06-26,2456,19044,7,1459,,False,66
107346,2026-06-27,2457,19054,6,1462,,False,66
107346,2026-06-28,2458,19060,7,1463,,False,66
107346,2026-06-29,2459,19062,6,1463,,False,66
107346,2026-06-30,2460,19067,11,1463,,False,66
107346,2026-07-01,2461,19067,4,1465,,False,66
107346,2026-07-02,2462,19072,11,1466,,False,66
107346,2026-07-03,2463,19084,4,1467,,False,66
107346,2026-07-04,2464,19090,3,1467,,False,66
107346,2026-07-05,2465,19096,8,1468,,False,66
107346,2026-07-06,2466,19103,7,1468,,False,66
107346,2026-07-10,2470,19126,2,1472,,False,66
107346,2026-07-12,2472,19135,8,1472,,False,66
107346,2026-07-13,2473,19147,7,1474,,False,66
107346,2026-07-14,2474,19153,4,1474,,False,66
107346,2026-07-15,2475,19159,3,1474,,False,66
107346,2026-07-16,2476,19163,7,1474,,False,66
107346,2026-07-17,2477,19169,7,1475,,False,66
107346,2026-07-18,2478,19175,4,1476,,False,66
107346,2026-07-19,2479,19184,5,1476,,False,66
107346,2026-07-20,2480,19191,4,1477,,False,66
107346,2026-07-21,2481,19198,4,1477,,False,66
107346,2026-07-22,2482,19202,3,1478,,False,66
107346,2026-07-23,2483,19207,13,1479,,False,66
107346,2026-07-25,2485,19220,1,1478,,False,66
107346,2026-07-26,2486,19221,2,1478,,False,66
107346,2026-07-27,2487,19228,15,1481,,False,66
107346,2026-07-28,2488,19236,5,1485,,False,66
107346,2026-07-29,2489,19239,5,1484,,False,66
107346,2026-07-30,2490,19242,1,1484,,False,66
107346,2026-07-31,2491,19242,1,1484,,False,66
107346,2026-08-01,2492,19244,7,1483,,False,66
107346,2026-08-02,2493,19247,2,1483,,False,66
107346,2026-08-03,2494,19250,6,1482,,False,66
107346,2026-08-04,2495,19261,4,1485,,False,66
107346,2026-08-05,2496,19270,3,1487,,False,66
107346,2026-08-06,2497,19276,5,1487,,False,66
107346,2026-08-07,2498,19281,1,1488,,False,66
107346,2026-08-08,2499,19282,8,1488,,False,66
107346,2026-08-09,2500,19286,5,1488,,False,66
107346,2026-08-10,2501,19291,3,1487,,False,66
107346,2026-08-11,2502,19292,5,1487,,False,66
107346,2026-08-12,2503,19298,3,1488,,False,66
107346,2026-08-13,2504,19299,4,1489,,False,66
107346,2026-08-14,2505,19306,3,1490,,False,66
107346,2026-08-15,2506,19309,2,1488,,False,66
107346,2026-08-16,2507,19314,2,1488,,False,66
107346,2026-08-17,2508,19315,2,1488,,False,66
107346,2026-08-19,2510,19319,3,1489,,False,66
107346,2026-08-20,2511,19322,2,1489,,False,66
107346,2026-08-22,2513,19326,4,1489,,False,66
107346,2026-08-23,2514,19329,4,1490,,False,66
107346,2026-08-24,2515,19332,1,1489,,False,66
107346,2026-08-25,2516,19335,1,1489,,False,66
107346,2026-08-26,2517,19337,5,1489,,False,66
107346,2026-08-27,2518,19349,2,1492,,False,66
107346,2026-08-29,2520,19353,3,1492,,False,66
107346,2026-08-30,2521,19357,3,1492,,False,66
107346,2026-08-31,2522,19360,1,1492,,False,66
107346,2026-09-01,2523,19361,7,1492,,False,66
107346,2026-09-03,2525,19365,1,1492,,False,66
107346,2026-09-05,2527,19370,5,1492,,False,66
107346,2026-09-06,2528,19377,7,1493,,False,66
107346,2026-09-07,2529,19381,7,1494,,False,66
107346,2026-09-08,2530,19383,8,1495,,False,66
107346,2026-09-09,2531,19396,2,1496,,False,66
107346,2026-09-10,2532,19399,2,1496,,False,66
107346,2026-09-11,2533,19402,6,1495,,False,66
107346,2026-09-12,2534,19404,1,1495,,False,66
107346,2026-09-13,2535,19409,3,1495,,False,66
107346,2026-09-15,2537,19412,1,1497,,False,66
107346,2026-09-17,2539,19417,2,1498,,False,66
107346,2026-09-18,2540,19423,2,1499,,False,66
107346,2026-09-19,2541,19427,5,1500,,False,66
107346,2026-09-20,2542,19427,2,1500,,False,66
107346,2026-09-21,2543,19436,3,1500,,False,66
107346,2026-09-22,2544,19440,2,1499,,False,66
107346,2026-09-23,2545,19441,4,1500,,False,66
107346,2026-09-24,2546,19447,1,1501,,False,66
107346,2026-09-25,2547,19447,2,1500,,False,66
107346,2026-09-26,2548,19448,3,1500,,False,66
107346,2026-09-27,2549,19452,9,1500,,False,66
107346,2026-09-28,2550,19458,2,1500,,False,66
107346,2026-09-29,2551,19461,5,1502,,False,66
107346,2026-09-30,2552,19469,3,1503,,False,66
107346,2026-10-02,2554,19476,2,1503,,False,66
107346,2026-10-03,2555,19478,6,1503,,False,66
107346,2026-10-04,2556,19482,3,1503,,False,66
107346,2026-10-05,2557,19487,1,1503,,False,66
107346,2026-10-06,2558,19489,7,1503,,False,66
107346,2026-10-07,2559,19495,4,1504,,False,66
107346,2026-10-08,2560,19501,2,1503,,False,66
110178,2019-06-26,-203,0,1797,,,False,
110178,2019-06-27,-202,396,305,7,,False,0
110178,2019-06-28,-201,1806,119,28,,False,0
110178,2019-06-29,-200,2078,87,29,,False,0
110178,2019-06-30,-199,2189,75,29,,False,0
110178,2019-07-01,-198,2278,66,30,,False,0
110178,2019-07-02,-197,2352,37,31,,False,0
110178,2019-07-03,-196,2411,44,32,,False,0
110178,2019-07-04,-195,2459,24,33,,False,0
110178,2019-07-05,-194,2500,33,34,,False,0
110178,2019-07-06,-193,2526,21,33,,False,0
110178,2019-07-07,-192,2561,27,36,,False,0
110178,2019-07-08,-191,2586,18,36,,False,0
110178,2019-07-09,-190,2617,15,35,,False,0
110178,2019-07-10,-189,2642,11,36,,False,0
110178,2019-07-11,-188,2660,16,37,,False,0
110178,2019-07-12,-187,2681,20,39,,False,0
110178,2019-07-13,-186,2706,10,39,,False,0
110178,2019-07-14,-185,2729,14,40,,False,0
110178,2019-07-15,-184,2747,14,40,,False,0
110178,2019-07-16,-183,2766,14,40,,False,0
110178,2019-07-17,-182,2799,14,41,,False,0
110178,2019-07-18,-181,2799,11,41,,False,0
110178,2019-07-19,-180,2826,12,41,,False,0
110178,2019-07-20,-179,2843,8,41,,False,0
110178,2019-07-21,-178,2855,10,42,,False,0
110178,2019-07-22,-177,2866,6,42,,False,0
110178,2019-07-23,-176,2866,9,42,,False,0
110178,2019-07-24,-175,2888,9,42,,False,0
110178,2019-07-25,-174,2888,7,42,,False,0
110178,2019-07-26,-173,2909,8,43,,False,0
110178,2019-07-27,-172,2909,2,43,,False,0
110178,2019-07-28,-171,2932,15,42,,False,0
110178,2019-07-29,-170,2932,13,42,,False,0
110178,2019-07-30,-169,2949,6,43,,False,0
110178,2019-07-31,-168,2965,5,42,,False,0
110178,2019-08-01,-167,2965,9,42,,False,0
110178,2019-08-02,-166,2982,4,43,,False,0
110178,2019-08-03,-165,2990,5,44,,False,0
110178,2019-08-04,-164,2999,3,44,,False,0
110178,2019-08-05,-163,2999,9,44,,False,0
110178,2019-08-06,-162,3017,7,44,,False,0
110178,2019-08-07,-161,3017,5,44,,False,0
110178,2019-08-08,-160,3028,7,43,,False,0
110178,2019-08-09,-159,3035,5,43,,False,0
110178,2019-08-10,-158,3053,6,43,,False,0
110178,2019-08-11,-157,3064,6,43,,False,0
110178,2019-08-12,-156,3064,3,43,,False,0
110178,2019-08-13,-155,3072,5,43,,False,0
110178,2019-08-14,-154,3086,2,44,,False,0
110178,2019-08-15,-153,3092,3,44,,False,0
110178,2019-08-16,-152,3099,3,44,,False,0
110178,2019-08-17,-151,3099,4,44,,False,0
110178,2019-08-18,-150,3116,10,44,,False,0
110178,2019-08-19,-149,3116,3,44,,False,0
110178,2019-08-20,-148,3129,3,44,,False,0
110178,2019-08-21,-147,3139,5,45,,False,0
110178,2019-08-22,-146,3156,4,46,,False,0
110178,2019-08-23,-145,3163,4,46,,False,0
110178,2019-08-24,-144,3171,2,46,,False,0
110178,2019-08-25,-143,3171,9,46,,False,0
110178,2019-08-27,-141,3194,4,46,,False,0
110178,2019-08-28,-140,3198,6,46,,False,0
110178,2019-08-30,-138,3209,6,45,,False,0
110178,2019-08-31,-137,3215,1,45,,False,0
110178,2019-09-01,-136,3217,5,45,,False,0
110178,2019-09-02,-135,3225,7,45,,False,0
110178,2019-09-03,-134,3235,6,45,,False,0
110178,2019-09-04,-133,3239,4,45,,False,0
110178,2019-09-05,-132,3247,2,45,,False,0
110178,2019-09-06,-131,3251,7,45,,False,0
110178,2019-09-07,-130,3262,1,45,,False,0
110178,2019-09-08,-129,3262,6,45,,False,0
110178,2019-09-09,-128,3271,10,45,,False,0
110178,2019-09-10,-127,3282,5,45,,False,0
110178,2019-09-11,-126,3290,3,45,,False,0
110178,2019-09-12,-125,3304,2,45,,False,0
110178,2019-09-13,-124,3307,2,45,,False,0
110178,2019-09-14,-123,3307,7,45,,False,0
110178,2019-09-15,-122,3310,6,45,,False,0
110178,2019-09-16,-121,3317,4,47,,False,0
110178,2019-09-17,-120,3337,2,48,,False,0
110178,2019-09-18,-119,3343,5,48,,False,0
110178,2019-09-20,-117,3348,4,48,,False,0
110178,2019-09-21,-116,3353,10,48,,False,0
110178,2019-09-22,-115,3360,3,47,,False,0
110178,2019-09-23,-114,3364,4,47,,False,0
110178,2019-09-24,-113,3375,5,47,,False,0
110178,2019-09-25,-112,3375,5,47,,False,0
110178,2019-09-26,-111,3390,7,46,,False,0
110178,2019-09-27,-110,3390,9,46,,False,0
110178,2019-09-28,-109,3410,2,48,,False,0
110178,2019-09-29,-108,3419,6,48,,False,0
110178,2019-09-30,-107,3419,3,48,,False,0
110178,2019-10-01,-106,3428,3,47,,False,0
110178,2019-10-02,-105,3440,3,48,,False,0
110178,2019-10-03,-104,3440,5,48,,False,0
110178,2019-10-04,-103,3456,7,49,,False,0
110178,2019-10-05,-102,3466,16,49,,False,0
110178,2019-10-06,-101,3466,52,49,,False,0
110178,2019-10-07,-100,3490,43,49,,False,0
110178,2019-10-08,-99,3538,30,53,,False,0
110178,2019-10-09,-98,3583,31,58,,False,0
110178,2019-10-10,-97,3624,23,62,,False,0
110178,2019-10-11,-96,3680,18,63,,False,0
110178,2019-10-12,-95,3707,27,63,,False,0
110178,2019-10-13,-94,3707,28,63,,False,0
110178,2019-10-14,-93,3736,24,63,,False,0
110178,2019-10-15,-92,3772,25,63,,False,0
110178,2019-10-16,-91,3830,7,66,,False,0
110178,2019-10-17,-90,3847,23,69,,False,0
110178,2019-10-18,-89,3869,11,68,,False,0
110178,2019-10-19,-88,3885,22,69,,False,0
110178,2019-10-20,-87,3885,25,69,,False,0
110178,2019-10-21,-86,3957,23,70,,False,0
110178,2019-10-22,-85,3985,13,71,,False,0
110178,2019-10-23,-84,3985,14,71,,False,0
110178,2019-10-24,-83,4025,14,73,,False,0
110178,2019-10-25,-82,4040,14,74,,False,0
110178,2019-10-26,-81,4055,17,74,,False,0
110178,2019-10-27,-80,4077,16,75,,False,0
110178,2019-10-28,-79,4098,13,77,,False,0
110178,2019-10-29,-78,4113,7,79,,False,0
110178,2019-10-30,-77,4113,8,79,,False,0
110178,2019-10-31,-76,4143,14,82,,False,0
110178,2019-11-01,-75,4154,12,81,,False,0
110178,2019-11-02,-74,4154,11,81,,False,0
110178,2019-11-03,-73,4171,13,81,,False,0
110178,2019-11-04,-72,4187,14,81,,False,0
110178,2019-11-05,-71,4205,7,82,,False,0
110178,2019-11-06,-70,4219,10,81,,False,0
110178,2019-11-07,-69,4246,15,83,,False,0
110178,2019-11-08,-68,4261,6,83,,False,0
110178,2019-11-09,-67,4272,18,84,,False,0
110178,2019-11-10,-66,4289,14,85,,False,0
110178,2019-11-11,-65,4289,7,85,,False,0
110178,2019-11-12,-64,4316,13,85,,False,0
110178,2019-11-13,-63,4334,16,85,,False,0
110178,2019-11-14,-62,4348,9,88,,False,0
110178,2019-11-15,-61,4348,13,88,,False,0
110178,2019-11-16,-60,4373,10,88,,False,0
110178,2019-11-17,-59,4381,9,88,,False,0
110178,2019-11-18,-58,4391,10,88,,False,0
110178,2019-11-19,-57,4391,16,88,,False,0
110178,2019-11-20,-56,4430,7,88,,False,0
110178,2019-11-21,-55,4442,11,89,,False,0
110178,2019-11-22,-54,4456,12,88,,False,0
110178,2019-11-23,-53,4473,11,88,,False,0
110178,2019-11-24,-52,4489,8,88,,False,0
110178,2019-11-25,-51,4498,21,88,,False,0
110178,2019-11-26,-50,4524,12,88,,False,0
110178,2019-11-27,-49,4539,8,88,,False,0
110178,2019-11-28,-48,4549,9,91,,False,0
110178,2019-11-29,-47,4570,15,92,,False,0
110178,2019-11-30,-46,4570,15,92,,False,0
110178,2019-12-01,-45,4601,12,94,,False,0
110178,2019-12-02,-44,4601,18,94,,False,0
110178,2019-12-03,-43,4642,17,95,,False,0
110178,2019-12-04,-42,4642,14,95,,False,0
110178,2019-12-05,-41,4675,14,97,,False,0
110178,2019-12-06,-40,4675,16,97,,False,0
110178,2019-12-07,-39,4691,15,98,,False,0
110178,2019-12-08,-38,4710,16,99,,False,0
110178,2019-12-09,-37,4750,20,102,,False,0
110178,2019-12-10,-36,4772,13,103,,False,0
110178,2019-12-11,-35,4772,28,103,,False,0
110178,2019-12-12,-34,4793,13,106,,False,0
110178,2019-12-13,-33,4820,26,108,,False,0
110178,2019-12-14,-32,4843,50,109,,False,0
110178,2019-12-15,-31,4867,37,111,,False,0
110178,2019-12-16,-30,4963,24,121,,False,0
110178,2019-12-17,-29,4963,38,121,,False,0
110178,2019-12-18,-28,5033,31,132,,False,0
110178,2019-12-19,-27,5033,22,132,,False,0
110178,2019-12-20,-26,5097,33,142,,False,0
110178,2019-12-21,-25,5144,27,147,,False,0
110178,2019-12-22,-24,5144,24,147,,False,0
110178,2019-12-23,-23,5213,27,156,,False,0
110178,2019-12-24,-22,5213,37,156,,False,0
110178,2019-12-25,-21,5257,27,165,,False,0
110178,2019-12-26,-20,5308,33,171,,False,0
110178,2019-12-27,-19,5388,50,187,,False,0
110178,2019-12-28,-18,5388,41,187,,False,0
110178,2019-12-29,-17,5451,67,205,,False,0
110178,2019-12-30,-16,5505,54,220,,False,0
110178,2019-12-31,-15,5574,44,244,,False,0
110178,2020-01-01,-14,5653,39,265,,False,0
110178,2020-01-02,-13,5706,86,292,,False,0
110178,2020-01-03,-12,5763,83,330,,False,0
110178,2020-01-04,-11,5874,77,381,,False,0
110178,2020-01-05,-10,5982,75,455,,False,0
110178,2020-01-06,-9,6105,67,527,,False,0
110178,2020-01-07,-8,6219,52,605,,False,0
110178,2020-01-08,-7,6327,40,667,,False,0
110178,2020-01-09,-6,6414,55,729,,False,0
110178,2020-01-10,-5,6473,54,772,,False,0
110178,2020-01-11,-4,6634,61,861,,False,0
110178,2020-01-12,-3,6634,46,861,,False,0
110178,2020-01-13,-2,6712,41,888,,False,0
110178,2020-01-14,-1,6787,43,932,,False,0
110178,2020-01-15,0,6866,1979,970,1,False,0
110178,2020-01-16,1,6933,943,1144,,True,55
110178,2020-01-17,2,7658,505,3074,,True,67
110178,2020-01-18,3,8039,332,3847,,True,67
110178,2020-01-19,4,8264,258,4269,,True,68
110178,2020-01-20,5,8409,195,4553,,True,68
110178,2020-01-21,6,8574,134,4808,,True,68
110178,2020-01-22,7,8684,2190,5002,2,True,69
110178,2020-01-23,8,8797,902,5155,,True,69
110178,2020-01-24,9,8985,482,5402,,True,70
110178,2020-01-25,10,9120,327,5570,,True,70
110178,2020-01-26,11,9213,307,5691,,True,70
110178,2020-01-27,12,9307,246,5798,,True,70
110178,2020-01-28,13,9397,147,5914,,True,70
110178,2020-01-29,14,9470,2031,6015,3,True,70
110178,2020-01-30,15,9539,884,6094,,True,70
110178,2020-01-31,16,9626,485,6207,,True,70
110178,2020-02-01,17,9707,360,6296,,True,70
110178,2020-02-02,18,9770,301,6379,,True,70
110178,2020-02-03,19,9835,245,6441,,True,70
110178,2020-02-04,20,9908,151,6504,,True,70
110178,2020-02-05,21,9957,1977,6558,4,True,70
110178,2020-02-06,22,10004,767,6609,,True,70
110178,2020-02-07,23,10073,466,6679,,True,71
110178,2020-02-08,24,10136,339,6737,,True,71
110178,2020-02-09,25,10203,316,6795,,True,71
110178,2020-02-10,26,10264,289,6856,,True,71
110178,2020-02-11,27,10330,182,6910,,True,71
110178,2020-02-12,28,10403,1967,6979,5,True,71
110178,2020-02-13,29,10448,799,7025,,True,71
110178,2020-02-14,30,10524,462,7093,,True,71
110178,2020-02-15,31,10596,341,7162,,True,71
110178,2020-02-16,32,10649,278,7213,,True,71
110178,2020-02-17,33,10699,254,7259,,True,71
110178,2020-02-18,34,10755,221,7316,,True,71
110178,2020-02-19,35,10809,1919,7362,6,True,71
110178,2020-02-20,36,10882,900,7429,,True,71
110178,2020-02-21,37,11043,447,7560,,True,71
110178,2020-02-22,38,11127,328,7638,,True,71
110178,2020-02-23,39,11185,309,7685,,True,71
110178,2020-02-24,40,11245,244,7741,,True,71
110178,2020-02-25,41,11307,187,7794,,True,71
110178,2020-02-26,42,11348,1953,7831,7,True,71
110178,2020-02-27,43,11396,813,7862,,True,71
110178,2020-02-28,44,11448,391,7917,,True,71
110178,2020-02-29,45,11498,378,7959,,True,71
110178,2020-03-01,46,11544,329,7999,,True,71
110178,2020-03-02,47,11596,253,8037,,True,71
110178,2020-03-03,48,11636,154,8073,,True,71
110178,2020-03-04,49,11684,1811,8111,8,True,71
110178,2020-03-05,50,11732,826,8150,,True,71
110178,2020-03-06,51,11773,456,8182,,True,71
110178,2020-03-07,52,11817,400,8228,,True,71
110178,2020-03-08,53,11861,347,8268,,True,71
110178,2020-03-09,54,11906,270,8307,,True,71
110178,2020-03-10,55,11945,176,8347,,True,71
110178,2020-03-11,56,11981,1781,8372,9,True,71
110178,2020-03-12,57,12013,733,8403,,True,71
110178,2020-03-13,58,12047,407,8428,,True,71
110178,2020-03-14,59,12080,373,8459,,True,71
110178,2020-03-15,60,12119,302,8492,,True,71
110178,2020-03-16,61,12152,274,8516,,True,71
110178,2020-03-17,62,12209,233,8564,,True,71
110178,2020-03-18,63,12259,1858,8597,10,True,71
110178,2020-03-19,64,12304,846,8627,,True,71
110178,2020-03-20,65,12366,450,8663,,True,71
110178,2020-03-21,66,12402,352,8692,,True,71
110178,2020-03-22,67,12465,344,8740,,True,71
110178,2020-03-23,68,12516,258,8774,,True,71
110178,2020-03-24,69,12559,245,8812,,True,71
110178,2020-03-25,70,12614,2118,8853,11,True,71
110178,2020-03-26,71,12672,830,8900,,True,72
110178,2020-03-27,72,12741,424,8956,,True,72
110178,2020-03-28,73,12795,364,8999,,True,72
110178,2020-03-29,74,12853,377,9046,,True,72
110178,2020-03-30,75,12900,268,9069,,True,72
110178,2020-03-31,76,12974,244,9119,,True,72
110178,2020-04-01,77,13044,2974,9167,12,True,72
110178,2020-04-02,78,13107,1104,9157,,False,72
110178,2020-04-03,79,13290,693,6632,,False,73
110178,2020-04-04,80,13398,499,5811,,False,73
110178,2020-04-05,81,13487,468,5345,,False,73
110178,2020-04-06,82,13576,400,5019,,False,73
110178,2020-04-07,83,13681,244,4761,,False,73
110178,2020-04-08,84,13816,215,4569,,False,73
110178,2020-04-09,85,13896,199,4424,,False,73
110178,2020-04-10,86,13979,176,4314,,False,73
110178,2020-04-11,87,14056,180,4214,,False,73
110178,2020-04-12,88,14118,222,4135,,False,73
110178,2020-04-13,89,14188,152,4060,,False,73
110178,2020-04-14,90,14264,169,3972,,False,73
110178,2020-04-15,91,14335,120,3914,,False,73
110178,2020-04-16,92,14409,133,3851,,False,73
110178,2020-04-17,93,14470,113,3794,,False,73
110178,2020-04-18,94,14537,126,3758,,False,73
110178,2020-04-19,95,14606,100,3735,,False,73
110178,2020-04-20,96,14677,111,3693,,False,73
110178,2020-04-21,97,14740,114,3660,,False,73
110178,2020-04-22,98,14810,85,3623,,False,73
110178,2020-04-23,99,14879,122,3592,,False,73
110178,2020-04-24,100,14931,114,3562,,False,73
110178,2020-04-25,101,15017,88,3539,,False,73
110178,2020-04-26,102,15068,64,3507,,False,73
110178,2020-04-27,103,15121,81,3482,,False,73
110178,2020-04-28,104,15173,63,3464,,False,73
110178,2020-04-29,105,15228,90,3452,,False,73
110178,2020-04-30,106,15283,67,3437,,False,73
110178,2020-05-01,107,15359,74,3422,,False,73
110178,2020-05-02,108,15410,81,3407,,False,73
110178,2020-05-03,109,15477,90,3399,,False,73
110178,2020-05-04,110,15543,93,3388,,False,73
110178,2020-05-05,111,15601,60,3362,,False,73
110178,2020-05-06,112,15657,57,3343,,False,73
110178,2020-05-07,113,15713,63,3334,,False,73
110178,2020-05-08,114,15778,83,3328,,False,73
110178,2020-05-09,115,15841,73,3323,,False,73
110178,2020-05-10,116,15887,71,3305,,False,73
110178,2020-05-11,117,15947,49,3294,,False,73
110178,2020-05-12,118,15999,50,3284,,False,73
110178,2020-05-13,119,16101,44,3270,,False,73
110178,2020-05-14,120,16101,65,3270,,False,73
110178,2020-05-15,121,16140,58,3265,,False,73
110178,2020-05-16,122,16197,65,3254,,False,73
110178,2020-05-17,123,16245,51,3244,,False,73
110178,2020-05-18,124,16293,65,3232,,False,73
110178,2020-05-19,125,16344,43,3221,,False,73
110178,2020-05-20,126,16393,61,3212,,False,73
110178,2020-05-21,127,16446,50,3211,,False,73
110178,2020-05-22,128,16504,50,3196,,False,73
110178,2020-05-23,129,16558,49,3189,,False,73
110178,2020-05-24,130,16610,50,3185,,False,73
110178,2020-05-25,131,16653,54,3177,,False,73
110178,2020-05-26,132,16691,48,3175,,False,73
110178,2020-05-27,133,16746,43,3175,,False,73
110178,2020-05-28,134,16800,39,3166,,False,73
110178,2020-05-29,135,16873,42,3150,,False,73
110178,2020-05-30,136,16873,53,3150,,False,73
110178,2020-05-31,137,16933,39,3144,,False,73
110178,2020-06-01,138,16978,47,3134,,False,73
110178,2020-06-02,139,17025,48,3124,,False,73
110178,2020-06-03,140,17070,45,3123,,False,73
110178,2020-06-04,141,17117,51,3132,,False,73
110178,2020-06-05,142,17202,62,3123,,False,73
110178,2020-06-06,143,17237,32,3110,,False,73
110178,2020-06-07,144,17237,57,3110,,False,73
110178,2020-06-08,145,17274,36,3108,,False,73
110178,2020-06-09,146,17332,58,3105,,False,73
110178,2020-06-10,147,17391,61,3098,,False,73
110178,2020-06-11,148,17451,68,3093,,False,73
110178,2020-06-12,149,17516,51,3091,,False,73
110178,2020-06-13,150,17580,42,3080,,False,73
110178,2020-06-14,151,17634,51,3082,,False,73
110178,2020-06-15,152,17691,44,3083,,False,73
110178,2020-06-16,153,17744,49,3079,,False,73
110178,2020-06-17,154,17800,47,3083,,False,73
110178,2020-06-18,155,17849,48,3072,,False,73
110178,2020-06-19,156,17911,60,3074,,False,73
110178,2020-06-20,157,17953,44,3080,,False,73
110178,2020-06-21,158,18005,55,3072,,False,73
110178,2020-06-22,159,18040,44,3062,,False,73
110178,2020-06-23,160,18146,33,3044,,False,73
110178,2020-06-24,161,18146,61,3044,,False,73
110178,2020-06-25,162,18178,47,3041,,False,73
110178,2020-06-26,163,18230,52,3039,,False,73
110178,2020-06-27,164,18271,34,3032,,False,73
110178,2020-06-28,165,18352,45,3017,,False,73
110178,2020-06-29,166,18352,59,3017,,False,73
110178,2020-06-30,167,18397,42,3001,,False,73
110178,2020-07-01,168,18453,55,2992,,False,73
110178,2020-07-02,169,18492,43,2984,,False,73
110178,2020-07-03,170,18545,65,2980,,False,73
110178,2020-07-04,171,18598,59,2978,,False,73
110178,2020-07-05,172,18710,48,2962,,False,73
110178,2020-07-06,173,18710,50,2962,,False,73
110178,2020-07-07,174,18764,66,2950,,False,73
110178,2020-07-08,175,18857,80,2937,,False,73
110178,2020-07-09,176,18857,75,2937,,False,73
110178,2020-07-10,177,19085,54,2924,,False,73
110178,2020-07-11,178,19085,67,2924,,False,73
110178,2020-07-12,179,19286,86,2918,,False,73
110178,2020-07-13,180,19417,55,2908,,False,73
110178,2020-07-14,181,19581,43,2898,,False,73
110178,2020-07-15,182,19667,63,2897,,False,73
110178,2020-07-16,183,19731,63,2895,,False,73
110178,2020-07-17,184,19799,52,2896,,False,73
110178,2020-07-18,185,19852,64,2893,,False,73
110178,2020-07-19,186,19982,73,2887,,False,73
110178,2020-07-20,187,19982,67,2887,,False,73
110178,2020-07-21,188,20041,51,2881,,False,72
110178,2020-07-22,189,20191,65,2881,,False,72
110178,2020-07-23,190,20287,61,2879,,False,72
110178,2020-07-24,191,20360,65,2880,,False,72
110178,2020-07-25,192,20407,43,2882,,False,72
110178,2020-07-26,193,20469,39,2880,,False,72
110178,2020-07-27,194,20505,49,2878,,False,72
110178,2020-07-28,195,20554,56,2880,,False,72
110178,2020-07-29,196,20613,50,2879,,False,72
110178,2020-07-30,197,20747,42,2874,,False,72
110178,2020-07-31,198,20747,50,2874,,False,72
110178,2020-08-01,199,20796,53,2872,,False,72
110178,2020-08-02,200,20841,44,2871,,False,72
110178,2020-08-03,201,20912,51,2858,,False,72
110178,2020-08-04,202,20912,47,2858,,False,72
110178,2020-08-05,203,20963,48,2853,,False,72
110178,2020-08-06,204,21008,63,2851,,False,72
110178,2020-08-07,205,21105,55,2840,,False,72
110178,2020-08-08,206,21105,57,2840,,False,72
110178,2020-08-09,207,21170,54,2843,,False,72
110178,2020-08-10,208,21219,50,2838,,False,72
110178,2020-08-11,209,21278,51,2834,,False,72
110178,2020-08-12,210,21341,52,2833,,False,72
110178,2020-08-13,211,21399,53,2837,,False,72
110178,2020-08-14,212,21521,56,2825,,False,72
110178,2020-08-15,213,21521,56,2825,,False,72
110178,2020-08-16,214,21552,65,2822,,False,72
110178,2020-08-17,215,21603,46,2813,,False,72
110178,2020-08-18,216,21678,60,2822,,False,72
110178,2020-08-19,217,21721,56,2822,,False,72
110178,2020-08-20,218,21777,52,2820,,False,72
110178,2020-08-21,219,21828,53,2824,,False,72
110178,2020-08-22,220,21876,32,2825,,False,72
110178,2020-08-23,221,21918,54,2817,,False,72
110178,2020-08-24,222,21952,61,2815,,False,72
110178,2020-08-25,223,21987,52,2809,,False,72
110178,2020-08-26,224,22048,44,2805,,False,72
110178,2020-08-27,225,22079,51,2801,,False,72
110178,2020-08-28,226,22124,44,2798,,False,72
110178,2020-08-29,227,22170,42,2797,,False,73
110178,2020-08-30,228,22216,35,2798,,False,73
110178,2020-08-31,229,22258,54,2796,,False,73
110178,2020-09-01,230,22290,34,2792,,False,73
110178,2020-09-02,231,22331,31,2790,,False,73
110178,2020-09-03,232,22399,41,2785,,False,73
110178,2020-09-04,233,22446,44,2785,,False,73
110178,2020-09-05,234,22446,48,2785,,False,73
110178,2020-09-06,235,22487,46,2790,,False,73
110178,2020-09-07,236,22527,49,2785,,False,73
110178,2020-09-08,237,22564,36,2783,,False,73
110178,2020-09-09,238,22594,54,2777,,False,73
110178,2020-09-10,239,22628,33,2772,,False,73
110178,2020-09-11,240,22673,41,2777,,False,73
110178,2020-09-12,241,22701,50,2774,,False,73
110178,2020-09-13,242,22748,53,2780,,False,73
110178,2020-09-14,243,22791,41,2780,,False,73
110178,2020-09-15,244,22838,37,2779,,False,73
110178,2020-09-16,245,22861,35,2777,,False,73
110178,2020-09-17,246,22898,31,2781,,False,73
110178,2020-09-18,247,22927,44,2780,,False,73
110178,2020-09-19,248,22970,22,2782,,False,73
110178,2020-09-20,249,23017,32,2776,,False,73
110178,2020-09-21,250,23048,45,2775,,False,73
110178,2020-09-22,251,23089,31,2776,,False,73
110178,2020-09-23,252,23133,55,2778,,False,73
110178,2020-09-24,253,23166,44,2780,,False,73
110178,2020-09-25,254,23245,42,2772,,False,73
110178,2020-09-26,255,23245,41,2772,,False,73
110178,2020-09-27,256,23285,50,2770,,False,73
110178,2020-09-28,257,23321,41,2766,,False,73
110178,2020-09-29,258,23375,40,2758,,False,73
110178,2020-09-30,259,23409,40,2752,,False,73
110178,2020-10-01,260,23487,22,2745,,False,73
110178,2020-10-02,261,23487,32,2745,,False,73
110178,2020-10-03,262,23511,47,2748,,False,73
110178,2020-10-04,263,23539,39,2743,,False,73
110178,2020-10-05,264,23591,32,2741,,False,73
110178,2020-10-06,265,23632,24,2733,,False,73
110178,2020-10-07,266,23669,41,2735,,False,73
110178,2020-10-08,267,23700,51,2736,,False,73
110178,2020-10-09,268,23746,44,2739,,False,73
110178,2020-10-10,269,23793,38,2734,,False,73
110178,2020-10-11,270,23825,42,2729,,False,73
110178,2020-10-12,271,23889,34,2723,,False,73
110178,2020-10-13,272,23889,35,2723,,False,73
110178,2020-10-14,273,23960,30,2714,,False,73
110178,2020-10-15,274,23960,44,2714,,False,73
110178,2020-10-16,275,23991,36,2710,,False,73
110178,2020-10-17,276,24071,32,2703,,False,73
110178,2020-10-18,277,24071,49,2703,,False,73
110178,2020-10-19,278,24146,26,2697,,False,73
110178,2020-10-20,279,24179,40,2694,,False,73
110178,2020-10-21,280,24179,32,2694,,False,73
110178,2020-10-22,281,24216,37,2694,,False,73
110178,2020-10-23,282,24252,33,2690,,False,73
110178,2020-10-24,283,24314,20,2682,,False,73
110178,2020-10-25,284,24314,28,2682,,False,73
110178,2020-10-26,285,24345,29,2681,,False,73
110178,2020-10-27,286,24378,24,2674,,False,73
110178,2020-10-28,287,24408,26,2672,,False,73
110178,2020-10-29,288,24473,14,2672,,False,73
110178,2020-10-30,289,24473,27,2672,,False,73
110178,2020-10-31,290,24521,16,2670,,False,73
110178,2020-11-01,291,24541,38,2670,,False,73
110178,2020-11-02,292,24541,28,2670,,False,73
110178,2020-11-03,293,24579,29,2675,,False,73
110178,2020-11-04,294,24617,43,2676,,False,73
110178,2020-11-05,295,24651,46,2676,,False,73
110178,2020-11-06,296,24692,45,2669,,False,73
110178,2020-11-07,297,24733,41,2664,,False,73
110178,2020-11-08,298,24770,34,2663,,False,73
110178,2020-11-09,299,24803,26,2660,,False,73
110178,2020-11-10,300,24846,32,2665,,False,73
110178,2020-11-11,301,24874,38,2667,,False,73
110178,2020-11-12,302,24957,29,2664,,False,73
110178,2020-11-13,303,24957,37,2664,,False,73
110178,2020-11-14,304,24986,27,2664,,False,73
110178,2020-11-15,305,25016,18,2665,,False,73
110178,2020-11-16,306,25045,28,2668,,False,73
110178,2020-11-17,307,25097,42,2665,,False,73
110178,2020-11-18,308,25097,26,2665,,False,73
110178,2020-11-19,309,25149,24,2661,,False,73
110178,2020-11-20,310,25149,14,2661,,False,73
110178,2020-11-21,311,25171,30,2661,,False,73
110178,2020-11-22,312,25192,18,2660,,False,73
110178,2020-11-23,313,25236,26,2658,,False,73
110178,2020-11-24,314,25236,19,2658,,False,73
110178,2020-11-25,315,25265,29,2657,,False,73
110178,2020-11-26,316,25299,34,2658,,False,73
110178,2020-11-27,317,25328,26,2657,,False,73
110178,2020-11-28,318,25362,37,2664,,False,73
110178,2020-11-29,319,25389,23,2666,,False,73
110178,2020-11-30,320,25434,32,2665,,False,73
110178,2020-12-01,321,25460,42,2668,,False,73
110178,2020-12-02,322,25507,32,2664,,False,73
110178,2020-12-03,323,25544,46,2671,,False,73
110178,2020-12-04,324,25544,43,2671,,False,73
110178,2020-12-05,325,25587,39,2669,,False,73
110178,2020-12-06,326,25625,33,2673,,False,73
110178,2020-12-07,327,25690,20,2675,,False,73
110178,2020-12-08,328,25690,36,2675,,False,73
110178,2020-12-09,329,25723,28,2672,,False,73
110178,2020-12-10,330,25766,32,2667,,False,73
110178,2020-12-11,331,25796,22,2665,,False,73
110178,2020-12-12,332,25848,19,2666,,False,73
110178,2020-12-13,333,25848,23,2666,,False,73
110178,2020-12-14,334,25897,28,2667,,False,73
110178,2020-12-15,335,25897,41,2667,,False,73
110178,2020-12-16,336,25965,31,2662,,False,73
110178,2020-12-17,337,25965,39,2662,,False,73
110178,2020-12-18,338,25991,26,2656,,False,73
110178,2020-12-19,339,26022,22,2655,,False,73
110178,2020-12-20,340,26072,27,2657,,False,73
110178,2020-12-21,341,26098,44,2656,,False,73
110178,2020-12-22,342,26098,35,2656,,False,73
110178,2020-12-23,343,26147,19,2655,,False,73
110178,2020-12-24,344,26175,35,2654,,False,73
110178,2020-12-25,345,26215,18,2649,,False,73
110178,2020-12-26,346,26215,31,2649,,False,73
110178,2020-12-27,347,26239,36,2649,,False,73
110178,2020-12-28,348,26274,28,2646,,False,73
110178,2020-12-29,349,26303,29,2647,,False,73
110178,2020-12-30,350,26339,39,2644,,False,73
110178,2020-12-31,351,26371,47,2648,,False,73
110178,2021-01-01,352,26450,28,2641,,False,73
110178,2021-01-02,353,26477,50,2643,,False,73
110178,2021-01-03,354,26477,54,2643,,False,73
110178,2021-01-04,355,26521,53,2642,,False,73
110178,2021-01-05,356,26575,32,2637,,False,73
110178,2021-01-06,357,26657,44,2634,,False,73
110178,2021-01-07,358,26657,43,2634,,False,73
110178,2021-01-08,359,26703,1,2637,,False,73
110178,2021-01-09,360,26769,33,2633,,False,73
110178,2021-01-10,361,26803,53,2630,,False,73
110178,2021-01-11,362,26851,37,2631,,False,73
110178,2021-01-12,363,26894,39,2630,,False,72
110178,2021-01-13,364,26924,51,2626,,False,72
110178,2021-01-14,365,26970,47,2618,,False,73
110178,2021-01-15,366,27022,38,2617,,False,73
110178,2021-01-16,367,27053,41,2616,,False,72
110178,2021-01-17,368,27102,40,2615,,False,73
110178,2021-01-18,369,27136,32,2612,,False,73
110178,2021-01-19,370,27180,48,2605,,False,73
110178,2021-01-20,371,27222,48,2607,,False,73
110178,2021-01-21,372,27273,47,2607,,False,73
110178,2021-01-22,373,27313,41,2601,,False,73
110178,2021-01-23,374,27361,24,2604,,False,73
110178,2021-01-24,375,27400,46,2605,,False,73
110178,2021-01-25,376,27451,54,2606,,False,73
110178,2021-01-26,377,27491,41,2599,,False,72
110178,2021-01-27,378,27549,31,2597,,False,72
110178,2021-01-28,379,27621,48,2600,,False,72
110178,2021-01-29,380,27662,41,2594,,False,73
110178,2021-01-30,381,27697,38,2591,,False,72
110178,2021-01-31,382,27746,40,2590,,False,72
110178,2021-02-01,383,27797,41,2593,,False,72
110178,2021-02-02,384,27829,35,2593,,False,72
110178,2021-02-03,385,27876,43,2590,,False,72
110178,2021-02-04,386,27934,38,2589,,False,72
110178,2021-02-05,387,27984,33,2591,,False,72
110178,2021-02-06,388,28023,25,2587,,False,72
110178,2021-02-07,389,28050,48,2584,,False,72
110178,2021-02-08,390,28094,37,2578,,False,72
110178,2021-02-09,391,28132,31,2574,,False,72
110178,2021-02-10,392,28165,32,2571,,False,72
110178,2021-02-11,393,28201,30,2571,,False,72
110178,2021-02-12,394,28226,37,2569,,False,72
110178,2021-02-13,395,28259,25,2568,,False,72
110178,2021-02-14,396,28288,25,2570,,False,72
110178,2021-02-15,397,28312,33,2573,,False,72
110178,2021-02-16,398,28348,34,2570,,False,72
110178,2021-02-17,399,28391,40,2572,,False,72
110178,2021-02-18,400,28441,41,2570,,False,72
110178,2021-02-19,401,28480,22,2572,,False,72
110178,2021-02-20,402,28500,41,2574,,False,72
110178,2021-02-21,403,28538,30,2574,,False,72
110178,2021-02-22,404,28575,33,2571,,False,72
110178,2021-02-23,405,28605,32,2567,,False,72
110178,2021-02-24,406,28640,35,2566,,False,72
110178,2021-02-25,407,28704,39,2572,,False,72
110178,2021-02-26,408,28752,29,2572,,False,72
110178,2021-02-27,409,28812,28,2572,,False,72
110178,2021-02-28,410,28856,29,2573,,False,72
110178,2021-03-01,411,28889,37,2565,,False,72
110178,2021-03-02,412,28939,38,2565,,False,72
110178,2021-03-03,413,28979,31,2566,,False,72
110178,2021-03-04,414,29020,45,2566,,False,72
110178,2021-03-05,415,29067,32,2572,,False,72
110178,2021-03-06,416,29113,28,2569,,False,72
110178,2021-03-07,417,29152,23,2568,,False,72
110178,2021-03-08,418,29193,49,2574,,False,72
110178,2021-03-09,419,29234,34,2569,,False,72
110178,2021-03-10,420,29270,52,2566,,False,72
110178,2021-03-11,421,29316,27,2562,,False,72
110178,2021-03-12,422,29357,38,2561,,False,72
110178,2021-03-13,423,29411,23,2563,,False,72
110178,2021-03-14,424,29451,31,2565,,False,72
110178,2021-03-15,425,29491,28,2560,,False,72
110178,2021-03-16,426,29536,30,2563,,False,72
110178,2021-03-17,427,29570,31,2565,,False,72
110178,2021-03-18,428,29616,18,2564,,False,72
110178,2021-03-19,429,29658,29,2563,,False,72
110178,2021-03-20,430,29699,37,2567,,False,72
110178,2021-03-21,431,29745,36,2564,,False,72
110178,2021-03-22,432,29795,40,2564,,False,72
110178,2021-03-23,433,29839,35,2557,,False,72
110178,2021-03-24,434,29889,28,2558,,False,72
110178,2021-03-25,435,29930,26,2558,,False,72
110178,2021-03-26,436,29959,40,2556,,False,72
110178,2021-03-27,437,30026,31,2557,,False,72
110178,2021-03-28,438,30084,34,2558,,False,72
110178,2021-03-29,439,30111,45,2553,,False,72
110178,2021-03-30,440,30157,44,2553,,False,72
110178,2021-03-31,441,30209,41,2551,,False,72
110178,2021-04-01,442,30255,23,2546,,False,72
110178,2021-04-02,443,30308,65,2545,,False,72
110178,2021-04-03,444,30374,77,2551,,False,72
110178,2021-04-04,445,30439,65,2554,,False,72
110178,2021-04-05,446,30487,46,2542,,False,72
110178,2021-04-06,447,30533,51,2535,,False,72
110178,2021-04-07,448,30588,45,2535,,False,72
110178,2021-04-08,449,30640,50,2535,,False,72
110178,2021-04-09,450,30701,57,2548,,False,72
110178,2021-04-10,451,30747,48,2542,,False,72
110178,2021-04-11,452,30803,36,2541,,False,72
110178,2021-04-12,453,30849,45,2538,,False,72
110178,2021-04-13,454,30886,49,2537,,False,72
110178,2021-04-14,455,30950,71,2544,,False,72
110178,2021-04-15,456,31014,47,2541,,False,72
110178,2021-04-16,457,31051,54,2536,,False,72
110178,2021-04-17,458,31112,37,2527,,False,72
110178,2021-04-18,459,31155,44,2522,,False,72
110178,2021-04-19,460,31200,58,2521,,False,72
110178,2021-04-20,461,31257,41,2520,,False,72
110178,2021-04-21,462,31305,42,2523,,False,72
110178,2021-04-22,463,31354,28,2517,,False,72
110178,2021-04-23,464,31384,30,2516,,False,72
110178,2021-04-24,465,31412,25,2515,,False,72
110178,2021-04-25,466,31445,26,2515,,False,72
110178,2021-04-26,467,31475,32,2513,,False,72
110178,2021-04-27,468,31524,42,2515,,False,72
110178,2021-04-28,469,31563,38,2517,,False,72
110178,2021-04-29,470,31608,49,2516,,False,72
110178,2021-04-30,471,31643,34,2512,,False,72
110178,2021-05-01,472,31674,34,2508,,False,72
110178,2021-05-02,473,31709,40,2510,,False,72
110178,2021-05-03,474,31746,34,2510,,False,72
110178,2021-05-04,475,31778,20,2515,,False,72
110178,2021-05-05,476,31809,34,2512,,False,72
110178,2021-05-06,477,31840,26,2514,,False,72
110178,2021-05-07,478,31880,34,2515,,False,72
110178,2021-05-08,479,31926,38,2520,,False,72
110178,2021-05-09,480,31963,40,2516,,False,72
110178,2021-05-10,481,32009,37,2515,,False,72
110178,2021-05-11,482,32047,39,2519,,False,72
110178,2021-05-12,483,32091,28,2518,,False,72
110178,2021-05-13,484,32123,31,2518,,False,72
110178,2021-05-14,485,32146,26,2518,,False,72
110178,2021-05-15,486,32172,28,2516,,False,72
110178,2021-05-16,487,32207,37,2517,,False,72
110178,2021-05-17,488,32240,29,2520,,False,72
110178,2021-05-18,489,32279,34,2520,,False,72
110178,2021-05-19,490,32313,32,2517,,False,72
110178,2021-05-20,491,32356,29,2517,,False,72
110178,2021-05-21,492,32397,28,2514,,False,72
110178,2021-05-22,493,32414,29,2510,,False,72
110178,2021-05-23,494,32447,26,2512,,False,72
110178,2021-05-24,495,32468,36,2511,,False,72
110178,2021-05-25,496,32508,49,2511,,False,72
110178,2021-05-26,497,32546,32,2512,,False,72
110178,2021-05-27,498,32580,25,2511,,False,72
110178,2021-05-28,499,32609,24,2513,,False,72
110178,2021-05-29,500,32642,29,2513,,False,72
110178,2021-05-30,501,32673,30,2512,,False,72
110178,2021-05-31,502,32707,30,2506,,False,72
110178,2021-06-01,503,32738,29,2506,,False,72
110178,2021-06-02,504,32771,18,2505,,False,72
110178,2021-06-03,505,32810,26,2507,,False,72
110178,2021-06-04,506,32844,33,2507,,False,72
110178,2021-06-05,507,32895,37,2509,,False,72
110178,2021-06-06,508,32947,21,2505,,False,72
110178,2021-06-07,509,32977,18,2504,,False,72
110178,2021-06-08,510,33006,30,2505,,False,72
110178,2021-06-09,511,33037,26,2506,,False,72
110178,2021-06-10,512,33066,27,2503,,False,72
110178,2021-06-11,513,33091,27,2503,,False,72
110178,2021-06-12,514,33111,31,2501,,False,72
110178,2021-06-13,515,33148,15,2504,,False,72
110178,2021-06-14,516,33166,22,2502,,False,72
110178,2021-06-15,517,33193,16,2505,,False,72
110178,2021-06-16,518,33218,34,2505,,False,72
110178,2021-06-17,519,33235,27,2510,,False,72
110178,2021-06-18,520,33277,17,2509,,False,72
110178,2021-06-19,521,33300,33,2511,,False,72
110178,2021-06-20,522,33324,16,2510,,False,72
110178,2021-06-21,523,33348,13,2508,,False,72
110178,2021-06-22,524,33366,19,2510,,False,72
110178,2021-06-23,525,33398,29,2514,,False,72
110178,2021-06-24,526,33429,32,2513,,False,72
110178,2021-06-25,527,33452,27,2518,,False,72
110178,2021-06-26,528,33484,26,2519,,False,72
110178,2021-06-27,529,33506,23,2511,,False,72
110178,2021-06-28,530,33538,29,2506,,False,72
110178,2021-06-29,531,33562,24,2501,,False,72
110178,2021-06-30,532,33595,27,2499,,False,72
110178,2021-07-01,533,33618,34,2498,,False,72
110178,2021-07-02,534,33652,32,2498,,False,72
110178,2021-07-03,535,33691,22,2502,,False,72
110178,2021-07-04,536,33709,48,2502,,False,72
110178,2021-07-05,537,33738,28,2502,,False,72
110178,2021-07-06,538,33773,21,2498,,False,72
110178,2021-07-07,539,33807,47,2497,,False,72
110178,2021-07-08,540,33853,47,2502,,False,72
110178,2021-07-09,541,33896,36,2499,,False,72
110178,2021-07-10,542,33936,33,2499,,False,72
110178,2021-07-11,543,33959,36,2498,,False,72
110178,2021-07-12,544,33992,36,2496,,False,72
110178,2021-07-13,545,34023,33,2491,,False,72
110178,2021-07-14,546,34064,23,2496,,False,72
110178,2021-07-15,547,34099,25,2494,,False,72
110178,2021-07-16,548,34126,25,2495,,False,72
110178,2021-07-17,549,34162,29,2491,,False,72
110178,2021-07-18,550,34191,47,2491,,False,72
110178,2021-07-19,551,34241,33,2493,,False,72
110178,2021-07-20,552,34282,36,2496,,False,72
110178,2021-07-21,553,34316,35,2495,,False,72
110178,2021-07-22,554,34349,25,2498,,False,72
110178,2021-07-23,555,34380,32,2496,,False,72
110178,2021-07-24,556,34410,25,2493,,False,72
110178,2021-07-25,557,34437,31,2493,,False,72
110178,2021-07-26,558,34463,23,2492,,False,72
110178,2021-07-27,559,34491,23,2497,,False,72
110178,2021-07-28,560,34512,16,2495,,False,72
110178,2021-07-29,561,34539,22,2493,,False,72
110178,2021-07-30,562,34561,32,2495,,False,72
110178,2021-07-31,563,34593,24,2495,,False,72
110178,2021-08-01,564,34622,16,2497,,False,72
110178,2021-08-02,565,34640,18,2495,,False,72
110178,2021-08-03,566,34663,26,2496,,False,72
110178,2021-08-04,567,34688,37,2494,,False,72
110178,2021-08-05,568,34718,25,2497,,False,72
110178,2021-08-06,569,34739,38,2499,,False,72
110178,2021-08-07,570,34774,21,2498,,False,72
110178,2021-08-08,571,34806,18,2499,,False,72
110178,2021-08-09,572,34830,33,2500,,False,72
110178,2021-08-10,573,34874,29,2499,,False,72
110178,2021-08-11,574,34900,27,2496,,False,72
110178,2021-08-12,575,34927,24,2497,,False,72
110178,2021-08-13,576,34955,21,2499,,False,72
110178,2021-08-14,577,34981,17,2499,,False,72
110178,2021-08-15,578,35004,19,2497,,False,72
110178,2021-08-16,579,35028,37,2497,,False,72
110178,2021-08-17,580,35057,22,2498,,False,72
110178,2021-08-18,581,35086,29,2496,,False,72
110178,2021-08-19,582,35115,32,2502,,False,72
110178,2021-08-20,583,35140,23,2501,,False,72
110178,2021-08-21,584,35166,17,2501,,False,72
110178,2021-08-22,585,35199,13,2501,,False,72
110178,2021-08-23,586,35216,23,2503,,False,72
110178,2021-08-24,587,35243,25,2506,,False,72
110178,2021-08-25,588,35274,12,2501,,False,72
110178,2021-08-26,589,35304,15,2500,,False,72
110178,2021-08-27,590,35331,27,2501,,False,72
110178,2021-08-28,591,35363,15,2503,,False,72
110178,2021-08-29,592,35381,17,2501,,False,72
110178,2021-08-30,593,35391,19,2504,,False,72
110178,2021-08-31,594,35421,20,2506,,False,72
110178,2021-09-01,595,35448,22,2502,,False,72
110178,2021-09-02,596,35477,16,2502,,False,72
110178,2021-09-03,597,35487,18,2502,,False,72
110178,2021-09-04,598,35513,20,2504,,False,72
110178,2021-09-05,599,35535,17,2531,,False,72
110178,2021-09-06,600,35559,11,2541,,False,72
110178,2021-09-07,601,35579,24,2536,,False,72
110178,2021-09-08,602,35615,21,2533,,False,72
110178,2021-09-09,603,35644,22,2534,,False,72
110178,2021-09-10,604,35661,26,2534,,False,72
110178,2021-09-11,605,35687,20,2530,,False,72
110178,2021-09-12,606,35716,17,2532,,False,72
110178,2021-09-13,607,35757,16,2532,,False,72
110178,2021-09-14,608,35779,18,2530,,False,72
110178,2021-09-15,609,35809,13,2529,,False,72
110178,2021-09-16,610,35847,11,2530,,False,72
110178,2021-09-17,611,35875,14,2530,,False,72
110178,2021-09-18,612,35902,9,2531,,False,72
110178,2021-09-19,613,35916,24,2530,,False,72
110178,2021-09-20,614,35950,14,2533,,False,72
110178,2021-09-21,615,35976,28,2532,,False,72
110178,2021-09-22,616,36007,20,2532,,False,72
110178,2021-09-23,617,36036,23,2533,,False,72
110178,2021-09-24,618,36069,9,2527,,False,72
110178,2021-09-25,619,36082,20,2526,,False,72
110178,2021-09-26,620,36099,22,2528,,False,72
110178,2021-09-27,621,36130,25,2531,,False,72
110178,2021-09-28,622,36155,19,2530,,False,72
110178,2021-09-29,623,36182,30,2533,,False,72
110178,2021-09-30,624,36206,23,2535,,False,72
110178,2021-10-01,625,36236,25,2536,,False,72
110178,2021-10-03,627,36278,19,2533,,False,72
110178,2021-10-04,628,36298,17,2530,,False,72
110178,2021-10-05,629,36323,25,2528,,False,72
110178,2021-10-06,630,36349,24,2534,,False,72
110178,2021-10-07,631,36364,26,2533,,False,72
110178,2021-10-08,632,36394,15,2533,,False,72
110178,2021-10-09,633,36407,26,2532,,False,72
110178,2021-10-10,634,36430,20,2534,,False,72
110178,2021-10-11,635,36451,22,2536,,False,72
110178,2021-10-12,636,36475,27,2535,,False,72
110178,2021-10-13,637,36501,16,2532,,False,72
110178,2021-10-14,638,36522,24,2532,,False,72
110178,2021-10-15,639,36545,15,2529,,False,72
110178,2021-10-16,640,36562,15,2529,,False,72
110178,2021-10-17,641,36576,18,2527,,False,72
110178,2021-10-18,642,36599,24,2530,,False,72
110178,2021-10-19,643,36637,24,2532,,False,72
110178,2021-10-20,644,36663,28,2533,,False,72
110178,2021-10-21,645,36692,15,2531,,False,72
110178,2021-10-22,646,36718,15,2531,,False,72
110178,2021-10-23,647,36736,16,2529,,False,72
110178,2021-10-24,648,36761,17,2527,,False,72
110178,2021-10-25,649,36778,20,2528,,False,72
110178,2021-10-26,650,36805,29,2529,,False,72
110178,2021-10-27,651,36832,14,2530,,False,72
110178,2021-10-28,652,36858,12,2530,,False,72
110178,2021-10-29,653,36864,8,2528,,False,72
110178,2021-10-30,654,36884,20,2529,,False,72
110178,2021-10-31,655,36903,22,2529,,False,72
110178,2021-11-01,656,36921,12,2530,,False,72
110178,2021-11-02,657,36942,13,2529,,False,72
110178,2021-11-03,658,36966,13,2528,,False,72
110178,2021-11-04,659,36989,9,2527,,False,72
110178,2021-11-05,660,37008,11,2526,,False,72
110178,2021-11-06,661,37027,23,2524,,False,72
110178,2021-11-07,662,37042,20,2526,,False,72
110178,2021-11-08,663,37062,20,2524,,False,72
110178,2021-11-09,664,37090,13,2523,,False,72
110178,2021-11-10,665,37105,17,2523,,False,72
110178,2021-11-11,666,37119,21,2524,,False,72
110178,2021-11-12,667,37140,16,2525,,False,72
110178,2021-11-13,668,37161,11,2523,,False,72
110178,2021-11-14,669,37177,15,2525,,False,72
110178,2021-11-15,670,37185,19,2527,,False,72
110178,2021-11-16,671,37208,17,2531,,False,72
110178,2021-11-17,672,37221,19,2531,,False,72
110178,2021-11-18,673,37248,15,2533,,False,72
110178,2021-11-19,674,37266,22,2533,,False,72
110178,2021-11-20,675,37277,11,2529,,False,72
110178,2021-11-21,676,37292,14,2527,,False,72
110178,2021-11-22,677,37310,15,2529,,False,72
110178,2021-11-23,678,37328,10,2529,,False,72
110178,2021-11-24,679,37347,12,2530,,False,72
110178,2021-11-25,680,37358,13,2528,,False,72
110178,2021-11-26,681,37373,16,2529,,False,72
110178,2021-11-27,682,37402,15,2528,,False,72
110178,2021-11-28,683,37420,23,2527,,False,72
110178,2021-11-29,684,37440,29,2530,,False,72
110178,2021-11-30,685,37455,13,2529,,False,72
110178,2021-12-01,686,37474,9,2530,,False,72
110178,2021-12-02,687,37495,10,2530,,False,72
110178,2021-12-03,688,37509,16,2530,,False,72
110178,2021-12-04,689,37524,14,2530,,False,72
110178,2021-12-05,690,37546,7,2530,,False,72
110178,2021-12-06,691,37554,5,2529,,False,72
110178,2021-12-07,692,37569,18,2529,,False,72
110178,2021-12-08,693,37582,11,2528,,False,72
110178,2021-12-09,694,37599,16,2530,,False,72
110178,2021-12-10,695,37625,12,2531,,False,72
110178,2021-12-11,696,37642,19,2531,,False,72
110178,2021-12-12,697,37667,14,2528,,False,72
110178,2021-12-13,698,37677,16,2527,,False,72
110178,2021-12-14,699,37694,13,2527,,False,72
110178,2021-12-15,700,37718,14,2526,,False,72
110178,2021-12-16,701,37732,12,2526,,False,72
110178,2021-12-17,702,37743,7,2528,,False,72
110178,2021-12-18,703,37755,16,2525,,False,72
110178,2021-12-19,704,37773,24,2529,,False,72
110178,2021-12-20,705,37795,26,2529,,False,72
110178,2021-12-21,706,37816,14,2529,,False,72
110178,2021-12-22,707,37834,14,2526,,False,72
110178,2021-12-23,708,37856,15,2527,,False,72
110178,2021-12-24,709,37885,14,2530,,False,72
110178,2021-12-25,710,37896,25,2529,,False,72
110178,2021-12-26,711,37916,16,2530,,False,72
110178,2021-12-27,712,37928,8,2526,,False,72
110178,2021-12-28,713,37953,10,2527,,False,72
110178,2021-12-29,714,37975,22,2527,,False,72
110178,2021-12-30,715,37999,22,2526,,False,72
110178,2021-12-31,716,38029,16,2527,,False,72
110178,2022-01-01,717,38053,18,2526,,False,72
110178,2022-01-02,718,38081,23,2531,,False,72
110178,2022-01-03,719,38111,45,2527,,False,72
110178,2022-01-04,720,38144,20,2530,,False,72
110178,2022-01-05,721,38168,21,2532,,False,72
110178,2022-01-06,722,38195,12,2529,,False,72
110178,2022-01-07,723,38213,17,2529,,False,72
110178,2022-01-08,724,38225,25,2527,,False,72
110178,2022-01-09,725,38261,25,2528,,False,72
110178,2022-01-10,726,38294,19,2527,,False,72
110178,2022-01-11,727,38329,34,2529,,False,72
110178,2022-01-12,728,38358,24,2532,,False,72
110178,2022-01-13,729,38386,16,2533,,False,72
110178,2022-01-14,730,38413,23,2534,,False,72
110178,2022-01-15,731,38434,16,2533,,False,72
110178,2022-01-16,732,38460,13,2532,,False,72
110178,2022-01-17,733,38488,21,2531,,False,72
110178,2022-01-18,734,38510,24,2530,,False,72
110178,2022-01-19,735,38535,22,2523,,False,72
110178,2022-01-20,736,38562,16,2522,,False,72
110178,2022-01-21,737,38584,19,2523,,False,72
110178,2022-01-22,738,38599,24,2521,,False,72
110178,2022-01-23,739,38616,11,2520,,False,72
110178,2022-01-24,740,38641,15,2524,,False,72
110178,2022-01-25,741,38662,22,2525,,False,72
110178,2022-01-26,742,38684,24,2522,,False,72
110178,2022-01-27,743,38710,17,2525,,False,72
110178,2022-01-28,744,38730,21,2524,,False,72
110178,2022-01-29,745,38751,22,2525,,False,72
110178,2022-01-30,746,38770,20,2528,,False,72
110178,2022-01-31,747,38782,26,2532,,False,72
110178,2022-02-01,748,38799,18,2527,,False,72
110178,2022-02-02,749,38826,22,2530,,False,72
110178,2022-02-03,750,38840,22,2535,,False,72
110178,2022-02-04,751,38854,18,2537,,False,72
110178,2022-02-05,752,38871,20,2541,,False,72
110178,2022-02-06,753,38891,9,2537,,False,72
110178,2022-02-07,754,38909,11,2538,,False,72
110178,2022-02-08,755,38934,10,2536,,False,72
110178,2022-02-09,756,38946,18,2536,,False,72
110178,2022-02-10,757,38968,23,2539,,False,72
110178,2022-02-11,758,38980,15,2537,,False,72
110178,2022-02-12,759,39000,23,2539,,False,72
110178,2022-02-13,760,39016,29,2537,,False,72
110178,2022-02-14,761,39043,24,2540,,False,72
110178,2022-02-15,762,39073,12,2541,,False,72
110178,2022-02-16,763,39095,18,2543,,False,72
110178,2022-02-17,764,39117,13,2541,,False,72
110178,2022-02-18,765,39132,18,2541,,False,72
110178,2022-02-19,766,39153,15,2540,,False,72
110178,2022-02-20,767,39177,7,2540,,False,72
110178,2022-02-21,768,39207,16,2542,,False,72
110178,2022-02-22,769,39228,17,2542,,False,72
110178,2022-02-23,770,39253,20,2541,,False,72
110178,2022-02-24,771,39273,11,2544,,False,72
110178,2022-02-25,772,39290,10,2542,,False,72
110178,2022-02-26,773,39303,20,2540,,False,72
110178,2022-02-27,774,39321,20,2541,,False,72
110178,2022-02-28,775,39360,11,2539,,False,72
110178,2022-03-01,776,39373,15,2539,,False,72
110178,2022-03-02,777,39390,10,2540,,False,72
110178,2022-03-03,778,39405,17,2540,,False,72
110178,2022-03-04,779,39421,15,2544,,False,72
110178,2022-03-05,780,39434,14,2541,,False,72
110178,2022-03-06,781,39454,19,2542,,False,72
110178,2022-03-07,782,39477,11,2541,,False,72
110178,2022-03-08,783,39489,14,2541,,False,72
110178,2022-03-09,784,39505,14,2542,,False,72
110178,2022-03-10,785,39512,24,2541,,False,72
110178,2022-03-11,786,39534,12,2541,,False,72
110178,2022-03-12,787,39551,5,2540,,False,72
110178,2022-03-13,788,39560,15,2540,,False,72
110178,2022-03-14,789,39572,16,2539,,False,72
110178,2022-03-15,790,39589,9,2542,,False,72
110178,2022-03-16,791,39603,30,2542,,False,72
110178,2022-03-17,792,39633,24,2543,,False,72
110178,2022-03-18,793,39656,20,2545,,False,72
110178,2022-03-19,794,39678,18,2545,,False,72
110178,2022-03-20,795,39709,23,2549,,False,72
110178,2022-03-21,796,39742,14,2550,,False,72
110178,2022-03-22,797,39757,16,2551,,False,72
110178,2022-03-23,798,39774,22,2552,,False,72
110178,2022-03-24,799,39805,21,2552,,False,72
110178,2022-03-25,800,39828,18,2556,,False,72
110178,2022-03-26,801,39853,20,2554,,False,72
110178,2022-03-27,802,39875,30,2557,,False,72
110178,2022-03-28,803,39914,25,2558,,False,72
110178,2022-03-29,804,39944,25,2558,,False,72
110178,2022-03-30,805,39979,23,2554,,False,72
110178,2022-03-31,806,40016,16,2553,,False,72
110178,2022-04-01,807,40032,18,2549,,False,72
110178,2022-04-02,808,40060,12,2552,,False,72
110178,2022-04-03,809,40084,29,2555,,False,72
110178,2022-04-04,810,40102,25,2549,,False,72
110178,2022-04-05,811,40133,29,2551,,False,72
110178,2022-04-06,812,40163,27,2552,,False,72
110178,2022-04-07,813,40203,35,2550,,False,72
110178,2022-04-08,814,40230,28,2550,,False,72
110178,2022-04-09,815,40257,16,2550,,False,72
110178,2022-04-10,816,40293,14,2551,,False,72
110178,2022-04-11,817,40319,23,2549,,False,72
110178,2022-04-12,818,40354,32,2547,,False,72
110178,2022-04-13,819,40393,19,2547,,False,72
110178,2022-04-14,820,40415,20,2546,,False,72
110178,2022-04-15,821,40445,16,2547,,False,72
110178,2022-04-16,822,40483,18,2541,,False,72
110178,2022-04-17,823,40528,19,2542,,False,72
110178,2022-04-18,824,40561,16,2545,,False,72
110178,2022-04-19,825,40590,22,2545,,False,72
110178,2022-04-20,826,40617,18,2545,,False,72
110178,2022-04-21,827,40648,17,2543,,False,72
110178,2022-04-22,828,40682,15,2543,,False,72
110178,2022-04-23,829,40705,23,2542,,False,72
110178,2022-04-24,830,40736,28,2542,,False,72
110178,2022-04-25,831,40765,19,2540,,False,72
110178,2022-04-26,832,40802,14,2540,,False,72
110178,2022-04-27,833,40816,20,2542,,False,72
110178,2022-04-28,834,40844,16,2541,,False,72
110178,2022-04-29,835,40875,8,2543,,False,72
110178,2022-04-30,836,40891,14,2546,,False,72
110178,2022-05-01,837,40908,24,2548,,False,72
110178,2022-05-02,838,40940,18,2548,,False,72
110178,2022-05-03,839,40956,13,2548,,False,72
110178,2022-05-04,840,40981,17,2547,,False,72
110178,2022-05-05,841,40997,12,2545,,False,72
110178,2022-05-06,842,41016,13,2543,,False,72
110178,2022-05-07,843,41038,14,2548,,False,72
110178,2022-05-08,844,41063,12,2546,,False,72
110178,2022-05-09,845,41088,9,2546,,False,72
110178,2022-05-10,846,41112,18,2547,,False,72
110178,2022-05-11,847,41128,17,2547,,False,72
110178,2022-05-12,848,41164,16,2551,,False,72
110178,2022-05-13,849,41186,20,2552,,False,72
110178,2022-05-14,850,41207,15,2551,,False,72
110178,2022-05-15,851,41223,7,2551,,False,72
110178,2022-05-16,852,41231,15,2551,,False,72
110178,2022-05-17,853,41258,17,2559,,False,72
110178,2022-05-18,854,41283,18,2558,,False,72
110178,2022-05-19,855,41307,9,2558,,False,72
110178,2022-05-20,856,41320,13,2557,,False,72
110178,2022-05-21,857,41333,24,2556,,False,72
110178,2022-05-22,858,41350,28,2556,,False,72
110178,2022-05-23,859,41375,22,2556,,False,72
110178,2022-05-24,860,41391,20,2556,,False,72
110178,2022-05-25,861,41412,17,2558,,False,72
110178,2022-05-26,862,41427,22,2560,,False,72
110178,2022-05-27,863,41441,14,2561,,False,72
110178,2022-05-28,864,41462,20,2560,,False,72
110178,2022-05-29,865,41486,13,2558,,False,72
110178,2022-05-30,866,41511,23,2560,,False,72
110178,2022-05-31,867,41526,26,2556,,False,72
110178,2022-06-01,868,41549,23,2554,,False,72
110178,2022-06-02,869,41566,25,2554,,False,72
110178,2022-06-03,870,41586,7,2554,,False,72
110178,2022-06-04,871,41603,7,2553,,False,72
110178,2022-06-05,872,41615,25,2554,,False,72
110178,2022-06-06,873,41636,17,2552,,False,72
110178,2022-06-07,874,41659,20,2554,,False,72
110178,2022-06-08,875,41681,16,2552,,False,72
110178,2022-06-09,876,41692,15,2550,,False,72
110178,2022-06-10,877,41705,14,2547,,False,72
110178,2022-06-11,878,41713,12,2549,,False,72
110178,2022-06-12,879,41727,19,2554,,False,72
110178,2022-06-13,880,41750,24,2552,,False,72
110178,2022-06-14,881,41775,15,2556,,False,72
110178,2022-06-15,882,41791,16,2557,,False,72
110178,2022-06-16,883,41811,25,2557,,False,72
110178,2022-06-17,884,41829,15,2558,,False,72
110178,2022-06-18,885,41837,15,2558,,False,72
110178,2022-06-19,886,41860,14,2557,,False,72
110178,2022-06-20,887,41879,28,2556,,False,72
110178,2022-06-21,888,41904,17,2559,,False,72
110178,2022-06-22,889,41924,18,2564,,False,72
110178,2022-06-23,890,41938,15,2563,,False,72
110178,2022-06-24,891,41967,10,2563,,False,72
110178,2022-06-25,892,41983,14,2563,,False,72
110178,2022-06-26,893,42003,22,2565,,False,72
110178,2022-06-27,894,42029,18,2564,,False,72
110178,2022-06-28,895,42049,29,2563,,False,72
110178,2022-06-29,896,42067,17,2560,,False,72
110178,2022-06-30,897,42088,13,2562,,False,72
110178,2022-07-01,898,42126,19,2562,,False,72
110178,2022-07-02,899,42153,16,2560,,False,72
110178,2022-07-03,900,42177,16,2560,,False,72
110178,2022-07-04,901,42195,15,2560,,False,72
110178,2022-07-05,902,42209,26,2560,,False,72
110178,2022-07-06,903,42234,27,2561,,False,72
110178,2022-07-07,904,42266,17,2560,,False,72
110178,2022-07-08,905,42287,25,2557,,False,72
110178,2022-07-09,906,42312,20,2560,,False,72
110178,2022-07-10,907,42334,14,2561,,False,72
110178,2022-07-11,908,42340,29,2560,,False,72
110178,2022-07-12,909,42367,22,2563,,False,72
110178,2022-07-13,910,42382,15,2558,,False,72
110178,2022-07-14,911,42401,26,2558,,False,72
110178,2022-07-15,912,42425,20,2557,,False,72
110178,2022-07-16,913,42449,18,2557,,False,72
110178,2022-07-17,914,42460,25,2557,,False,72
110178,2022-07-18,915,42491,18,2554,,False,72
110178,2022-07-19,916,42511,29,2556,,False,72
110178,2022-07-20,917,42533,25,2559,,False,72
110178,2022-07-21,918,42553,17,2560,,False,72
110178,2022-07-22,919,42574,20,2556,,False,72
110178,2022-07-23,920,42592,22,2558,,False,72
110178,2022-07-24,921,42621,24,2561,,False,72
110178,2022-07-25,922,42647,11,2562,,False,72
110178,2022-07-26,923,42672,8,2563,,False,72
110178,2022-07-27,924,42685,19,2566,,False,72
110178,2022-07-28,925,42707,21,2569,,False,72
110178,2022-07-29,926,42729,20,2570,,False,72
110178,2022-07-30,927,42751,13,2570,,False,72
110178,2022-07-31,928,42767,21,2571,,False,72
110178,2022-08-01,929,42794,20,2570,,False,72
110178,2022-08-02,930,42811,16,2571,,False,72
110178,2022-08-03,931,42834,21,2573,,False,72
110178,2022-08-04,932,42859,17,2574,,False,72
110178,2022-08-05,933,42879,19,2576,,False,72
110178,2022-08-06,934,42901,19,2573,,False,72
110178,2022-08-07,935,42913,18,2572,,False,72
110178,2022-08-08,936,42931,13,2575,,False,72
110178,2022-08-09,937,42957,26,2574,,False,72
110178,2022-08-10,938,42982,14,2575,,False,72
110178,2022-08-11,939,42999,12,2572,,False,72
110178,2022-08-12,940,43014,14,2569,,False,72
110178,2022-08-13,941,43024,17,2570,,False,72
110178,2022-08-14,942,43044,12,2568,,False,72
110178,2022-08-15,943,43064,16,2568,,False,72
110178,2022-08-16,944,43079,12,2568,,False,72
110178,2022-08-17,945,43100,17,2566,,False,72
110178,2022-08-18,946,43115,14,2568,,False,72
110178,2022-08-19,947,43132,15,2566,,False,72
110178,2022-08-20,948,43150,19,2569,,False,72
110178,2022-08-21,949,43169,15,2570,,False,72
110178,2022-08-22,950,43185,6,2570,,False,72
110178,2022-08-23,951,43198,17,2573,,False,72
110178,2022-08-24,952,43211,8,2575,,False,72
110178,2022-08-25,953,43223,9,2576,,False,72
110178,2022-08-26,954,43234,10,2576,,False,72
110178,2022-08-27,955,43247,9,2574,,False,72
110178,2022-08-28,956,43259,23,2574,,False,72
110178,2022-08-29,957,43278,18,2576,,False,72
110178,2022-08-30,958,43295,8,2577,,False,72
110178,2022-08-31,959,43314,16,2578,,False,72
110178,2022-09-01,960,43338,14,2580,,False,72
110178,2022-09-02,961,43350,14,2580,,False,72
110178,2022-09-03,962,43369,7,2580,,False,72
110178,2022-09-04,963,43378,13,2581,,False,72
110178,2022-09-05,964,43392,15,2579,,False,72
110178,2022-09-06,965,43408,13,2580,,False,72
110178,2022-09-07,966,43425,12,2582,,False,72
110178,2022-09-08,967,43438,14,2582,,False,72
110178,2022-09-09,968,43454,12,2582,,False,72
110178,2022-09-10,969,43472,6,2584,,False,72
110178,2022-09-11,970,43484,12,2586,,False,72
110178,2022-09-12,971,43506,13,2585,,False,72
110178,2022-09-13,972,43517,7,2586,,False,72
110178,2022-09-14,973,43531,9,2586,,False,72
110178,2022-09-15,974,43543,6,2587,,False,72
110178,2022-09-16,975,43553,11,2587,,False,72
110178,2022-09-17,976,43564,13,2588,,False,72
110178,2022-09-18,977,43579,19,2592,,False,72
110178,2022-09-19,978,43602,6,2594,,False,72
110178,2022-09-20,979,43616,8,2593,,False,72
110178,2022-09-21,980,43633,17,2592,,False,72
110178,2022-09-22,981,43647,5,2590,,False,72
110178,2022-09-23,982,43662,10,2592,,False,72
110178,2022-09-24,983,43676,13,2591,,False,72
110178,2022-09-25,984,43701,14,2595,,False,72
110178,2022-09-26,985,43716,11,2596,,False,72
110178,2022-09-27,986,43732,19,2594,,False,72
110178,2022-09-28,987,43756,15,2597,,False,72
110178,2022-09-29,988,43772,12,2599,,False,72
110178,2022-09-30,989,43791,17,2597,,False,72
110178,2022-10-01,990,43807,16,2598,,False,72
110178,2022-10-02,991,43826,14,2595,,False,72
110178,2022-10-03,992,43843,10,2596,,False,72
110178,2022-10-04,993,43862,8,2599,,False,72
110178,2022-10-05,994,43882,5,2597,,False,72
110178,2022-10-06,995,43896,6,2598,,False,72
110178,2022-10-07,996,43911,16,2599,,False,72
110178,2022-10-08,997,43923,22,2601,,False,72
110178,2022-10-09,998,43939,13,2601,,False,72
110178,2022-10-10,999,43956,11,2603,,False,72
110178,2022-10-11,1000,43971,12,2598,,False,72
110178,2022-10-12,1001,43986,19,2599,,False,72
110178,2022-10-13,1002,44010,16,2599,,False,72
110178,2022-10-14,1003,44028,10,2596,,False,72
110178,2022-10-15,1004,44047,10,2598,,False,72
110178,2022-10-16,1005,44065,21,2601,,False,72
110178,2022-10-17,1006,44085,14,2601,,False,72
110178,2022-10-18,1007,44102,10,2602,,False,72
110178,2022-10-19,1008,44116,16,2607,,False,72
110178,2022-10-20,1009,44133,12,2608,,False,72
110178,2022-10-21,1010,44143,8,2606,,False,72
110178,2022-10-22,1011,44157,11,2604,,False,72
110178,2022-10-23,1012,44169,15,2603,,False,72
110178,2022-10-24,1013,44185,13,2601,,False,72
110178,2022-10-25,1014,44200,16,2602,,False,72
110178,2022-10-26,1015,44215,7,2604,,False,72
110178,2022-10-27,1016,44225,12,2602,,False,72
110178,2022-10-28,1017,44241,9,2600,,False,72
110178,2022-10-29,1018,44250,5,2599,,False,72
110178,2022-10-30,1019,44255,3,2599,,False,72
110178,2022-10-31,1020,44265,3,2598,,False,72
110178,2022-11-01,1021,44274,9,2596,,False,72
110178,2022-11-02,1022,44288,14,2601,,False,72
110178,2022-11-03,1023,44306,12,2601,,False,72
110178,2022-11-04,1024,44316,7,2600,,False,72
110178,2022-11-05,1025,44327,10,2599,,False,72
110178,2022-11-06,1026,44338,9,2599,,False,72
110178,2022-11-07,1027,44355,15,2598,,False,72
110178,2022-11-08,1028,44367,12,2597,,False,72
110178,2022-11-09,1029,44388,12,2596,,False,72
110178,2022-11-10,1030,44410,15,2598,,False,72
110178,2022-11-11,1031,44418,13,2597,,False,72
110178,2022-11-12,1032,44428,1,2594,,False,72
110178,2022-11-13,1033,44428,13,2594,,False,72
110178,2022-11-14,1034,44451,13,2599,,False,72
110178,2022-11-15,1035,44462,15,2598,,False,72
110178,2022-11-16,1036,44474,12,2599,,False,72
110178,2022-11-17,1037,44485,25,2596,,False,72
110178,2022-11-18,1038,44499,5,2597,,False,72
110178,2022-11-19,1039,44508,12,2600,,False,72
110178,2022-11-20,1040,44521,5,2599,,False,72
110178,2022-11-21,1041,44526,10,2599,,False,72
110178,2022-11-22,1042,44544,16,2600,,False,72
110178,2022-11-23,1043,44553,7,2601,,False,72
110178,2022-11-24,1044,44559,3,2600,,False,72
110178,2022-11-25,1045,44559,8,2601,,False,72
110178,2022-11-26,1046,44576,13,2602,,False,72
110178,2022-11-27,1047,44592,18,2606,,False,72
110178,2022-11-28,1048,44613,18,2608,,False,72
110178,2022-11-29,1049,44635,14,2609,,False,72
110178,2022-11-30,1050,44644,10,2608,,False,72
110178,2022-12-01,1051,44652,5,2608,,False,72
110178,2022-12-02,1052,44660,9,2607,,False,72
110178,2022-12-03,1053,44678,3,2608,,False,72
110178,2022-12-04,1054,44686,10,2608,,False,72
110178,2022-12-05,1055,44697,7,2609,,False,72
110178,2022-12-06,1056,44712,16,2607,,False,72
110178,2022-12-07,1057,44736,21,2607,,False,72
110178,2022-12-08,1058,44754,5,2610,,False,72
110178,2022-12-09,1059,44768,10,2611,,False,72
110178,2022-12-10,1060,44779,10,2609,,False,72
110178,2022-12-11,1061,44790,7,2610,,False,72
110178,2022-12-12,1062,44806,7,2613,,False,72
110178,2022-12-13,1063,44811,17,2612,,False,72
110178,2022-12-14,1064,44825,9,2611,,False,72
110178,2022-12-15,1065,44843,8,2612,,False,72
110178,2022-12-16,1066,44854,6,2613,,False,72
110178,2022-12-17,1067,44871,12,2616,,False,72
110178,2022-12-18,1068,44881,8,2616,,False,72
110178,2022-12-19,1069,44893,14,2615,,False,72
110178,2022-12-20,1070,44913,15,2618,,False,72
110178,2022-12-21,1071,44925,10,2615,,False,72
110178,2022-12-22,1072,44934,7,2612,,False,72
110178,2022-12-23,1073,44946,12,2611,,False,72
110178,2022-12-24,1074,44964,16,2613,,False,72
110178,2022-12-25,1075,45012,21,2619,,False,72
110178,2022-12-26,1076,45033,13,2620,,False,72
110178,2022-12-27,1077,45062,36,2622,,False,72
110178,2022-12-28,1078,45093,23,2624,,False,72
110178,2022-12-29,1079,45114,18,2625,,False,72
110178,2022-12-30,1080,45139,11,2621,,False,72
110178,2022-12-31,1081,45157,16,2622,,False,72
110178,2023-01-01,1082,45175,8,2622,,False,72
110178,2023-01-02,1083,45194,25,2626,,False,72
110178,2023-01-03,1084,45214,25,2627,,False,72
110178,2023-01-04,1085,45243,20,2627,,False,72
110178,2023-01-05,1086,45276,24,2628,,False,72
110178,2023-01-06,1087,45300,17,2633,,False,72
110178,2023-01-07,1088,45324,26,2634,,False,72
110178,2023-01-08,1089,45358,37,2635,,False,72
110178,2023-01-09,1090,45395,23,2636,,False,72
110178,2023-01-10,1091,45422,21,2635,,False,72
110178,2023-01-11,1092,45446,16,2631,,False,72
110178,2023-01-12,1093,45472,16,2631,,False,72
110178,2023-01-13,1094,45487,9,2629,,False,72
110178,2023-01-14,1095,45500,17,2629,,False,72
110178,2023-01-15,1096,45515,14,2632,,False,72
110178,2023-01-16,1097,45538,15,2636,,False,72
110178,2023-01-17,1098,45561,29,2632,,False,72
110178,2023-01-18,1099,45582,23,2632,,False,72
110178,2023-01-19,1100,45609,20,2632,,False,72
110178,2023-01-20,1101,45626,14,2628,,False,72
110178,2023-01-21,1102,45641,13,2630,,False,72
110178,2023-01-22,1103,45669,17,2628,,False,72
110178,2023-01-23,1104,45687,15,2629,,False,72
110178,2023-01-24,1105,45707,16,2627,,False,72
110178,2023-01-25,1106,45728,14,2628,,False,72
110178,2023-01-26,1107,45738,22,2627,,False,72
110178,2023-01-27,1108,45758,6,2628,,False,72
110178,2023-01-28,1109,45769,19,2629,,False,72
110178,2023-01-29,1110,45787,19,2630,,False,72
110178,2023-01-30,1111,45801,15,2632,,False,72
110178,2023-01-31,1112,45817,11,2630,,False,72
110178,2023-02-01,1113,45830,12,2631,,False,72
110178,2023-02-02,1114,45848,7,2632,,False,72
110178,2023-02-03,1115,45869,13,2633,,False,72
110178,2023-02-04,1116,45883,25,2636,,False,72
110178,2023-02-05,1117,45896,12,2631,,False,72
110178,2023-02-06,1118,45912,7,2629,,False,72
110178,2023-02-07,1119,45922,17,2628,,False,72
110178,2023-02-08,1120,45938,13,2629,,False,72
110178,2023-02-09,1121,45946,15,2630,,False,72
110178,2023-02-10,1122,45961,6,2633,,False,72
110178,2023-02-11,1123,45972,11,2632,,False,72
110178,2023-02-12,1124,45981,15,2632,,False,72
110178,2023-02-13,1125,46002,19,2633,,False,72
110178,2023-02-14,1126,46016,10,2631,,False,72
110178,2023-02-15,1127,46039,6,2636,,False,72
110178,2023-02-16,1128,46052,12,2637,,False,72
110178,2023-02-17,1129,46064,12,2634,,False,72
110178,2023-02-18,1130,46073,11,2635,,False,72
110178,2023-02-19,1131,46091,6,2636,,False,72
110178,2023-02-20,1132,46103,5,2635,,False,72
110178,2023-02-21,1133,46118,14,2636,,False,72
110178,2023-02-22,1134,46127,15,2636,,False,72
110178,2023-02-23,1135,46139,10,2637,,False,72
110178,2023-02-24,1136,46153,10,2638,,False,72
110178,2023-02-25,1137,46167,19,2638,,False,72
110178,2023-02-26,1138,46186,23,2640,,False,72
110178,2023-02-27,1139,46200,7,2638,,False,72
110178,2023-02-28,1140,46217,12,2637,,False,72
110178,2023-03-01,1141,46233,10,2637,,False,72
110178,2023-03-02,1142,46248,11,2636,,False,72
110178,2023-03-03,1143,46257,11,2635,,False,72
110178,2023-03-04,1144,46271,17,2636,,False,72
110178,2023-03-05,1145,46288,8,2632,,False,72
110178,2023-03-06,1146,46305,22,2632,,False,72
110178,2023-03-07,1147,46318,15,2630,,False,72
110178,2023-03-08,1148,46340,11,2629,,False,72
110178,2023-03-09,1149,46361,10,2630,,False,72
110178,2023-03-10,1150,46375,12,2631,,False,72
110178,2023-03-11,1151,46392,17,2633,,False,72
110178,2023-03-12,1152,46412,10,2634,,False,72
110178,2023-03-13,1153,46425,12,2633,,False,72
110178,2023-03-14,1154,46447,9,2633,,False,72
110178,2023-03-15,1155,46465,10,2634,,False,72
110178,2023-03-16,1156,46470,15,2633,,False,72
110178,2023-03-17,1157,46484,6,2632,,False,72
110178,2023-03-18,1158,46491,10,2633,,False,72
110178,2023-03-19,1159,46501,11,2633,,False,72
110178,2023-03-20,1160,46516,8,2634,,False,72
110178,2023-03-21,1161,46526,14,2635,,False,72
110178,2023-03-22,1162,46547,15,2634,,False,72
110178,2023-03-23,1163,46562,15,2633,,False,72
110178,2023-03-24,1164,46583,15,2635,,False,72
110178,2023-03-25,1165,46600,8,2632,,False,72
110178,2023-03-26,1166,46618,10,2634,,False,72
110178,2023-03-27,1167,46635,15,2637,,False,72
110178,2023-03-28,1168,46658,12,2640,,False,72
110178,2023-03-29,1169,46669,12,2640,,False,72
110178,2023-03-30,1170,46686,20,2642,,False,72
110178,2023-03-31,1171,46708,9,2642,,False,72
110178,2023-04-01,1172,46723,14,2642,,False,72
110178,2023-04-02,1173,46737,17,2642,,False,72
110178,2023-04-03,1174,46765,16,2643,,False,72
110178,2023-04-04,1175,46778,12,2645,,False,72
110178,2023-04-05,1176,46796,22,2647,,False,72
110178,2023-04-06,1177,46806,15,2648,,False,72
110178,2023-04-07,1178,46821,12,2645,,False,72
110178,2023-04-08,1179,46842,10,2646,,False,72
110178,2023-04-09,1180,46853,7,2646,,False,72
110178,2023-04-10,1181,46868,8,2647,,False,72
110178,2023-04-11,1182,46883,12,2648,,False,72
110178,2023-04-12,1183,46898,13,2649,,False,72
110178,2023-04-13,1184,46918,3,2649,,False,72
110178,2023-04-14,1185,46932,18,2650,,False,72
110178,2023-04-15,1186,46963,4,2651,,False,72
110178,2023-04-16,1187,46978,28,2652,,False,72
110178,2023-04-17,1188,47005,12,2656,,False,72
110178,2023-04-18,1189,47030,14,2654,,False,72
110178,2023-04-19,1190,47049,12,2656,,False,72
110178,2023-04-20,1191,47065,12,2656,,False,72
110178,2023-04-21,1192,47082,10,2654,,False,72
110178,2023-04-22,1193,47094,14,2654,,False,72
110178,2023-04-23,1194,47109,19,2653,,False,72
110178,2023-04-24,1195,47123,12,2657,,False,72
110178,2023-04-25,1196,47144,18,2654,,False,72
110178,2023-04-26,1197,47176,11,2656,,False,72
110178,2023-04-27,1198,47188,13,2657,,False,72
110178,2023-04-28,1199,47201,8,2657,,False,72
110178,2023-04-29,1200,47214,10,2657,,False,72
110178,2023-04-30,1201,47226,11,2660,,False,72
110178,2023-05-01,1202,47233,17,2655,,False,72
110178,2023-05-02,1203,47254,8,2662,,False,72
110178,2023-05-03,1204,47266,12,2662,,False,72
110178,2023-05-04,1205,47277,9,2660,,False,72
110178,2023-05-05,1206,47288,6,2660,,False,72
110178,2023-05-06,1207,47301,9,2661,,False,72
110178,2023-05-07,1208,47310,9,2661,,False,72
110178,2023-05-08,1209,47328,10,2662,,False,72
110178,2023-05-09,1210,47346,10,2664,,False,72
110178,2023-05-10,1211,47364,13,2665,,False,72
110178,2023-05-11,1212,47382,28,2669,,False,72
110178,2023-05-12,1213,47403,32,2669,,False,72
110178,2023-05-13,1214,47444,48,2669,,False,72
110178,2023-05-14,1215,47618,30,2674,,False,72
110178,2023-05-15,1216,47811,16,2676,,False,72
110178,2023-05-16,1217,47880,19,2677,,False,72
110178,2023-05-17,1218,47927,16,2676,,False,72
110178,2023-05-18,1219,47972,14,2678,,False,72
110178,2023-05-19,1220,47990,9,2678,,False,72
110178,2023-05-20,1221,48013,14,2677,,False,72
110178,2023-05-21,1222,48063,14,2677,,False,72
110178,2023-05-22,1223,48102,23,2679,,False,72
110178,2023-05-23,1224,48118,10,2680,,False,72
110178,2023-05-24,1225,48149,9,2682,,False,72
110178,2023-05-25,1226,48172,9,2682,,False,72
110178,2023-05-26,1227,48191,8,2682,,False,72
110178,2023-05-27,1228,48208,11,2679,,False,72
110178,2023-05-28,1229,48219,10,2677,,False,72
110178,2023-05-29,1230,48236,8,2677,,False,72
110178,2023-05-30,1231,48262,14,2678,,False,72
110178,2023-05-31,1232,48281,9,2681,,False,72
110178,2023-06-01,1233,48299,18,2682,,False,72
110178,2023-06-02,1234,48315,6,2682,,False,72
110178,2023-06-03,1235,48327,5,2681,,False,72
110178,2023-06-04,1236,48344,11,2680,,False,72
110178,2023-06-05,1237,48363,10,2682,,False,72
110178,2023-06-06,1238,48371,12,2681,,False,72
110178,2023-06-07,1239,48380,16,2680,,False,72
110178,2023-06-08,1240,48401,5,2681,,False,72
110178,2023-06-09,1241,48412,14,2680,,False,72
110178,2023-06-10,1242,48423,13,2680,,False,72
110178,2023-06-11,1243,48435,7,2680,,False,72
110178,2023-06-12,1244,48442,10,2676,,False,72
110178,2023-06-13,1245,48458,12,2678,,False,72
110178,2023-06-14,1246,48469,10,2678,,False,72
110178,2023-06-15,1247,48473,13,2678,,False,72
110178,2023-06-16,1248,48486,7,2679,,False,72
110178,2023-06-17,1249,48495,10,2679,,False,72
110178,2023-06-18,1250,48512,18,2681,,False,72
110178,2023-06-19,1251,48526,8,2682,,False,72
110178,2023-06-20,1252,48541,9,2685,,False,72
110178,2023-06-21,1253,48555,13,2685,,False,72
110178,2023-06-22,1254,48577,8,2686,,False,72
110178,2023-06-23,1255,48587,10,2685,,False,72
110178,2023-06-24,1256,48603,7,2685,,False,72
110178,2023-06-25,1257,48613,20,2687,,False,72
110178,2023-06-26,1258,48638,13,2686,,False,72
110178,2023-06-27,1259,48652,12,2684,,False,72
110178,2023-06-28,1260,48665,13,2684,,False,72
110178,2023-06-29,1261,48682,8,2683,,False,72
110178,2023-06-30,1262,48700,6,2684,,False,72
110178,2023-07-01,1263,48722,6,2686,,False,72
110178,2023-07-02,1264,48736,16,2686,,False,72
110178,2023-07-03,1265,48750,13,2687,,False,72
110178,2023-07-04,1266,48767,10,2691,,False,72
110178,2023-07-05,1267,48788,12,2692,,False,72
110178,2023-07-06,1268,48794,10,2689,,False,72
110178,2023-07-07,1269,48818,15,2689,,False,72
110178,2023-07-08,1270,48842,7,2689,,False,72
110178,2023-07-09,1271,48846,15,2687,,False,72
110178,2023-07-10,1272,48866,13,2689,,False,72
110178,2023-07-11,1273,48879,19,2691,,False,72
110178,2023-07-12,1274,48897,9,2688,,False,72
110178,2023-07-13,1275,48920,11,2688,,False,72
110178,2023-07-14,1276,48932,10,2687,,False,72
110178,2023-07-15,1277,48952,11,2684,,False,72
110178,2023-07-16,1278,48958,15,2684,,False,72
110178,2023-07-17,1279,48974,10,2684,,False,72
110178,2023-07-18,1280,48997,26,2683,,False,72
110178,2023-07-19,1281,49015,22,2682,,False,72
110178,2023-07-20,1282,49042,14,2679,,False,72
110178,2023-07-21,1283,49063,9,2678,,False,72
110178,2023-07-22,1284,49070,8,2678,,False,72
110178,2023-07-23,1285,49087,20,2679,,False,72
110178,2023-07-24,1286,49103,9,2679,,False,72
110178,2023-07-25,1287,49127,11,2679,,False,72
110178,2023-07-26,1288,49142,14,2679,,False,72
110178,2023-07-27,1289,49147,13,2680,,False,72
110178,2023-07-28,1290,49151,13,2679,,False,72
110178,2023-07-29,1291,49172,9,2680,,False,72
110178,2023-07-30,1292,49185,13,2682,,False,72
110178,2023-07-31,1293,49194,10,2681,,False,72
110178,2023-08-01,1294,49209,11,2681,,False,72
110178,2023-08-02,1295,49224,5,2681,,False,72
110178,2023-08-03,1296,49236,19,2682,,False,72
110178,2023-08-04,1297,49248,8,2689,,False,72
110178,2023-08-05,1298,49257,12,2687,,False,72
110178,2023-08-06,1299,49268,11,2688,,False,72
110178,2023-08-07,1300,49284,8,2686,,False,72
110178,2023-08-08,1301,49302,19,2688,,False,72
110178,2023-08-09,1302,49325,12,2689,,False,72
110178,2023-08-10,1303,49339,15,2689,,False,72
110178,2023-08-11,1304,49345,9,2688,,False,72
110178,2023-08-12,1305,49351,15,2685,,False,72
110178,2023-08-13,1306,49360,10,2684,,False,72
110178,2023-08-14,1307,49378,6,2684,,False,72
110178,2023-08-15,1308,49394,8,2685,,False,72
110178,2023-08-16,1309,49407,10,2685,,False,72
110178,2023-08-17,1310,49419,4,2685,,False,72
110178,2023-08-18,1311,49424,8,2684,,False,72
110178,2023-08-19,1312,49442,4,2685,,False,72
110178,2023-08-20,1313,49453,14,2686,,False,72
110178,2023-08-21,1314,49469,7,2685,,False,72
110178,2023-08-22,1315,49475,15,2684,,False,72
110178,2023-08-23,1316,49488,11,2690,,False,72
110178,2023-08-24,1317,49508,15,2690,,False,72
110178,2023-08-25,1318,49522,8,2687,,False,72
110178,2023-08-26,1319,49531,11,2689,,False,72
110178,2023-08-27,1320,49539,15,2691,,False,72
110178,2023-08-28,1321,49552,7,2690,,False,72
110178,2023-08-29,1322,49565,3,2690,,False,72
110178,2023-08-30,1323,49574,7,2692,,False,72
110178,2023-08-31,1324,49581,13,2694,,False,72
110178,2023-09-01,1325,49599,9,2696,,False,72
110178,2023-09-02,1326,49618,10,2696,,False,72
110178,2023-09-03,1327,49631,7,2695,,False,72
110178,2023-09-04,1328,49646,4,2694,,False,72
110178,2023-09-05,1329,49658,8,2695,,False,72
110178,2023-09-06,1330,49671,7,2695,,False,72
110178,2023-09-07,1331,49683,3,2696,,False,72
110178,2023-09-08,1332,49691,6,2696,,False,72
110178,2023-09-09,1333,49701,10,2697,,False,72
110178,2023-09-10,1334,49716,13,2700,,False,72
110178,2023-09-11,1335,49722,9,2701,,False,72
110178,2023-09-12,1336,49732,9,2699,,False,72
110178,2023-09-13,1337,49741,6,2699,,False,72
110178,2023-09-14,1338,49748,11,2699,,False,72
110178,2023-09-15,1339,49757,14,2701,,False,72
110178,2023-09-16,1340,49768,7,2700,,False,72
110178,2023-09-17,1341,49779,13,2699,,False,72
110178,2023-09-18,1342,49794,14,2700,,False,72
110178,2023-09-19,1343,49801,10,2699,,False,72
110178,2023-09-20,1344,49807,13,2696,,False,72
110178,2023-09-21,1345,49822,5,2697,,False,72
110178,2023-09-22,1346,49830,7,2698,,False,72
110178,2023-09-23,1347,49839,15,2699,,False,72
110178,2023-09-24,1348,49853,15,2700,,False,72
110178,2023-09-25,1349,49868,8,2697,,False,72
110178,2023-09-26,1350,49876,5,2696,,False,72
110178,2023-09-27,1351,49900,6,2697,,False,72
110178,2023-09-28,1352,49915,12,2698,,False,72
110178,2023-09-29,1353,49934,8,2700,,False,72
110178,2023-09-30,1354,49947,19,2702,,False,72
110178,2023-10-01,1355,49956,6,2700,,False,72
110178,2023-10-02,1356,49968,11,2701,,False,72
110178,2023-10-03,1357,49983,9,2700,,False,72
110178,2023-10-04,1358,49991,8,2698,,False,72
110178,2023-10-05,1359,50001,13,2697,,False,72
110178,2023-10-06,1360,50015,11,2697,,False,72
110178,2023-10-07,1361,50023,8,2696,,False,72
110178,2023-10-08,1362,50031,8,2695,,False,72
110178,2023-10-09,1363,50046,8,2693,,False,72
110178,2023-10-10,1364,50062,12,2694,,False,72
110178,2023-10-11,1365,50075,6,2693,,False,72
110178,2023-10-12,1366,50085,10,2693,,False,72
110178,2023-10-13,1367,50099,11,2692,,False,72
110178,2023-10-14,1368,50112,5,2692,,False,72
110178,2023-10-15,1369,50125,5,2693,,False,72
110178,2023-10-16,1370,50130,8,2692,,False,72
110178,2023-10-17,1371,50141,8,2692,,False,72
110178,2023-10-18,1372,50150,6,2696,,False,72
110178,2023-10-19,1373,50160,8,2695,,False,72
110178,2023-10-20,1374,50172,9,2696,,False,72
110178,2023-10-21,1375,50181,8,2697,,False,72
110178,2023-10-22,1376,50190,7,2697,,False,72
110178,2023-10-23,1377,50198,5,2696,,False,72
110178,2023-10-24,1378,50208,4,2698,,False,72
110178,2023-10-25,1379,50222,13,2701,,False,72
110178,2023-10-26,1380,50237,7,2701,,False,72
110178,2023-10-27,1381,50253,8,2699,,False,72
110178,2023-10-28,1382,50263,4,2698,,False,72
110178,2023-10-29,1383,50271,4,2699,,False,72
110178,2023-10-30,1384,50278,13,2701,,False,72
110178,2023-10-31,1385,50291,11,2702,,False,72
110178,2023-11-01,1386,50301,9,2703,,False,72
110178,2023-11-02,1387,50317,7,2703,,False,72
110178,2023-11-03,1388,50327,9,2702,,False,72
110178,2023-11-04,1389,50341,12,2705,,False,72
110178,2023-11-05,1390,50354,9,2707,,False,72
110178,2023-11-06,1391,50365,22,2709,,False,72
110178,2023-11-07,1392,50378,14,2706,,False,72
110178,2023-11-08,1393,50385,8,2704,,False,72
110178,2023-11-09,1394,50398,2,2702,,False,72
110178,2023-11-10,1395,50406,5,2703,,False,72
110178,2023-11-11,1396,50411,9,2705,,False,72
110178,2023-11-12,1397,50431,11,2706,,False,72
110178,2023-11-13,1398,50446,12,2707,,False,72
110178,2023-11-14,1399,50457,11,2707,,False,72
110178,2023-11-15,1400,50461,12,2708,,False,72
110178,2023-11-16,1401,50471,8,2710,,False,72
110178,2023-11-17,1402,50479,6,2709,,False,72
110178,2023-11-18,1403,50487,9,2709,,False,72
110178,2023-11-19,1404,50495,13,2709,,False,72
110178,2023-11-20,1405,50506,7,2710,,False,72
110178,2023-11-21,1406,50515,7,2708,,False,72
110178,2023-11-22,1407,50522,3,2710,,False,72
110178,2023-11-23,1408,50529,11,2711,,False,72
110178,2023-11-24,1409,50540,16,2711,,False,72
110178,2023-11-25,1410,50556,5,2710,,False,72
110178,2023-11-26,1411,50568,17,2709,,False,72
110178,2023-11-27,1412,50587,16,2711,,False,72
110178,2023-11-28,1413,50603,18,2708,,False,72
110178,2023-11-29,1414,50624,10,2708,,False,72
110178,2023-11-30,1415,50637,5,2708,,False,72
110178,2023-12-01,1416,50650,11,2709,,False,72
110178,2023-12-02,1417,50658,3,2709,,False,72
110178,2023-12-03,1418,50668,3,2709,,False,72
110178,2023-12-04,1419,50677,8,2709,,False,72
110178,2023-12-05,1420,50693,9,2711,,False,72
110178,2023-12-06,1421,50697,12,2710,,False,72
110178,2023-12-07,1422,50707,8,2711,,False,72
110178,2023-12-08,1423,50720,12,2713,,False,72
110178,2023-12-09,1424,50733,10,2713,,False,72
110178,2023-12-10,1425,50742,7,2713,,False,72
110178,2023-12-11,1426,50751,8,2713,,False,72
110178,2023-12-12,1427,50762,7,2713,,False,72
110178,2023-12-13,1428,50766,6,2711,,False,72
110178,2023-12-14,1429,50779,5,2712,,False,72
110178,2023-12-15,1430,50783,14,2712,,False,72
110178,2023-12-16,1431,50789,13,2714,,False,72
110178,2023-12-17,1432,50799,14,2715,,False,72
110178,2023-12-18,1433,50805,13,2716,,False,72
110178,2023-12-19,1434,50822,4,2717,,False,72
110178,2023-12-20,1435,50833,7,2716,,False,72
110178,2023-12-21,1436,50842,7,2716,,False,72
110178,2023-12-23,1438,50853,8,2716,,False,72
110178,2023-12-24,1439,50867,13,2715,,False,72
110178,2023-12-25,1440,50876,15,2716,,False,72
110178,2023-12-26,1441,50888,4,2714,,False,72
110178,2023-12-27,1442,50897,14,2713,,False,72
110178,2023-12-28,1443,50913,15,2713,,False,72
110178,2023-12-29,1444,50921,10,2713,,False,72
110178,2023-12-30,1445,50934,9,2713,,False,72
110178,2023-12-31,1446,50950,8,2713,,False,72
110178,2024-01-01,1447,50956,7,2711,,False,72
110178,2024-01-02,1448,50968,15,2712,,False,72
110178,2024-01-03,1449,50985,10,2711,,False,72
110178,2024-01-04,1450,50999,3,2710,,False,72
110178,2024-01-05,1451,51000,10,2710,,False,72
110178,2024-01-06,1452,51009,17,2710,,False,72
110178,2024-01-07,1453,51031,6,2709,,False,72
110178,2024-01-08,1454,51046,13,2710,,False,72
110178,2024-01-09,1455,51066,13,2711,,False,72
110178,2024-01-10,1456,51085,9,2714,,False,72
110178,2024-01-11,1457,51104,7,2715,,False,72
110178,2024-01-12,1458,51121,10,2716,,False,72
110178,2024-01-13,1459,51136,13,2715,,False,72
110178,2024-01-14,1460,51162,14,2714,,False,72
110178,2024-01-15,1461,51177,10,2714,,False,72
110178,2024-01-16,1462,51191,23,2714,,False,72
110178,2024-01-17,1463,51207,15,2712,,False,72
110178,2024-01-18,1464,51223,9,2712,,False,72
110178,2024-01-19,1465,51235,1,2713,,False,72
110178,2024-01-20,1466,51247,10,2714,,False,72
110178,2024-01-21,1467,51270,12,2716,,False,72
110178,2024-01-22,1468,51282,12,2715,,False,72
110178,2024-01-23,1469,51298,14,2714,,False,72
110178,2024-01-24,1470,51314,7,2714,,False,72
110178,2024-01-25,1471,51330,12,2714,,False,72
110178,2024-01-26,1472,51349,7,2715,,False,72
110178,2024-01-27,1473,51359,10,2715,,False,72
110178,2024-01-28,1474,51370,12,2715,,False,72
110178,2024-01-29,1475,51396,21,2717,,False,72
110178,2024-01-30,1476,51424,4,2715,,False,72
110178,2024-01-31,1477,51443,14,2716,,False,72
110178,2024-02-01,1478,51457,11,2717,,False,72
110178,2024-02-02,1479,51471,9,2717,,False,72
110178,2024-02-03,1480,51485,5,2717,,False,72
110178,2024-02-04,1481,51499,10,2719,,False,72
110178,2024-02-05,1482,51513,7,2721,,False,72
110178,2024-02-06,1483,51524,7,2722,,False,72
110178,2024-02-07,1484,51535,12,2720,,False,72
110178,2024-02-08,1485,51548,8,2720,,False,72
110178,2024-02-09,1486,51563,9,2721,,False,72
110178,2024-02-10,1487,51573,3,2720,,False,72
110178,2024-02-11,1488,51584,16,2719,,False,72
110178,2024-02-12,1489,51603,6,2718,,False,72
110178,2024-02-13,1490,51627,14,2719,,False,72
110178,2024-02-14,1491,51641,12,2718,,False,72
110178,2024-02-15,1492,51659,8,2717,,False,72
110178,2024-02-16,1493,51662,13,2717,,False,72
110178,2024-02-17,1494,51680,6,2717,,False,72
110178,2024-02-18,1495,51695,8,2717,,False,72
110178,2024-02-19,1496,51716,11,2717,,False,72
110178,2024-02-20,1497,51732,10,2720,,False,72
110178,2024-02-21,1498,51744,8,2720,,False,72
110178,2024-02-22,1499,51758,4,2721,,False,72
110178,2024-02-23,1500,51775,6,2722,,False,72
110178,2024-02-24,1501,51784,5,2722,,False,72
110178,2024-02-25,1502,51790,2,2721,,False,72
110178,2024-02-26,1503,51805,12,2723,,False,72
110178,2024-02-27,1504,51816,6,2722,,False,72
110178,2024-02-28,1505,51828,3,2721,,False,72
110178,2024-02-29,1506,51838,6,2722,,False,72
110178,2024-03-01,1507,51851,9,2725,,False,72
110178,2024-03-02,1508,51869,6,2729,,False,72
110178,2024-03-03,1509,51875,19,2726,,False,72
110178,2024-03-04,1510,51886,18,2727,,False,72
110178,2024-03-05,1511,51904,13,2727,,False,72
110178,2024-03-06,1512,51918,10,2725,,False,72
110178,2024-03-07,1513,51926,5,2722,,False,72
110178,2024-03-08,1514,51934,10,2723,,False,72
110178,2024-03-09,1515,51941,8,2722,,False,72
110178,2024-03-10,1516,51956,6,2723,,False,72
110178,2024-03-11,1517,51967,10,2723,,False,72
110178,2024-03-12,1518,51977,15,2724,,False,72
110178,2024-03-13,1519,51991,7,2723,,False,72
110178,2024-03-14,1520,52002,7,2723,,False,72
110178,2024-03-15,1521,52009,7,2723,,False,72
110178,2024-03-16,1522,52019,7,2723,,False,72
110178,2024-03-17,1523,52033,4,2724,,False,72
110178,2024-03-18,1524,52043,7,2723,,False,72
110178,2024-03-19,1525,52052,5,2727,,False,72
110178,2024-03-20,1526,52061,7,2725,,False,72
110178,2024-03-21,1527,52077,8,2727,,False,72
110178,2024-03-22,1528,52089,6,2728,,False,72
110178,2024-03-23,1529,52102,11,2728,,False,72
110178,2024-03-24,1530,52111,6,2730,,False,72
110178,2024-03-25,1531,52128,13,2731,,False,72
110178,2024-03-26,1532,52143,14,2728,,False,72
110178,2024-03-27,1533,52160,10,2730,,False,72
110178,2024-03-28,1534,52173,7,2730,,False,72
110178,2024-03-29,1535,52186,8,2729,,False,72
110178,2024-03-30,1536,52197,12,2731,,False,72
110178,2024-03-31,1537,52216,8,2730,,False,72
110178,2024-04-01,1538,52228,21,2731,,False,72
110178,2024-04-02,1539,52243,6,2730,,False,72
110178,2024-04-03,1540,52262,13,2730,,False,72
110178,2024-04-04,1541,52282,11,2731,,False,72
110178,2024-04-05,1542,52302,19,2732,,False,72
110178,2024-04-06,1543,52319,10,2730,,False,72
110178,2024-04-07,1544,52334,8,2728,,False,72
110178,2024-04-08,1545,52343,14,2727,,False,72
110178,2024-04-09,1546,52359,11,2726,,False,72
110178,2024-04-10,1547,52382,13,2729,,False,72
110178,2024-04-11,1548,52399,7,2730,,False,72
110178,2024-04-12,1549,52411,9,2730,,False,72
110178,2024-04-13,1550,52426,6,2732,,False,72
110178,2024-04-14,1551,52441,8,2731,,False,72
110178,2024-04-15,1552,52457,10,2733,,False,72
110178,2024-04-16,1553,52468,6,2732,,False,72
110178,2024-04-17,1554,52473,10,2733,,False,72
110178,2024-04-18,1555,52488,9,2731,,False,72
110178,2024-04-19,1556,52498,18,2732,,False,72
110178,2024-04-20,1557,52516,8,2731,,False,72
110178,2024-04-21,1558,52525,19,2731,,False,72
110178,2024-04-22,1559,52547,9,2732,,False,72
110178,2024-04-23,1560,52560,11,2733,,False,72
110178,2024-04-24,1561,52576,5,2734,,False,72
110178,2024-04-25,1562,52586,14,2735,,False,72
110178,2024-04-26,1563,52603,13,2735,,False,72
110178,2024-04-27,1564,52614,9,2735,,False,72
110178,2024-04-28,1565,52630,15,2735,,False,72
110178,2024-04-29,1566,52642,16,2734,,False,72
110178,2024-04-30,1567,52656,8,2731,,False,72
110178,2024-05-01,1568,52666,7,2731,,False,72
110178,2024-05-02,1569,52676,10,2731,,False,72
110178,2024-05-03,1570,52693,12,2729,,False,72
110178,2024-05-04,1571,52703,2,2729,,False,72
110178,2024-05-05,1572,52716,13,2729,,False,72
110178,2024-05-06,1573,52729,6,2734,,False,72
110178,2024-05-07,1574,52742,6,2735,,False,72
110178,2024-05-08,1575,52753,15,2737,,False,72
110178,2024-05-09,1576,52769,10,2738,,False,72
110178,2024-05-10,1577,52779,7,2738,,False,72
110178,2024-05-11,1578,52795,11,2738,,False,72
110178,2024-05-12,1579,52802,12,2738,,False,72
110178,2024-05-13,1580,52814,6,2740,,False,72
110178,2024-05-14,1581,52818,5,2741,,False,72
110178,2024-05-15,1582,52824,16,2742,,False,72
110178,2024-05-16,1583,52838,9,2738,,False,72
110178,2024-05-17,1584,52847,8,2736,,False,72
110178,2024-05-18,1585,52852,8,2736,,False,72
110178,2024-05-19,1586,52872,6,2739,,False,72
110178,2024-05-20,1587,52879,8,2741,,False,72
110178,2024-05-21,1588,52885,14,2740,,False,72
110178,2024-05-22,1589,52893,13,2740,,False,72
110178,2024-05-23,1590,52900,6,2740,,False,72
110178,2024-05-24,1591,52908,14,2740,,False,72
110178,2024-05-25,1592,52916,14,2741,,False,72
110178,2024-05-26,1593,52928,14,2742,,False,72
110178,2024-05-27,1594,52938,5,2741,,False,72
110178,2024-05-28,1595,52954,7,2742,,False,72
110178,2024-05-29,1596,52962,10,2744,,False,72
110178,2024-05-30,1597,52975,18,2745,,False,72
110178,2024-05-31,1598,52988,15,2746,,False,72
110178,2024-06-01,1599,53002,6,2746,,False,72
110178,2024-06-02,1600,53015,10,2744,,False,72
110178,2024-06-03,1601,53028,11,2746,,False,72
110178,2024-06-04,1602,53032,11,2746,,False,72
110178,2024-06-05,1603,53041,15,2746,,False,72
110178,2024-06-06,1604,53048,5,2744,,False,72
110178,2024-06-07,1605,53055,9,2746,,False,72
110178,2024-06-08,1606,53060,10,2744,,False,72
110178,2024-06-09,1607,53071,5,2746,,False,72
110178,2024-06-10,1608,53079,6,2746,,False,72
110178,2024-06-11,1609,53088,10,2745,,False,72
110178,2024-06-12,1610,53098,3,2744,,False,72
110178,2024-06-13,1611,53104,6,2746,,False,72
110178,2024-06-14,1612,53111,5,2746,,False,72
110178,2024-06-15,1613,53116,8,2747,,False,72
110178,2024-06-16,1614,53130,6,2748,,False,72
110178,2024-06-17,1615,53143,15,2748,,False,72
110178,2024-06-18,1616,53153,15,2749,,False,72
110178,2024-06-19,1617,53172,13,2749,,False,72
110178,2024-06-20,1618,53189,12,2751,,False,72
110178,2024-06-21,1619,53201,7,2749,,False,72
110178,2024-06-22,1620,53211,9,2748,,False,72
110178,2024-06-23,1621,53221,19,2749,,False,72
110178,2024-06-24,1622,53233,11,2748,,False,72
110178,2024-06-25,1623,53244,8,2750,,False,72
110178,2024-06-26,1624,53253,3,2751,,False,72
110178,2024-06-27,1625,53264,11,2753,,False,72
110178,2024-06-28,1626,53280,11,2753,,False,72
110178,2024-06-29,1627,53292,7,2753,,False,72
110178,2024-06-30,1628,53304,7,2752,,False,72
110178,2024-07-01,1629,53317,9,2751,,False,72
110178,2024-07-02,1630,53325,8,2751,,False,72
110178,2024-07-03,1631,53334,5,2750,,False,72
110178,2024-07-04,1632,53349,6,2749,,False,72
110178,2024-07-05,1633,53359,6,2748,,False,72
110178,2024-07-06,1634,53365,9,2749,,False,72
110178,2024-07-07,1635,53370,8,2746,,False,72
110178,2024-07-08,1636,53387,11,2746,,False,72
110178,2024-07-09,1637,53392,8,2746,,False,72
110178,2024-07-10,1638,53404,8,2746,,False,72
110178,2024-07-11,1639,53418,10,2747,,False,72
110178,2024-07-12,1640,53430,7,2748,,False,72
110178,2024-07-13,1641,53443,4,2746,,False,72
110178,2024-07-14,1642,53453,9,2747,,False,72
110178,2024-07-15,1643,53466,5,2746,,False,72
110178,2024-07-16,1644,53478,9,2749,,False,72
110178,2024-07-17,1645,53485,17,2749,,False,72
110178,2024-07-18,1646,53500,4,2749,,False,72
110178,2024-07-19,1647,53508,5,2747,,False,72
110178,2024-07-20,1648,53516,15,2749,,False,72
110178,2024-07-21,1649,53530,11,2748,,False,72
110178,2024-07-22,1650,53538,9,2747,,False,72
110178,2024-07-23,1651,53551,5,2744,,False,72
110178,2024-07-24,1652,53560,4,2744,,False,72
110178,2024-07-25,1653,53567,7,2745,,False,72
110178,2024-07-26,1654,53580,9,2747,,False,72
110178,2024-07-27,1655,53594,13,2747,,False,72
110178,2024-07-28,1656,53606,10,2747,,False,72
110178,2024-07-29,1657,53618,4,2747,,False,72
110178,2024-07-30,1658,53630,6,2748,,False,72
110178,2024-07-31,1659,53637,12,2750,,False,72
110178,2024-08-01,1660,53651,6,2748,,False,72
110178,2024-08-02,1661,53661,10,2747,,False,72
110178,2024-08-03,1662,53669,14,2749,,False,72
110178,2024-08-04,1663,53680,4,2750,,False,72
110178,2024-08-05,1664,53686,4,2749,,False,72
110178,2024-08-06,1665,53695,6,2750,,False,72
110178,2024-08-07,1666,53706,7,2751,,False,72
110178,2024-08-08,1667,53718,13,2752,,False,72
110178,2024-08-09,1668,53739,5,2753,,False,72
110178,2024-08-10,1669,53748,7,2751,,False,72
110178,2024-08-11,1670,53769,5,2753,,False,72
110178,2024-08-12,1671,53780,5,2753,,False,72
110178,2024-08-13,1672,53794,3,2752,,False,72
110178,2024-08-14,1673,53806,17,2754,,False,72
110178,2024-08-15,1674,53819,8,2750,,False,72
110178,2024-08-16,1675,53833,5,2750,,False,72
110178,2024-08-17,1676,53842,19,2750,,False,72
110178,2024-08-18,1677,53858,12,2751,,False,72
110178,2024-08-19,1678,53868,7,2753,,False,72
110178,2024-08-20,1679,53881,7,2751,,False,72
110178,2024-08-21,1680,53897,6,2753,,False,72
110178,2024-08-22,1681,53908,5,2754,,False,72
110178,2024-08-23,1682,53911,6,2754,,False,72
110178,2024-08-24,1683,53918,5,2753,,False,72
110178,2024-08-25,1684,53934,6,2755,,False,72
110178,2024-08-26,1685,53942,6,2757,,False,72
110178,2024-08-27,1686,53952,12,2757,,False,72
110178,2024-08-28,1687,54006,28,2759,,False,72
110178,2024-08-29,1688,54143,9,2775,,False,72
110178,2024-08-30,1689,54207,18,2778,,False,72
110178,2024-08-31,1690,54255,5,2781,,False,72
110178,2024-09-01,1691,54303,10,2784,,False,72
110178,2024-09-02,1692,54332,11,2783,,False,72
110178,2024-09-03,1693,54360,5,2785,,False,72
110178,2024-09-04,1694,54378,4,2784,,False,72
110178,2024-09-05,1695,54393,9,2784,,False,72
110178,2024-09-06,1696,54414,22,2786,,False,72
110178,2024-09-07,1697,54437,15,2789,,False,72
110178,2024-09-08,1698,54461,12,2789,,False,72
110178,2024-09-09,1699,54481,14,2786,,False,72
110178,2024-09-10,1700,54495,10,2791,,False,72
110178,2024-09-11,1701,54520,7,2791,,False,72
110178,2024-09-12,1702,54531,12,2793,,False,72
110178,2024-09-13,1703,54550,6,2795,,False,72
110178,2024-09-14,1704,54568,10,2797,,False,72
110178,2024-09-15,1705,54582,14,2799,,False,72
110178,2024-09-16,1706,54601,2,2801,,False,72
110178,2024-09-17,1707,54621,5,2801,,False,72
110178,2024-09-18,1708,54638,10,2803,,False,72
110178,2024-09-19,1709,54652,16,2803,,False,72
110178,2024-09-20,1710,54669,10,2803,,False,72
110178,2024-09-21,1711,54687,9,2802,,False,72
110178,2024-09-22,1712,54703,12,2802,,False,72
110178,2024-09-23,1713,54727,7,2806,,False,72
110178,2024-09-24,1714,54746,1,2808,,False,72
110178,2024-09-25,1715,54755,5,2809,,False,72
110178,2024-09-26,1716,54766,3,2809,,False,72
110178,2024-09-27,1717,54776,4,2810,,False,72
110178,2024-09-28,1718,54791,11,2811,,False,72
110178,2024-09-29,1719,54807,16,2810,,False,72
110178,2024-09-30,1720,54830,17,2812,,False,72
110178,2024-10-01,1721,54852,10,2811,,False,72
110178,2024-10-02,1722,54865,12,2811,,False,72
110178,2024-10-03,1723,54880,15,2812,,False,72
110178,2024-10-04,1724,54904,9,2812,,False,72
110178,2024-10-05,1725,54914,8,2811,,False,72
110178,2024-10-06,1726,54927,7,2811,,False,72
110178,2024-10-07,1727,54937,9,2813,,False,72
110178,2024-10-08,1728,54958,8,2813,,False,72
110178,2024-10-09,1729,54971,14,2811,,False,72
110178,2024-10-10,1730,54993,10,2814,,False,72
110178,2024-10-11,1731,55011,5,2815,,False,72
110178,2024-10-12,1732,55022,11,2815,,False,72
110178,2024-10-13,1733,55033,16,2813,,False,72
110178,2024-10-14,1734,55053,7,2812,,False,72
110178,2024-10-15,1735,55072,9,2812,,False,72
110178,2024-10-16,1736,55085,15,2811,,False,72
110178,2024-10-17,1737,55106,15,2813,,False,72
110178,2024-10-18,1738,55121,9,2816,,False,72
110178,2024-10-19,1739,55134,11,2816,,False,72
110178,2024-10-20,1740,55150,15,2816,,False,72
110178,2024-10-21,1741,55168,15,2818,,False,72
110178,2024-10-22,1742,55184,10,2816,,False,72
110178,2024-10-23,1743,55205,8,2816,,False,72
110178,2024-10-24,1744,55216,14,2817,,False,72
110178,2024-10-25,1745,55233,7,2816,,False,72
110178,2024-10-26,1746,55244,10,2817,,False,72
110178,2024-10-27,1747,55253,8,2818,,False,72
110178,2024-10-28,1748,55264,10,2819,,False,72
110178,2024-10-29,1749,55278,18,2819,,False,72
110178,2024-10-30,1750,55297,10,2817,,False,72
110178,2024-10-31,1751,55311,9,2818,,False,72
110178,2024-11-01,1752,55320,5,2819,,False,72
110178,2024-11-02,1753,55337,8,2820,,False,72
110178,2024-11-03,1754,55347,20,2821,,False,72
110178,2024-11-04,1755,55365,10,2823,,False,72
110178,2024-11-05,1756,55382,9,2825,,False,72
110178,2024-11-06,1757,55397,13,2825,,False,72
110178,2024-11-07,1758,55421,11,2824,,False,72
110178,2024-11-08,1759,55434,14,2827,,False,72
110178,2024-11-09,1760,55446,12,2826,,False,72
110178,2024-11-10,1761,55465,6,2827,,False,72
110178,2024-11-11,1762,55476,6,2830,,False,72
110178,2024-11-12,1763,55486,11,2830,,False,72
110178,2024-11-13,1764,55500,14,2834,,False,72
110178,2024-11-14,1765,55508,7,2832,,False,72
110178,2024-11-15,1766,55522,9,2832,,False,72
110178,2024-11-16,1767,55534,6,2831,,False,72
110178,2024-11-17,1768,55544,11,2833,,False,72
110178,2024-11-18,1769,55565,4,2832,,False,72
110178,2024-11-19,1770,55583,4,2833,,False,72
110178,2024-11-26,1777,55661,6,2837,,False,72
110178,2024-11-27,1778,55683,12,2839,,False,72
110178,2024-11-28,1779,55693,19,2836,,False,72
110178,2024-11-29,1780,55707,9,2842,,False,72
110178,2024-11-30,1781,55727,12,2844,,False,72
110178,2024-12-01,1782,55744,35,2842,,False,72
110178,2024-12-02,1783,55762,23,2846,,False,72
110178,2024-12-03,1784,55778,10,2845,,False,72
110178,2024-12-04,1785,55800,19,2843,,False,72
110178,2024-12-05,1786,55819,6,2844,,False,72
110178,2024-12-06,1787,55830,6,2846,,False,72
110178,2024-12-07,1788,55839,7,2846,,False,72
110178,2024-12-08,1789,55847,12,2845,,False,72
110178,2024-12-09,1790,55868,7,2845,,False,72
110178,2024-12-10,1791,55883,10,2848,,False,72
110178,2024-12-11,1792,55890,8,2846,,False,72
110178,2024-12-12,1793,55901,9,2848,,False,72
110178,2024-12-13,1794,55917,5,2848,,False,72
110178,2024-12-14,1795,55924,10,2848,,False,72
110178,2024-12-15,1796,55932,5,2848,,False,72
110178,2024-12-16,1797,55938,14,2849,,False,72
110178,2024-12-17,1798,55946,9,2849,,False,72
110178,2024-12-18,1799,55956,6,2849,,False,72
110178,2024-12-19,1800,55963,8,2848,,False,72
110178,2024-12-20,1801,55976,4,2848,,False,72
110178,2024-12-21,1802,55985,4,2847,,False,72
110178,2024-12-22,1803,55990,7,2846,,False,72
110178,2024-12-23,1804,55999,11,2846,,False,72
110178,2024-12-24,1805,56011,4,2845,,False,72
110178,2024-12-25,1806,56017,7,2845,,False,72
110178,2024-12-26,1807,56026,12,2844,,False,72
110178,2024-12-27,1808,56038,9,2843,,False,72
110178,2024-12-28,1809,56050,11,2843,,False,72
110178,2024-12-29,1810,56061,14,2840,,False,72
110178,2024-12-30,1811,56080,9,2839,,False,72
110178,2024-12-31,1812,56091,25,2841,,False,72
110178,2025-01-01,1813,56120,23,2842,,False,72
110178,2025-01-02,1814,56136,8,2841,,False,72
110178,2025-01-03,1815,56153,24,2840,,False,72
110178,2025-01-04,1816,56172,19,2838,,False,72
110178,2025-01-05,1817,56193,22,2841,,False,72
110178,2025-01-06,1818,56221,20,2843,,False,72
110178,2025-01-07,1819,56247,16,2842,,False,72
110178,2025-01-08,1820,56265,8,2843,,False,72
110178,2025-01-09,1821,56280,16,2842,,False,72
110178,2025-01-10,1822,56295,11,2840,,False,72
110178,2025-01-11,1823,56305,11,2837,,False,72
110178,2025-01-12,1824,56323,15,2838,,False,72
110178,2025-01-13,1825,56345,19,2837,,False,72
110178,2025-01-14,1826,56366,11,2838,,False,72
110178,2025-01-15,1827,56381,10,2838,,False,72
110178,2025-01-16,1828,56397,12,2840,,False,72
110178,2025-01-17,1829,56412,16,2839,,False,72
110178,2025-01-18,1830,56429,14,2837,,False,72
110178,2025-01-19,1831,56447,16,2842,,False,72
110178,2025-01-20,1832,56461,22,2841,,False,72
110178,2025-01-21,1833,56483,9,2842,,False,72
110178,2025-01-22,1834,56502,5,2844,,False,72
110178,2025-01-23,1835,56513,5,2846,,False,72
110178,2025-01-24,1836,56519,10,2847,,False,72
110178,2025-01-25,1837,56529,13,2847,,False,72
110178,2025-01-26,1838,56544,20,2848,,False,72
110178,2025-01-27,1839,56558,5,2848,,False,72
110178,2025-01-28,1840,56574,3,2850,,False,72
110178,2025-01-29,1841,56582,13,2851,,False,72
110178,2025-01-30,1842,56603,8,2851,,False,72
110178,2025-01-31,1843,56616,8,2852,,False,72
110178,2025-02-01,1844,56626,7,2850,,False,72
110178,2025-02-02,1845,56637,10,2853,,False,72
110178,2025-02-03,1846,56652,7,2853,,False,72
110178,2025-02-04,1847,56660,12,2855,,False,72
110178,2025-02-05,1848,56672,17,2853,,False,72
110178,2025-02-06,1849,56694,19,2855,,False,72
110178,2025-02-07,1850,56717,11,2856,,False,72
110178,2025-02-08,1851,56732,14,2855,,False,72
110178,2025-02-09,1852,56743,13,2853,,False,72
110178,2025-02-10,1853,56755,5,2853,,False,72
110178,2025-02-11,1854,56769,10,2853,,False,72
110178,2025-02-12,1855,56784,12,2855,,False,72
110178,2025-02-13,1856,56790,4,2855,,False,72
110178,2025-02-14,1857,56791,3,2852,,False,72
110178,2025-02-15,1858,56801,12,2854,,False,72
110178,2025-02-16,1859,56816,20,2858,,False,72
110178,2025-02-17,1860,56835,9,2857,,False,72
110178,2025-02-18,1861,56856,6,2858,,False,72
110178,2025-02-19,1862,56873,10,2860,,False,72
110178,2025-02-20,1863,56885,9,2863,,False,72
110178,2025-02-21,1864,56900,4,2863,,False,72
110178,2025-02-22,1865,56903,8,2864,,False,72
110178,2025-02-23,1866,56912,11,2865,,False,72
110178,2025-02-24,1867,56929,11,2864,,False,72
110178,2025-02-25,1868,56951,16,2864,,False,72
110178,2025-02-26,1869,56968,13,2864,,False,72
110178,2025-02-27,1870,56988,12,2869,,False,72
110178,2025-02-28,1871,57000,12,2869,,False,72
110178,2025-03-01,1872,57010,16,2870,,False,72
110178,2025-03-02,1873,57020,12,2867,,False,72
110178,2025-03-03,1874,57034,9,2866,,False,72
110178,2025-03-04,1875,57057,6,2868,,False,72
110178,2025-03-05,1876,57069,12,2874,,False,72
110178,2025-03-06,1877,57088,4,2873,,False,72
110178,2025-03-07,1878,57095,10,2872,,False,72
110178,2025-03-08,1879,57112,13,2871,,False,72
110178,2025-03-09,1880,57133,5,2872,,False,72
110178,2025-03-10,1881,57147,8,2871,,False,72
110178,2025-03-11,1882,57161,8,2869,,False,72
110178,2025-03-12,1883,57173,11,2870,,False,72
110178,2025-03-13,1884,57187,14,2869,,False,72
110178,2025-03-14,1885,57197,5,2869,,False,72
110178,2025-03-15,1886,57207,12,2872,,False,72
110178,2025-03-16,1887,57221,12,2872,,False,72
110178,2025-03-17,1888,57238,8,2871,,False,72
110178,2025-03-18,1889,57248,6,2875,,False,72
110178,2025-03-19,1890,57250,13,2871,,False,72
110178,2025-03-20,1891,57256,3,2872,,False,72
110178,2025-03-21,1892,57258,7,2871,,False,72
110178,2025-03-22,1893,57274,17,2871,,False,72
110178,2025-03-23,1894,57289,11,2875,,False,72
110178,2025-03-24,1895,57301,11,2874,,False,72
110178,2025-03-25,1896,57312,12,2877,,False,72
110178,2025-03-26,1897,57325,6,2875,,False,72
110178,2025-03-27,1898,57340,13,2875,,False,72
110178,2025-03-28,1899,57350,7,2871,,False,72
110178,2025-03-29,1900,57359,15,2869,,False,72
110178,2025-03-30,1901,57368,9,2868,,False,72
110178,2025-03-31,1902,57388,13,2870,,False,72
110178,2025-04-01,1903,57398,4,2871,,False,72
110178,2025-04-02,1904,57413,8,2871,,False,72
110178,2025-04-03,1905,57519,22,2875,,False,72
110178,2025-04-04,1906,57711,11,2882,,False,72
110178,2025-04-05,1907,57759,14,2884,,False,72
110178,2025-04-06,1908,57810,13,2883,,False,72
110178,2025-04-07,1909,57894,13,2884,,False,72
110178,2025-04-08,1910,57956,10,2881,,False,72
110178,2025-04-09,1911,57999,7,2883,,False,72
110178,2025-04-10,1912,58023,10,2886,,False,72
110178,2025-04-11,1913,58044,3,2886,,False,72
110178,2025-04-12,1914,58065,21,2887,,False,72
110178,2025-04-13,1915,58101,12,2889,,False,72
110178,2025-04-14,1916,58121,13,2889,,False,72
110178,2025-04-15,1917,58146,11,2893,,False,72
110178,2025-04-16,1918,58165,7,2893,,False,72
110178,2025-04-17,1919,58180,7,2894,,False,72
110178,2025-04-18,1920,58192,12,2892,,False,72
110178,2025-04-19,1921,58203,8,2892,,False,72
110178,2025-04-20,1922,58221,9,2892,,False,72
110178,2025-04-21,1923,58234,10,2894,,False,72
110178,2025-04-22,1924,58251,8,2894,,False,72
110178,2025-04-23,1925,58265,9,2894,,False,72
110178,2025-04-24,1926,58279,8,2894,,False,72
110178,2025-04-25,1927,58295,4,2895,,False,72
110178,2025-04-26,1928,58302,16,2896,,False,72
110178,2025-04-27,1929,58314,7,2897,,False,72
110178,2025-04-28,1930,58324,9,2896,,False,72
110178,2025-04-29,1931,58341,21,2897,,False,72
110178,2025-04-30,1932,58364,5,2898,,False,72
110178,2025-05-01,1933,58373,11,2898,,False,72
110178,2025-05-02,1934,58384,5,2899,,False,72
110178,2025-05-03,1935,58403,7,2901,,False,72
110178,2025-05-04,1936,58416,9,2902,,False,72
110178,2025-05-05,1937,58435,7,2903,,False,72
110178,2025-05-06,1938,58445,10,2901,,False,72
110178,2025-05-07,1939,58453,8,2896,,False,72
110178,2025-05-08,1940,58467,17,2899,,False,72
110178,2025-05-09,1941,58508,10,2901,,False,72
110178,2025-05-10,1942,58646,12,2902,,False,72
110178,2025-05-11,1943,58764,21,2900,,False,72
110178,2025-05-12,1944,58823,8,2904,,False,72
110178,2025-05-13,1945,58864,12,2903,,False,72
110178,2025-05-14,1946,58899,14,2905,,False,72
110178,2025-05-15,1947,58928,7,2907,,False,72
110178,2025-05-16,1948,58952,5,2908,,False,72
110178,2025-05-17,1949,58968,7,2909,,False,72
110178,2025-05-18,1950,58986,9,2910,,False,72
110178,2025-05-19,1951,59009,16,2911,,False,72
110178,2025-05-20,1952,59034,10,2908,,False,72
110178,2025-05-21,1953,59051,11,2906,,False,72
110178,2025-05-22,1954,59070,9,2906,,False,72
110178,2025-05-23,1955,59085,8,2905,,False,72
110178,2025-05-24,1956,59104,15,2907,,False,72
110178,2025-05-25,1957,59123,12,2910,,False,72
110178,2025-05-26,1958,59145,10,2911,,False,72
110178,2025-05-27,1959,59166,11,2909,,False,72
110178,2025-05-28,1960,59182,11,2912,,False,72
110178,2025-05-29,1961,59194,8,2912,,False,72
110178,2025-05-30,1962,59211,12,2915,,False,72
110178,2025-05-31,1963,59221,5,2916,,False,72
110178,2025-06-01,1964,59233,13,2913,,False,72
110178,2025-06-02,1965,59255,5,2914,,False,72
110178,2025-06-03,1966,59266,12,2916,,False,72
110178,2025-06-04,1967,59285,5,2917,,False,72
110178,2025-06-05,1968,59296,7,2919,,False,72
110178,2025-06-06,1969,59310,4,2918,,False,72
110178,2025-06-07,1970,59325,9,2919,,False,72
110178,2025-06-08,1971,59337,8,2922,,False,72
110178,2025-06-09,1972,59353,11,2923,,False,72
110178,2025-06-10,1973,59365,9,2924,,False,72
110178,2025-06-11,1974,59369,22,2927,,False,72
110178,2025-06-12,1975,59400,12,2927,,False,72
110178,2025-06-13,1976,59415,13,2926,,False,72
110178,2025-06-14,1977,59431,21,2925,,False,72
110178,2025-06-15,1978,59454,22,2928,,False,72
110178,2025-06-16,1979,59471,4,2928,,False,72
110178,2025-06-17,1980,59486,26,2932,,False,72
110178,2025-06-18,1981,59504,9,2933,,False,72
110178,2025-06-19,1982,59518,10,2932,,False,72
110178,2025-06-20,1983,59527,10,2931,,False,72
110178,2025-06-21,1984,59539,27,2934,,False,72
110178,2025-06-22,1985,59556,19,2936,,False,72
110178,2025-06-23,1986,59570,15,2938,,False,72
110178,2025-06-24,1987,59580,18,2937,,False,72
110178,2025-06-25,1988,59605,16,2940,,False,72
110178,2025-06-26,1989,59618,20,2941,,False,72
110178,2025-06-27,1990,59628,16,2939,,False,72
110178,2025-06-28,1991,59643,19,2939,,False,72
110178,2025-06-29,1992,59658,9,2938,,False,72
110178,2025-06-30,1993,59672,13,2938,,False,72
110178,2025-07-01,1994,59692,9,2940,,False,72
110178,2025-07-02,1995,59701,4,2940,,False,72
110178,2025-07-03,1996,59709,16,2941,,False,72
110178,2025-07-04,1997,59725,5,2940,,False,72
110178,2025-07-05,1998,59733,12,2941,,False,72
110178,2025-07-06,1999,59747,10,2939,,False,72
110178,2025-07-07,2000,59761,9,2939,,False,72
110178,2025-07-08,2001,59775,16,2939,,False,72
110178,2025-07-09,2002,59795,14,2939,,False,72
110178,2025-07-10,2003,59809,14,2940,,False,72
110178,2025-07-11,2004,59822,10,2941,,False,72
110178,2025-07-12,2005,59835,11,2942,,False,72
110178,2025-07-13,2006,59855,18,2942,,False,72
110178,2025-07-14,2007,59874,10,2945,,False,72
110178,2025-07-15,2008,59883,7,2945,,False,72
110178,2025-07-16,2009,59893,16,2946,,False,72
110178,2025-07-17,2010,59913,16,2946,,False,72
110178,2025-07-18,2011,59925,11,2947,,False,72
110178,2025-07-19,2012,59936,11,2945,,False,72
110178,2025-07-20,2013,59945,12,2943,,False,72
110178,2025-07-21,2014,59953,16,2942,,False,72
110178,2025-07-22,2015,59975,16,2942,,False,72
110178,2025-07-23,2016,59985,9,2941,,False,72
110178,2025-07-24,2017,59998,17,2944,,False,72
110178,2025-07-25,2018,60011,10,2944,,False,72
110178,2025-07-26,2019,60021,14,2943,,False,72
110178,2025-07-27,2020,60034,12,2942,,False,72
110178,2025-07-28,2021,60044,7,2943,,False,72
110178,2025-07-29,2022,60048,7,2943,,False,72
110178,2025-07-30,2023,60055,15,2943,,False,72
110178,2025-07-31,2024,60078,10,2944,,False,72
110178,2025-08-01,2025,60090,8,2942,,False,72
110178,2025-08-02,2026,60103,7,2943,,False,72
110178,2025-08-03,2027,60111,10,2944,,False,72
110178,2025-08-04,2028,60122,10,2944,,False,72
110178,2025-08-05,2029,60130,13,2943,,False,72
110178,2025-08-06,2030,60136,8,2943,,False,72
110178,2025-08-07,2031,60145,5,2945,,False,72
110178,2025-08-08,2032,60152,13,2946,,False,72
110178,2025-08-09,2033,60161,3,2946,,False,72
110178,2025-08-10,2034,60164,14,2946,,False,72
110178,2025-08-11,2035,60181,6,2946,,False,72
110178,2025-08-12,2036,60191,8,2945,,False,72
110178,2025-08-13,2037,60191,3,2945,,False,72
110178,2025-08-14,2038,60211,10,2947,,False,72
110178,2025-08-15,2039,60211,3,2947,,False,72
110178,2025-08-16,2040,60219,12,2947,,False,72
110178,2025-08-17,2041,60229,13,2947,,False,72
110178,2025-08-18,2042,60256,13,2948,,False,72
110178,2025-08-19,2043,60271,16,2948,,False,72
110178,2025-08-20,2044,60271,8,2948,,False,72
110178,2025-08-21,2045,60289,12,2947,,False,72
110178,2025-08-22,2046,60306,11,2945,,False,72
110178,2025-08-23,2047,60312,7,2944,,False,72
110178,2025-08-24,2048,60312,12,2944,,False,72
110178,2025-08-25,2049,60331,7,2945,,False,72
110178,2025-08-26,2050,60349,14,2946,,False,72
110178,2025-08-27,2051,60349,12,2946,,False,72
110178,2025-08-28,2052,60360,16,2947,,False,72
110178,2025-08-29,2053,60371,11,2949,,False,72
110178,2025-08-30,2054,60378,10,2945,,False,72
110178,2025-08-31,2055,60395,9,2944,,False,72
110178,2025-09-01,2056,60413,6,2945,,False,72
110178,2025-09-02,2057,60422,2,2947,,False,72
110178,2025-09-03,2058,60437,6,2947,,False,72
110178,2025-09-04,2059,60437,6,2947,,False,72
110178,2025-09-05,2060,60452,11,2946,,False,72
110178,2025-09-06,2061,60460,13,2948,,False,72
110178,2025-09-07,2062,60470,7,2950,,False,72
110178,2025-09-08,2063,60477,9,2950,,False,72
110178,2025-09-09,2064,60481,4,2946,,False,72
110178,2025-09-10,2065,60483,7,2943,,False,72
110178,2025-09-11,2066,60493,5,2944,,False,72
110178,2025-09-12,2067,60503,9,2944,,False,72
110178,2025-09-13,2068,60512,4,2944,,False,72
110178,2025-09-14,2069,60513,9,2945,,False,72
110178,2025-09-15,2070,60527,7,2943,,False,72
110178,2025-09-16,2071,60532,4,2942,,False,72
110178,2025-09-17,2072,60540,7,2942,,False,72
110178,2025-09-18,2073,60554,10,2944,,False,72
110178,2025-09-19,2074,60566,20,2945,,False,72
110178,2025-09-20,2075,60584,6,2947,,False,72
110178,2025-09-21,2076,60597,18,2951,,False,72
110178,2025-09-22,2077,60609,13,2950,,False,72
110178,2025-09-23,2078,60625,21,2949,,False,72
110178,2025-09-24,2079,60625,16,2949,,False,72
110178,2025-09-25,2080,60660,10,2952,,False,72
110178,2025-09-26,2081,60673,8,2951,,False,72
110178,2025-09-27,2082,60683,13,2953,,False,72
110178,2025-09-28,2083,60683,17,2953,,False,72
110178,2025-09-29,2084,60704,15,2954,,False,72
110178,2025-09-30,2085,60721,17,2955,,False,72
110178,2025-10-01,2086,60721,10,2955,,False,72
110178,2025-10-02,2087,60738,23,2954,,False,72
110178,2025-10-03,2088,60741,14,2956,,False,72
110178,2025-10-04,2089,60752,10,2953,,False,72
110178,2025-10-05,2090,60786,23,2959,,False,72
110178,2025-10-06,2091,60812,18,2957,,False,72
110178,2025-10-07,2092,60812,30,2957,,False,72
110178,2025-10-08,2093,60836,26,2960,,False,72
110178,2025-10-09,2094,60858,17,2967,,False,72
110178,2025-10-10,2095,60881,21,2965,,False,72
110178,2025-10-11,2096,60904,18,2971,,False,72
110178,2025-10-12,2097,60904,29,2971,,False,72
110178,2025-10-13,2098,60937,31,2964,,False,72
110178,2025-10-14,2099,60937,66,2964,,False,72
110178,2025-10-15,2100,60968,52,2962,,False,72
110178,2025-10-16,2101,61007,37,2971,,False,72
110178,2025-10-17,2102,61044,39,2974,,False,72
110178,2025-10-18,2103,61063,32,2979,,False,72
110178,2025-10-19,2104,61090,30,2979,,False,72
110178,2025-10-20,2105,61105,35,2976,,False,72
110178,2025-10-21,2106,61133,36,2979,,False,72
110178,2025-10-22,2107,61151,32,2982,,False,72
110178,2025-10-23,2108,61176,31,2985,,False,72
110178,2025-10-24,2109,61210,26,2981,,False,72
110178,2025-10-25,2110,61225,25,2989,,False,72
110178,2025-10-26,2111,61245,34,2991,,False,72
110178,2025-10-27,2112,61273,42,2990,,False,72
110178,2025-10-28,2113,61297,40,2988,,False,72
110178,2025-10-29,2114,61297,22,2988,,False,72
110178,2025-10-30,2115,61323,31,2987,,False,72
110178,2025-10-31,2116,61342,39,2991,,False,72
110178,2025-11-01,2117,61360,38,2994,,False,72
110178,2025-11-02,2118,61381,30,2997,,False,72
110178,2025-11-03,2119,61398,30,3000,,False,72
110178,2025-11-04,2120,61421,19,2997,,False,72
110178,2025-11-05,2121,61438,20,2997,,False,72
110178,2025-11-06,2122,61451,27,2995,,False,72
110178,2025-11-07,2123,61464,22,2998,,False,72
110178,2025-11-08,2124,61485,19,2998,,False,72
110178,2025-11-09,2125,61498,14,2999,,False,72
110178,2025-11-10,2126,61509,37,3000,,False,72
110178,2025-11-11,2127,61540,42,3006,,False,72
110178,2025-11-12,2128,61558,34,3005,,False,72
110178,2025-11-13,2129,61583,25,3006,,False,72
110178,2025-11-14,2130,61597,23,3005,,False,72
110178,2025-11-15,2131,61614,21,3005,,False,72
110178,2025-11-16,2132,61628,27,3005,,False,72
110178,2025-11-17,2133,61636,22,3002,,False,72
110178,2025-11-18,2134,61652,24,3001,,False,72
110178,2025-11-19,2135,61673,33,3003,,False,72
110178,2025-11-20,2136,61692,16,3006,,False,72
110178,2025-11-21,2137,61707,14,3008,,False,72
110178,2025-11-22,2138,61718,15,3005,,False,72
110178,2025-11-23,2139,61732,18,3004,,False,72
110178,2025-11-24,2140,61745,9,3003,,False,72
110178,2025-11-25,2141,61761,22,3005,,False,72
110178,2025-11-26,2142,61774,21,3005,,False,72
110178,2025-11-27,2143,61793,15,3010,,False,72
110178,2025-11-28,2144,61807,24,3011,,False,72
110178,2025-11-29,2145,61821,11,3013,,False,72
110178,2025-11-30,2146,61838,16,3016,,False,72
110178,2025-12-01,2147,61856,16,3022,,False,72
110178,2025-12-02,2148,61856,17,3022,,False,72
110178,2025-12-03,2149,61874,20,3025,,False,72
110178,2025-12-04,2150,61898,20,3030,,False,72
110178,2025-12-05,2151,61926,19,3029,,False,72
110178,2025-12-06,2152,61940,31,3027,,False,72
110178,2025-12-07,2153,61940,11,3027,,False,72
110178,2025-12-08,2154,61966,8,3029,,False,72
110178,2025-12-09,2155,61988,18,3036,,False,72
110178,2025-12-10,2156,62004,19,3036,,False,72
110178,2025-12-11,2157,62021,21,3038,,False,72
110178,2025-12-12,2158,62040,24,3041,,False,72
110178,2025-12-13,2159,62040,13,3041,,False,72
110178,2025-12-14,2160,62050,20,3039,,False,72
110178,2025-12-15,2161,62069,19,3039,,False,72
110178,2025-12-16,2162,62085,24,3036,,False,72
110178,2025-12-17,2163,62097,21,3036,,False,72
110178,2025-12-18,2164,62114,14,3035,,False,72
110178,2025-12-19,2165,62126,24,3037,,False,72
110178,2025-12-20,2166,62137,26,3037,,False,72
110178,2025-12-21,2167,62150,15,3040,,False,72
110178,2025-12-22,2168,62165,18,3038,,False,72
110178,2025-12-23,2169,62184,37,3040,,False,72
110178,2025-12-24,2170,62206,18,3041,,False,72
110178,2025-12-25,2171,62227,20,3040,,False,72
110178,2025-12-26,2172,62239,14,3042,,False,72
110178,2025-12-27,2173,62251,26,3040,,False,72
110178,2025-12-28,2174,62272,22,3042,,False,72
110178,2025-12-29,2175,62272,23,3042,,False,72
110178,2025-12-30,2176,62294,31,3042,,False,72
110178,2025-12-31,2177,62316,21,3036,,False,72
110178,2026-01-01,2178,62338,14,3032,,False,72
110178,2026-01-02,2179,62354,28,3036,,False,72
110178,2026-01-03,2180,62354,32,3036,,False,72
110178,2026-01-04,2181,62378,36,3032,,False,72
110178,2026-01-05,2182,62408,25,3033,,False,72
110178,2026-01-06,2183,62408,24,3033,,False,72
110178,2026-01-07,2184,62456,11,3032,,False,72
110178,2026-01-08,2185,62478,17,3033,,False,72
110178,2026-01-09,2186,62495,23,3035,,False,72
110178,2026-01-10,2187,62515,15,3032,,False,72
110178,2026-01-11,2188,62539,10,3036,,False,72
110178,2026-01-12,2189,62539,16,3036,,False,72
110178,2026-01-13,2190,62583,25,3039,,False,72
110178,2026-01-14,2191,62609,20,3037,,False,72
110178,2026-01-15,2192,62634,15,3035,,False,72
110178,2026-01-16,2193,62634,20,3035,,False,72
110178,2026-01-17,2194,62642,19,3034,,False,72
110178,2026-01-18,2195,62660,12,3038,,False,72
110178,2026-01-19,2196,62685,24,3033,,False,72
110178,2026-01-20,2197,62703,21,3033,,False,72
110178,2026-01-21,2198,62749,13,3034,,False,72
110178,2026-01-22,2199,62764,21,3034,,False,72
110178,2026-01-23,2200,62764,26,3034,,False,72
110178,2026-01-24,2201,62786,19,3031,,False,72
110178,2026-01-25,2202,62802,26,3032,,False,72
110178,2026-01-26,2203,62823,12,3034,,False,72
110178,2026-01-27,2204,62847,12,3032,,False,72
110178,2026-01-28,2205,62868,9,3034,,False,72
110178,2026-01-29,2206,62874,17,3032,,False,72
110178,2026-01-30,2207,62882,13,3031,,False,72
110178,2026-01-31,2208,62916,17,3034,,False,72
110178,2026-02-01,2209,62925,20,3035,,False,72
110178,2026-02-02,2210,62945,13,3033,,False,72
110178,2026-02-03,2211,62961,15,3035,,False,72
110178,2026-02-04,2212,62973,7,3035,,False,72
110178,2026-02-05,2213,62979,16,3033,,False,72
110178,2026-02-06,2214,62996,8,3032,,False,72
110178,2026-02-07,2215,63007,12,3031,,False,72
110178,2026-02-08,2216,63014,20,3030,,False,72
110178,2026-02-09,2217,63031,9,3032,,False,72
110178,2026-02-10,2218,63054,7,3032,,False,72
110178,2026-02-11,2219,63066,11,3035,,False,72
110178,2026-02-12,2220,63086,11,3039,,False,72
110178,2026-02-13,2221,63094,7,3038,,False,72
110178,2026-02-14,2222,63099,8,3038,,False,72
110178,2026-02-15,2223,63111,3,3036,,False,72
110178,2026-02-16,2224,63128,18,3035,,False,72
110178,2026-02-17,2225,63144,9,3031,,False,72
110178,2026-02-18,2226,63144,9,3031,,False,72
110178,2026-02-19,2227,63157,9,3031,,False,72
110178,2026-02-20,2228,63171,12,3033,,False,72
110178,2026-02-21,2229,63187,9,3035,,False,72
110178,2026-02-22,2230,63198,12,3035,,False,72
110178,2026-02-23,2231,63217,5,3035,,False,72
110178,2026-02-24,2232,63228,10,3036,,False,72
110178,2026-02-25,2233,63243,12,3036,,False,72
110178,2026-02-26,2234,63267,8,3037,,False,72
110178,2026-02-27,2235,63280,13,3038,,False,72
110178,2026-02-28,2236,63304,10,3041,,False,72
110178,2026-03-01,2237,63317,17,3041,,False,72
110178,2026-03-02,2238,63331,15,3039,,False,72
110178,2026-03-03,2239,63356,8,3042,,False,72
110178,2026-03-04,2240,63361,15,3042,,False,72
110178,2026-03-05,2241,63372,9,3041,,False,72
110178,2026-03-06,2242,63378,9,3041,,False,72
110178,2026-03-07,2243,63391,10,3040,,False,72
110178,2026-03-08,2244,63405,7,3039,,False,72
110178,2026-03-09,2245,63413,13,3039,,False,72
110178,2026-03-10,2246,63422,10,3038,,False,72
110178,2026-03-11,2247,63438,10,3036,,False,72
110178,2026-03-12,2248,63454,13,3040,,False,72
110178,2026-03-13,2249,63473,22,3041,,False,72
110178,2026-03-14,2250,63498,27,3043,,False,72
110178,2026-03-15,2251,63556,19,3043,,False,72
110178,2026-03-16,2252,63614,19,3046,,False,72
110178,2026-03-17,2253,63649,22,3050,,False,72
110178,2026-03-18,2254,63649,7,3050,,False,72
110178,2026-03-19,2255,63674,13,3051,,False,72
110178,2026-03-20,2256,63684,12,3052,,False,72
110178,2026-03-21,2257,63709,17,3052,,False,72
110178,2026-03-22,2258,63733,14,3054,,False,72
110178,2026-03-23,2259,63744,12,3057,,False,72
110178,2026-03-24,2260,63758,15,3054,,False,72
110178,2026-03-25,2261,63781,12,3057,,False,72
110178,2026-03-26,2262,63802,5,3056,,False,72
110178,2026-03-27,2263,63825,15,3057,,False,72
110178,2026-03-28,2264,63825,20,3057,,False,72
110178,2026-03-29,2265,63854,12,3058,,False,72
110178,2026-03-30,2266,63894,11,3057,,False,72
110178,2026-03-31,2267,63917,11,3056,,False,72
110178,2026-04-01,2268,63937,5,3057,,False,72
110178,2026-04-02,2269,63966,2,3056,,False,72
110178,2026-04-20,2287,64420,13,3063,,False,72
110178,2026-04-21,2288,64440,11,3060,,False,72
110178,2026-04-22,2289,64460,16,3063,,False,72
110178,2026-04-23,2290,64487,27,3064,,False,72
110178,2026-04-24,2291,64519,20,3068,,False,72
110178,2026-04-25,2292,64548,19,3072,,False,72
110178,2026-04-26,2293,64571,20,3075,,False,72
110178,2026-04-27,2294,64599,14,3078,,False,72
110178,2026-04-28,2295,64622,9,3079,,False,72
110178,2026-04-29,2296,64634,20,3080,,False,72
110178,2026-04-30,2297,64665,15,3081,,False,72
110178,2026-05-01,2298,64681,12,3081,,False,72
110178,2026-05-02,2299,64706,20,3081,,False,72
110178,2026-05-03,2300,64729,17,3083,,False,72
110178,2026-05-04,2301,64761,22,3084,,False,72
110178,2026-05-05,2302,64789,10,3085,,False,72
110178,2026-05-06,2303,64812,11,3086,,False,72
110178,2026-05-07,2304,64829,7,3088,,False,72
110178,2026-05-08,2305,64835,8,3090,,False,72
110178,2026-05-09,2306,64856,11,3091,,False,72
110178,2026-05-10,2307,64877,31,3092,,False,72
110178,2026-05-11,2308,65007,31,3115,,False,72
110178,2026-05-12,2309,65161,36,3136,,False,72
110178,2026-05-13,2310,65254,28,3148,,False,72
110178,2026-05-14,2311,65326,15,3152,,False,72
110178,2026-05-15,2312,65379,30,3156,,False,72
110178,2026-05-16,2313,65422,20,3159,,False,72
110178,2026-05-17,2314,65452,22,3161,,False,72
110178,2026-05-18,2315,65493,26,3166,,False,72
110178,2026-05-19,2316,65531,24,3168,,False,72
110178,2026-05-20,2317,65555,17,3171,,False,72
110178,2026-05-21,2318,65586,16,3171,,False,72
110178,2026-05-22,2319,65609,29,3171,,False,72
110178,2026-05-23,2320,65637,22,3172,,False,72
110178,2026-05-24,2321,65669,23,3174,,False,72
110178,2026-05-25,2322,65701,30,3178,,False,72
110178,2026-05-26,2323,65733,21,3179,,False,72
110178,2026-05-27,2324,65755,16,3178,,False,72
110178,2026-05-28,2325,65782,22,3181,,False,72
110178,2026-05-29,2326,65809,24,3185,,False,72
110178,2026-05-30,2327,65832,31,3182,,False,72
110178,2026-05-31,2328,65864,28,3188,,False,72
110178,2026-06-01,2329,65905,30,3190,,False,72
110178,2026-06-02,2330,65938,31,3189,,False,72
110178,2026-06-03,2331,65966,29,3194,,False,72
110178,2026-06-04,2332,65999,28,3196,,False,72
110178,2026-06-05,2333,66026,35,3197,,False,72
110178,2026-06-06,2334,66050,14,3201,,False,72
110178,2026-06-07,2335,66074,27,3199,,False,72
110178,2026-06-08,2336,66103,23,3201,,False,72
110178,2026-06-09,2337,66141,19,3202,,False,72
110178,2026-06-10,2338,66172,20,3208,,False,72
110178,2026-06-11,2339,66188,29,3211,,False,72
110178,2026-06-12,2340,66217,29,3218,,False,72
110178,2026-06-13,2341,66243,34,3217,,False,72
110178,2026-06-14,2342,66266,29,3212,,False,72
110178,2026-06-15,2343,66296,27,3213,,False,72
110178,2026-06-16,2344,66324,38,3218,,False,72
110178,2026-06-17,2345,66356,10,3216,,False,72
110178,2026-06-18,2346,66377,16,3218,,False,72
110178,2026-06-19,2347,66399,37,3223,,False,72
110178,2026-06-20,2348,66420,21,3222,,False,72
110178,2026-06-21,2349,66439,37,3222,,False,72
110178,2026-06-22,2350,66469,30,3226,,False,72
110178,2026-06-23,2351,66500,33,3227,,False,72
110178,2026-06-24,2352,66530,20,3227,,False,72
110178,2026-06-25,2353,66552,19,3227,,False,72
110178,2026-06-26,2354,66573,12,3229,,False,72
110178,2026-06-27,2355,66594,24,3233,,False,72
110178,2026-06-28,2356,66624,24,3233,,False,72
110178,2026-06-29,2357,66654,16,3235,,False,72
110178,2026-06-30,2358,66675,15,3239,,False,72
110178,2026-07-01,2359,66694,17,3239,,False,72
110178,2026-07-02,2360,66721,20,3240,,False,72
110178,2026-07-03,2361,66740,24,3239,,False,72
110178,2026-07-04,2362,66771,16,3240,,False,72
110178,2026-07-05,2363,66800,27,3242,,False,72
110178,2026-07-06,2364,66822,16,3246,,False,72
110178,2026-07-09,2367,66895,2,3253,,False,72
110178,2026-07-10,2368,66895,26,3253,,False,72
110178,2026-07-11,2369,66945,25,3250,,False,72
110178,2026-07-12,2370,66969,43,3252,,False,72
110178,2026-07-13,2371,67002,21,3258,,False,72
110178,2026-07-14,2372,67022,36,3257,,False,72
110178,2026-07-15,2373,67045,18,3255,,False,72
110178,2026-07-16,2374,67066,23,3255,,False,72
110178,2026-07-17,2375,67084,33,3256,,False,72
110178,2026-07-18,2376,67108,18,3257,,False,72
110178,2026-07-19,2377,67131,31,3264,,False,72
110178,2026-07-20,2378,67158,18,3264,,False,72
110178,2026-07-21,2379,67177,23,3266,,False,72
110178,2026-07-22,2380,67203,24,3267,,False,72
110178,2026-07-23,2381,67226,22,3266,,False,72
110178,2026-07-24,2382,67248,11,3265,,False,72
110178,2026-07-25,2383,67268,13,3265,,False,72
110178,2026-07-26,2384,67284,22,3263,,False,72
110178,2026-07-27,2385,67303,18,3269,,False,72
110178,2026-07-28,2386,67320,13,3273,,False,72
110178,2026-07-29,2387,67335,10,3276,,False,72
110178,2026-07-30,2388,67352,11,3277,,False,72
110178,2026-07-31,2389,67364,20,3282,,False,72
110178,2026-08-01,2390,67376,16,3278,,False,72
110178,2026-08-02,2391,67395,26,3276,,False,72
110178,2026-08-03,2392,67424,26,3279,,False,72
110178,2026-08-04,2393,67445,30,3277,,False,72
110178,2026-08-05,2394,67469,29,3281,,False,72
110178,2026-08-06,2395,67487,15,3281,,False,72
110178,2026-08-07,2396,67499,24,3284,,False,72
110178,2026-08-08,2397,67522,17,3288,,False,72
110178,2026-08-09,2398,67529,15,3288,,False,72
110178,2026-08-10,2399,67543,17,3289,,False,72
110178,2026-08-11,2400,67558,19,3287,,False,72
110178,2026-08-12,2401,67574,24,3290,,False,72
110178,2026-08-13,2402,67588,12,3292,,False,72
110178,2026-08-14,2403,67605,19,3292,,False,72
110178,2026-08-15,2404,67624,8,3294,,False,72
110178,2026-08-16,2405,67636,14,3297,,False,72
110178,2026-08-17,2406,67654,8,3300,,False,72
110178,2026-08-18,2407,67664,12,3299,,False,72
110178,2026-08-19,2408,67677,9,3300,,False,72
110178,2026-08-20,2409,67686,11,3301,,False,72
110178,2026-08-21,2410,67693,16,3300,,False,72
110178,2026-08-22,2411,67712,22,3300,,False,72
110178,2026-08-23,2412,67723,16,3301,,False,72
110178,2026-08-24,2413,67737,9,3300,,False,72
110178,2026-08-25,2414,67745,11,3299,,False,72
110178,2026-08-26,2415,67753,17,3299,,False,72
110178,2026-08-27,2416,67772,17,3300,,False,72
110178,2026-08-28,2417,67784,18,3302,,False,72
110178,2026-08-29,2418,67796,15,3303,,False,72
110178,2026-08-30,2419,67809,6,3303,,False,72
110178,2026-08-31,2420,67826,25,3304,,False,72
110178,2026-09-01,2421,67840,17,3305,,False,72
110178,2026-09-02,2422,67849,12,3303,,False,72
110178,2026-09-03,2423,67854,15,3303,,False,72
110178,2026-09-04,2424,67870,19,3306,,False,72
110178,2026-09-05,2425,67891,23,3308,,False,72
110178,2026-09-06,2426,67909,21,3312,,False,72
110178,2026-09-07,2427,67927,16,3312,,False,72
110178,2026-09-08,2428,67946,22,3315,,False,72
110178,2026-09-09,2429,67956,13,3313,,False,72
110178,2026-09-10,2430,67972,13,3316,,False,72
110178,2026-09-11,2431,67987,3,3316,,False,72
110178,2026-09-12,2432,67995,12,3316,,False,72
110178,2026-09-13,2433,68007,15,3315,,False,72
110178,2026-09-14,2434,68024,15,3316,,False,72
110178,2026-09-15,2435,68035,25,3318,,False,72
110178,2026-09-16,2436,68060,14,3320,,False,72
110178,2026-09-17,2437,68076,9,3321,,False,72
110178,2026-09-18,2438,68076,12,3321,,False,72
110178,2026-09-19,2439,68101,22,3321,,False,72
110178,2026-09-20,2440,68101,15,3321,,False,72
110178,2026-09-21,2441,68140,15,3321,,False,72
110178,2026-09-22,2442,68159,9,3328,,False,72
110178,2026-09-23,2443,68167,7,3326,,False,72
110178,2026-09-24,2444,68180,16,3326,,False,72
110178,2026-09-25,2445,68194,13,3326,,False,72
110178,2026-09-26,2446,68211,12,3328,,False,72
110178,2026-09-27,2447,68226,17,3330,,False,72
110178,2026-09-28,2448,68244,17,3332,,False,72
110178,2026-09-29,2449,68256,14,3330,,False,72
110178,2026-09-30,2450,68278,11,3334,,False,72
110178,2026-10-01,2451,68292,9,3333,,False,72
110178,2026-10-02,2452,68308,21,3333,,False,72
110178,2026-10-03,2453,68322,12,3332,,False,72
110178,2026-10-04,2454,68331,21,3333,,False,72
110178,2026-10-05,2455,68354,27,3333,,False,72
110178,2026-10-06,2456,68373,16,3336,,False,72
110178,2026-10-07,2457,68388,15,3338,,False,72
110178,2026-10-08,2458,68400,8,3337,,False,72
110788,2019-07-31,-65,0,1,,,False,
110788,2019-08-01,-64,2,7,1,,False,0
110788,2019-08-02,-63,10,4,1,,False,0
110788,2019-08-03,-62,14,3,1,,False,0
110788,2019-08-05,-60,19,2,1,,False,0
110788,2019-08-06,-59,21,1,1,,False,0
110788,2019-08-08,-57,23,1,1,,False,0
110788,2019-08-09,-56,24,2,1,,False,0
110788,2019-08-12,-53,25,2,1,,False,0
110788,2019-08-13,-52,27,2,1,,False,0
110788,2019-08-14,-51,30,2,1,,False,0
110788,2019-08-16,-49,31,1,1,,False,0
110788,2019-08-22,-43,33,1,2,,False,0
110788,2019-08-25,-40,35,3,2,,False,0
110788,2019-08-27,-38,39,2,3,,False,0
110788,2019-08-28,-37,41,1,4,,False,0
110788,2019-08-30,-35,42,3,4,,False,0
110788,2019-09-01,-33,47,2,4,,False,0
110788,2019-09-02,-32,47,3,4,,False,0
110788,2019-09-03,-31,56,8,4,,False,0
110788,2019-09-04,-30,63,4,4,,False,0
110788,2019-09-05,-29,67,2,4,,False,0
110788,2019-09-06,-28,68,1,4,,False,0
110788,2019-09-07,-27,70,3,5,,False,0
110788,2019-09-08,-26,76,3,5,,False,0
110788,2019-09-10,-24,79,4,5,,False,0
110788,2019-09-11,-23,84,2,5,,False,0
110788,2019-09-12,-22,85,2,5,,False,0
110788,2019-09-13,-21,87,3,5,,False,0
110788,2019-09-14,-20,91,2,5,,False,0
110788,2019-09-15,-19,93,3,5,,False,0
110788,2019-09-16,-18,98,5,7,,False,0
110788,2019-09-17,-17,105,5,8,,False,0
110788,2019-09-19,-15,112,6,9,,False,0
110788,2019-09-20,-14,116,6,9,,False,0
110788,2019-09-21,-13,116,2,9,,False,0
110788,2019-09-22,-12,125,6,11,,False,0
110788,2019-09-24,-10,131,5,16,,False,0
110788,2019-09-25,-9,135,5,17,,False,0
110788,2019-09-26,-8,142,3,19,,False,0
110788,2019-09-27,-7,144,6,20,,False,0
110788,2019-09-28,-6,151,4,22,,False,0
110788,2019-09-29,-5,153,2,22,,False,0
110788,2019-09-30,-4,156,5,23,,False,0
110788,2019-10-01,-3,159,4,23,,False,0
110788,2019-10-02,-2,165,2,26,,False,0
110788,2019-10-03,-1,165,5,26,,False,0
110788,2019-10-04,0,175,11,33,1,False,0
110788,2019-10-05,1,187,13,39,,True,0
110788,2019-10-06,2,202,6,46,,True,0
110788,2019-10-07,3,202,8,46,,True,0
110788,2019-10-08,4,214,5,51,,True,0
110788,2019-10-09,5,218,4,53,,True,0
110788,2019-10-10,6,218,3,53,,True,0
110788,2019-10-11,7,223,4,54,2,True,0
110788,2019-10-12,8,232,2,58,,True,0
110788,2019-10-13,9,233,6,58,,True,0
110788,2019-10-14,10,233,7,58,,True,0
110788,2019-10-15,11,239,5,59,,True,0
110788,2019-10-16,12,244,2,61,,True,0
110788,2019-10-17,13,247,2,64,,True,0
110788,2019-10-18,14,248,2,63,3,True,0
110788,2019-10-19,15,253,5,67,,True,0
110788,2019-10-21,17,258,7,67,,True,0
110788,2019-10-22,18,262,4,67,,True,0
110788,2019-10-23,19,265,2,67,,True,0
110788,2019-10-25,21,269,2,69,4,True,0
110788,2019-10-26,22,270,1,69,,True,0
110788,2019-10-27,23,271,2,70,,True,0
110788,2019-10-28,24,274,4,72,,True,0
110788,2019-10-29,25,277,2,72,,True,0
110788,2019-10-30,26,279,2,72,,True,0
110788,2019-11-02,29,281,2,72,,True,0
110788,2019-11-03,30,284,3,74,,True,0
110788,2019-11-05,32,285,1,73,,True,0
110788,2019-11-09,36,291,3,76,,True,0
110788,2019-11-10,37,294,5,76,,True,0
110788,2019-11-11,38,296,3,77,,True,0
110788,2019-11-12,39,298,2,76,,True,0
110788,2019-11-14,41,301,2,76,,True,0
110788,2019-11-15,42,302,3,76,7,True,0
110788,2019-11-17,44,304,1,76,,True,0
110788,2019-11-18,45,305,1,76,,True,0
110788,2019-11-22,49,307,1,76,8,True,0
110788,2019-11-23,50,308,2,76,,True,0
110788,2019-11-24,51,309,1,76,,True,0
110788,2019-11-25,52,306,2,73,,True,0
110788,2019-11-28,55,307,2,73,,True,0
110788,2019-11-29,56,307,1,73,9,True,0
110788,2019-11-30,57,309,1,74,,True,0
110788,2019-12-02,59,312,2,74,,True,0
110788,2019-12-07,64,312,1,73,,True,0
110788,2019-12-09,66,313,1,73,,True,0
110788,2019-12-14,71,314,2,74,,True,0
110788,2019-12-15,72,314,2,74,,True,0
110788,2019-12-16,73,316,3,73,,True,0
110788,2019-12-19,76,318,1,73,,True,0
110788,2019-12-20,77,321,2,75,12,True,0
110788,2019-12-21,78,322,4,75,,True,0
110788,2019-12-22,79,322,1,75,,True,0
110788,2019-12-23,80,322,1,75,,True,0
110788,2019-12-24,81,322,1,75,,True,0
110788,2019-12-25,82,323,1,75,,True,0
110788,2019-12-27,84,324,1,75,13,True,0
110788,2019-12-28,85,324,3,75,,True,0
110788,2019-12-31,88,330,1,78,,True,0
110788,2020-01-01,89,331,1,79,,True,0
110788,2020-01-02,90,331,2,79,,True,0
110788,2020-01-04,92,335,1,80,,True,0
110788,2020-01-06,94,335,2,79,,True,0
110788,2020-01-07,95,337,1,79,,True,0
110788,2020-01-08,96,338,1,79,,True,0
110788,2020-01-09,97,337,3,78,,True,0
110788,2020-01-10,98,339,2,77,14,True,0
110788,2020-01-11,99,340,2,77,,True,0
110788,2020-01-12,100,341,2,76,,True,0
110788,2020-01-15,103,342,5,76,,True,0
110788,2020-01-17,105,345,1,77,15,True,0
110788,2020-01-18,106,345,1,77,,True,0
110788,2020-01-23,111,348,1,79,,True,0
110788,2020-01-24,112,350,1,79,16,True,0
110788,2020-01-25,113,351,2,80,,True,0
110788,2020-01-27,115,351,2,79,,True,0
110788,2020-02-02,121,350,1,78,,True,0
110788,2020-02-03,122,350,1,78,,True,0
110788,2020-02-07,126,351,3,78,18,True,0
110788,2020-02-09,128,352,1,78,,True,0
110788,2020-02-10,129,352,3,78,,True,0
110788,2020-02-11,130,355,4,79,,True,0
110788,2020-02-14,133,356,1,79,19,True,0
110788,2020-02-15,134,357,1,79,,True,0
110788,2020-02-16,135,357,2,79,,True,0
110788,2020-02-18,137,361,1,81,,True,0
110788,2020-02-20,139,362,1,80,,True,0
110788,2020-02-21,140,363,2,80,20,True,0
110788,2020-02-22,141,364,1,81,,True,0
110788,2020-02-24,143,364,1,81,,True,0
110788,2020-02-26,145,365,2,81,,True,0
110788,2020-02-28,147,366,1,81,21,True,0
110788,2020-03-02,150,366,1,81,,True,0
110788,2020-03-04,152,366,1,81,,True,0
110788,2020-03-07,155,368,3,81,,True,0
110788,2020-03-08,156,369,1,81,,True,0
110788,2020-03-13,161,369,2,81,23,True,0
110788,2020-03-18,166,370,1,82,,True,0
110788,2020-03-19,167,371,1,83,,True,0
110788,2020-03-20,168,371,1,82,24,True,0
110788,2020-03-21,169,371,1,82,,True,0
110788,2020-03-22,170,372,1,83,,True,0
110788,2020-03-24,172,374,1,83,,True,0
110788,2020-03-27,175,375,1,84,25,True,0
110788,2020-03-28,176,376,4,84,,True,0
110788,2020-04-01,180,380,1,84,,True,0
110788,2020-04-02,181,382,1,84,,True,0
110788,2020-04-03,182,384,2,84,26,True,0
110788,2020-04-05,184,385,2,86,,True,0
110788,2020-04-10,189,388,1,85,27,True,0
110788,2020-04-11,190,393,1,89,,True,0
110788,2020-04-12,191,396,2,91,,True,0
110788,2020-04-13,192,398,1,92,,True,0
110788,2020-04-14,193,398,1,92,,True,0
110788,2020-04-15,194,400,1,93,,True,0
110788,2020-04-16,195,401,1,94,,True,0
110788,2020-04-17,196,402,2,94,28,True,0
110788,2020-04-20,199,404,1,93,,True,0
110788,2020-04-22,201,408,1,95,,True,0
110788,2020-04-23,202,408,1,94,,True,0
110788,2020-04-24,203,409,1,94,29,True,0
110788,2020-05-01,210,416,3,99,30,True,0
110788,2020-05-04,213,418,1,99,,True,0
110788,2020-05-05,214,418,1,98,,True,0
110788,2020-05-06,215,418,2,98,,True,0
110788,2020-05-08,217,418,4,98,31,True,0
110788,2020-05-09,218,421,1,98,,True,0
110788,2020-05-12,221,421,1,98,,True,0
110788,2020-05-13,222,423,1,99,,True,0
110788,2020-05-15,224,425,1,100,32,True,0
110788,2020-05-17,226,424,1,100,,True,0
110788,2020-05-18,227,424,4,100,,True,0
110788,2020-05-19,228,427,2,102,,True,0
110788,2020-05-22,231,428,4,102,32,True,0
110788,2020-05-25,234,430,1,103,,True,0
110788,2020-05-26,235,430,2,102,,True,0
110788,2020-05-27,236,430,4,102,,True,0
110788,2020-05-28,237,431,1,102,,True,0
110788,2020-06-02,242,434,1,102,,True,0
110788,2020-06-03,243,434,3,102,,True,0
110788,2020-06-04,244,436,2,102,,True,0
110788,2020-06-07,247,438,1,102,,True,0
110788,2020-06-08,248,439,1,102,,True,0
110788,2020-06-12,252,443,1,103,,True,0
110788,2020-06-16,256,445,2,103,,True,0
110788,2020-06-17,257,447,1,103,,True,0
110788,2020-06-18,258,449,1,104,,True,0
110788,2020-06-20,260,452,10,106,,True,0
110788,2020-06-24,264,457,1,106,,True,0
110788,2020-06-26,266,457,2,106,,True,0
110788,2020-06-27,267,459,1,105,,True,0
110788,2020-06-28,268,460,2,105,,True,0
110788,2020-06-29,269,462,3,105,,True,0
110788,2020-06-30,270,470,4,107,,True,0
110788,2020-07-01,271,474,1,107,,True,0
110788,2020-07-02,272,477,2,109,,True,0
110788,2020-07-03,273,480,1,109,,True,0
110788,2020-07-04,274,481,7,109,,True,0
110788,2020-07-06,276,486,4,109,,True,0
110788,2020-07-08,278,489,3,109,,True,0
110788,2020-07-10,280,495,4,111,,True,0
110788,2020-07-12,282,499,1,110,,True,0
110788,2020-07-13,283,502,2,110,,True,0
110788,2020-07-20,290,506,2,109,,True,0
110788,2020-07-21,291,509,1,109,,True,0
110788,2020-07-23,293,510,1,109,,True,0
110788,2020-07-24,294,511,3,109,,True,0
110788,2020-07-27,297,515,1,110,,True,0
110788,2020-07-29,299,519,1,108,,True,0
110788,2020-08-01,302,521,3,109,,True,0
110788,2020-08-03,304,523,1,110,,True,0
110788,2020-08-04,305,525,1,110,,True,0
110788,2020-08-06,307,523,1,110,,True,0
110788,2020-08-08,309,525,2,110,,True,0
110788,2020-08-09,310,526,3,111,,True,0
110788,2020-08-11,312,528,2,112,,True,0
110788,2020-08-15,316,532,1,114,,True,0
110788,2020-08-16,317,534,2,114,,True,0
110788,2020-08-17,318,536,1,114,,True,0
110788,2020-08-18,319,537,1,114,,True,0
110788,2020-08-19,320,538,1,114,,True,0
110788,2020-08-22,323,543,1,116,,True,0
110788,2020-08-23,324,543,1,116,,True,0
110788,2020-08-24,325,545,1,116,,True,0
110788,2020-08-25,326,545,1,116,,True,0
110788,2020-08-26,327,544,1,116,,True,0
110788,2020-08-27,328,545,1,116,,True,0
110788,2020-08-29,330,546,2,116,,True,0
110788,2020-08-30,331,548,2,116,,True,0
110788,2020-09-03,335,550,2,117,,True,0
110788,2020-09-06,338,551,2,116,,True,0
110788,2020-09-08,340,553,3,116,,True,0
110788,2020-09-11,343,556,1,117,,True,0
110788,2020-09-12,344,556,1,117,,True,0
110788,2020-09-15,347,557,1,117,,True,0
110788,2020-09-16,348,558,1,117,,True,0
110788,2020-09-17,349,559,5,117,,True,0
110788,2020-09-18,350,560,1,115,,True,0
110788,2020-09-21,353,559,1,116,,True,0
110788,2020-09-25,357,561,3,116,,True,0
110788,2020-09-26,358,564,6,115,,True,0
110788,2020-09-27,359,568,3,115,,True,0
110788,2020-09-28,360,571,2,115,,True,0
110788,2020-09-29,361,574,3,115,,True,0
110788,2020-09-30,362,578,3,115,,True,0
110788,2020-10-01,363,578,2,115,,True,0
110788,2020-10-02,364,583,1,117,,True,0
110788,2020-10-03,365,585,2,117,,True,0
110788,2020-10-04,366,589,1,117,,True,0
110788,2020-10-05,367,590,1,117,,True,0
110788,2020-10-07,369,590,1,118,,True,0
110788,2020-10-08,370,590,2,116,,True,0
110788,2020-10-09,371,590,2,115,,True,0
110788,2020-10-10,372,592,1,117,,True,0
110788,2020-10-11,373,592,3,117,,True,0
110788,2020-10-12,374,595,2,117,,True,0
110788,2020-10-16,378,597,1,118,,True,0
110788,2020-10-18,380,601,2,120,,True,0
110788,2020-10-20,382,601,2,120,,True,0
110788,2020-10-22,384,603,1,120,,True,0
110788,2020-10-23,385,604,3,120,,True,0
110788,2020-10-31,393,606,1,119,,True,0
110788,2020-11-01,394,608,3,119,,True,0
110788,2020-11-02,395,608,1,119,,True,0
110788,2020-11-03,396,610,1,117,,True,0
110788,2020-11-04,397,609,2,116,,True,0
110788,2020-11-06,399,613,3,116,,True,0
110788,2020-11-13,406,612,2,113,,True,0
110788,2020-11-14,407,614,1,113,,True,0
110788,2020-11-16,409,614,2,113,,False,0
110788,2020-11-18,411,613,2,113,,False,0
110788,2020-11-21,414,615,3,114,,False,0
110788,2020-11-22,415,617,3,113,,False,0
110788,2020-11-25,418,619,1,112,,False,0
110788,2020-12-01,424,620,3,113,,False,0
110788,2020-12-02,425,621,3,113,,False,0
110788,2020-12-03,426,622,2,113,,False,0
110788,2020-12-06,429,622,1,112,,False,0
110788,2020-12-08,431,622,2,112,,False,0
110788,2020-12-09,432,622,3,112,,False,0
110788,2020-12-11,434,624,3,112,,False,0
110788,2020-12-12,435,625,1,111,,False,0
110788,2020-12-16,439,631,1,112,,False,0
110788,2020-12-17,440,631,1,112,,False,0
110788,2020-12-19,442,633,2,112,,False,0
110788,2020-12-20,443,633,1,112,,False,0
110788,2020-12-21,444,634,1,112,,False,0
110788,2020-12-23,446,634,1,111,,False,0
110788,2020-12-27,450,636,2,111,,False,0
110788,2020-12-29,452,638,1,112,,False,0
110788,2020-12-30,453,638,1,111,,False,0
110788,2021-01-01,455,638,2,111,,False,0
110788,2021-01-02,456,639,1,110,,False,0
110788,2021-01-05,459,641,1,110,,False,0
110788,2021-01-13,467,641,2,110,,False,0
110788,2021-01-16,470,641,1,108,,False,0
110788,2021-01-19,473,644,1,109,,False,0
110788,2021-01-27,481,646,6,109,,False,51
110788,2021-01-29,483,652,4,110,,False,51
110788,2021-01-31,485,655,1,110,,False,51
110788,2021-02-04,489,657,1,110,,False,51
110788,2021-02-05,490,659,1,110,,False,51
110788,2021-02-06,491,660,2,110,,False,51
110788,2021-02-07,492,661,1,110,,False,51
110788,2021-02-11,496,664,1,111,,False,51
110788,2021-02-15,500,664,1,112,,False,52
110788,2021-02-16,501,664,2,112,,False,52
110788,2021-02-17,502,668,2,112,,False,52
110788,2021-02-18,503,668,1,112,,False,52
110788,2021-02-21,506,672,1,112,,False,52
110788,2021-02-22,507,673,2,112,,False,52
110788,2021-02-25,510,675,1,112,,False,52
110788,2021-02-27,512,675,2,111,,False,52
110788,2021-03-07,520,678,1,111,,False,0
110788,2021-03-09,522,681,1,111,,False,0
110788,2021-03-10,523,681,2,111,,False,0
110788,2021-03-11,524,684,2,111,,False,0
110788,2021-03-17,530,687,1,112,,False,0
110788,2021-03-18,531,687,2,112,,False,0
110788,2021-03-20,533,690,1,112,,False,0
110788,2021-03-21,534,691,1,111,,False,0
110788,2021-03-22,535,691,2,111,,False,0
110788,2021-03-24,537,693,1,112,,False,0
110788,2021-03-26,539,694,1,112,,False,0
110788,2021-03-27,540,696,1,112,,False,52
110788,2021-03-28,541,696,1,112,,False,52
110788,2021-03-29,542,697,1,112,,False,52
110788,2021-03-30,543,698,3,112,,False,52
110788,2021-03-31,544,698,3,112,,False,52
110788,2021-04-09,553,705,2,111,,False,52
110788,2021-04-10,554,705,1,111,,False,52
110788,2021-04-13,557,707,1,110,,False,52
110788,2021-04-14,558,707,2,110,,False,52
110788,2021-04-15,559,711,2,111,,False,52
110788,2021-04-16,560,714,1,111,,False,52
110788,2021-04-21,565,716,2,112,,False,52
110788,2021-04-25,569,717,1,112,,False,52
110788,2021-04-27,571,718,2,112,,False,52
110788,2021-04-28,572,719,2,110,,False,52
110788,2021-04-29,573,720,1,111,,False,52
110788,2021-05-01,575,721,1,111,,False,52
110788,2021-05-04,578,720,1,111,,False,52
110788,2021-05-06,580,720,2,111,,False,52
110788,2021-05-08,582,719,1,111,,False,52
110788,2021-05-10,584,720,3,111,,False,52
110788,2021-05-11,585,721,2,111,,False,52
110788,2021-05-14,588,721,1,110,,False,52
110788,2021-05-16,590,722,1,110,,False,52
110788,2021-05-17,591,723,2,110,,False,52
110788,2021-05-18,592,723,2,110,,False,52
110788,2021-05-22,596,727,1,110,,False,52
110788,2021-05-30,604,730,1,111,,False,52
110788,2021-05-31,605,731,1,111,,False,52
110788,2021-06-02,607,732,1,111,,False,52
110788,2021-06-07,612,735,2,112,,False,52
110788,2021-06-08,613,734,2,111,,False,52
110788,2021-06-10,615,733,2,111,,False,52
110788,2021-06-11,616,731,1,111,,False,52
110788,2021-06-15,620,732,1,111,,False,52
110788,2021-06-16,621,733,1,111,,False,52
110788,2021-06-17,622,734,2,111,,False,52
110788,2021-06-18,623,734,2,111,,False,52
110788,2021-06-19,624,734,2,111,,False,52
110788,2021-06-20,625,734,1,111,,False,52
110788,2021-06-30,635,737,1,112,,False,52
110788,2021-07-03,638,736,2,113,,False,52
110788,2021-07-05,640,738,2,113,,False,52
110788,2021-07-08,643,740,2,113,,False,52
110788,2021-07-11,646,743,1,113,,False,51
110788,2021-07-15,650,748,1,113,,False,51
110788,2021-07-17,652,747,1,113,,False,51
110788,2021-07-18,653,749,2,113,,False,51
110788,2021-07-20,655,752,1,113,,False,51
110788,2021-07-25,660,752,1,112,,False,51
110788,2021-07-27,662,754,1,113,,False,50
110788,2021-07-28,663,755,1,113,,False,50
110788,2021-07-30,665,755,1,112,,False,50
110788,2021-07-31,666,756,1,112,,False,50
110788,2021-08-01,667,757,2,112,,False,50
110788,2021-08-02,668,758,2,112,,False,50
110788,2021-08-06,672,760,1,112,,False,50
110788,2021-08-09,675,762,1,112,,False,50
110788,2021-08-12,678,762,1,112,,False,50
110788,2021-08-17,683,760,1,111,,False,50
110788,2021-08-20,686,763,1,111,,False,50
110788,2021-08-24,690,764,2,111,,False,50
110788,2021-08-27,693,767,2,111,,False,49
110788,2021-08-29,695,768,1,111,,False,50
110788,2021-09-02,699,769,1,112,,False,50
110788,2021-09-08,705,772,1,112,,False,49
110788,2021-09-10,707,773,1,112,,False,49
110788,2021-09-11,708,774,2,112,,False,49
110788,2021-09-12,709,775,3,112,,False,49
110788,2021-09-13,710,778,1,112,,False,49
110788,2021-09-17,714,778,1,112,,False,49
110788,2021-09-19,716,780,1,112,,False,49
110788,2021-09-21,718,782,1,112,,False,49
110788,2021-09-23,720,783,1,112,,False,49
110788,2021-09-26,723,787,1,112,,False,49
110788,2021-09-29,726,789,1,112,,False,49
110788,2021-10-04,731,791,1,112,,False,49
110788,2021-10-13,740,789,2,112,,False,49
110788,2021-10-27,754,794,2,112,,False,49
110788,2021-11-02,760,796,3,112,,False,49
110788,2021-11-11,769,800,1,113,,False,49
110788,2021-11-12,770,801,1,113,,False,49
110788,2021-11-13,771,802,2,113,,False,49
110788,2021-11-20,778,806,1,113,,False,49
110788,2021-11-26,784,806,1,113,,False,49
110788,2021-12-11,799,809,1,113,,False,48
110788,2021-12-16,804,811,2,113,,False,48
110788,2021-12-20,808,811,10,113,,False,48
110788,2021-12-21,809,811,7,114,,False,48
110788,2021-12-23,811,813,1,113,,False,48
110788,2021-12-25,813,815,1,114,,False,48
110788,2021-12-31,819,819,1,115,,False,48
110788,2022-01-04,823,818,1,116,,False,48
110788,2022-01-09,828,821,2,117,,False,48
110788,2022-01-13,832,823,1,117,,False,48
110788,2022-01-17,836,825,1,116,,False,48
110788,2022-01-19,838,823,1,116,,False,48
110788,2022-01-22,841,826,1,116,,False,48
110788,2022-01-25,844,827,1,118,,False,48
110788,2022-01-26,845,829,1,118,,False,48
110788,2022-01-27,846,829,1,118,,False,48
110788,2022-01-28,847,829,3,117,,False,48
110788,2022-01-29,848,829,3,117,,False,48
110788,2022-02-01,851,827,4,117,,False,48
110788,2022-02-02,852,827,1,117,,False,48
110788,2022-02-03,853,828,2,117,,False,48
110788,2022-02-04,854,828,1,117,,False,48
110788,2022-02-05,855,828,3,117,,False,48
110788,2022-02-06,856,829,1,117,,False,48
110788,2022-02-07,857,829,1,117,,False,48
110788,2022-02-08,858,829,1,117,,False,48
110788,2022-02-09,859,830,1,117,,False,48
110788,2022-02-10,860,830,1,117,,False,48
110788,2022-02-11,861,831,2,117,,False,48
110788,2022-02-12,862,831,2,117,,False,48
110788,2022-02-13,863,833,1,118,,False,48
110788,2022-02-14,864,833,4,117,,False,48
110788,2022-02-15,865,835,1,117,,False,48
110788,2022-02-16,866,836,1,117,,False,48
110788,2022-02-18,868,836,1,117,,False,48
110788,2022-02-20,870,836,1,117,,False,48
110788,2022-02-23,873,839,1,117,,False,48
110788,2022-02-25,875,840,1,117,,False,48
110788,2022-02-26,876,840,3,117,,False,48
110788,2022-03-03,881,842,3,118,,False,48
110788,2022-03-07,885,845,1,118,,False,48
110788,2022-03-09,887,847,2,118,,False,49
110788,2022-03-12,890,849,1,118,,False,49
110788,2022-03-17,895,851,4,118,,False,49
110788,2022-03-19,897,854,1,118,,False,49
110788,2022-03-21,899,855,1,118,,False,49
110788,2022-03-26,904,855,2,118,,False,49
110788,2022-03-28,906,856,4,118,,False,49
110788,2022-03-30,908,857,7,119,,False,49
110788,2022-04-01,910,861,1,119,,False,49
110788,2022-04-02,911,862,1,119,,False,49
110788,2022-04-04,913,862,1,119,,False,49
110788,2022-04-05,914,862,3,118,,False,49
110788,2022-04-06,915,864,1,118,,False,49
110788,2022-04-07,916,864,1,118,,False,49
110788,2022-04-09,918,868,1,120,,False,49
110788,2022-04-12,921,868,1,120,,False,49
110788,2022-04-14,923,869,4,121,,False,49
110788,2022-04-15,924,869,2,121,,False,49
110788,2022-04-19,928,871,1,122,,False,50
110788,2022-04-21,930,872,2,122,,False,50
110788,2022-04-22,931,872,2,122,,False,50
110788,2022-04-24,933,873,1,123,,False,50
110788,2022-04-29,938,876,1,123,,False,50
110788,2022-05-01,940,879,2,123,,False,50
110788,2022-05-04,943,880,1,123,,False,50
110788,2022-05-07,946,880,1,122,,False,50
110788,2022-05-08,947,881,1,122,,False,50
110788,2022-05-13,952,882,1,123,,False,50
110788,2022-05-24,963,888,1,122,,False,50
110788,2022-05-29,968,889,2,123,,False,50
110788,2022-05-31,970,891,1,123,,False,50
110788,2022-06-06,976,892,1,123,,False,50
110788,2022-06-12,982,895,1,123,,False,50
110788,2022-06-14,984,897,1,123,,False,50
110788,2022-06-15,985,898,2,123,,False,50
110788,2022-06-25,995,897,1,124,,False,50
110788,2022-06-27,997,897,2,124,,False,50
110788,2022-06-29,999,898,1,125,,False,50
110788,2022-07-01,1001,896,2,124,,False,50
110788,2022-07-07,1007,899,1,125,,False,50
110788,2022-07-12,1012,900,1,125,,False,50
110788,2022-07-17,1017,903,2,125,,False,50
110788,2022-07-18,1018,903,7,125,,False,50
110788,2022-07-23,1023,905,1,126,,False,50
110788,2022-07-27,1027,907,1,127,,False,50
110788,2022-07-28,1028,907,1,127,,False,50
110788,2022-07-30,1030,909,2,127,,False,50
110788,2022-07-31,1031,910,1,127,,False,50
110788,2022-08-04,1035,912,2,127,,False,50
110788,2022-08-05,1036,911,1,126,,False,50
110788,2022-08-06,1037,912,1,127,,False,50
110788,2022-08-08,1039,912,1,126,,False,50
110788,2022-08-09,1040,913,2,126,,False,50
110788,2022-08-11,1042,915,4,125,,False,50
110788,2022-08-12,1043,915,1,124,,False,50
110788,2022-08-15,1046,918,1,124,,False,50
110788,2022-08-21,1052,917,2,123,,False,50
110788,2022-08-23,1054,918,1,123,,False,50
110788,2022-08-29,1060,922,1,123,,False,50
110788,2022-08-30,1061,923,1,123,,False,50
110788,2022-08-31,1062,924,1,123,,False,50
110788,2022-09-01,1063,925,1,123,,False,50
110788,2022-09-04,1066,926,5,123,,False,50
110788,2022-09-10,1072,927,1,123,,False,50
110788,2022-09-12,1074,928,1,123,,False,50
110788,2022-09-14,1076,928,1,123,,False,50
110788,2022-09-16,1078,930,1,123,,False,50
110788,2022-09-18,1080,932,4,123,,False,50
110788,2022-09-19,1081,935,1,124,,False,50
110788,2022-09-24,1086,937,3,124,,False,50
110788,2022-09-27,1089,938,1,125,,False,50
110788,2022-09-28,1090,939,2,125,,False,50
110788,2022-09-29,1091,939,1,125,,False,50
110788,2022-10-01,1093,938,1,124,,False,50
110788,2022-10-02,1094,938,1,124,,False,50
110788,2022-10-05,1097,942,1,124,,False,50
110788,2022-10-08,1100,944,1,124,,False,50
110788,2022-11-01,1124,950,2,125,,False,50
110788,2022-11-04,1127,951,1,125,,False,50
110788,2022-11-05,1128,952,1,126,,False,50
110788,2022-11-06,1129,952,2,126,,False,50
110788,2022-11-07,1130,952,3,127,,False,50
110788,2022-11-08,1131,952,5,127,,False,50
110788,2022-11-09,1132,953,1,127,,False,50
110788,2022-11-10,1133,953,2,126,,False,50
110788,2022-11-11,1134,953,1,126,,False,50
110788,2022-11-13,1136,953,2,126,,False,50
110788,2022-11-15,1138,953,3,125,,False,50
110788,2022-11-16,1139,954,1,125,,False,50
110788,2022-11-17,1140,954,1,125,,False,50
110788,2022-11-18,1141,956,1,126,,False,50
110788,2022-11-20,1143,956,5,126,,False,50
110788,2022-11-21,1144,957,1,126,,False,50
110788,2022-11-22,1145,958,1,127,,False,50
110788,2022-11-23,1146,958,1,127,,False,50
110788,2022-11-24,1147,959,2,127,,False,50
110788,2022-11-25,1148,960,2,127,,False,50
110788,2022-11-26,1149,963,1,127,,False,50
110788,2022-11-27,1150,963,1,127,,False,50
110788,2022-11-29,1152,964,2,127,,False,50
110788,2022-11-30,1153,964,2,127,,False,50
110788,2022-12-01,1154,965,1,127,,False,50
110788,2022-12-03,1156,966,2,127,,False,50
110788,2022-12-04,1157,967,1,127,,False,50
110788,2022-12-05,1158,967,1,127,,False,50
110788,2022-12-06,1159,968,3,127,,False,50
110788,2022-12-08,1161,969,1,127,,False,50
110788,2022-12-09,1162,969,1,127,,False,50
110788,2022-12-10,1163,969,1,127,,False,50
110788,2022-12-12,1165,969,1,127,,False,50
110788,2022-12-13,1166,969,2,127,,False,50
110788,2022-12-14,1167,970,3,127,,False,50
110788,2022-12-15,1168,970,1,127,,False,50
110788,2022-12-16,1169,970,1,127,,False,50
110788,2022-12-17,1170,971,2,127,,False,50
110788,2022-12-18,1171,971,2,127,,False,50
110788,2022-12-20,1173,972,2,127,,False,50
110788,2022-12-21,1174,973,1,127,,False,50
110788,2022-12-22,1175,972,1,127,,False,50
110788,2022-12-23,1176,972,4,127,,False,50
110788,2022-12-24,1177,972,1,127,,False,50
110788,2022-12-25,1178,973,2,126,,False,50
110788,2022-12-27,1180,973,1,126,,False,50
110788,2022-12-28,1181,973,1,125,,False,50
110788,2022-12-30,1183,974,2,125,,False,50
110788,2022-12-31,1184,974,1,125,,False,50
110788,2023-01-02,1186,977,1,127,,False,50
110788,2023-01-03,1187,977,4,127,,False,50
110788,2023-01-08,1192,983,1,128,,False,50
110788,2023-01-09,1193,983,2,128,,False,50
110788,2023-01-10,1194,989,3,128,,False,50
110788,2023-01-11,1195,989,3,128,,False,50
110788,2023-01-14,1198,989,1,128,,False,50
110788,2023-01-16,1200,992,1,127,,False,50
110788,2023-01-21,1205,993,1,126,,False,50
110788,2023-01-25,1209,993,1,126,,False,50
110788,2023-01-26,1210,994,2,126,,False,50
110788,2023-02-02,1217,998,2,127,,False,51
110788,2023-02-03,1218,1000,1,127,,False,51
110788,2023-02-14,1229,1001,3,127,,False,50
110788,2023-02-16,1231,1002,1,127,,False,50
110788,2023-02-17,1232,1004,1,127,,False,50
110788,2023-02-19,1234,1006,1,128,,False,50
110788,2023-02-20,1235,1007,1,127,,False,50
110788,2023-02-21,1236,1007,2,127,,False,50
110788,2023-02-23,1238,1008,1,126,,False,50
110788,2023-02-26,1241,1009,1,127,,False,50
110788,2023-03-06,1249,1008,4,126,,False,50
110788,2023-03-17,1260,1013,1,127,,False,51
110788,2023-03-18,1261,1014,2,127,,False,51
110788,2023-03-20,1263,1016,1,127,,False,50
110788,2023-03-28,1271,1017,2,129,,False,50
110788,2023-04-07,1281,1024,1,131,,False,50
110788,2023-04-10,1284,1025,3,132,,False,50
110788,2023-04-14,1288,1025,1,133,,False,51
110788,2023-04-16,1290,1025,2,133,,False,51
110788,2023-04-21,1295,1026,1,132,,False,51
110788,2023-04-30,1304,1028,2,131,,False,51
110788,2023-05-02,1306,1032,1,130,,False,51
110788,2023-05-06,1310,1031,1,129,,False,51
110788,2023-05-09,1313,1030,1,129,,False,51
110788,2023-05-12,1316,1031,2,129,,False,51
110788,2023-05-13,1317,1037,2,129,,False,50
110788,2023-05-20,1324,1039,1,129,,False,50
110788,2023-05-27,1331,1044,1,129,,False,50
110788,2023-06-05,1340,1051,2,131,,False,50
110788,2023-06-06,1341,1051,1,131,,False,50
110788,2023-06-13,1348,1051,1,131,,False,50
110788,2023-06-15,1350,1053,1,132,,False,51
110788,2023-06-27,1362,1056,1,132,,False,50
110788,2023-06-30,1365,1056,1,131,,False,50
110788,2023-07-05,1370,1057,1,131,,False,51
110788,2023-07-09,1374,1057,2,130,,False,51
110788,2023-07-12,1377,1057,1,131,,False,51
110788,2023-07-13,1378,1058,1,131,,False,51
110788,2023-07-19,1384,1059,1,131,,False,51
110788,2023-07-26,1391,1059,2,133,,False,51
110788,2023-07-29,1394,1062,1,133,,False,51
110788,2023-07-30,1395,1062,1,133,,False,51
110788,2023-08-07,1403,1065,1,132,,False,51
110788,2023-08-09,1405,1065,2,132,,False,51
110788,2023-08-14,1410,1063,1,133,,False,51
110788,2023-08-22,1418,1066,2,135,,False,51
110788,2023-08-23,1419,1067,2,136,,False,51
110788,2023-08-31,1427,1069,1,134,,False,51
110788,2023-09-05,1432,1072,1,134,,False,51
110788,2023-09-12,1439,1074,2,134,,False,51
110788,2023-09-22,1449,1077,1,135,,False,51
110788,2023-09-24,1451,1078,1,135,,False,51
110788,2023-09-26,1453,1081,1,136,,False,50
110788,2023-09-28,1455,1083,1,136,,False,50
110788,2023-09-30,1457,1083,2,135,,False,50
110788,2023-10-02,1459,1085,1,134,,False,50
110788,2023-10-07,1464,1086,2,133,,False,50
110788,2023-10-14,1471,1087,2,133,,False,50
110788,2023-10-16,1473,1089,1,133,,False,50
110788,2023-10-19,1476,1093,2,134,,False,50
110788,2023-10-24,1481,1095,1,134,,False,51
110788,2023-10-25,1482,1095,1,134,,False,51
110788,2023-10-28,1485,1098,1,134,,False,51
110788,2023-10-31,1488,1101,1,136,,False,51
110788,2023-11-02,1490,1101,2,136,,False,51
110788,2023-11-08,1496,1099,1,136,,False,50
110788,2023-11-09,1497,1099,1,136,,False,50
110788,2023-11-13,1501,1102,1,136,,False,50
110788,2023-11-18,1506,1103,1,136,,False,50
110788,2023-12-07,1525,1115,1,137,,False,51
110788,2023-12-11,1529,1115,2,137,,False,51
110788,2023-12-15,1533,1116,1,137,,False,51
110788,2023-12-16,1534,1119,1,137,,False,50
110788,2023-12-18,1536,1120,1,137,,False,50
110788,2023-12-19,1537,1122,1,137,,False,50
110788,2023-12-20,1538,1122,1,136,,False,50
110788,2023-12-21,1539,1123,1,136,,False,50
110788,2023-12-27,1545,1126,2,136,,False,50
110788,2023-12-29,1547,1126,1,137,,False,50
110788,2024-01-01,1550,1126,2,137,,False,50
110788,2024-01-05,1554,1128,2,138,,False,50
110788,2024-01-06,1555,1130,1,138,,False,50
110788,2024-01-09,1558,1134,1,138,,False,50
110788,2024-01-14,1563,1135,1,138,,False,50
110788,2024-01-25,1574,1137,4,138,,False,50
110788,2024-01-26,1575,1139,1,139,,False,50
110788,2024-01-28,1577,1142,3,139,,False,50
110788,2024-02-02,1582,1144,1,139,,False,50
110788,2024-02-07,1587,1145,1,139,,False,50
110788,2024-02-11,1591,1148,3,141,,False,50
110788,2024-02-13,1593,1150,1,141,,False,50
110788,2024-02-16,1596,1150,2,141,,False,50
110788,2024-02-20,1600,1151,2,142,,False,50
110788,2024-02-29,1609,1149,1,141,,False,50
110788,2024-03-10,1619,1147,1,141,,False,50
110788,2024-03-15,1624,1147,2,139,,False,50
110788,2024-03-21,1630,1147,1,138,,False,50
110788,2024-04-01,1641,1149,2,138,,False,50
110788,2024-04-17,1657,1152,1,139,,False,50
110788,2024-04-23,1663,1154,1,139,,False,50
110788,2024-04-25,1665,1153,1,139,,False,50
110788,2024-04-26,1666,1153,1,139,,False,50
110788,2024-05-02,1672,1156,1,140,,False,50
110788,2024-05-04,1674,1158,1,141,,False,50
110788,2024-05-05,1675,1158,2,141,,False,50
110788,2024-05-08,1678,1160,1,141,,False,50
110788,2024-06-01,1702,1166,2,140,,False,52
110788,2024-06-04,1705,1170,1,141,,False,53
110788,2024-06-14,1715,1172,1,141,,False,52
110788,2024-07-05,1736,1175,1,143,,False,53
110788,2024-07-20,1751,1176,1,143,,False,52
110788,2024-07-22,1753,1177,1,143,,False,52
110788,2024-08-06,1768,1183,1,145,,False,53
110788,2024-08-20,1782,1184,1,145,,False,53
110788,2024-09-01,1794,1200,1,151,,False,52
110788,2024-09-02,1795,1202,2,151,,False,52
110788,2024-09-08,1801,1207,1,153,,False,52
110788,2024-09-10,1803,1210,3,155,,False,52
110788,2024-09-24,1817,1215,1,157,,False,52
110788,2024-09-29,1822,1221,1,159,,False,52
110788,2024-10-02,1825,1221,2,159,,False,52
110788,2024-10-05,1828,1221,1,158,,False,52
110788,2024-10-07,1830,1221,2,157,,False,52
110788,2024-10-10,1833,1222,1,157,,False,52
110788,2024-10-12,1835,1223,1,157,,False,52
110788,2024-10-14,1837,1226,1,157,,False,53
110788,2024-10-15,1838,1227,2,157,,False,53
110788,2024-10-18,1841,1230,1,157,,False,53
110788,2024-10-22,1845,1233,1,159,,False,53
110788,2024-10-31,1854,1236,1,159,,False,54
110788,2024-11-05,1859,1241,2,160,,False,55
110788,2024-11-06,1860,1242,4,161,,False,55
110788,2024-11-07,1861,1243,7,160,,False,55
110788,2024-11-08,1862,1243,1,161,,False,55
110788,2024-11-10,1864,1245,1,161,,False,56
110788,2024-12-03,1887,1281,1,160,,False,62
110788,2024-12-14,1898,1300,3,161,,False,65
110788,2024-12-31,1915,1308,2,161,,False,66
110788,2025-01-02,1917,1311,1,162,,False,66
110788,2025-01-07,1922,1313,1,162,,False,66
110788,2025-01-11,1926,1316,1,162,,False,66
110788,2025-01-12,1927,1318,1,162,,False,66
110788,2025-01-13,1928,1318,1,162,,False,66
110788,2025-01-16,1931,1319,1,162,,False,66
110788,2025-01-18,1933,1324,1,162,,False,66
110788,2025-01-19,1934,1326,1,163,,False,66
110788,2025-01-22,1937,1329,1,164,,False,66
110788,2025-01-29,1944,1333,1,165,,False,66
110788,2025-02-03,1949,1334,1,164,,False,66
110788,2025-02-08,1954,1335,1,164,,False,66
110788,2025-02-13,1959,1337,2,164,,False,66
110788,2025-02-14,1960,1338,1,164,,False,66
110788,2025-02-16,1962,1340,1,164,,False,66
110788,2025-02-22,1968,1341,1,163,,False,66
110788,2025-03-01,1975,1348,2,166,,False,67
110788,2025-03-07,1981,1359,2,166,,False,67
110788,2025-03-08,1982,1360,1,167,,False,67
110788,2025-03-10,1984,1363,1,168,,False,67
110788,2025-03-11,1985,1363,1,167,,False,67
110788,2025-03-17,1991,1365,2,167,,False,67
110788,2025-03-18,1992,1366,1,167,,False,67
110788,2025-03-24,1998,1367,1,169,,False,67
110788,2025-03-26,2000,1368,2,169,,False,67
110788,2025-03-27,2001,1374,1,170,,False,67
110788,2025-04-02,2007,1375,1,170,,False,67
110788,2025-04-05,2010,1379,1,170,,False,67
110788,2025-04-06,2011,1383,1,171,,False,67
110788,2025-04-09,2014,1389,2,173,,False,67
110788,2025-04-12,2017,1392,1,173,,False,67
110788,2025-04-13,2018,1393,2,173,,False,67
110788,2025-04-17,2022,1393,1,173,,False,67
110788,2025-04-25,2030,1395,1,173,,False,67
110788,2025-04-27,2032,1396,1,172,,False,67
110788,2025-04-29,2034,1397,1,172,,False,67
110788,2025-05-23,2058,1409,1,174,,False,67
110788,2025-05-25,2060,1411,2,174,,False,67
110788,2025-05-28,2063,1414,1,175,,False,67
110788,2025-06-07,2073,1418,2,178,,False,67
110788,2025-06-12,2078,1420,1,178,,False,67
110788,2025-06-14,2080,1421,1,178,,False,67
110788,2025-06-19,2085,1423,3,178,,False,67
110788,2025-06-20,2086,1424,1,179,,False,67
110788,2025-06-24,2090,1429,1,180,,False,67
110788,2025-07-05,2101,1431,1,182,,False,67
110788,2025-07-06,2102,1431,4,182,,False,67
110788,2025-07-24,2120,1435,2,184,,False,67
110788,2025-07-27,2123,1437,1,184,,False,67
110788,2025-08-08,2135,1445,1,185,,False,67
110788,2025-08-14,2141,1449,2,187,,False,67
110788,2025-08-26,2153,1452,1,187,,False,67
110788,2025-09-03,2161,1453,1,187,,False,67
110788,2025-09-13,2171,1453,1,186,,False,67
110788,2025-09-14,2172,1453,1,186,,False,67
110788,2025-09-15,2173,1454,3,186,,False,67
110788,2025-09-25,2183,1459,1,187,,False,67
110788,2025-09-30,2188,1459,1,188,,False,67
110788,2025-10-14,2202,1461,1,188,,False,68
110788,2025-10-16,2204,1461,1,188,,False,68
110788,2025-10-28,2216,1465,1,188,,False,68
110788,2025-10-30,2218,1467,1,188,,False,68
110788,2025-11-03,2222,1467,1,188,,False,68
110788,2025-11-13,2232,1468,1,189,,False,68
110788,2025-11-21,2240,1467,3,189,,False,68
110788,2025-12-01,2250,1472,1,191,,False,68
110788,2025-12-03,2252,1473,1,191,,False,68
110788,2026-01-15,2295,1479,1,191,,False,67
110788,2026-01-25,2305,1482,1,192,,False,67
110788,2026-01-31,2311,1483,1,190,,False,67
110788,2026-02-11,2322,1484,1,191,,False,67
110788,2026-02-12,2323,1485,1,191,,False,67
110788,2026-02-13,2324,1485,1,190,,False,67
110788,2026-02-14,2325,1486,2,190,,False,67
110788,2026-02-15,2326,1486,3,190,,False,67
110788,2026-02-16,2327,1488,3,190,,False,67
110788,2026-02-18,2329,1488,2,190,,False,67
110788,2026-02-19,2330,1488,2,191,,False,67
110788,2026-02-20,2331,1488,6,191,,False,67
110788,2026-02-21,2332,1488,2,191,,False,67
110788,2026-02-23,2334,1489,1,191,,False,67
110788,2026-02-26,2337,1491,2,191,,False,67
110788,2026-02-27,2338,1492,1,191,,False,67
110788,2026-02-28,2339,1492,2,191,,False,67
110788,2026-03-02,2341,1495,1,192,,False,67
110788,2026-03-03,2342,1495,3,192,,False,67
110788,2026-03-06,2345,1495,1,192,,False,67
110788,2026-03-07,2346,1497,1,193,,False,67
110788,2026-03-09,2348,1497,1,193,,False,67
110788,2026-03-13,2352,1497,1,192,,False,67
110788,2026-03-14,2353,1498,2,192,,False,67
110788,2026-03-15,2354,1498,4,192,,False,67
110788,2026-03-18,2357,1501,2,192,,False,67
110788,2026-03-19,2358,1503,2,192,,False,67
110788,2026-03-21,2360,1508,2,192,,False,67
110788,2026-03-23,2362,1511,4,193,,False,67
110788,2026-03-24,2363,1511,2,193,,False,67
110788,2026-03-25,2364,1513,5,193,,False,67
110788,2026-03-26,2365,1513,1,192,,False,67
110788,2026-03-27,2366,1514,1,192,,False,67
110788,2026-04-22,2392,1533,1,193,,False,67
110788,2026-04-23,2393,1534,2,193,,False,67
110788,2026-04-25,2395,1536,1,194,,False,67
110788,2026-04-30,2400,1546,1,196,,False,67
110788,2026-05-02,2402,1546,1,195,,False,67
110788,2026-05-10,2410,1552,1,199,,False,67
110788,2026-05-11,2411,1557,1,199,,False,67
110788,2026-05-12,2412,1564,2,201,,False,67
110788,2026-05-13,2413,1570,1,205,,False,67
110788,2026-05-15,2415,1576,1,207,,False,67
110788,2026-05-16,2416,1576,2,207,,False,67
110788,2026-05-26,2426,1586,2,212,,False,66
110788,2026-05-27,2427,1588,2,212,,False,66
110788,2026-06-01,2432,1591,1,213,,False,66
110788,2026-06-02,2433,1593,4,212,,False,66
110788,2026-06-05,2436,1596,1,212,,False,66
110788,2026-06-07,2438,1598,2,212,,False,66
110788,2026-06-12,2443,1601,1,211,,False,66
110788,2026-06-15,2446,1601,3,211,,False,67
110788,2026-06-16,2447,1603,1,212,,False,67
110788,2026-06-18,2449,1605,1,212,,False,67
110788,2026-06-23,2454,1611,3,213,,False,67
110788,2026-06-25,2456,1615,1,214,,False,67
110788,2026-07-16,2477,1626,2,220,,False,66
110788,2026-07-17,2478,1627,4,220,,False,66
110788,2026-07-18,2479,1629,3,221,,False,66
110788,2026-07-21,2482,1632,2,222,,False,66
110788,2026-07-22,2483,1632,2,222,,False,66
110788,2026-07-23,2484,1633,4,222,,False,66
110788,2026-07-24,2485,1633,1,222,,False,66
110788,2026-07-28,2489,1633,1,222,,False,66
110788,2026-07-29,2490,1633,2,222,,False,66
110788,2026-07-30,2491,1634,1,223,,False,66
110788,2026-08-02,2494,1635,2,223,,False,67
110788,2026-08-04,2496,1637,1,223,,False,66
110788,2026-08-06,2498,1638,7,224,,False,66
110788,2026-08-07,2499,1639,2,224,,False,66
110788,2026-08-10,2502,1639,2,224,,False,66
110788,2026-08-11,2503,1639,4,224,,False,66
110788,2026-08-12,2504,1642,2,226,,False,66
110788,2026-08-13,2505,1643,2,227,,False,66
110788,2026-08-14,2506,1643,2,226,,False,67
110788,2026-08-15,2507,1644,1,226,,False,67
110788,2026-08-16,2508,1646,5,226,,False,66
110788,2026-08-17,2509,1649,1,226,,False,66
110788,2026-08-18,2510,1648,2,226,,False,66
110788,2026-08-20,2512,1649,4,226,,False,66
110788,2026-08-22,2514,1651,1,226,,False,66
110788,2026-08-23,2515,1653,2,226,,False,66
110788,2026-08-24,2516,1653,1,227,,False,66
110788,2026-08-25,2517,1653,2,226,,False,66
110788,2026-08-27,2519,1655,1,226,,False,66
110788,2026-09-05,2528,1659,1,228,,False,67
110788,2026-09-13,2536,1665,1,229,,False,67
110788,2026-09-15,2538,1665,2,229,,False,67
110788,2026-09-16,2539,1667,2,230,,False,67
110788,2026-09-17,2540,1667,1,230,,False,67
110788,2026-09-18,2541,1668,3,229,,False,67
110788,2026-09-21,2544,1670,1,230,,False,67
110788,2026-09-23,2546,1670,1,231,,False,67
110788,2026-09-26,2549,1671,1,231,,False,67
110788,2026-09-27,2550,1671,2,230,,False,67
110788,2026-09-30,2553,1668,1,229,,False,67
110788,2026-10-02,2555,1670,4,229,,False,67
110788,2026-10-06,2559,1673,2,229,,False,67
110788,2026-10-07,2560,1673,1,228,,False,67
121199,2020-07-13,1099,0,3,,,False,
121199,2020-07-14,1100,3,1,,,False,0
121199,2020-07-16,1102,4,2,,,False,0
121199,2020-07-18,1104,6,1,,,False,0
121199,2020-08-19,1136,6,1,,,False,0
121199,2021-03-25,1354,9,1,,,False,0
121199,2021-03-31,1360,10,1,,,False,0
121199,2021-05-18,1408,13,2,,,False,0
121199,2021-06-27,1448,14,2,,,False,0
121199,2021-08-30,1512,17,1,,,False,0
121199,2021-12-16,1620,18,1,,,False,0
121199,2022-03-08,1702,16,1,,,False,0
121199,2022-03-26,1720,18,1,,,False,0
121199,2022-08-07,1854,20,1,,,False,0
121199,2022-11-16,1955,21,1,,,False,0
121199,2022-12-07,1976,22,1,,,False,0
121199,2022-12-23,1992,25,1,,,False,0
121199,2023-01-25,2025,25,1,,,False,0
121199,2023-06-13,2164,30,1,1,,False,0
121199,2023-06-14,2165,31,2,1,,False,0
121199,2023-08-21,2233,37,1,1,,False,0
121199,2023-11-08,2312,40,2,1,,False,0
121199,2023-12-18,2352,41,1,1,,False,0
121199,2023-12-31,2365,41,1,1,,False,0
121199,2024-01-17,2382,43,1,1,,False,0
121199,2024-01-18,2383,45,1,1,,False,0
121199,2024-02-04,2400,47,2,1,,False,0
121199,2024-03-15,2440,48,1,2,,False,0
121199,2024-07-20,2567,50,1,2,,False,0
121199,2024-09-03,2612,51,1,2,,False,0
121199,2024-09-08,2617,52,1,2,,False,0
121199,2024-09-10,2619,52,2,2,,False,0
121199,2024-09-18,2627,53,2,2,,False,0
121199,2024-09-29,2638,55,1,2,,False,0
121199,2025-08-31,2974,69,1,3,,False,0
121199,2025-11-16,3051,68,2,3,,False,0
121199,2025-12-30,3095,71,1,4,,False,0
121199,2026-01-17,3113,71,1,3,,False,0
121199,2026-03-14,3169,75,1,4,,False,0
121199,2026-03-15,3170,75,1,4,,False,0
121199,2026-03-16,3171,75,1,4,,False,0
121199,2026-05-11,3227,78,1,5,,False,0
121199,2026-06-29,3276,80,1,5,,False,0
121199,2026-06-30,3277,81,1,5,,False,0
121199,2026-07-13,3290,82,2,5,,False,0
121199,2026-09-05,3344,84,1,5,,False,0
121199,2026-09-09,3348,84,1,5,,False,0
121199,2026-09-21,3360,86,1,5,,False,0
