anilist_id,site,type,language,url
3786,Official Site,INFO,Japanese,https://www.evangelion.co.jp/final_bd_dvd.html
3786,Amazon Prime Video,STREAMING,,https://www.amazon.com/dp/B098VW137N/
3786,Twitter,SOCIAL,Japanese,https://twitter.com/evangelion_co
21569,Official Site,INFO,,http://gekidol.com/alicein/
21569,Twitter,SOCIAL,,https://twitter.com/gekidol_anime
21569,Crunchyroll,STREAMING,,https://www.crunchyroll.com/gekidol
101595,Official Site,INFO,Japanese,http://www.pripri-anime.jp/
101595,Twitter,SOCIAL,Japanese,https://twitter.com/pripri_anime/
101595,HIDIVE,STREAMING,,https://www.hidive.com/playlist/19877
102498,Official Site,INFO,,http://www.b-animation.jp/
102498,Netflix,STREAMING,,https://www.netflix.com/title/80097594
102498,Twitter,SOCIAL,,https://twitter.com/b_the_beginning
103632,Official Site,INFO,,https://kumo-anime.com/
103632,Twitter,SOCIAL,,https://twitter.com/kumoko_anime
103632,Twitter,SOCIAL,,https://twitter.com/ImaSpiderSoWhat
103632,Crunchyroll,STREAMING,,https://www.crunchyroll.com/so-im-a-spider-so-what
103632,YouTube,STREAMING,,https://www.youtube.com/playlist?list=PLxSscENEp7Jh0Urq4XJv3SkmYTq-goyCo
103632,Netflix,STREAMING,,https://www.netflix.com/title/81392169
103632,Hulu,STREAMING,,https://www.hulu.com/series/so-im-a-spider-so-what-4d55de59-833a-494d-a019-babb25a84a85
103712,Official Site,INFO,Japanese,https://sailormoon-movie.jp/
103712,Twitter,SOCIAL,Japanese,https://twitter.com/sailor_movie
103712,Netflix,STREAMING,,https://www.netflix.com/title/81214399
103713,Official Site,INFO,Japanese,https://sailormoon-movie.jp/
103713,Twitter,SOCIAL,Japanese,https://twitter.com/sailor_movie
103713,Netflix,STREAMING,,https://www.netflix.com/title/81214399
104329,Twitter,SOCIAL,,https://twitter.com/Anime_ProjectBB
104459,Twitter,SOCIAL,Japanese,https://twitter.com/yurucamp_anime
104459,Official Site,INFO,Japanese,https://yurucamp.jp/second/
104459,Crunchyroll,STREAMING,,https://www.crunchyroll.com/laid-back-camp
104459,YouTube,STREAMING,,https://www.youtube.com/playlist?list=PLxSscENEp7JhsFhLkiHzyfMeO5unNiOEc
104459,Netflix,STREAMING,,https://www.netflix.com/title/81392083
104459,Bilibili TV,STREAMING,,https://www.bilibili.tv/en/media/37489
104459,TikTok,SOCIAL,Japanese,https://www.tiktok.com/@yurucamp_anime
104459,Instagram,SOCIAL,Japanese,https://www.instagram.com/yurucamp_insta/
106503,Crunchyroll,STREAMING,,https://www.crunchyroll.com/ex-arm
108465,Twitter,SOCIAL,Japanese,https://twitter.com/mushokutensei_A/
108465,Official Site,INFO,Japanese,https://mushokutensei.jp/
108465,YouTube,STREAMING,,https://www.youtube.com/playlist?list=PLwLSw1_eDZl01_ftoIT3birJWkpxFZkEl
108465,Hulu,STREAMING,,https://www.hulu.com/series/mushoku-tensei-jobless-reincarnation-787a5fb4-9cba-4a69-96b2-4fb3b10c860a
108465,Crunchyroll,STREAMING,,https://www.crunchyroll.com/mushoku-tensei-jobless-reincarnation
108465,Netflix,STREAMING,,https://www.netflix.com/title/80987039
108465,WeTV,STREAMING,,https://wetv.vip/en/play/ecmp615ib5kswl3
108465,iQ,STREAMING,,https://www.iq.com/album/tg0bzbp8zd
108511,Twitter,SOCIAL,Japanese,https://twitter.com/ten_sura_anime
108511,Official Site,INFO,Japanese,https://www.ten-sura.com/anime/tensura
108511,Crunchyroll,STREAMING,,https://www.crunchyroll.com/that-time-i-got-reincarnated-as-a-slime
108511,YouTube,STREAMING,,https://www.youtube.com/playlist?list=PLwLSw1_eDZl24o1N6adcgGPyIJPfJ21GL
108511,Twitter,SOCIAL,English,https://twitter.com/SlimeAnime
108511,iQ,STREAMING,,https://www.iq.com/album/wawhhl0y5p
108511,Netflix,STREAMING,,https://www.netflix.com/title/81028712
108511,Bilibili,STREAMING,,https://www.bilibili.com/bangumi/media/md28231812
108511,Twitter,SOCIAL,French,https://twitter.com/SlimeOfficielFR
108511,Twitter,SOCIAL,,https://twitter.com/SlimeAnimePT
108511,Bilibili TV,STREAMING,,https://www.bilibili.tv/media/36689
108511,Hulu,STREAMING,,https://www.hulu.com/series/79ace21f-5124-4913-950e-1afea45f723c
108631,Official Site,INFO,Japanese,https://hataraku-saibou.com/
108631,Twitter,SOCIAL,Japanese,https://twitter.com/hataraku_saibou
108631,Crunchyroll,STREAMING,,https://www.crunchyroll.com/cells-at-work
108631,iQ,STREAMING,,https://www.iq.com/album/rou2ra211h
108631,Netflix,STREAMING,,https://www.netflix.com/title/81028791
108631,YouTube,STREAMING,,https://www.youtube.com/watch?v=Nu6SsBBHXXk&list=PLwLSw1_eDZl2jD4HobdnUs3oOdkDNwQGq&ab_channel=MuseAsia
108725,Official Site,INFO,,https://neverland-anime.com/
108725,Twitter,SOCIAL,,https://twitter.com/yakuneba_staff
108725,Hulu,STREAMING,,https://www.hulu.com/series/the-promised-neverland-3ef087c6-d967-4495-9730-b5ff54ded8e0
108725,Adult Swim,STREAMING,,https://www.adultswim.com/videos/the-promised-neverland
108725,iQ,STREAMING,,https://www.iq.com/album/1btr7hvzfg9
108725,Netflix,STREAMING,,https://www.netflix.com/title/81145640
108725,Crunchyroll,STREAMING,,https://www.crunchyroll.com/the-promised-neverland
108725,Official Site,INFO,Chinese,https://ani.gamer.com.tw/animeVideo.php?sn=20561
109010,Official Site,INFO,,https://etoile-anime.jp/
109010,Twitter,SOCIAL,,https://twitter.com/ichu_anime
109010,YouTube,STREAMING,,https://www.youtube.com/playlist?list=PLwLSw1_eDZl3lkMqeu3M0PaNttQM0cWka
109010,Crunchyroll,STREAMING,,https://www.crunchyroll.com/ichu
109261,Twitter,SOCIAL,Japanese,https://twitter.com/5Hanayome_anime
109261,Official Site,INFO,Japanese,http://www.tbs.co.jp/anime/5hanayome/2nd/
109261,Crunchyroll,STREAMING,,https://www.crunchyroll.com/the-quintessential-quintuplets
109261,Bilibili TV,STREAMING,,https://www.bilibili.tv/id/media/36538
109403,Twitter,SOCIAL,Japanese,https://twitter.com/nonnontv
109403,Official Site,INFO,Japanese,http://nonnontv.com/tvanime/
109403,Crunchyroll,STREAMING,,https://www.crunchyroll.com/non-non-biyori
109403,HIDIVE,STREAMING,,https://www.hidive.com/tv/non-non-biyori-nonstop
110200,Twitter,SOCIAL,Japanese,https://twitter.com/VLADLOVE_ANIME
110200,Official Site,INFO,Japanese,https://www.vladlove.com/index.html
110200,YouTube,STREAMING,,https://www.youtube.com/channel/UCJGAtsbdFq0AR3Fg5VcqJ9A
110200,Crunchyroll,STREAMING,,https://www.crunchyroll.com/vlad-love
110277,Official Site,INFO,Japanese,https://shingeki.tv/final/
110277,Twitter,SOCIAL,Japanese,https://twitter.com/anime_shingeki
110277,Crunchyroll,STREAMING,,https://www.crunchyroll.com/attack-on-titan
110277,Hulu,STREAMING,,https://www.hulu.com/series/attack-on-titan-9c91ffa3-dc20-48bf-8bc5-692e37c76d88
110277,Adult Swim,STREAMING,,https://www.adultswim.com/videos/attack-on-titan
110277,iQ,STREAMING,,https://www.iq.com/album/26rwd8fpbix
110277,Netflix,STREAMING,,https://www.netflix.com/title/70299043
110277,Crunchyroll,STREAMING,,https://www.crunchyroll.com/attack-on-titan-dubs
110277,Instagram,SOCIAL,Japanese,https://www.instagram.com/anime_shingeki_official/
112443,Official Site,INFO,Japanese,http://tomozaki-koushiki.com/
112443,Twitter,SOCIAL,Japanese,https://twitter.com/tomozakikoshiki
112443,Crunchyroll,STREAMING,,https://www.crunchyroll.com/bottom-tier-character-tomozaki
112649,Official Site,INFO,Japanese,https://lasdan.com/
112649,Twitter,SOCIAL,Japanese,https://twitter.com/lasdan_PR
112649,YouTube,STREAMING,,https://www.youtube.com/playlist?list=PLwLSw1_eDZl3X-zEFf3ZnYgu6MuUIO9q3
112649,Crunchyroll,STREAMING,,https://www.crunchyroll.com/suppose-a-kid-from-the-last-dungeon-boonies-moved-to-a-starter-town
113231,Twitter,SOCIAL,Japanese,https://twitter.com/243anime
113231,Official Site,INFO,Japanese,https://243anime.com/
113231,Crunchyroll,STREAMING,,https://www.crunchyroll.com/243-seiin-high-school-boys-volleyball-team
113476,Twitter,SOCIAL,,https://twitter.com/SB69A
113476,Official Site,INFO,,https://showbyrock-anime-s.com/
113476,YouTube,STREAMING,,https://www.youtube.com/playlist?list=PLxSscENEp7Jg-H3LCLflZvXPqNzBBcgPe
113585,Twitter,SOCIAL,,https://twitter.com/Skate_Leading
113585,Official Site,INFO,,https://skateleadingstars.com/
113585,YouTube,STREAMING,,https://youtube.com/playlist?list=PLxSscENEp7JhI_jQt9Ivtl_N_rDOaSQyU
113585,Crunchyroll,STREAMING,,https://www.crunchyroll.com/skate-leading-stars
113595,Twitter,SOCIAL,,https://twitter.com/planetarian_pj
113595,Official Site,INFO,,http://planetarian-project.com/
113692,Twitter,SOCIAL,,https://twitter.com/seitokai0428
113692,Official Site,INFO,,http://king-cr.jp/special/seitokai_G2/
113814,Twitter,SOCIAL,Japanese,https://twitter.com/idolypride
113814,Official Site,INFO,Japanese,https://anime.idolypride.jp/
113814,Crunchyroll,STREAMING,,https://www.crunchyroll.com/idoly-pride
113936,Twitter,SOCIAL,Japanese,https://twitter.com/stone_anime_off
113936,Official Site,INFO,Japanese,https://dr-stone.jp/
113936,Crunchyroll,STREAMING,,https://www.crunchyroll.com/dr-stone
113936,iQ,STREAMING,,https://www.iq.com/album/1kfbshgf14x
113936,Netflix,STREAMING,,https://www.netflix.com/title/81046193
113936,Instagram,SOCIAL,Japanese,https://www.instagram.com/dr.stone.anime.official
113936,YouTube,STREAMING,,https://youtube.com/playlist?list=PLxSscENEp7Jjd9DclPvIJd8fmLnYFiA-c
113936,Max,STREAMING,,https://www.max.com/shows/1eeedaa4-1774-418e-a1a5-e811bd942e38
113936,TikTok,SOCIAL,Japanese,https://tiktok.com/@STONE_anime_off
113936,Hulu,STREAMING,,https://www.hulu.com/series/148925d5-ea60-4277-b0f6-7b2ded20b2d0
114085,Official Site,INFO,Japanese,https://kemonojihen-anime.com/
114085,Twitter,SOCIAL,Japanese,https://twitter.com/Kemonojihen_tv
114085,YouTube,STREAMING,,https://www.youtube.com/playlist?list=PLwLSw1_eDZl1YS_pINBRcstuSCSgO4EGj
114085,Netflix,STREAMING,,https://www.netflix.com/title/81392166
114085,Crunchyroll,STREAMING,,https://www.crunchyroll.com/kemono-jihen
114087,Official Site,INFO,Japanese,http://www.toei-anim.co.jp/tv/wt/
114087,Twitter,SOCIAL,Japanese,https://twitter.com/Anime_W_Trigger
114087,Crunchyroll,STREAMING,,https://www.crunchyroll.com/world-trigger
114087,Netflix,STREAMING,,https://www.netflix.com/title/80149562
114087,Hoopla,STREAMING,,https://www.hoopladigital.com/television/world-trigger-season-2-brian-doe/15581604
114129,Official Site,INFO,Japanese,http://wwws.warnerbros.co.jp/gintamamovie/
114129,Twitter,SOCIAL,Japanese,https://twitter.com/gintamamovie
114129,Bilibili TV,STREAMING,,https://www.bilibili.tv/en/media/1042418/
114129,Crunchyroll,STREAMING,,https://www.crunchyroll.com/gintama-the-very-final
114194,Twitter,SOCIAL,,https://twitter.com/bst_anime
114194,Official Site,INFO,,https://bst-anime.com/
114194,Netflix,STREAMING,,https://www.netflix.com/title/81054847
114301,Twitter,SOCIAL,Japanese,https://twitter.com/Hortensia_PR
114301,Official Site,INFO,Japanese,http://site.animehorsaga.jp/
114301,Crunchyroll,STREAMING,,https://www.crunchyroll.com/hortensia-saga
114304,Official Site,INFO,,http://cookingmaster-anime.jp/
114304,Twitter,SOCIAL,,https://twitter.com/shin_chuichi
114304,Crunchyroll,STREAMING,,https://www.crunchyroll.com/true-cooking-master-boy
114304,iQ,STREAMING,,https://www.iq.com/album/1vmlahcnkdt
114307,Official Site,INFO,Japanese,https://back-arrow.com/
114307,Twitter,SOCIAL,Japanese,https://twitter.com/backarrow_info
114307,Crunchyroll,STREAMING,,https://www.crunchyroll.com/back-arrow
114473,Official Site,INFO,Japanese,https://1st.azurlane-bisoku.jp/
114473,Twitter,SOCIAL,Japanese,https://twitter.com/azurlane_bisoku
114473,Crunchyroll,STREAMING,,https://www.crunchyroll.com/anime-azurlane-slow-ahead
114862,Twitter,SOCIAL,Japanese,https://twitter.com/loghorizon_DORT
114862,Official Site,INFO,Japanese,https://www6.nhk.or.jp/anime/program/detail.html?i=loghorizon3
114862,Crunchyroll,STREAMING,,https://www.crunchyroll.com/log-horizon
116069,Official Site,INFO,,http://project-t7s-a.jp/
116069,Twitter,SOCIAL,,https://twitter.com/2020_7th
116287,Official Site,INFO,Japanese,https://othersidepicnic.com/
116287,Twitter,SOCIAL,Japanese,https://twitter.com/OthersidePicnic
116287,YouTube,STREAMING,,https://www.youtube.com/playlist?list=PLxSscENEp7JhuqqXxuJ3FjDyQ0ISzzBZ7
116287,Crunchyroll,STREAMING,,https://www.crunchyroll.com/otherside-picnic
116752,Official Site,INFO,,https://www.7-taizai.net/
116752,Twitter,SOCIAL,,https://twitter.com/7_taizai
116752,Netflix,STREAMING,,https://www.netflix.com/title/80050063
116944,Twitter,SOCIAL,,https://twitter.com/wixoss_anime
116944,Official Site,INFO,,http://wixoss-diva.com/
116944,Crunchyroll,STREAMING,,https://www.crunchyroll.com/wixoss-divaalive
117067,Official Site,INFO,,https://www6.nhk.or.jp/anime/special/special.html?i=8132
117067,Crunchyroll,STREAMING,,https://www.crunchyroll.com/kiyo-in-kyoto-from-the-maiko-house
117067,Official Site,INFO,,https://www3.nhk.or.jp/nhkworld/maikosan/
117085,Official Site,INFO,Japanese,https://ssorphen-anime.com/1st/
117085,Twitter,SOCIAL,Japanese,https://twitter.com/orphen25_tv
117085,YouTube,STREAMING,,https://www.youtube.com/playlist?list=PLxSscENEp7JjRWjpydulq6sytW7djJXwY
117085,Crunchyroll,STREAMING,,https://www.crunchyroll.com/series/GJ0H7QXDW/sorcerous-stabber-orphen
117533,Official Site,INFO,,https://saibou-black.com
117533,Twitter,SOCIAL,,https://twitter.com/cellsatworkbla1
117533,Crunchyroll,STREAMING,,https://www.crunchyroll.com/cells-at-work-code-black
117533,iQ,STREAMING,,https://www.iq.com/album/23c87oba56x
117533,Netflix,STREAMING,,https://www.netflix.com/title/81392162
117556,Official Site,INFO,Japanese,https://www.ariacompany.net/
117556,Twitter,SOCIAL,Japanese,https://twitter.com/ARIA_SENDEN
117556,YouTube,STREAMING,,https://youtu.be/a3Zpswn1mjE
117696,Twitter,SOCIAL,,https://twitter.com/tendebu_PR
117696,Official Site,INFO,,https://tendebu.jp/
117696,Crunchyroll,STREAMING,,https://www.crunchyroll.com/heavens-design-team
117696,YouTube,STREAMING,,https://www.youtube.com/playlist?list=PLwLSw1_eDZl2EXwI9aJdqU567z6f3UUzU
118375,Twitter,SOCIAL,Japanese,https://twitter.com/kakushidungeon
118375,Official Site,INFO,Japanese,https://kakushidungeon-anime.jp/
118375,Crunchyroll,STREAMING,,https://www.crunchyroll.com/the-hidden-dungeon-only-i-can-enter
118375,Bilibili TV,STREAMING,,https://www.bilibili.tv/en/media/36934
119123,Official Site,INFO,Japanese,http://soukou-musume-senki.com/
119123,Twitter,SOCIAL,Japanese,https://twitter.com/soumusu_anime
119123,Crunchyroll,STREAMING,,https://www.crunchyroll.com/lbx-girls
119661,Official Site,INFO,Japanese,http://re-zero-anime.jp/tv/
119661,Twitter,SOCIAL,Japanese,https://twitter.com/Rezero_official
119661,Crunchyroll,STREAMING,,https://www.crunchyroll.com/rezero-starting-life-in-another-world-
119661,Netflix,STREAMING,,https://www.netflix.com/title/80131659
119661,Twitter,SOCIAL,French,https://twitter.com/ReZEROFR
119661,TikTok,SOCIAL,Japanese,https://www.tiktok.com/@rezero_anime_official
119661,YouTube,STREAMING,,https://www.youtube.com/@Rezero_official
119661,Twitter,SOCIAL,English,https://x.com/ReZero_En
119661,Facebook,SOCIAL,English,https://www.facebook.com/ReZero.fans
119661,Instagram,SOCIAL,English,https://www.instagram.com/re.zero.fans/
120150,Twitter,SOCIAL,Japanese,https://twitter.com/bungosd_anime
120150,Official Site,INFO,Japanese,https://bungo-stray-dogs-wan.com/
120150,Crunchyroll,STREAMING,,https://www.crunchyroll.com/bungo-stray-dogs-wan
121026,Twitter,SOCIAL,,https://twitter.com/precure_movie
121026,Official Site,INFO,,https://2021spring.precure-movie.com/pc/
121681,Official Site,INFO,Japanese,http://w-witch.jp/ww_takeoff/
121681,Twitter,SOCIAL,Japanese,https://twitter.com/w_witch_anime
121681,Crunchyroll,STREAMING,,https://www.crunchyroll.com/strike-witches-501st-joint-fighter-wing-take-off
123474,Official Site,INFO,Japanese,https://to-to2ni-anime.jp/
123474,Twitter,SOCIAL,Japanese,https://twitter.com/to_to2ni_anime
123474,Crunchyroll,STREAMING,,https://www.crunchyroll.com/oh-suddenly-egyptian-god
123476,Twitter,SOCIAL,,https://twitter.com/shintenianime
123476,Official Site,INFO,,http://tenipuri.jp/h-r/
123476,Crunchyroll,STREAMING,,https://www.crunchyroll.com/the-prince-of-tennis-ii-hyotei-vs-rikkai-game-of-future
123779,Official Site,INFO,,https://ramune-anime.com/
123779,Twitter,SOCIAL,,https://twitter.com/dr_ramune
123779,Crunchyroll,STREAMING,,https://www.crunchyroll.com/dr-ramune-mysterious-disease-specialist-
123779,YouTube,STREAMING,,https://www.youtube.com/playlist?list=PLwLSw1_eDZl2ZFZlTclIzJrxs74_7Nb47
123779,YouTube,STREAMING,,https://www.youtube.com/playlist?list=PLuxqoToY7UchVjLOiCYh8s5EC1-Ic0jOl
123779,Bilibili TV,STREAMING,,https://www.bilibili.tv/en/media/36711
123779,YouTube,STREAMING,,https://www.youtube.com/playlist?list=PL12UaAf_xzfoV_cZSaTMzstflTQgOiDVL
123785,Official Site,INFO,Japanese,https://project-scard.com/
123785,Twitter,SOCIAL,Japanese,https://twitter.com/pj_scard
123785,YouTube,STREAMING,,https://www.youtube.com/playlist?list=PLwLSw1_eDZl2AAB1zAh5bCOdsxuBznXFl
123785,Crunchyroll,STREAMING,,https://www.crunchyroll.com/scar-on-the-praeter
124080,Official Site,INFO,Japanese,https://horimiya-anime.com/
124080,Twitter,SOCIAL,Japanese,https://twitter.com/horimiya_anime
124080,Hulu,STREAMING,,https://www.hulu.com/series/horimiya-b76b37a3-c529-4967-ab5c-bc734b79132d
124080,Netflix,STREAMING,,https://www.netflix.com/title/81020819
124080,iQ,STREAMING,,https://www.iq.com/album/1c6abwc1auh
124080,Bilibili TV,STREAMING,,https://www.bilibili.tv/media/37490
124080,Crunchyroll,STREAMING,,https://www.crunchyroll.com/horimiya
124080,Amazon Prime Video,STREAMING,,https://www.primevideo.com/region/fe/detail/0TXL8MWM8FFGS4GEMXVW7UWZGA/ref=atv_dp_share_cu_r
124131,Official Site,INFO,Japanese,http://www.gekidol.com/
124131,Twitter,SOCIAL,Japanese,https://twitter.com/gekidol_anime
124131,Crunchyroll,STREAMING,,https://www.crunchyroll.com/gekidol
124132,Official Site,INFO,,https://anime-natsume2021.com/
124132,Twitter,SOCIAL,,https://twitter.com/NatsumeYujincho
124132,Bilibili TV,STREAMING,,https://www.bilibili.tv/id/media/1006968
124136,Twitter,SOCIAL,,https://twitter.com/otonabougu
124136,YouTube,STREAMING,,https://www.youtube.com/playlist?list=PLwLSw1_eDZl3hB6k5qSdSH296aVdctz8V
124136,Crunchyroll,STREAMING,,https://www.crunchyroll.com/armor-shop-for-ladies-gentlemen
124153,Official Site,INFO,Japanese,https://sk8-project.com/
124153,Twitter,SOCIAL,Japanese,https://twitter.com/sk8_project
124153,Instagram,SOCIAL,Japanese,https://www.instagram.com/sk8_anime
124153,Facebook,SOCIAL,Japanese,https://ww.facebook.com/sk8.anime
124153,Crunchyroll,STREAMING,,https://www.crunchyroll.com/sk8-the-infinity
124153,Bilibili TV,STREAMING,,https://www.bilibili.tv/media/36709
124223,Twitter,SOCIAL,Japanese,https://twitter.com/uma_musu_anime
124223,Official Site,INFO,Japanese,https://anime-umamusume.jp/archive/2nd/
124223,Crunchyroll,STREAMING,,https://www.crunchyroll.com/umamusume-pretty-derby
124223,Bilibili TV,STREAMING,,https://www.bilibili.tv/en/media/37624/
124223,YouTube,STREAMING,,https://www.youtube.com/playlist?list=PLxSscENEp7Jgj79jI0W9KxvoRwfTGyeIw
124394,Official Site,INFO,Japanese,https://yatogame.nagoya/
124394,Twitter,SOCIAL,Japanese,https://twitter.com/yatogame_chan
124394,Crunchyroll,STREAMING,,https://www.crunchyroll.com/yatogame-chan-kansatsu-nikki
124472,Official Site,INFO,,https://greenfunding.jp/bouncy/projects/2679
124555,Official Site,INFO,,https://wsy-idolls.com/
124555,Twitter,SOCIAL,,https://twitter.com/wsy_idolls
124555,Crunchyroll,STREAMING,,https://www.crunchyroll.com/idolls
124612,Official Site,INFO,,https://dogeza-anime.com/
124612,Twitter,SOCIAL,,https://twitter.com/dgz_anime
124845,Twitter,SOCIAL,Japanese,https://twitter.com/WEP_anime
124845,Official Site,INFO,Japanese,https://wonder-egg-priority.com
124845,Crunchyroll,STREAMING,,https://www.crunchyroll.com/wonder-egg-priority
125428,Official Site,INFO,Japanese,https://high-rise-invasion.com/
125428,Twitter,SOCIAL,Japanese,https://twitter.com/tenkuu_pr
125428,Netflix,STREAMING,,https://www.netflix.com/title/81043571
126678,Official Site,INFO,,https://www.tv-tokyo.co.jp/anime/yamishibai8/
126678,Crunchyroll,STREAMING,,https://www.crunchyroll.com/yamishibai-japanese-ghost-stories
126819,Twitter,SOCIAL,,https://twitter.com/gintamamovie
126819,Official Site,INFO,,https://video.dmkt-sp.jp/ft/s0007147
126905,Official Site,INFO,,http://www.toei-anim.co.jp/tv/tropical-rouge_precure/
126905,Crunchyroll,STREAMING,,https://www.crunchyroll.com/tropical-rouge-precure
126905,Twitter,SOCIAL,,https://twitter.com/TVanime_precure
127536,Twitter,SOCIAL,Japanese,https://twitter.com/mujina_company
127536,Official Site,INFO,Japanese,https://mujina-company.com/
127536,HIDIVE,STREAMING,,https://www.hidive.com/movies/cute-executive-officer
127536,YouTube,STREAMING,,https://youtube.com/playlist?list=PLxSscENEp7JjSiVggG7D0bM6tyadqA6oN
127689,Twitter,SOCIAL,,https://twitter.com/Kintamani__Dog
127689,Official Site,INFO,,https://kintamani-dog.com/
127690,Official Site,INFO,Japanese,https://molcar-anime.com/season1/
127690,Instagram,SOCIAL,Japanese,https://www.instagram.com/molcar_anime/
127690,Twitter,SOCIAL,Japanese,https://twitter.com/molcar_anime
127690,YouTube,STREAMING,,https://www.youtube.com/playlist?list=PLwLSw1_eDZl3-WSJkQs_2HcA7hoEhSpGj
127690,YouTube,STREAMING,,https://www.youtube.com/playlist?list=PLKPsuBIKuejNti_ywlay6kXYKyIdt3mWU
127690,Netflix,STREAMING,,https://www.netflix.com/title/81416349
127690,TikTok,SOCIAL,Japanese,https://www.tiktok.com/@molcar_anime
127691,Official Site,INFO,Japanese,https://suna-manu.com/
127691,Twitter,SOCIAL,Japanese,https://twitter.com/sunatomanu
127691,YouTube,STREAMING,,https://www.youtube.com/playlist?list=PLu0dNtoi2NNYGSlyDhBvlJ1iDL5I-KUjw
127692,Twitter,SOCIAL,,https://twitter.com/abciee_anime
127692,Official Site,INFO,,https://abciee.abc-anime.co.jp/
127692,Crunchyroll,STREAMING,,https://www.crunchyroll.com/abciee-working-diary
128019,Official Site,INFO,,https://godzilla.store/chibigodzilla/
128019,YouTube,STREAMING,,https://www.youtube.com/playlist?list=PLwMvH0gVbL8_rQPwg_1nzskuIRYDLk18D
128306,YouTube,STREAMING,,https://www.youtube.com/playlist?list=PL3ongWuaWwZOHMMdzlL3UjeYRcyGhN6BC
128306,Twitter,SOCIAL,,https://twitter.com/Rezero_official
128306,Official Site,INFO,,http://re-zero-anime.jp/tv/
128367,YouTube,STREAMING,,https://www.youtube.com/channel/UCOa1eeVIm2_K_EGJrMUM10A/videos
128390,Twitter,SOCIAL,,https://twitter.com/search?q=ミニアニメ%20(from%3AFireForce_PR)&f=live
128535,Official Site,INFO,,https://7-taizai.net/special/minianime/
128535,YouTube,STREAMING,,https://www.youtube.com/channel/UCazjJ6udlwl6cP_om1zqTQQ
128563,Official Site,INFO,,https://anime.d4dj-pj.com/petit-mix/
128563,YouTube,STREAMING,,https://www.youtube.com/playlist?list=PL58brFgdVYkoL_ADeArD9-jWyrIt8Rj9q
128872,Official Site,INFO,,http://www.aikatsu.net
128872,YouTube,STREAMING,,https://www.youtube.com/user/aikatsuTV
128872,Twitter,SOCIAL,,https://twitter.com/aikatsu_anime
129123,Official Site,INFO,,https://santa-company.net/uminohi/
129123,YouTube,STREAMING,,https://www.youtube.com/watch?v=gfxiojCiTMY&feature=emb_title
129627,Official Site,INFO,,https://kimetsu.com/anime/kimetsusaionline/valentine/
129627,Bilibili,STREAMING,,https://www.bilibili.com/bangumi/media/md28234839
129627,Netflix,STREAMING,,https://www.netflix.com/title/81572035
129627,Crunchyroll,STREAMING,,https://www.crunchyroll.com/series/GNVHKNPP7/junior-high-and-high-school-kimetsu-academy-story
129872,YouTube,STREAMING,,https://www.youtube.com/watch?v=V4xzPH3NZuo
130296,Official Site,INFO,,https://www.projectaicis.com/nonocis/
130296,Twitter,SOCIAL,,https://twitter.com/gakutanfuka
130296,YouTube,STREAMING,,https://www.youtube.com/channel/UCwENgDtftPQmLchiCcUm_zw
130402,Official Site,INFO,,https://wave-project.jp/
130402,Crunchyroll,STREAMING,,https://www.crunchyroll.com/wave-lets-go-surfing-
130402,Twitter,SOCIAL,,https://twitter.com/WAVE_animation
130439,Official Site,INFO,,https://www6.nhk.or.jp/anime/program/detail.html?i=zannen
130529,Adult Swim,STREAMING,,https://www.adultswim.com/videos/toonami/cosmo-samurai-part-1
130529,YouTube,STREAMING,,https://www.youtube.com/watch?v=d2QOdMdwhig
130707,Official Site,INFO,,https://www.hokusai-anime.jp/
130707,Twitter,SOCIAL,,https://twitter.com/hokusai_anime
130707,Bilibili,STREAMING,,https://www.bilibili.com/bangumi/media/md28233862/
130846,YouTube,STREAMING,,https://www.youtube.com/watch?v=H4wXUaPGZeg
130911,YouTube,STREAMING,,https://www.youtube.com/channel/UC8Hv1j8SpNDn9ZgIlW4poYA/
130911,Official Site,INFO,,http://yusei-astronomy.beaglee.jp/
130911,Twitter,SOCIAL,,https://twitter.com/yuseitenmonclub
130911,YouTube,STREAMING,,https://www.youtube.com/playlist?list=PLwFRHrFNk0NXSt7PA-rMjtnDrUD0FYeFK
131096,Twitter,SOCIAL,,https://twitter.com/bakugan_jp
131118,Official Site,INFO,Japanese,https://www.konami.com/pawa/app/osirase_webanime.php
131118,YouTube,STREAMING,,https://www.youtube.com/playlist?list=PLtjAfd_Domyl_ssYKis6G89lKk1Ka70io
131770,Official Site,INFO,,https://www.conan-movie.jp/alibi/index.html
131971,YouTube,STREAMING,,https://www.youtube.com/playlist?list=PLS-7gvHvjh_DoFORIePMB9JJy0QFF335-
131971,Official Site,INFO,,https://www.sanrio.co.jp/character/gudetama/
131999,YouTube,STREAMING,,https://www.youtube.com/playlist?list=PLZxqqBY932IKoD15WvO_xLWupO72WLTft
131999,Twitter,SOCIAL,Japanese,https://x.com/bugbug_official
132061,Official Site,INFO,,https://sayonara-cramer.com/tv/minianime/
132061,Twitter,SOCIAL,,https://twitter.com/cramer_pr
132418,YouTube,STREAMING,,https://www.youtube.com/channel/UCHKoO2zw1TUxr1F4xWzIQTw/videos
132418,Twitter,SOCIAL,,https://twitter.com/kusohamu_chan
134222,Twitter,SOCIAL,,https://twitter.com/tasuketsu_ganma
136642,YouTube,STREAMING,,https://www.youtube.com/playlist?list=PLTd5txD5yjK-5FLltYf6dh9TyyynsoFnF
136642,Official Site,INFO,,https://tiny-band-story.com/
136642,Twitter,SOCIAL,,https://twitter.com/tinybandstory
137097,Official Site,INFO,,https://video.dmkt-sp.jp/ft/s0007097
137106,Official Site,INFO,,https://video.dmkt-sp.jp/ft/s0007097
145800,YouTube,STREAMING,,https://www.youtube.com/playlist?list=PLkFohV-tDfcxzIMICCcc7gMXFVVUP9LLn
148567,Official Site,INFO,Japanese,https://moyashin1.jimdofree.com/セカマエ/
149040,Official Site,INFO,,https://www6.nhk.or.jp/nhkpr/post/original.html?i=22382
154978,Official Site,INFO,Japanese,https://sf.1kuji.com/natsume_hanashirabe/
162744,YouTube,STREAMING,,https://www.youtube.com/watch?v=x3V3751KaZw
99730,Official Site,INFO,Japanese,https://sidonia-anime.jp/#index
99730,Twitter,SOCIAL,Japanese,https://twitter.com/SIDONIA_anime
99900,Official Site,INFO,Japanese,https://pompo-the-cinephile.com/
99900,Twitter,SOCIAL,Japanese,https://twitter.com/pomposan
101216,Twitter,SOCIAL,Japanese,https://twitter.com/etotama_anime
101216,Official Site,INFO,Japanese,http://etotama.com/nyankyakubanrai/
103277,Twitter,SOCIAL,Japanese,https://twitter.com/FGOAP_ep6
103277,Official Site,INFO,Japanese,https://anime.fate-go.jp/ep6-movie/
103277,Official Site,INFO,English,https://anime.fate-go.us/ep6-movie/
103277,Bilibili TV,STREAMING,,https://www.bilibili.tv/id/media/1046104
105595,Twitter,SOCIAL,,https://x.com/gundam_hathaway
105595,Official Site,INFO,Japanese,https://gundam-official.com/hathaway/
105595,Netflix,STREAMING,,https://www.netflix.com/title/81439253
105595,Official Site,INFO,English,https://en.gundam-official.com/hathaway/
105595,Official Site,INFO,French,https://fr.gundam-official.com/hathaway/
109217,Netflix,STREAMING,,https://www.netflix.com/title/80992783
110224,Official Site,INFO,Japanese,https://journey.toeiad.co.jp/
110224,Official Site,INFO,English,https://thejourney.movie/en/
110224,Official Site,INFO,,https://shahid.mbc.net/en/movies/The-Journey/movie-908324
110224,Crunchyroll,STREAMING,,https://www.crunchyroll.com/the-journey/
110733,Official Site,INFO,Japanese,https://zombielandsaga.com/
110733,Twitter,SOCIAL,Japanese,https://twitter.com/zombielandsaga
110733,Crunchyroll,STREAMING,,https://www.crunchyroll.com/zombie-land-saga
110733,YouTube,STREAMING,,https://www.youtube.com/playlist?list=PLwLSw1_eDZl32HV4hd5hJcF5RJ1ejNgPs
110733,iQ,STREAMING,,https://www.iq.com/album/1a0dvmvut49
112376,Official Site,INFO,Japanese,https://doraie.com/
112376,Twitter,SOCIAL,Japanese,https://twitter.com/anime_doraie
112376,Crunchyroll,STREAMING,,https://www.crunchyroll.com/dragon-goes-house-hunting
112608,Twitter,SOCIAL,Japanese,https://twitter.com/slime300_PR
112608,Official Site,INFO,Japanese,https://1st.slime300-anime.com/
112608,Crunchyroll,STREAMING,,https://www.crunchyroll.com/ive-been-killing-slimes-for-300-years-and-maxed-out-my-level
112608,iQ,STREAMING,,https://www.iq.com/album/1dtp72c2h4x
112608,YouTube,STREAMING,,https://www.youtube.com/playlist?list=PLwLSw1_eDZl00zKZeF1wQmnu9hUjsDGaU
113024,Twitter,SOCIAL,Japanese,https://twitter.com/revuestarlight
113024,Official Site,INFO,Japanese,https://cinema.revuestarlight.com/
113024,HIDIVE,STREAMING,,https://www.hidive.com/movies/revue-starlight-the-movie
113359,Official Site,INFO,Japanese,https://megalobox.com/
113359,Twitter,SOCIAL,Japanese,https://twitter.com/joe50_megalobox
113359,YouTube,STREAMING,,https://www.youtube.com/playlist?list=PLxSscENEp7JgAzPqskHYtlznaK7Q-JpCS
113359,Hulu,STREAMING,,https://www.hulu.com/series/megalobox-21675797-0897-44bf-969a-fe5045296ada
113359,Crunchyroll,STREAMING,,https://www.crunchyroll.com/megalobox
113418,Official Site,INFO,Japanese,https://supercub-anime.com/
113418,Twitter,SOCIAL,Japanese,https://twitter.com/supercub_anime
113418,YouTube,STREAMING,,https://www.youtube.com/playlist?list=PLwLSw1_eDZl1bLUFrbGuwsVRTjgIvhVzS
113418,Crunchyroll,STREAMING,,https://www.crunchyroll.com/super-cub
113428,Official Site,INFO,Japanese,https://bishonen-tanteidan.com/
113428,Twitter,SOCIAL,Japanese,https://twitter.com/nisioisin_anime
113428,Official Site,INFO,English,https://prettyboydetectiveclub-anime.com/
113428,Crunchyroll,STREAMING,,https://www.crunchyroll.com/pretty-boy-detective-club
113428,Crunchyroll,STREAMING,,https://www.crunchyroll.com/pretty-boy-detective-club
113428,Bilibili TV,STREAMING,,https://www.bilibili.tv/en/media/1001534
113653,Twitter,SOCIAL,,https://twitter.com/conan_movie
113653,Official Site,INFO,,https://www.conan-movie.jp/
113950,Official Site,INFO,Japanese,https://dynazenon.net/
113950,Twitter,SOCIAL,Japanese,https://twitter.com/SSSS_PROJECT
113950,Crunchyroll,STREAMING,,https://www.crunchyroll.com/ssssdynazenon
113950,Bilibili TV,STREAMING,,https://www.bilibili.tv/id/media/1001338
114232,Twitter,SOCIAL,Japanese,https://twitter.com/higehiro_anime/
114232,Official Site,INFO,Japanese,http://www.higehiro-anime.com/
114232,Crunchyroll,STREAMING,,https://www.crunchyroll.com/higehiro-after-being-rejected-i-shaved-and-took-in-a-high-school-runaway
114232,YouTube,STREAMING,,https://www.youtube.com/playlist?list=PLwLSw1_eDZl04kRKOrkNNvS1Yht4lZ8QK
114535,Official Site,INFO,Japanese,https://www.anime-fumetsunoanatae.com/1st/
114535,Crunchyroll,STREAMING,,https://www.crunchyroll.com/to-your-eternity
114535,YouTube,STREAMING,,https://www.youtube.com/playlist?list=PLxSscENEp7JgxV0mDkMNtd0TczCCvLb-N
114535,Twitter,SOCIAL,English,https://twitter.com/EternityAnimeEN
114535,iQ,STREAMING,,https://www.iq.com/album/1s4l0ds33fl
114535,Twitter,SOCIAL,Japanese,https://twitter.com/nep_fumetsu
114535,Netflix,STREAMING,,https://www.netflix.com/title/81333467
114535,YouTube,STREAMING,,https://youtube.com/@-animeofficialtoyoureterni9458
114535,Max,STREAMING,,https://www.max.com/shows/369ec761-967b-4de3-a466-e879ee3ed6c6
114840,Twitter,SOCIAL,Japanese,https://twitter.com/koikimo_anime
114840,Official Site,INFO,Japanese,https://koikimo.jp/
114840,Crunchyroll,STREAMING,,https://www.crunchyroll.com/koikimo
115183,Official Site,INFO,Japanese,https://marsred.tv/
115183,Twitter,SOCIAL,Japanese,https://twitter.com/marsredtv
115183,Crunchyroll,STREAMING,,https://www.crunchyroll.com/mars-red
115895,Official Site,INFO,Japanese,https://anpan-movie.com/2020/
115895,Twitter,SOCIAL,Japanese,https://twitter.com/anpanman_movie
116338,Crunchyroll,STREAMING,,https://www.crunchyroll.com/welcome-to-demon-school-iruma-kun
116338,Twitter,SOCIAL,Japanese,https://twitter.com/nep_irumakun
116338,Twitter,SOCIAL,,https://twitter.com/iruma_kun
116338,YouTube,STREAMING,,https://www.youtube.com/playlist?list=PLwLSw1_eDZl125CuqMqbAfph7jPIt7sHd
116338,Official Site,INFO,Japanese,https://www6.nhk.or.jp/anime/program/detail.html?i=iruma
116338,Bilibili TV,STREAMING,,https://www.bilibili.tv/en/media/1003171
116338,YouTube,STREAMING,,https://youtube.com/@animeofficial5506
116338,Netflix,STREAMING,,https://www.netflix.com/title/81194192
116338,Hulu,STREAMING,,https://www.hulu.com/series/bc9d04d6-0575-4341-82ca-8c6f5b697651
116588,Official Site,INFO,Japanese,https://kisaragi-co.jp/
116588,Twitter,SOCIAL,Japanese,https://twitter.com/sentoin_anime
116588,YouTube,STREAMING,,https://www.youtube.com/playlist?list=PLwLSw1_eDZl0tNsenacq3tN4Jedyd-H_7
116588,Crunchyroll,STREAMING,,https://www.crunchyroll.com/combatants-will-be-dispatched
116589,Official Site,INFO,Japanese,https://anime-86.com/
116589,Twitter,SOCIAL,Japanese,https://twitter.com/anime_eightysix
116589,iQ,STREAMING,,https://www.iq.com/album/2aef2fzzzvp
116589,Netflix,STREAMING,,https://www.netflix.com/title/81442047
116589,Crunchyroll,STREAMING,,https://www.crunchyroll.com/series/GVDHX8DM5/86-eighty-six
116741,Official Site,INFO,,https://www.ten-sura.com/anime/tensura-nikki
116741,Twitter,SOCIAL,,https://twitter.com/ten_sura_anime
116741,Crunchyroll,STREAMING,,https://www.crunchyroll.com/the-slime-diaries
116741,YouTube,STREAMING,,https://youtube.com/playlist?list=PLwLSw1_eDZl0KQPaOlV_-i8-F3Dyu_kO_
116741,iQ,STREAMING,,https://www.iq.com/album/2edcfemvkyx
116741,Bilibili,STREAMING,,https://www.bilibili.com/bangumi/media/md28233903
117193,Official Site,INFO,Japanese,https://heroaca.com/
117193,Twitter,SOCIAL,Japanese,https://twitter.com/heroaca_anime
117193,Crunchyroll,STREAMING,,https://www.crunchyroll.com/my-hero-academia/
117193,Hulu,STREAMING,,https://www.hulu.com/series/my-hero-academia-36e318dc-3daf-47fb-8219-9e3cb5cd28f2
117193,iQ,STREAMING,,https://www.iq.com/album/1qbbiha65ed
117193,Netflix,STREAMING,,https://www.netflix.com/title/80135674
117193,Crunchyroll,STREAMING,,https://www.crunchyroll.com/my-hero-academia-dubs
117193,Twitter,SOCIAL,French,https://twitter.com/MHAOfficielFR
117448,Official Site,INFO,Japanese,https://isekaimaou-anime.com/
117448,Twitter,SOCIAL,Japanese,https://twitter.com/isekaimaou
117448,Crunchyroll,STREAMING,,https://www.crunchyroll.com/how-not-to-summon-a-demon-lord
117448,iQ,STREAMING,,https://www.iq.com/album/1n404dmybrl
117448,YouTube,STREAMING,,https://www.youtube.com/playlist?list=PLxSscENEp7Jhq3b0mH_rLalCw8ttjbHnP
117763,Official Site,INFO,Japanese,https://roselia-movie.bang-dream.com/
117763,Twitter,SOCIAL,Japanese,https://twitter.com/bang_dream_info
117763,Crunchyroll,STREAMING,,https://www.crunchyroll.com/bang-dream-movies
117763,YouTube,STREAMING,,https://www.youtube.com/playlist?list=PLwLSw1_eDZl2G6DBHShiUaTXCskconQ9V
119042,Official Site,INFO,,http://yuyuyu.tv/
119042,Twitter,SOCIAL,,https://twitter.com/anime_yukiyuna
119042,Official Site,INFO,,http://yuyuyu.tv/churutto/
119042,HIDIVE,STREAMING,,https://www.hidive.com/season/19904
119675,Twitter,SOCIAL,Japanese,https://twitter.com/SHAMANKING_PR
119675,Official Site,INFO,Japanese,https://shamanking-project.com/shamanking/
119675,Netflix,STREAMING,,https://www.netflix.com/title/81239555
119675,Bilibili,STREAMING,,https://www.bilibili.com/bangumi/media/md28234037
119683,Twitter,SOCIAL,Japanese,https://twitter.com/EDENSZERO_PJ
119683,Official Site,INFO,Japanese,https://edens-zero.net/anime/
119683,Netflix,STREAMING,,https://www.netflix.com/title/81261630
119683,YouTube,STREAMING,,https://www.youtube.com/@edenszero8904
119806,Twitter,SOCIAL,,https://twitter.com/TBF_PR/
119806,Facebook,SOCIAL,,https://www.facebook.com/ThunderboltFantasyTW/
119806,Official Site,INFO,,https://thunderboltfantasy.com.tw/session3/
119806,Official Site,INFO,,https://www.thunderboltfantasy.com/season3/
119806,Crunchyroll,STREAMING,,https://www.crunchyroll.com/thunderbolt-fantasy
120120,Twitter,SOCIAL,Japanese,https://twitter.com/anime_toman
120120,Official Site,INFO,Japanese,https://tokyo-revengers-anime.com/
120120,YouTube,STREAMING,,https://www.youtube.com/playlist?list=PLwLSw1_eDZl3F9AGKbC7iRIGeU2XosgTy
120120,Crunchyroll,STREAMING,,https://www.crunchyroll.com/tokyo-revengers
120120,Netflix,STREAMING,,https://www.netflix.com/title/81442520
120120,Instagram,SOCIAL,English,https://www.instagram.com/tokyo.revengers.en/
120120,Twitter,SOCIAL,English,https://twitter.com/tokyo_rev_en
120120,iQ,STREAMING,,https://www.iq.com/album/17qqf96eghx
120120,Bilibili TV,STREAMING,,https://www.bilibili.tv/en/media/1001400
120120,Twitter,SOCIAL,French,https://twitter.com/Tokyo_Rev_FR
120120,Max,STREAMING,,https://www.max.com/shows/47f0c251-1a08-4225-b089-acb5ecc6ebf6
120120,YouTube,STREAMING,,https://www.youtube.com/playlist?list=PLpm1VVK4UL14ZN_ayyUTitn2qFsVKMI_9
120120,Hulu,STREAMING,,https://www.hulu.com/series/d45b72d4-3c8d-4961-960a-c0c182890189
120120,Hulu,STREAMING,,https://www.hulu.com/series/1a195a35-e19c-4e36-b609-3b1c451f6ce4
120376,Twitter,SOCIAL,Japanese,https://twitter.com/TWEWY_PR
120376,Official Site,INFO,Japanese,https://subarashiki-anime.jp/
120376,Hulu,STREAMING,,https://www.hulu.com/series/the-world-ends-with-you-the-animation-5c9578dd-588f-4b41-a861-631f58aeb89f
120376,YouTube,STREAMING,,https://www.youtube.com/playlist?list=PLxSscENEp7Ji51XAhfhSskHMP3EnQxGur
120376,Crunchyroll,STREAMING,,https://www.crunchyroll.com/the-world-ends-with-you-the-animation
120534,Official Site,INFO,Japanese,http://daiundoukai-restart.jp/
120534,Twitter,SOCIAL,Japanese,https://twitter.com/daiundokai_r
120534,Crunchyroll,STREAMING,,https://www.crunchyroll.com/battle-athletes-victory-restart
120697,Twitter,SOCIAL,Japanese,https://twitter.com/nagatoro_tv
120697,Official Site,INFO,Japanese,https://www.nagatorosan.jp/1st/
120697,Crunchyroll,STREAMING,,https://www.crunchyroll.com/dont-toy-with-me-miss-nagatoro
120697,iQ,STREAMING,,https://www.iq.com/album/1fhh5te5vip
120697,Netflix,STREAMING,,https://www.netflix.com/title/81427422
120697,Amazon Prime Video,STREAMING,,https://www.primevideo.com/detail/0NQWJR309WCXJQLX5IS3P2C45T
120697,YouTube,STREAMING,,https://www.youtube.com/playlist?list=PLxSscENEp7JhfAGqyUhmkjOlfb6caTuF2
120859,Official Site,INFO,Japanese,https://www.tv-tokyo.co.jp/anime/kabaddi/
120859,Twitter,SOCIAL,Japanese,https://twitter.com/kabaddi_anime
120859,Crunchyroll,STREAMING,,https://www.crunchyroll.com/burning-kabaddi
121962,Twitter,SOCIAL,Japanese,https://twitter.com/cfvanguard_PR
121962,Official Site,INFO,Japanese,https://anime.cf-vanguard.com/overdress/
121962,Crunchyroll,STREAMING,,https://www.crunchyroll.com/cardfight-vanguard-overdress
121962,YouTube,STREAMING,,https://www.youtube.com/playlist?list=PLZaz0lCoygoxah9Zqbt5-ffN3rnHSV0Kd
121962,YouTube,STREAMING,,https://www.youtube.com/playlist?list=PLZaz0lCoygoxxHytqiMq-c4aq2r4nrVcS
121962,HIDIVE,STREAMING,,https://www.hidive.com/season/19485
122148,Twitter,SOCIAL,,https://twitter.com/yakumo_project
122148,Official Site,INFO,,https://yakumo-project.com/
122148,Crunchyroll,STREAMING,,https://www.crunchyroll.com/lets-make-a-mug-too
122148,YouTube,STREAMING,,https://www.youtube.com/playlist?list=PLxSscENEp7JitxjngMqmgU7hFC7TOPZwa
122322,Official Site,INFO,,http://mifa.co.jp/
122322,Twitter,SOCIAL,,https://twitter.com/MIFANDAofficial
122322,YouTube,STREAMING,,https://www.youtube.com/channel/UCaDaynSONJIFrvrGXKnVXzA
122348,Official Site,INFO,Japanese,https://mashironooto-official.com/
122348,Twitter,SOCIAL,Japanese,https://twitter.com/mashironooto_pr
122348,Crunchyroll,STREAMING,,https://www.crunchyroll.com/those-snow-white-notes
122348,Bilibili TV,STREAMING,,https://www.bilibili.tv/en/media/1000946
123494,Twitter,SOCIAL,Japanese,https://twitter.com/cramer_pr
123494,Official Site,INFO,Japanese,https://sayonara-cramer.com/tv/
123494,Crunchyroll,STREAMING,,https://www.crunchyroll.com/farewell-my-dear-cramer
123645,Twitter,SOCIAL,Japanese,https://twitter.com/cramer_pr
123645,Official Site,INFO,Japanese,https://sayonara-cramer.com/movie/
123645,Crunchyroll,STREAMING,,https://www.crunchyroll.com/farewell-my-dear-cramer
123802,Twitter,SOCIAL,Japanese,https://twitter.com/seijyonoanime
123802,Official Site,INFO,Japanese,https://seijyonomaryoku.jp/
123802,YouTube,STREAMING,,https://www.youtube.com/playlist?list=PLwLSw1_eDZl2X8Vz7MxBgWGm8HjVyEgl9
123802,Crunchyroll,STREAMING,,https://www.crunchyroll.com/the-saints-magic-power-is-omnipotent
123802,Amazon Prime Video,STREAMING,,https://www.amazon.com/Saints-Magic-Power-Omnipotent/dp/B09X2XDYPV
123802,YouTube,STREAMING,,https://www.youtube.com/playlist?list=PL12UaAf_xzfpgwlBB-OyFUGX8MucDMUf3
123802,YouTube,STREAMING,,https://www.youtube.com/playlist?list=PLuxqoToY7Ucga-y8Lo_49r61L_tFwShuR
123802,Bilibili TV,STREAMING,,https://www.bilibili.tv/en/media/1002703
124115,Official Site,INFO,Japanese,https://girls-und-panzer-finale.jp/
124115,Twitter,SOCIAL,Japanese,https://twitter.com/garupan
124115,HIDIVE,STREAMING,,https://www.hidive.com/playlist/19549
124194,Twitter,SOCIAL,Japanese,https://twitter.com/fruba_PR
124194,Official Site,INFO,Japanese,https://fruba.jp/
124194,Twitter,SOCIAL,English,https://twitter.com/fruitsbasket_en
124194,Official Site,INFO,English,https://www.fruitsbasketofficial.com/
124194,Crunchyroll,STREAMING,,https://www.crunchyroll.com/fruits-basket
124194,iQ,STREAMING,,https://www.iq.com/album/168f5kx126l
124194,Bilibili,STREAMING,,https://www.bilibili.com/bangumi/media/md28233939
124194,Hulu,STREAMING,,https://www.hulu.com/series/fruits-basket-2019-93f78f8b-e56e-43b4-bae4-fc4367b55492
124194,Netflix,STREAMING,,https://www.netflix.com/title/80987063
124675,Twitter,SOCIAL,Japanese,https://twitter.com/osamake_project
124675,Official Site,INFO,Japanese,https://osamake.com/
124675,Crunchyroll,STREAMING,,https://www.crunchyroll.com/osamake-romcom-where-the-childhood-friend-wont-lose
124675,YouTube,STREAMING,,https://www.youtube.com/playlist?list=PLwLSw1_eDZl1WTubEn3m0nfJ8ZLnLFUwq
124786,Twitter,SOCIAL,,https://twitter.com/GODZILLA_SP
124786,Official Site,INFO,,https://godzilla-sp.jp/
124786,Netflix,STREAMING,,https://www.netflix.com/title/80234811
124858,Twitter,SOCIAL,Japanese,https://twitter.com/moriarty_anime
124858,Official Site,INFO,Japanese,https://moriarty-anime.com/
124858,YouTube,STREAMING,,https://www.youtube.com/playlist?list=PLwLSw1_eDZl23lU3K_aB0k1aPJ93_jdnt
124858,Netflix,STREAMING,,https://www.netflix.com/title/81335206
124858,Crunchyroll,STREAMING,,https://www.crunchyroll.com/moriarty-the-patriot
125038,Twitter,SOCIAL,Japanese,https://twitter.com/shadowshouse_yj
125038,Crunchyroll,STREAMING,,https://www.crunchyroll.com/shadows-house
125038,Official Site,INFO,Japanese,https://shadowshouse-anime.com/1st/
125038,Bilibili TV,STREAMING,,https://www.bilibili.tv/media/1003860
125038,YouTube,STREAMING,,https://www.youtube.com/playlist?list=PLwLSw1_eDZl3QnyIvBCFdHoCNqH7L44IX
125351,Twitter,SOCIAL,,https://twitter.com/animehetalia_ws
125351,Official Site,INFO,,https://hetalia-ws.com/
125351,YouTube,STREAMING,,https://www.youtube.com/playlist?list=PLwLSw1_eDZl031sy9v8VtSbqYgoAmGAL7
125351,Crunchyroll,STREAMING,,https://www.crunchyroll.com/hetalia
125368,Twitter,SOCIAL,,https://twitter.com/anime_kaguya
125368,Official Site,INFO,,https://kaguya.love/
125368,Bilibili TV,STREAMING,,https://www.bilibili.tv/media/1051049/
125426,Netflix,STREAMING,,https://www.netflix.com/title/81261669
125839,Official Site,INFO,Japanese,https://bakuten-pr.com/
125839,Twitter,SOCIAL,Japanese,https://twitter.com/bakuten_pr
125839,Crunchyroll,STREAMING,,https://www.crunchyroll.com/backflip
125839,YouTube,STREAMING,,https://www.youtube.com/playlist?list=PLxSscENEp7JjeBa1rZFpnIGEBtTj3iLxJ
125867,Twitter,SOCIAL,Japanese,https://twitter.com/cestvs_anime
125867,Official Site,INFO,Japanese,https://cestvs-anime.com/
125867,Crunchyroll,STREAMING,,https://www.crunchyroll.com/cestvs-the-roman-fighter-
126275,Twitter,SOCIAL,,https://twitter.com/new_yamato_2199
126275,Official Site,INFO,,https://yamato2202.net/omnibus2202/index.html
126275,Crunchyroll,STREAMING,,https://www.crunchyroll.com/series/G65V4P4K6/star-blazers-space-battleship-yamato
126664,Official Site,INFO,,https://en.gundam.info/
126664,Official Site,INFO,,https://sd-gundam-world.net/soketsuden/jp/
126664,YouTube,STREAMING,,https://www.youtube.com/channel/UCejtUitnpnf8Be-v5NuDSLw
126664,Crunchyroll,STREAMING,,https://www.crunchyroll.com/sd-gundam-world-heroes
126664,Twitter,SOCIAL,,https://twitter.com/SD_GUNDAM_WORLD
126791,Official Site,INFO,Japanese,https://fulldive-rpg.com/
126791,Twitter,SOCIAL,Japanese,https://twitter.com/fulldive_anime
126791,Crunchyroll,STREAMING,,https://www.crunchyroll.com/full-dive-this-ultimate-next-gen-full-dive-rpg-is-even-shittier-than-real-life
126791,Bilibili TV,STREAMING,,https://www.bilibili.tv/en/media/1001070
126791,Amazon Prime Video,STREAMING,,https://www.primevideo.com/detail/0P9RVFJMJD0A8EZHA2Q4HYLS9I/ref=atv_dp_share_seas
126835,Twitter,SOCIAL,,https://twitter.com/zororizz
126835,Official Site,INFO,,http://www.zorori.jp/
127149,Official Site,INFO,Japanese,https://anime.fate-go.jp/fgc/
127149,Twitter,SOCIAL,Japanese,https://twitter.com/FGOAP_FGC
127149,Crunchyroll,STREAMING,,https://www.crunchyroll.com/fategrand-carnival
127149,Official Site,INFO,English,https://anime.fate-go.us/fgc/
127363,Twitter,SOCIAL,Japanese,https://twitter.com/tomozakikoshiki
127363,Official Site,INFO,Japanese,http://tomozaki-koushiki.com/
127363,Crunchyroll,STREAMING,,https://www.crunchyroll.com/bottom-tier-character-tomozaki
127368,Twitter,SOCIAL,Japanese,https://twitter.com/danmachi_anime
127368,Official Site,INFO,Japanese,http://danmachi.com/danmachi3/
127399,Twitter,SOCIAL,Japanese,https://twitter.com/ragnarok_PR
127399,Official Site,INFO,Japanese,https://ragnarok-official.com/1st/
127399,Netflix,STREAMING,,https://www.netflix.com/title/81281579
127399,Twitter,SOCIAL,English,https://x.com/ror_anime
127958,Official Site,INFO,,https://29kochanmovie.com/
127958,Twitter,SOCIAL,,https://twitter.com/29kochanmovie
128369,Official Site,INFO,,https://gloomy-official.com/
128369,Twitter,SOCIAL,,https://twitter.com/official_gloomy
128369,Crunchyroll,STREAMING,,https://www.crunchyroll.com/gloomy-the-naughty-grizzly
128369,YouTube,STREAMING,,https://www.youtube.com/playlist?list=PLxSscENEp7JjzQ-eGW-h4zyWbEhdM2wiJ
128394,Twitter,SOCIAL,,https://twitter.com/shikaruneko
128394,Official Site,INFO,,https://dogatch.jp/feature/shikaruneko/
128399,Official Site,INFO,Japanese,https://f-ran.jp/
128399,Twitter,SOCIAL,Japanese,https://twitter.com/FairyRanmaru
128399,Crunchyroll,STREAMING,,https://www.crunchyroll.com/fairy-ranmaru
128546,Official Site,INFO,Japanese,https://vivy-portal.com/
128546,Twitter,SOCIAL,Japanese,https://twitter.com/vivy_portal
128546,Netflix,STREAMING,,http://netflix.com/title/81511893
128546,Crunchyroll,STREAMING,,https://www.crunchyroll.com/vivy-fluorite-eyes-song-
128547,Twitter,SOCIAL,Japanese,https://twitter.com/oddtaxi_
128547,Crunchyroll,STREAMING,,https://www.crunchyroll.com/oddtaxi
128547,Instagram,SOCIAL,Japanese,https://www.instagram.com/oddtaxi_
128547,YouTube,STREAMING,,https://www.youtube.com/channel/UC7vSI218btwcth8yKEGfe0g
128547,Official Site,INFO,Japanese,https://oddtaxi.jp/anime/
128737,Twitter,SOCIAL,Japanese,https://twitter.com/shinkalion
128737,Official Site,INFO,Japanese,https://www.shinkalion.com/series2/
128737,Facebook,SOCIAL,Japanese,https://www.facebook.com/shinkalion/
128737,Instagram,SOCIAL,Japanese,https://www.instagram.com/shinkalion_official
129046,Official Site,INFO,,https://www.clubmail.jp/6_lovers.html
129386,Official Site,INFO,Japanese,https://sevenknights-anime.jp
129386,Twitter,SOCIAL,Japanese,https://twitter.com/SenaRevo_anime
129386,Crunchyroll,STREAMING,,https://www.crunchyroll.com/seven-knights-revolution-hero-successor
129386,YouTube,STREAMING,,https://www.youtube.com/playlist?list=PLwLSw1_eDZl0KbQlqHjTn5dWFSadUHkzh
129664,Twitter,SOCIAL,Japanese,https://twitter.com/joran_official
129664,Official Site,INFO,Japanese,https://joran.jp/
129664,Crunchyroll,STREAMING,,https://www.crunchyroll.com/joran-the-princess-of-snow-and-blood
129664,YouTube,STREAMING,,https://www.youtube.com/playlist?list=PLxSscENEp7JiVNXgTNnZWA36aZpgV0g8G
129664,iQ,STREAMING,,https://www.iq.com/album/1ihkivf7eix
129814,Twitter,SOCIAL,,https://twitter.com/BRRAY_anime
129814,Official Site,INFO,,https://www.bluereflection-ray.com/
129814,Crunchyroll,STREAMING,,https://www.crunchyroll.com/blue-reflection-ray
129963,Twitter,SOCIAL,Japanese,https://twitter.com/hololiveALT
129963,Official Site,INFO,Japanese,https://alt.hololive.tv/
129963,YouTube,STREAMING,,https://youtube.com/watch?v=3RxlzJWWzdY
129963,YouTube,STREAMING,,https://www.youtube.com/watch?v=fRsjv-JKyf8
130253,Twitter,SOCIAL,,https://twitter.com/beyblade_info
130253,Official Site,INFO,,https://www.beyblade.jp/teaser_6th/
130253,Netflix,STREAMING,,https://www.netflix.com/title/81670673
130442,Twitter,SOCIAL,Japanese,https://twitter.com/sushisumo_jp
130442,Official Site,INFO,Japanese,https://sushisumo.jp/
130442,YouTube,STREAMING,,https://www.youtube.com/playlist?list=PLxSscENEp7Jh-o-8f8JyILvJoMO4ltkwu
130445,Official Site,INFO,Japanese,https://www.tv-tokyo.co.jp/anime/youkai-watch2021/
130445,Twitter,SOCIAL,Japanese,https://twitter.com/TV_youkaiwatch
130512,Twitter,SOCIAL,,https://twitter.com/mazica_party
130512,Official Site,INFO,,https://www.tv-osaka.co.jp/mazicaparty/
130512,YouTube,STREAMING,,https://www.youtube.com/playlist?list=PLhWipIfRhqz0ETNmxmG7jMNZCZX0_4_yy
130513,Official Site,INFO,,https://www.nhk.jp/p/ts/7PR67N6RJ8/
130514,Twitter,SOCIAL,Japanese,https://twitter.com/iii_icecrin
130514,Official Site,INFO,Japanese,https://iii-icecrin.com/
130514,Instagram,SOCIAL,Japanese,https://www.instagram.com/iii_icecrin
130514,YouTube,STREAMING,,https://www.youtube.com/playlist?list=PLxSscENEp7Jj_vQ1YG75iGHsFxUbrEYfS
130515,Twitter,SOCIAL,,https://twitter.com/dinosaur_biyori
130515,Official Site,INFO,,https://dinosaur-biyori.com/
130516,Official Site,INFO,,https://space--academy.com/
130516,Twitter,SOCIAL,,https://twitter.com/Space__Academy
130584,Twitter,SOCIAL,,https://twitter.com/duema_anime
130584,Official Site,INFO,,https://www.tv-tokyo.co.jp/anime/dm_king2/
130777,Twitter,SOCIAL,,https://twitter.com/mewkle_a
130777,Official Site,INFO,,https://mewkledreamy.com/
131045,Official Site,INFO,,https://2021spring.precure-movie.com/pc/
131708,YouTube,STREAMING,,https://www.youtube.com/watch?v=uFKPaiuPC2A
131708,YouTube,STREAMING,,https://www.youtube.com/watch?v=zvH00bgEz7g
131773,Twitter,SOCIAL,,https://twitter.com/WEP_anime
131773,Official Site,INFO,,https://wonder-egg-priority.com/
131773,Crunchyroll,STREAMING,,https://www.crunchyroll.com/wonder-egg-priority/episode-13-my-priority-825584
131866,Official Site,INFO,,https://tendebu.jp
131866,Twitter,SOCIAL,,https://twitter.com/tendebu_PR
131866,Crunchyroll,STREAMING,,https://www.crunchyroll.com/heavens-design-team
131866,YouTube,STREAMING,,https://www.youtube.com/watch?v=l0TQMnzE7CY
131927,Official Site,INFO,,http://www9.nhk.or.jp/anime/wasimo/
131930,Netflix,STREAMING,,https://www.netflix.com/title/80990863
131944,Twitter,SOCIAL,,https://twitter.com/search?q=%E3%83%9F%E3%83%8B%E3%82%A2%E3%83%8B%E3%83%A1%E5%85%AC%E9%96%8B%20(from%3Aisekaimaou)&f=live
132096,Crunchyroll,STREAMING,,https://www.crunchyroll.com/miss-kobayashis-dragon-maid
132096,Official Site,INFO,Japanese,https://maidragon.jp/2nd/movie/
132096,Twitter,SOCIAL,Japanese,https://twitter.com/maidragon_anime
132096,YouTube,STREAMING,,https://youtube.com/playlist?list=PLTNhweghpLi2c9PJ3r7hNE_S5vv2mdzOb
132283,Twitter,SOCIAL,Japanese,https://twitter.com/yorunokuni_NW
132283,Official Site,INFO,Japanese,https://www.yorunokuni.com/
132283,YouTube,STREAMING,,https://www.youtube.com/playlist?list=PLuu6WYTrlwDunjIbYV3C82OjZC5APviAa
132467,Twitter,SOCIAL,,https://twitter.com/anime_toman
132467,Official Site,INFO,,https://tokyo-revengers-anime.com/special/
132467,YouTube,STREAMING,,https://www.youtube.com/playlist?list=PLOYQJ6HjccvYvd1jzKlpIDLEycyhYUDaj
132527,Twitter,SOCIAL,,https://twitter.com/aoihanejp
132527,Official Site,INFO,,https://aoihane.jp/
132527,YouTube,STREAMING,,https://youtube.com/playlist?list=PLTGK2qPwX1L0oEm2C5bK5mM2hJyFrj8sM
132697,Official Site,INFO,,https://www6.nhk.or.jp/anime/program/detail.html?i=oshiri-tantei
132697,Official Site,INFO,,https://www.oshiri-tantei.com/
133138,Official Site,INFO,,http://jianime.com/shichi
133138,YouTube,STREAMING,,https://www.youtube.com/channel/UCp8jx2fGK8mSW9pZir74Hlw/videos
133146,YouTube,STREAMING,,https://www.youtube.com/watch?v=vBnSA-zKb0I
133146,Official Site,INFO,,http://fukakai2.kamitsubaki.jp/
133340,YouTube,STREAMING,,https://youtube.com/playlist?list=PLVmWlO7cbVuvVqbyel1AYLGLRnIlnUPHC
133340,YouTube,STREAMING,,https://www.youtube.com/playlist?list=PLout9ZF2aCT-vjSf98-cTtwNAivjjpSBC
133425,YouTube,STREAMING,,https://www.youtube.com/watch?v=CKMGre5PiyU&list=PLZc_C_HqIGWntBhgYDcAuVggOW69CwQw9
133849,Twitter,SOCIAL,,https://twitter.com/ensemble_stars
133849,YouTube,STREAMING,,https://www.youtube.com/watch?v=PlQU6G-bStQ
133849,Official Site,INFO,,https://ensemble-stars.jp/5th/
134120,Twitter,SOCIAL,,https://twitter.com/artiswitch_jp
134120,Official Site,INFO,,http://artiswitch.com/
134120,YouTube,STREAMING,,https://www.youtube.com/channel/UCyJb4L67IhfQstqYRMe42Ug
134120,Instagram,SOCIAL,,https://www.instagram.com/artiswitch/?hl=ja
134120,TikTok,SOCIAL,,https://www.tiktok.com/@artiswitch?
135381,Official Site,INFO,,https://www.bluereflection-ray.com/news/minichara/
135381,Twitter,SOCIAL,,https://twitter.com/BRRAY_anime
135381,YouTube,STREAMING,,https://www.youtube.com/playlist?list=PLd0dLI1P5ah1d2mZS30BDAdYEUTPAZoN3
136135,Official Site,INFO,,http://colocoloanimal.net/
136135,Twitter,SOCIAL,,https://twitter.com/ccaf_anime
136135,YouTube,STREAMING,,https://www.youtube.com/channel/UCF2jqCWnCgVLJR7xNmZep_A
136646,Official Site,INFO,,https://youtu.be/wEiAbQvUvxA
137333,YouTube,STREAMING,,https://www.youtube.com/playlist?list=PLG9OaiORqvWtcwsiZ17-1844eYybljuW_
137333,Twitter,SOCIAL,,https://twitter.com/yogoremon0418
138550,Official Site,INFO,,https://www.capcom.co.jp/biohazard/village/topics/biomura/
139682,YouTube,STREAMING,,https://www.youtube.com/watch?v=5U66yigbz0Y
140377,Twitter,SOCIAL,Japanese,https://twitter.com/cogimyun_sanrio
140377,YouTube,STREAMING,,https://www.youtube.com/@cogimyun
140377,Official Site,INFO,Japanese,https://www.sanrio.co.jp/characters/cogimyun/
151987,Official Site,INFO,Japanese,https://tanmoshi-anime.jp/
151987,Twitter,SOCIAL,Japanese,https://twitter.com/tanteiwamou_
151987,YouTube,STREAMING,,https://www.youtube.com/c/KADOKAWAanime
152001,Twitter,SOCIAL,Japanese,https://twitter.com/peachboy_anime
152001,Official Site,INFO,Japanese,https://peachboyriverside.com/
188619,Official Site,INFO,Japanese,https://kumamoto.guide/natsume-yujincho/
213462,Official Site,INFO,Japanese,https://www.asahi.co.jp/sp/neko_jockey/
213462,Twitter,SOCIAL,Japanese,https://x.com/nekojockey
213462,YouTube,STREAMING,,https://www.youtube.com/playlist?list=PLoB47zOj5Db-YtjaZ-FdZp059RQD0V9ay
107203,Official Site,INFO,Japanese,http://fs.iwatobi-sc.com/
107203,Twitter,SOCIAL,Japanese,https://twitter.com/iwatobi_sc
107203,Crunchyroll,STREAMING,,https://www.crunchyroll.com/free-iwatobi-swim-club
107625,Official Site,INFO,,http://cider-kotoba.jp/
107625,Twitter,SOCIAL,,https://twitter.com/ciderkotoba
107625,Netflix,STREAMING,,https://www.netflix.com/title/81400497
107717,Twitter,SOCIAL,Japanese,https://twitter.com/maidragon_anime
107717,Official Site,INFO,,https://maidragon.jp/2nd/
107717,Crunchyroll,STREAMING,,https://www.crunchyroll.com/miss-kobayashis-dragon-maid
107717,Twitter,SOCIAL,,https://twitter.com/MissKobayashiEN
107717,Bilibili,STREAMING,,https://www.bilibili.com/bangumi/media/md28234716
107717,Bilibili TV,STREAMING,,https://www.bilibili.tv/en/play/1009786
112802,Official Site,INFO,Japanese,http://uramichi-anime.com/
112802,Twitter,SOCIAL,Japanese,https://twitter.com/uramichi_anime
112802,Crunchyroll,STREAMING,,https://www.crunchyroll.com/life-lessons-with-uramichi-oniisan
113254,Official Site,INFO,Japanese,https://gaga.ne.jp/RYOMA_MOVIE/
114065,Official Site,INFO,,http://bokurema.com/
114065,Twitter,SOCIAL,,https://twitter.com/bokurema_anime
114065,Crunchyroll,STREAMING,,https://www.crunchyroll.com/series/GKEH2GZX9/remake-our-life
114065,YouTube,STREAMING,,https://www.youtube.com/playlist?list=PLxSscENEp7Jjad7wjjOwOoFgbHC5ZXhtG
114065,iQ,STREAMING,,https://www.iq.com/album/2an91mmcxs1
114302,Official Site,INFO,,https://www.cheat-kusushi.jp/
114302,Twitter,SOCIAL,,https://twitter.com/cheat_kusushi
114302,Facebook,SOCIAL,,https://www.facebook.com/cheatkusushi
114302,Crunchyroll,STREAMING,,https://crunchyroll.com/series/GDKHZEN80
114302,Bilibili TV,STREAMING,,https://www.bilibili.tv/en/media/1011658
114979,Twitter,SOCIAL,Japanese,https://twitter.com/LoveLive_staff
114979,Official Site,INFO,Japanese,http://www.lovelive-anime.jp/yuigaoka/
114979,Crunchyroll,STREAMING,,https://www.crunchyroll.com/en-gb/love-live-superstar
116610,Official Site,INFO,Japanese,https://anime.bang-dream.com/filmlive/
116610,Twitter,SOCIAL,Japanese,https://twitter.com/bang_dream_info
116610,Crunchyroll,STREAMING,,https://www.crunchyroll.com/bang-dream-movies
116610,YouTube,STREAMING,,https://www.youtube.com/playlist?list=PLwLSw1_eDZl2G6DBHShiUaTXCskconQ9V
116676,Twitter,SOCIAL,Japanese,https://twitter.com/kinmosa_anime
116676,Official Site,INFO,Japanese,http://www.kinmosa.com/
116676,HIDIVE,STREAMING,,https://www.hidive.com/movies/kinmoza-thank-you
116740,Twitter,SOCIAL,,https://twitter.com/100waniOfficial
116740,Official Site,INFO,,https://100wani-movie.com/
116742,Crunchyroll,STREAMING,,https://www.crunchyroll.com/that-time-i-got-reincarnated-as-a-slime
116742,YouTube,STREAMING,,https://youtube.com/playlist?list=PLwLSw1_eDZl24o1N6adcgGPyIJPfJ21GL
116742,Netflix,STREAMING,,https://www.netflix.com/title/81028712
116742,Bilibili,STREAMING,,https://www.bilibili.com/bangumi/media/md28231812
116742,Official Site,INFO,Japanese,https://www.ten-sura.com/anime/tensura
116742,Twitter,SOCIAL,Japanese,https://twitter.com/ten_sura_anime
116742,Twitter,SOCIAL,English,https://twitter.com/SlimeAnime
116742,Twitter,SOCIAL,French,https://twitter.com/SlimeOfficielFR
116742,Twitter,SOCIAL,,https://twitter.com/SlimeAnimePT
116742,Bilibili TV,STREAMING,,https://www.bilibili.tv/media/1013069
116742,Hulu,STREAMING,,https://www.hulu.com/series/79ace21f-5124-4913-950e-1afea45f723c
116756,Official Site,INFO,,https://anime.fate-go.jp/ep7-tv/
116756,Twitter,SOCIAL,,https://twitter.com/FGOAP_ep7
116756,Crunchyroll,STREAMING,,https://www.crunchyroll.com/en-gb/fategrand-order-absolute-demonic-front-babylonia
117002,Official Site,INFO,Japanese,https://anime.magireco.com/
117002,Twitter,SOCIAL,Japanese,https://twitter.com/magireco
117002,Crunchyroll,STREAMING,,https://www.crunchyroll.com/magia-record-puella-magi-madoka-magica-side-story
117612,Twitter,SOCIAL,Japanese,https://twitter.com/genkoku_info
117612,Official Site,INFO,Japanese,https://genkoku-anime.com/
117612,Hulu,STREAMING,,https://www.hulu.com/series/how-a-realist-hero-rebuilt-the-kingdom-911a694a-3cab-41df-a034-e178b461bee6
117612,Crunchyroll,STREAMING,,https://www.crunchyroll.com/how-a-realist-hero-rebuilt-the-kingdom
117764,Official Site,INFO,Japanese,https://roselia-movie.bang-dream.com/
117764,Twitter,SOCIAL,Japanese,https://twitter.com/bang_dream_info
117764,Crunchyroll,STREAMING,,https://www.crunchyroll.com/bang-dream-movies
117764,YouTube,STREAMING,,https://www.youtube.com/playlist?list=PLwLSw1_eDZl2G6DBHShiUaTXCskconQ9V
117989,Official Site,INFO,Japanese,https://megamiryou.com/
117989,Twitter,SOCIAL,Japanese,https://twitter.com/megamiryou
117989,HIDIVE,STREAMING,,https://www.hidive.com/tv/mother-of-the-goddess-dormitory
117989,Bilibili,STREAMING,,https://www.bilibili.tv/en/play/1010783
118743,Official Site,INFO,,http://anime.prisma-illya.jp/movie/3/
118743,Twitter,SOCIAL,,https://twitter.com/prisma_illya
118743,HIDIVE,STREAMING,,https://www.hidive.com/movies/fate-kaleid-liner-prisma-illya-licht-nameless-girl
120209,Official Site,INFO,Japanese,https://hamehura-anime.com/
120209,Twitter,SOCIAL,Japanese,https://twitter.com/hamehura
120209,Crunchyroll,STREAMING,,https://www.crunchyroll.com/my-next-life-as-a-villainess-all-routes-lead-to-doom
120209,iQ,STREAMING,,https://www.iq.com/album/16xz72c44vh
120608,Twitter,SOCIAL,Japanese,https://twitter.com/meikyubc_anime
120608,Official Site,INFO,Japanese,https://meikyubc-anime.com/
120608,Crunchyroll,STREAMING,,https://www.crunchyroll.com/the-dungeon-of-black-company
122052,Twitter,SOCIAL,English,https://twitter.com/fena_anime
122052,Official Site,INFO,,http://fena-pirate-princess.com/
122052,Twitter,SOCIAL,Japanese,https://twitter.com/fena_pirate
122052,Crunchyroll,STREAMING,,https://crunchyroll.com/series/GZJH3DPM1/fena-pirate-princess
122052,Adult Swim,STREAMING,,https://www.adultswim.com/videos/fena-pirate-princess
122434,Official Site,INFO,,https://idaten-anime.com/
122434,Twitter,SOCIAL,,https://twitter.com/idaten_anime
122434,Crunchyroll,STREAMING,,https://www.crunchyroll.com/the-idaten-deities-know-only-peace
122434,YouTube,STREAMING,,https://www.youtube.com/playlist?list=PLxSscENEp7JhpvTizNfzlPX1tEERYVA97
122441,Official Site,INFO,Japanese,https://peachboyriverside.com/
122441,Twitter,SOCIAL,Japanese,https://twitter.com/peachboy_anime
122441,Crunchyroll,STREAMING,,https://www.crunchyroll.com/series/GG5H5XM84/peach-boy-riverside
122441,YouTube,STREAMING,,https://www.youtube.com/playlist?list=PLxSscENEp7Jh8mDfdlDbC1fVDFoAMiDR4
124494,Netflix,STREAMING,,https://www.netflix.com/title/80987064
125206,Official Site,INFO,Japanese,https://tsukimichi.com/1st/
125206,Twitter,SOCIAL,Japanese,https://twitter.com/tsukimichi_pr
125206,Crunchyroll,STREAMING,,https://crunchyroll.com/series/GZJH3D719/tsukimichi-moonlit-fantasy-
125206,YouTube,STREAMING,,https://www.youtube.com/playlist?list=PLxSscENEp7Jjz3JEX5tSOiRFK59VGimN5
125206,Bilibili,STREAMING,,https://www.bilibili.com/bangumi/media/md28234623
125206,Bilibili TV,STREAMING,,https://www.bilibili.tv/en/media/1010573
125206,Max,STREAMING,,https://www.max.com/shows/1e81c647-5190-47a9-9a91-aea5224086b1
125206,Hulu,STREAMING,,https://www.hulu.com/series/ccb93d4e-d865-444f-9054-115aadf95e0f
125446,Official Site,INFO,Japanese,https://kageki-anime.com/
125446,Twitter,SOCIAL,Japanese,https://twitter.com/kageki_anime
125446,Crunchyroll,STREAMING,,https://www.crunchyroll.com/kageki-shojo
125640,Twitter,SOCIAL,,https://twitter.com/getterrobot_arc
125640,Official Site,INFO,,https://getterrobot-arc.com/
125640,HIDIVE,STREAMING,,https://www.hidive.com/tv/getter-robo-arc
125640,YouTube,STREAMING,,https://www.youtube.com/playlist?list=PLxSscENEp7JhHilZTy4u4rr_s8-nEM1-8
125838,Official Site,INFO,Japanese,https://misakinomayoiga.com/
125838,Twitter,SOCIAL,Japanese,https://twitter.com/misakinomayoiga
125838,Tubi TV,STREAMING,,https://tubitv.com/movies/100010859/the-house-of-the-lost-on-the-cape-dubbed
125868,Official Site,INFO,,https://nighthead2041.jp/
125868,Twitter,SOCIAL,,https://twitter.com/nighthead2041
125868,Crunchyroll,STREAMING,,https://www.crunchyroll.com/night-head-2041
125909,Official Site,INFO,,http://tsukipro-anime.com/
125909,Twitter,SOCIAL,,https://twitter.com/tsukipro_anime
125909,HIDIVE,STREAMING,,https://www.hidive.com/tv/tsukipro-the-animation-2
126047,Official Site,INFO,,https://dea5-anime.com/
126047,Twitter,SOCIAL,,https://twitter.com/dea5_anime
126047,Crunchyroll,STREAMING,,https://crunchyroll.com/series/G8DHV7DG7/battle-game-in-5-seconds
126047,YouTube,STREAMING,,https://www.youtube.com/playlist?list=PLwLSw1_eDZl0xUFXsv7l59J4AMJoSBD19
126186,Official Site,INFO,Japanese,https://colopl.co.jp/alicegearaegis/lp/ova/
126186,Twitter,SOCIAL,Japanese,https://twitter.com/alice_anime_nzm
126186,HIDIVE,STREAMING,,https://www.hidive.com/tv/alice-gear-aegis-expansion
126192,Official Site,INFO,Japanese,https://kanokano-anime.com/1st/
126192,Twitter,SOCIAL,Japanese,https://twitter.com/kanokano_anime
126192,Twitter,SOCIAL,,https://twitter.com/girlfriend_en
126192,Crunchyroll,STREAMING,,https://crunchyroll.com/series/GEXH3WP97
126192,YouTube,STREAMING,,https://www.youtube.com/playlist?list=PLwLSw1_eDZl31SiYBPaDaekqPOjqvl2Qg
126192,iQ,STREAMING,,https://www.iq.com/album/22kzhzv0wbd
126546,Twitter,SOCIAL,Japanese,https://twitter.com/seireigensouki
126546,Official Site,INFO,Japanese,https://seireigensouki.com/
126546,Crunchyroll,STREAMING,,https://crunchyroll.com/series/G0XHWM380/seirei-gensouki-spirit-chronicles
126546,Bilibili TV,STREAMING,,https://www.bilibili.tv/media/1007160
126659,Twitter,SOCIAL,Japanese,https://twitter.com/heroaca_movie
126659,Official Site,INFO,Japanese,https://heroaca-movie.com/2021/
127227,Official Site,INFO,Japanese,https://kakushigoto-anime.com/
127227,Twitter,SOCIAL,Japanese,https://twitter.com/kakushigoto_pr
127227,Bilibili TV,STREAMING,,https://www.bilibili.tv/en/media/1014306
127227,Crunchyroll,STREAMING,,https://www.crunchyroll.com/watch/GPWUKGWQD/kakushigoto-theatrical-edition
127271,Official Site,INFO,,https://studiochizu.com/works/belle/
127271,Twitter,SOCIAL,,https://twitter.com/StudioChizu
127271,Official Site,INFO,,https://ryu-to-sobakasu-no-hime.jp/
127271,Netflix,STREAMING,,https://www.netflix.com/title/81492822
127271,Max,STREAMING,,https://www.max.com/movies/6ce41405-2f24-4554-8c2f-30efa59c194d
127271,Max,STREAMING,,https://www.max.com/movies/78c442ff-3421-4f41-991b-9bc1002d9a0d
127331,Official Site,INFO,Japanese,https://www.shinchan-movie.com/
127331,Twitter,SOCIAL,Japanese,https://twitter.com/crayon_official
127366,Official Site,INFO,Japanese,http://1000000-lives.com/
127366,Twitter,SOCIAL,Japanese,https://twitter.com/1000000_lives
127366,Crunchyroll,STREAMING,,https://www.crunchyroll.com/im-standing-on-a-million-lives
127366,Twitter,SOCIAL,,https://twitter.com/mlives_anime
127366,YouTube,STREAMING,,https://www.youtube.com/playlist?list=PLxSscENEp7JjKw5ncC_0--FNdRLeMEbNW
127371,Official Site,INFO,Japanese,http://tonikawa.com/
127371,Twitter,SOCIAL,Japanese,https://twitter.com/tonikawa_anime
127371,Twitter,SOCIAL,English,https://twitter.com/tonikawa_en
127371,Crunchyroll,STREAMING,,https://www.crunchyroll.com/tonikawa-over-the-moon-for-you
127371,Bilibili TV,STREAMING,,https://www.bilibili.tv/media/34613
127688,Twitter,SOCIAL,Japanese,https://twitter.com/mahouka_anime
127688,Official Site,INFO,Japanese,https://mahouka-yuutousei.jp/
127688,Crunchyroll,STREAMING,,https://www.crunchyroll.com/the-honor-at-magic-high-school
127688,Bilibili TV,STREAMING,,https://www.bilibili.tv/th/media/1011416
127721,Twitter,SOCIAL,Japanese,https://twitter.com/ID7_anime
127721,Official Site,INFO,Japanese,https://idolish7.com/aninana/
127721,Crunchyroll,STREAMING,,https://www.crunchyroll.com/idolish7
128545,Twitter,SOCIAL,Japanese,https://twitter.com/aquatope_anime
128545,Official Site,INFO,Japanese,https://aquatope-anime.com/
128545,Crunchyroll,STREAMING,,https://crunchyroll.com/series/G0XHWM3J0/the-aquatope-on-white-sand
128545,YouTube,STREAMING,,https://www.youtube.com/playlist?list=PLwLSw1_eDZl13ebVE0dgagqzozYJ5d1Er
128545,Bilibili TV,STREAMING,,https://www.bilibili.tv/en/media/1011004
128703,Official Site,INFO,Japanese,https://anime.assaultlily-pj.com/fruits/
128703,Twitter,SOCIAL,Japanese,https://twitter.com/assaultlily_pj
128712,Official Site,INFO,Japanese,https://tanmoshi-anime.jp/
128712,Twitter,SOCIAL,Japanese,https://twitter.com/tanteiwamou_
128712,YouTube,STREAMING,,https://www.youtube.com/playlist?list=PLwLSw1_eDZl2qyiTb5d4rLdPpMLM8gEGP
128712,Crunchyroll,STREAMING,,https://www.crunchyroll.com/the-detective-is-already-dead
128712,Bilibili TV,STREAMING,,https://www.bilibili.tv/media/1010919
128740,Twitter,SOCIAL,,https://twitter.com/7_taizai
128740,Official Site,INFO,,https://eiga.7-taizai.net/
128740,Netflix,STREAMING,,https://www.netflix.com/title/81263946
129277,Official Site,INFO,Japanese,https://bocchan-anime.com/
129277,Twitter,SOCIAL,Japanese,https://twitter.com/bocchan_anime
129277,iQ,STREAMING,,https://www.iq.com/album/1eoc7sm6bct
129277,Crunchyroll,STREAMING,,https://www.crunchyroll.com/the-duke-of-death-and-his-maid
129277,TikTok,SOCIAL,Japanese,https://www.tiktok.com/@bocchan_anime
130392,Twitter,SOCIAL,,https://twitter.com/tsushima_anime
130392,Official Site,INFO,,https://www.tsushima-anime.com/
130392,YouTube,STREAMING,,https://www.youtube.com/playlist?list=PLwLSw1_eDZl31ypf0OGfmtqZ5upkdcrGt
130392,YouTube,STREAMING,,https://youtube.com/playlist?list=PLl7reuZgwQ_TGFBlOPAm59WvVTXBPAufB
130549,Twitter,SOCIAL,Japanese,https://twitter.com/remain_anime
130549,Official Site,INFO,Japanese,https://re-main.net/
130549,YouTube,STREAMING,,https://www.youtube.com/playlist?list=PLxSscENEp7JhnfTQGx_aB4V2B6mc6a3gx
130549,iQ,STREAMING,,https://www.iq.com/album/2ejmk1iow11
130549,Crunchyroll,STREAMING,,https://www.crunchyroll.com/re-main
130713,Official Site,INFO,Japanese,https://magus-bride.jp/wildhunt/
130713,Twitter,SOCIAL,Japanese,https://twitter.com/mahoyomeproject
130713,Crunchyroll,STREAMING,,https://crunchyroll.com/series/GRZXQJJ8Y/The-Ancient-Magus-Bride
130713,Instagram,SOCIAL,Japanese,https://www.instagram.com/mahoyomeproject/
130997,Twitter,SOCIAL,,https://twitter.com/dctm_pj
130997,Official Site,INFO,,https://dctm-pj.com/
130997,Crunchyroll,STREAMING,,https://crunchyroll.com/series/GXJHM3DZX/d_cide-traumerei-the-animation
131149,Twitter,SOCIAL,Japanese,https://twitter.com/higu_anime
131149,Official Site,INFO,Japanese,https://higurashianime.com/
131149,YouTube,STREAMING,,https://www.youtube.com/playlist?list=PLxSscENEp7Jh7yn1GT-SfcTUqt5B_A7wf
131149,Hulu,STREAMING,,https://www.hulu.com/series/higurashi-when-they-cry-gou-927d390b-bfe8-4358-9e2b-de1b2f11b6c1
131149,Crunchyroll,STREAMING,,https://www.crunchyroll.com/higurashi-when-they-cry-gou
131149,Bilibili TV,STREAMING,,https://www.bilibili.tv/media/1011746
131149,Netflix,STREAMING,,https://www.netflix.com/title/81336986
131150,Official Site,INFO,Japanese,https://snx-anime.net/
131150,Twitter,SOCIAL,Japanese,https://twitter.com/SNX_ANIME
131150,YouTube,STREAMING,,https://www.youtube.com/playlist?list=PLxSscENEp7Jg9olNs9aYTSFjc6PM5vrbU
131150,Crunchyroll,STREAMING,,https://www.crunchyroll.com/scarlet-nexus
131646,Twitter,SOCIAL,Japanese,https://twitter.com/vanitas_anime
131646,Official Site,INFO,Japanese,https://vanitas-anime.com/
131646,Hulu,STREAMING,,https://www.hulu.com/series/the-case-study-of-vanitas-1df7cad6-b21c-4635-ac24-a49101556dc5
131646,iQ,STREAMING,,https://www.iq.com/album/aby6s6oxih
131646,Crunchyroll,STREAMING,,https://www.crunchyroll.com/the-case-study-of-vanitas
131880,Twitter,SOCIAL,Japanese,https://twitter.com/ObeyMeOfficial1
131880,Official Site,INFO,English,https://shallwedate.jp/obeyme/
131880,YouTube,STREAMING,,https://www.youtube.com/channel/UCGh9vTBjmF-QaQ02pHHExlw
131880,Crunchyroll,STREAMING,,https://www.crunchyroll.com/obey-me
132126,Twitter,SOCIAL,Japanese,https://twitter.com/sonnyboy_anime
132126,Official Site,INFO,Japanese,https://anime.shochiku.co.jp/sonny-boy/
132126,Hulu,STREAMING,,https://www.hulu.com/series/8cce2117-1a21-4ecf-810a-14c9d748d5fc
132126,YouTube,STREAMING,,https://www.youtube.com/playlist?list=PLxSscENEp7Jh5cTYOJ44AOGwWLAap7dCU
132126,iQ,STREAMING,,https://www.iq.com/album/sonny-boy-gg01mac6mx
132126,Crunchyroll,STREAMING,,https://www.crunchyroll.com/sonny-boy
132126,Prime Video,STREAMING,,https://www.primevideo.com/detail/Sonny-Boy/0GXG1CLDR58RDP6RHRE7N8LRWU
132324,Twitter,SOCIAL,Japanese,https://twitter.com/gundam_reco
132324,Official Site,INFO,Japanese,http://www.g-reco.net/
132444,Official Site,INFO,Japanese,https://www.toei-mangamatsuri.jp/
132444,Twitter,SOCIAL,Japanese,https://twitter.com/kagakusurvival
132456,Twitter,SOCIAL,Japanese,https://twitter.com/jahysama_anime
132456,Official Site,INFO,Japanese,https://jahysama-anime.com/
132456,Crunchyroll,STREAMING,,https://crunchyroll.com/series/GNVHKNWXW/the-great-jahy-will-not-be-defeated
132904,Twitter,SOCIAL,Japanese,https://twitter.com/joe50_megalobox
132904,Official Site,INFO,Japanese,https://megalobox.com/en/
133798,Instagram,SOCIAL,,https://www.instagram.com/yoshimaho_pr/
133798,Twitter,SOCIAL,,https://twitter.com/Yoshimaho_PR
133798,Official Site,INFO,,https://yoshimaho.com/
133798,YouTube,STREAMING,,https://www.youtube.com/playlist?list=PL_h--NZpk9c8TLulug6tJJzmqx2f41Eh0
135108,Official Site,INFO,Japanese,https://www.tv-tokyo.co.jp/anime/yamishibai9/
135108,Crunchyroll,STREAMING,,https://crunchyroll.com/series/G6WEM1V36
135255,Official Site,INFO,,https://pripri-anime.jp/
135255,Twitter,SOCIAL,,https://twitter.com/pripri_anime
135866,Crunchyroll,STREAMING,,https://www.crunchyroll.com/saga-of-tanya-the-evil
135866,YouTube,STREAMING,,https://www.youtube.com/watch?v=3iOj1J1wyZQ
136137,Official Site,INFO,,https://hetalia-ws.com/
136137,Twitter,SOCIAL,,https://twitter.com/animehetalia_ws
136206,Twitter,SOCIAL,,https://twitter.com/PrettySeriesPR
136206,Official Site,INFO,,https://www.tv-tokyo.co.jp/anime/pretty10th/
136263,Official Site,INFO,Japanese,http://isekai-cheat-magician.com/
136263,Twitter,SOCIAL,Japanese,https://twitter.com/isekai_cheat_tv
136263,Crunchyroll,STREAMING,,https://crunchyroll.com/series/GY79GJX1R/isekai-cheat-magician
136474,Twitter,SOCIAL,Japanese,https://twitter.com/search?q=from:aquatope_anime みに&src=typed_query&f=top
136512,Twitter,SOCIAL,,https://twitter.com/tsushima_anime
136512,Official Site,INFO,,https://www.tsushima-anime.com/
136512,YouTube,STREAMING,,https://youtube.com/playlist?list=PLl7reuZgwQ_SqabG7CRuv9Shcg8_lGbfY
136517,YouTube,STREAMING,,https://www.youtube.com/playlist?list=PLtUW6zMtoM9WwHlLYnLq-SjnKsV_Ci4Gc
136517,YouTube,STREAMING,,https://www.youtube.com/playlist?list=PLZaz0lCoygoyNqz1nXnWn2UHXkAg00pQA
136538,Official Site,INFO,,https://www.kidsbhappy.com/
136538,Twitter,SOCIAL,,https://twitter.com/KIDS_B_HAPPY
136538,YouTube,STREAMING,,https://www.youtube.com/playlist?list=PLw2BUQoaWZ4w9fvtOrtdfisD5VRXu6irq
136706,Official Site,INFO,,http://ioc.org/tomorrowsleaves
136706,YouTube,STREAMING,,https://www.youtube.com/watch?v=Ie_IkQtZyK4
136795,YouTube,STREAMING,,https://www.youtube.com/watch?v=wf8mZVmof2g
136946,YouTube,STREAMING,,https://www.youtube.com/playlist?list=PLpS9In2rx5AFV9bzlNKkC7fH338AorzUp
136946,Official Site,INFO,Japanese,https://seireigensouki.com/movie/
136946,Twitter,SOCIAL,Japanese,https://twitter.com/seireigensouki/
137075,YouTube,STREAMING,,https://www.youtube.com/watch?v=HJKqSYK_z0w
137102,YouTube,STREAMING,,https://www.youtube.com/watch?v=M8nAqMPb8bM
137102,Twitter,SOCIAL,,https://twitter.com/FE_Heroes_JP/status/1412562013406912512
137102,Twitter,SOCIAL,,https://mobile.twitter.com/FE_Heroes_EN/status/1412707937101893635
137537,YouTube,STREAMING,,https://www.youtube.com/watch?v=dtgFmpkWA10
137537,Adult Swim,STREAMING,,https://www.adultswim.com/videos/rick-and-morty/summer-meets-god-rick-meets-evil
137537,Max,STREAMING,,https://play.max.com/standalone/ae1f9c2d-14f6-489f-9ea6-6f475fd59c4c
137804,Twitter,SOCIAL,Japanese,https://twitter.com/maidragon_anime
137804,Official Site,INFO,Japanese,https://maidragon.jp/2nd/product/
137898,Twitter,SOCIAL,,https://twitter.com/tensaiouji_PR
138106,Twitter,SOCIAL,Japanese,https://twitter.com/search?q=終末のミニアニメ (from:@ragnarok_PR)&src=typed_query&f=video
138106,YouTube,STREAMING,,https://www.youtube.com/channel/UCcjqSFXBg2cGQg5r0YooMiA/search?query=%E7%B5%82%E6%9C%AB%E3%81%AE%E3%83%AF%E3%83%AB%E3%82%AD%E3%83%A5%E3%83%BC%E3%83%AC%20%E3%83%9F%E3%83%8B%E3%82%A2%E3%83%8B%E3%83%A1
139079,Twitter,SOCIAL,Japanese,https://twitter.com/search?q=(from:SHAMANKING_PR) ふんばり温泉 繁盛記&src=typed_query&f=video
139079,YouTube,STREAMING,,https://www.youtube.com/c/kin-cr/search?query=%E3%81%B5%E3%82%93%E3%81%B0%E3%82%8A%E6%B8%A9%E6%B3%89%20%E7%B9%81%E7%9B%9B%E8%A8%98
139342,YouTube,STREAMING,,https://youtube.com/playlist?list=PL1NeGg1woXqlfRSp3fUtZuquUvyL2JVMr
139409,Official Site,INFO,Japanese,https://www.nhk.jp/p/ts/DGVPRZ43GY/
139409,Official Site,INFO,Japanese,https://www.lovelive-anime.jp/yuigaoka/
139588,Crunchyroll,STREAMING,,https://www.crunchyroll.com/watch/G2XU05KE5/the-old-well
139754,Twitter,SOCIAL,Japanese,https://twitter.com/anime_shingeki?t=04jzwzKIHFFQ-Wvg6npMsw&s=09
139754,Official Site,INFO,Japanese,http://shingeki.tv/
139813,Crunchyroll,STREAMING,,https://www.crunchyroll.com/cinderella-nine/episode-13-the-story-continues-818739
139813,Official Site,INFO,,https://anime-hachinai.com/
139813,HIDIVE,STREAMING,,https://www.hidive.com/season/19421
140099,YouTube,STREAMING,,https://www.youtube.com/playlist?list=PL46xLgvA2Gycwggo3dT64GgRcdnhiJGrc
140099,Official Site,INFO,Japanese,https://ribla-studio.com/
140114,Official Site,INFO,,https://www.shinobusoejima.com/sacer-land
140114,Official Site,INFO,,https://animation.geidai.ac.jp/?p=2898
140114,YouTube,STREAMING,,https://youtu.be/fn7T0r6GQ0s
140114,Vimeo,STREAMING,,https://vimeo.com/744473227
140882,Official Site,INFO,,https://youtu.be/kNQMX--3E5Q
140882,Official Site,INFO,,https://100years-movie.smarthr.jp/
143380,Official Site,INFO,,http://www.yamamura-animation.jp/polarbearbearsboredom.html
148002,Twitter,SOCIAL,,https://twitter.com/hamehura/status/1406944992644374537?t=xgbKk7RUrs9vQ_moLJ3eig&s=19
154068,YouTube,STREAMING,,https://youtu.be/MJyGc_-dfxQ
169746,YouTube,STREAMING,,https://youtu.be/Kzke7w7a-IU
180850,Twitter,SOCIAL,Japanese,https://twitter.com/ankoku_warabi
180850,YouTube,STREAMING,,https://www.youtube.com/playlist?list=PLNE8g8ff5HXvL0-dOypz5Zifaj7PZ9QT6
180850,YouTube,STREAMING,,https://www.youtube.com/channel/UCzD3r6q6hMAHynI-4i6dTgw
180850,Official Site,INFO,Japanese,https://warabisan.com/
87502,Official Site,INFO,Japanese,http://www.megaton-musashi.jp/
87502,Twitter,SOCIAL,Japanese,https://twitter.com/musashi_project
87502,Crunchyroll,STREAMING,,https://www.crunchyroll.com/series/GP5HJ840X/megaton-musashi
98471,Official Site,INFO,Japanese,http://eurekaseven.jp/
98471,Twitter,SOCIAL,Japanese,https://twitter.com/EUREKA_HI_EVO
98471,Crunchyroll,STREAMING,,https://www.crunchyroll.com/eureka-seven-hi-evolution
105119,Twitter,SOCIAL,Japanese,https://twitter.com/ShikizakuraA
105119,Official Site,INFO,Japanese,https://shikizakura-anime.com/
105119,HIDIVE,STREAMING,,https://www.hidive.com/tv/shikizakura
105931,Crunchyroll,STREAMING,,https://www.crunchyroll.com/blade-runner-black-lotus
105931,Adult Swim,STREAMING,,https://www.adultswim.com/videos/blade-runner-black-lotus
108987,Official Site,INFO,Japanese,http://sakugan-anime.com/
108987,Twitter,SOCIAL,Japanese,https://twitter.com/ANIMA_info
108987,Instagram,SOCIAL,Japanese,https://www.instagram.com/sakugan_anime/
108987,Crunchyroll,STREAMING,,https://crunchyroll.com/series/GP5HJ800Z/sakugan
108987,YouTube,STREAMING,,https://www.youtube.com/channel/UCedwDnjKc-CFgMeC6f8n70g
108987,Twitter,SOCIAL,,https://twitter.com/SAKUGAN_PT
109745,Official Site,INFO,Japanese,https://muteking.jp/
109745,Twitter,SOCIAL,Japanese,https://twitter.com/MUTEKING2021
109745,Crunchyroll,STREAMING,,https://www.crunchyroll.com/muteking-the-dancing-hero
109946,Netflix,STREAMING,,https://www.netflix.com/title/81034907
112019,Official Site,INFO,Japanese,https://starblazers-yamato.net/
112019,Twitter,SOCIAL,Japanese,https://twitter.com/new_yamato_2199/
112019,Facebook,SOCIAL,Japanese,https://www.facebook.com/yamato2199.net/
112019,Crunchyroll,STREAMING,,https://www.crunchyroll.com/series/G65V4P4K6/star-blazers-space-battleship-yamato
112716,Official Site,INFO,Japanese,https://muv-luv-alternative-anime.com
112716,Twitter,SOCIAL,Japanese,https://twitter.com/Muv_Luv_A_anime
112716,Crunchyroll,STREAMING,,https://www.crunchyroll.com/muv-luv-alternative
112716,YouTube,STREAMING,,https://www.youtube.com/playlist?list=PLwLSw1_eDZl1jvxZE-x5NVjJQz3pQquTI
113363,Official Site,INFO,Japanese,https://www.kaiju-decode.com/
113717,Twitter,SOCIAL,Japanese,https://twitter.com/osama_ranking
113717,Official Site,INFO,Japanese,https://osama-ranking.com/
113717,Crunchyroll,STREAMING,,https://crunchyroll.com/series/G79H23W70/ranking-of-kings
113717,iQ,STREAMING,,https://www.iq.com/album/ranking-of-kings-2021-1mtwsxtgdrl?lang=en_us
113717,Bilibili TV,STREAMING,,https://www.bilibili.tv/en/media/1058326/
118103,Official Site,INFO,Japanese,https://sugushinu-anime.jp/
118103,Twitter,SOCIAL,Japanese,https://twitter.com/johnwakawaii
118103,iQ,STREAMING,,https://www.iq.com/album/the-vampire-dies-in-no-time-2021-scfv47ebq5?lang=en_us
118103,Crunchyroll,STREAMING,,https://www.crunchyroll.com/the-vampire-dies-in-no-time
118126,Official Site,INFO,Japanese,https://macross.jp/
118126,Twitter,SOCIAL,Japanese,https://twitter.com/macrossD
118126,Hulu,STREAMING,,https://www.hulu.com/movie/macross-delta-zettai-live
118126,Disney Plus,STREAMING,,https://www.disneyplus.com/movies/macross-delta-zettai-live/6aTa6ZvaabNq
118390,Official Site,INFO,Japanese,http://kamiari-kodomo.jp/
118390,Twitter,SOCIAL,Japanese,https://twitter.com/kamiari_kodomo
118390,Netflix,STREAMING,,https://www.netflix.com/title/81478031
120646,Twitter,SOCIAL,Japanese,https://twitter.com/uzai_anime
120646,Official Site,INFO,Japanese,https://senpaiga-uzai-anime.com/
120646,iQ,STREAMING,,https://www.iq.com/album/my-senpai-is-annoying-1dclwo44t0p
120646,Bilibili TV,STREAMING,,https://www.bilibili.tv/en/play/1018992?s_locale=en_US&from=COPY
120646,Crunchyroll,STREAMING,,https://crunchyroll.com/series/GP5HJ815K
120646,YouTube,STREAMING,,https://www.youtube.com/playlist?list=PLpm1VVK4UL16mXC_GUcX38ocG91W0boKy
120646,YouTube,STREAMING,,https://www.youtube.com/playlist?list=PLwLSw1_eDZl1lPiuYljW124AbkxpGY_XH
120646,Netflix,STREAMING,,https://www.netflix.com/title/81510817
122292,Twitter,SOCIAL,Japanese,https://twitter.com/anime_yukiyuna
122292,HIDIVE,STREAMING,,https://www.hidive.com/season/19897
122292,Official Site,INFO,Japanese,https://yuyuyu.tv/daimankai/
122292,Bilibili TV,STREAMING,,https://www.bilibili.tv/media/1019231/
123899,Official Site,INFO,Japanese,https://ainouta.jp/
123899,Twitter,SOCIAL,Japanese,https://twitter.com/ainouta_movie
123899,Instagram,SOCIAL,Japanese,https://www.instagram.com/ainouta_movie/
123899,Crunchyroll,STREAMING,,https://www.crunchyroll.com/sing-a-bit-of-harmony
124140,Twitter,SOCIAL,Japanese,https://twitter.com/sao_anime
124140,Official Site,INFO,Japanese,https://sao-p.net/aria
124140,Crunchyroll,STREAMING,,https://www.crunchyroll.com/watch/GVWU0K5WN/sword-art-online-the-movie--progressive--aria-of-a-starless-night
124195,Twitter,SOCIAL,Japanese,https://twitter.com/baki_anime
124195,Official Site,INFO,Japanese,https://baki-anime.jp/
124195,Netflix,STREAMING,,https://www.netflix.com/title/81236338
125841,Official Site,INFO,Japanese,https://hula-fulladance.com/
125841,Twitter,SOCIAL,Japanese,https://twitter.com/hula_fulladance
125841,Crunchyroll,STREAMING,,https://www.crunchyroll.com/series/GEXH3W2Q5/hula-fulla-dance
125931,Official Site,INFO,Japanese,https://sumikkogurashi-movie.com/2021/
125931,Twitter,SOCIAL,Japanese,https://twitter.com/sumikko_movie
125931,Instagram,SOCIAL,Japanese,https://www.instagram.com/sumikko_movie/
126213,Twitter,SOCIAL,Japanese,https://twitter.com/shinnonakama_tv
126213,Official Site,INFO,Japanese,https://shinnonakama.com/
126213,Bilibili TV,STREAMING,,https://www.bilibili.tv/media/1019175
126213,Crunchyroll,STREAMING,,https://www.crunchyroll.com/banished-from-the-heros-party-i-decided-to-live-a-quiet-life-in-the-countryside
126393,Bilibili,STREAMING,,https://www.bilibili.com/bangumi/media/md28230743/
126393,Weibo,SOCIAL,Chinese,https://weibo.com/u/6472830750
126393,Official Site,INFO,Japanese,https://ag-f.net
126393,Twitter,SOCIAL,Japanese,https://twitter.com/agf_anime
126393,Crunchyroll,STREAMING,,https://www.crunchyroll.com/ancient-girls-frame
126790,Twitter,SOCIAL,Japanese,https://twitter.com/pj_selection
126790,Official Site,INFO,Japanese,http://pjselection.com/
126790,YouTube,STREAMING,,https://www.youtube.com/playlist?list=PLwLSw1_eDZl2FRizEh6a46FMtDzXRUeXq
126790,Crunchyroll,STREAMING,,https://www.crunchyroll.com/selection-project
126793,Official Site,INFO,Japanese,https://puraore.com/
126793,Twitter,SOCIAL,Japanese,https://twitter.com/puraore
126793,Crunchyroll,STREAMING,,https://crunchyroll.com/series/G3KHEV77Z
126793,YouTube,STREAMING,,https://www.youtube.com/playlist?list=PLxSscENEp7JjNjGOUu_OBOQEV6ngrgK1j
126897,Twitter,SOCIAL,Japanese,https://twitter.com/sankakumado_pr
126897,Official Site,INFO,Japanese,https://sankakumado-anime.com/
126897,Crunchyroll,STREAMING,,https://www.crunchyroll.com/series/GW4HM7PP7/the-night-beyond-the-tricornered-window
127400,Twitter,SOCIAL,Japanese,https://twitter.com/Anime_W_Trigger
127400,Official Site,INFO,Japanese,http://www.toei-anim.co.jp/tv/wt/
127400,Crunchyroll,STREAMING,,https://crunchyroll.com/series/GR757DMKY/world-trigger
127400,Netflix,STREAMING,,https://www.netflix.com/title/80149562
127400,Hoopla,STREAMING,,https://www.hoopladigital.com/television/world-trigger-season-3-brian-doe/15581489
127401,Twitter,SOCIAL,Japanese,https://twitter.com/ani_platinumend
127401,Official Site,INFO,Japanese,https://anime-platinumend.com/
127401,Instagram,SOCIAL,Japanese,https://instagram.com/ani_platinumend/
127401,Crunchyroll,STREAMING,,https://crunchyroll.com/series/G8DHV722J
127401,Hulu,STREAMING,,https://www.hulu.com/series/b8a90716-56bd-4831-9027-a5af4ac9a3ab
127412,Official Site,INFO,Japanese,https://taisho-otome.com/
127412,Twitter,SOCIAL,Japanese,https://twitter.com/otome_otogi
127412,iQ,STREAMING,,https://www.iq.com/album/taisho-otome-fairy-tale-1we072ujpjt
127412,YouTube,STREAMING,,https://www.youtube.com/playlist?list=PLWBgW1RHJJCR0rSMDvabds3HDpk3iripV
127412,Crunchyroll,STREAMING,,https://www.crunchyroll.com/taisho-otome-fairy-tale
127412,YouTube,STREAMING,,https://www.youtube.com/playlist?list=PLwLSw1_eDZl32s0WoBItd3klpmRdCEN8-
127619,Netflix,STREAMING,,https://www.netflix.com/title/80198505
127720,Official Site,INFO,Japanese,https://mushokutensei.jp/
127720,Twitter,SOCIAL,Japanese,https://twitter.com/mushokutensei_A
127720,Hulu,STREAMING,,https://www.hulu.com/series/mushoku-tensei-jobless-reincarnation-787a5fb4-9cba-4a69-96b2-4fb3b10c860a
127720,YouTube,STREAMING,,https://www.youtube.com/playlist?list=PLwLSw1_eDZl01_ftoIT3birJWkpxFZkEl
127720,Crunchyroll,STREAMING,,https://www.crunchyroll.com/mushoku-tensei-jobless-reincarnation
127720,WeTV,STREAMING,,https://wetv.vip/en/play/ecmp615ib5kswl3
127720,iQ,STREAMING,,https://www.iq.com/album/tg0bzbp8zd
127720,Netflix,STREAMING,,https://www.netflix.com/title/80987039
128705,Official Site,INFO,Japanese,http://blue-period.jp/
128705,Twitter,SOCIAL,Japanese,https://twitter.com/blueperiod_pr
128705,Netflix,STREAMING,,https://www.netflix.com/title/81318842
128827,Official Site,INFO,Japanese,https://10th.cf-vanguard.com/anime/
128827,Twitter,SOCIAL,Japanese,https://twitter.com/cfvanguard_PR
128827,Crunchyroll,STREAMING,,https://crunchyroll.com/series/GXJHM3NJ5/cardfight-vanguard-overdress
128827,YouTube,STREAMING,,https://www.youtube.com/playlist?list=PLZaz0lCoygoxah9Zqbt5-ffN3rnHSV0Kd
128827,YouTube,STREAMING,,https://www.youtube.com/playlist?list=PLZaz0lCoygoxxHytqiMq-c4aq2r4nrVcS
128827,HIDIVE,STREAMING,,https://www.hidive.com/season/19472
129068,Official Site,INFO,Japanese,https://shinkanomi-anime.com/2021/
129068,Twitter,SOCIAL,Japanese,https://twitter.com/shinkanomianime
129068,Crunchyroll,STREAMING,,https://www.crunchyroll.com/series/G9VHN9DDX/the-fruit-of-evolution-before-i-knew-it-my-life-had-it-made
129068,iQ,STREAMING,,https://www.iq.com/album/2ezajqw26z9
129068,YouTube,STREAMING,,https://www.youtube.com/playlist?list=PLxSscENEp7JjJbln83lUKLrhXMvu57JXk
129068,Bilibili TV,STREAMING,,https://www.bilibili.tv/en/media/1020097
129549,Official Site,INFO,Japanese,https://macross.jp/special/fmovie/
129549,Hulu,STREAMING,,https://www.hulu.com/movie/macross-frontier-labyrinth-of-time
129549,Disney Plus,STREAMING,,https://www.disneyplus.com/movies/macross-frontier-labyrinth-of-time/7PGGJGQhwc3e
129759,Official Site,INFO,Japanese,https://pripri-anime.jp/
129759,Twitter,SOCIAL,Japanese,https://twitter.com/pripri_anime/
129759,HIDIVE,STREAMING,,https://www.hidive.com/playlist/20458
129874,Twitter,SOCIAL,Japanese,https://twitter.com/kimetsu_off
129874,Twitter,SOCIAL,English,https://twitter.com/DemonSlayerUSA
129874,Crunchyroll,STREAMING,,https://crunchyroll.com/series/GY5P48XEY/Demon-Slayer-Kimetsu-no-Yaiba
129874,Netflix,STREAMING,,https://www.netflix.com/us/title/81091393
129874,Bilibili TV,STREAMING,,https://www.bilibili.tv/en/play/1023002
129874,iQ,STREAMING,,https://www.iq.com/album/1imq8t95p2d
129874,Official Site,INFO,Japanese,https://kimetsu.com/anime/mugenresshahen_tv/
129874,Hulu,STREAMING,,https://www.hulu.com/series/demon-slayer-kimetsu-no-yaiba-mugen-train-arc
129874,Twitter,SOCIAL,French,https://twitter.com/kimetsu_fr
129898,Official Site,INFO,Japanese,https://ansatsu-kizoku.jp/
129898,Twitter,SOCIAL,Japanese,https://twitter.com/ansatsu_kizoku
129898,Crunchyroll,STREAMING,,https://crunchyroll.com/series/GMEHME55K
129898,YouTube,STREAMING,,https://www.youtube.com/playlist?list=PLwLSw1_eDZl0PWwz5cS6rncbDhX-J3AeV
129898,Bilibili TV,STREAMING,,https://www.bilibili.tv/media/1019621
129898,Netflix,STREAMING,,https://www.netflix.com/title/81511191
130050,Official Site,INFO,Japanese,https://summerghost.jp/?skip
130050,Twitter,SOCIAL,Japanese,https://twitter.com/summerghost_PR
130558,Official Site,INFO,Japanese,https://ariacompany.net/
130558,Twitter,SOCIAL,Japanese,https://twitter.com/aria_senden
130558,YouTube,STREAMING,,https://www.youtube.com/watch?v=ypATSe7x8sM&t=144s&pp=ygUYYXJpYSB0aGUgY3JlcHVzY29sbyBtdXNl
130962,Official Site,INFO,,https://www.san-x.co.jp/chickipdancers/
131005,Twitter,SOCIAL,Japanese,https://twitter.com/kyoukai_senki
131005,Official Site,INFO,Japanese,https://www.kyoukai-senki.net/
131005,iQ,STREAMING,,https://www.iq.com/album/28q78lyprk9
131005,Crunchyroll,STREAMING,,https://www.crunchyroll.com/amaim-warrior-at-the-borderline
131019,Twitter,SOCIAL,Japanese,https://twitter.com/laika_anime
131019,Official Site,INFO,Japanese,https://tsuki-laika-nosferatu.com/
131019,YouTube,STREAMING,,https://www.youtube.com/playlist?list=PLxSscENEp7Jh3O6xMZONZpvbnybf8-EcQ
131019,iQ,STREAMING,,https://www.iq.com/album/irina%3A-the-vampire-cosmonaut-1w931deg02h
131019,Crunchyroll,STREAMING,,https://www.crunchyroll.com/irina-the-vampire-cosmonaut
131083,Twitter,SOCIAL,Japanese,https://twitter.com/mierukochan_pr
131083,Official Site,INFO,Japanese,https://mierukochan.jp/
131083,YouTube,STREAMING,,https://www.youtube.com/playlist?list=PLwLSw1_eDZl17reRE_OPjNhFb-IgV1aYY
131083,iQ,STREAMING,,https://www.iq.com/album/mieruko-chan-2c7u5fzqd0h
131083,Bilibili TV,STREAMING,,https://www.bilibili.tv/media/1019493
131083,Crunchyroll,STREAMING,,https://www.crunchyroll.com/mieruko-chan
131083,Netflix,STREAMING,,https://www.netflix.com/title/81513820
131264,Twitter,SOCIAL,Japanese,https://twitter.com/hanyo_yashahime
131264,Official Site,INFO,Japanese,http://hanyo-yashahime.com/
131264,Crunchyroll,STREAMING,,https://www.crunchyroll.com/yashahime-princess-half-demon
131264,Hulu,STREAMING,,https://www.hulu.com/series/yashahime-princess-half-demon-75a9075a-938e-485a-8d60-88c8d6c6817f
131264,YouTube,STREAMING,,https://www.youtube.com/playlist?list=PLxSscENEp7JiBkNCZlFsKwmdtzlUR4Y58
131565,Official Site,INFO,Japanese,https://anime.takt-op.jp/
131565,Twitter,SOCIAL,Japanese,https://twitter.com/takt_op_destiny
131565,Crunchyroll,STREAMING,,https://www.crunchyroll.com/takt-opdestiny
131565,iQ,STREAMING,,https://www.iq.com/album/phuutpy5kp
131565,YouTube,STREAMING,,https://www.youtube.com/playlist?list=PLxSscENEp7Jgp5-czzbc2NrWBg5g2qz7n
131565,Bilibili TV,STREAMING,,https://www.bilibili.tv/media/1019433
131573,Official Site,INFO,Japanese,https://jujutsukaisen-movie.jp/
131573,Twitter,SOCIAL,Japanese,https://twitter.com/animejujutsu
131573,Crunchyroll,STREAMING,,https://www.crunchyroll.com/jujutsu-kaisen
131573,Amazon Prime Video,STREAMING,,https://www.primevideo.com/detail/Jujutsu-Kaisen-0/0GTVYMIYD1GSB85O4H2JZWZJK0
131573,Netflix,STREAMING,,https://www.netflix.com/title/81602834
131584,Twitter,SOCIAL,Japanese,https://twitter.com/visualprison
131584,Official Site,INFO,Japanese,https://visualprison.com/
131584,Instagram,SOCIAL,Japanese,https://www.instagram.com/visualprison/
131586,Official Site,INFO,Japanese,https://anime-86.com/
131586,Twitter,SOCIAL,Japanese,https://twitter.com/anime_eightysix
131586,iQ,STREAMING,,https://www.iq.com/album/2aef2fzzzvp
131586,Bilibili TV,STREAMING,,https://www.bilibili.tv/media/1003031/
131586,Netflix,STREAMING,,https://www.netflix.com/title/81442047
131878,Twitter,SOCIAL,Japanese,https://twitter.com/denchi_project
131878,Official Site,INFO,Japanese,https://denchi-project.com/
131878,YouTube,STREAMING,,https://www.youtube.com/playlist?list=PLwLSw1_eDZl3OjCmcapJ_gTsUedrF2j6-
131878,Crunchyroll,STREAMING,,https://www.crunchyroll.com/rumble-garanndoll
131942,Twitter,SOCIAL,Japanese,https://twitter.com/anime_jojo
131942,Official Site,INFO,Japanese,https://jojo-portal.com/anime/so/
131942,Netflix,STREAMING,,https://www.netflix.com/title/80179831
131942,Instagram,SOCIAL,Japanese,https://www.instagram.com/jojotheanimation/
132071,Official Site,INFO,Japanese,https://teslanote.net/
132071,Twitter,SOCIAL,Japanese,https://twitter.com/teslanote
132071,Crunchyroll,STREAMING,,https://www.crunchyroll.com/tesla-note
132193,Netflix,STREAMING,,https://www.netflix.com/title/81261669
132300,Official Site,INFO,,https://otoppe-movie.com/
132300,Twitter,SOCIAL,,https://twitter.com/otoppetown
132300,YouTube,STREAMING,,https://www.youtube.com/channel/UCvZEsL3yzjTXXIOIG4IVt2w
132300,Facebook,SOCIAL,,https://www.facebook.com/otoppetown/
132473,Twitter,SOCIAL,Japanese,https://twitter.com/faraway_paladin
132473,Official Site,INFO,Japanese,https://farawaypaladin.com/
132473,Crunchyroll,STREAMING,,https://www.crunchyroll.com/series/GEXH3W8G1/the-faraway-paladin
132473,YouTube,STREAMING,,https://www.youtube.com/playlist?list=PLxSscENEp7Jh_QWr3eCIlSbMAhE2eo-5r
132473,iQ,STREAMING,,https://www.iq.com/album/1im0s6t143x
132525,Twitter,SOCIAL,Japanese,https://twitter.com/build_divide
132525,Crunchyroll,STREAMING,,https://beta.crunchyroll.com/series/GG5H5XDE1/build-divide-000000-code-black
132525,iQ,STREAMING,,https://www.iq.com/album/te7rr4aovx
132525,Official Site,INFO,Japanese,https://anime.build-divide.com/black/
132528,Official Site,INFO,Japanese,https://kaginado.com/
132528,Twitter,SOCIAL,Japanese,https://twitter.com/kaginado
132528,HIDIVE,STREAMING,,https://www.hidive.com/movies/kaginado
132528,Crunchyroll,STREAMING,,https://www.crunchyroll.com/series/G3KHEV73Z/kaginado
132528,YouTube,STREAMING,,https://www.youtube.com/playlist?list=PLwLSw1_eDZl3gRcH6U4L-LonrzmvlvvX0
132545,Official Site,INFO,Japanese,https://dakaretai-1st.com/
132545,Twitter,SOCIAL,Japanese,https://twitter.com/dakaretai_1st
132545,Crunchyroll,STREAMING,,https://www.crunchyroll.com/watch/GEVUWJNJX/movie
132679,Twitter,SOCIAL,Japanese,https://twitter.com/idolland_arts
132679,Official Site,INFO,Japanese,https://pripara.jp/idolland
132679,YouTube,STREAMING,,https://www.youtube.com/playlist?list=PLlH6DyUO5TnxNPjRJPR2jwGBHCv_ACCSi
132806,Twitter,SOCIAL,Japanese,https://twitter.com/nekoya_PR
132806,Official Site,INFO,Japanese,https://isekai-shokudo2.com/
132806,Crunchyroll,STREAMING,,https://www.crunchyroll.com/series/GR49493P6/restaurant-to-another-world
133411,Twitter,SOCIAL,Japanese,https://twitter.com/180Kimimimi
133411,Official Site,INFO,Japanese,https://180-kimimimi.jp/
133510,Twitter,SOCIAL,Japanese,https://twitter.com/gunmachan_info
133510,Official Site,INFO,Japanese,https://gunmachan-official.jp/animation/
133510,Crunchyroll,STREAMING,,https://www.crunchyroll.com/series/GDKHZEPP3/gunma-chan
133965,Official Site,INFO,Japanese,https://komisan-official.com/
133965,Twitter,SOCIAL,Japanese,https://twitter.com/comisanvote
133965,Netflix,STREAMING,,https://www.netflix.com/title/81228573
134623,Twitter,SOCIAL,Japanese,https://twitter.com/lupin_anime
134623,HIDIVE,STREAMING,,https://www.hidive.com/tv/lupin-the-3rd-part-6
134623,Crunchyroll,STREAMING,,https://www.crunchyroll.com/lupin-the-3rd-part-6
134623,Official Site,INFO,Japanese,https://www.lupin-3rd.net/part6/
134623,Official Site,INFO,English,https://www.lupinpart6.com/
134710,Official Site,INFO,Japanese,https://movie2020.given-anime.com/oad/
134710,Twitter,SOCIAL,Japanese,https://twitter.com/given_anime
134710,Crunchyroll,STREAMING,,https://www.crunchyroll.com/watch/G9DUE18M4/on-the-other-hand
135171,Twitter,SOCIAL,Japanese,https://twitter.com/bang_dream_info
135171,Official Site,INFO,Japanese,https://anime.bang-dream.com/pico/
135171,YouTube,STREAMING,,https://www.youtube.com/playlist?list=PLi6JjODFVq32885eIpU4RuymSG8AGPII_
135432,Netflix,STREAMING,,https://www.netflix.com/title/81001990
135645,Twitter,SOCIAL,,https://twitter.com/ggame_gbm
135645,Official Site,INFO,,http://g-bb.net/
135645,YouTube,STREAMING,,https://www.youtube.com/playlist?list=PLJV1h9xQ7Hx8E10pELJWrAMDND3zOapLy
135645,Official Site,INFO,,https://en.gundam.info/about-gundam/series-pages/breaker-battlogue.html
135864,Official Site,INFO,,https://2021.precure-movie.com/
135864,Twitter,SOCIAL,,https://twitter.com/precure_movie
135939,Official Site,INFO,Japanese,https://yakumo-project.com/
135939,Twitter,SOCIAL,Japanese,https://twitter.com/yakumo_project
135939,Crunchyroll,STREAMING,,https://crunchyroll.com/series/GQWH0M434/Lets-Make-a-Mug-Too
135939,YouTube,STREAMING,,https://www.youtube.com/playlist?list=PLxSscENEp7JhdByPH2YetobD2dOivIiGr
136119,Official Site,INFO,Japanese,https://primagi.jp/
136119,Twitter,SOCIAL,Japanese,https://twitter.com/PrettySeriesPR
136119,HIDIVE,STREAMING,,https://www.hidive.com/tv/waccha-primagi
136119,Official Site,INFO,Japanese,https://www.tv-tokyo.co.jp/anime/primagi/
136221,Twitter,SOCIAL,,https://twitter.com/rikuyowakunai
136221,Official Site,INFO,,https://riku-movie.com
136344,Official Site,INFO,Japanese,https://anime.elmelloi.com/
136344,Twitter,SOCIAL,Japanese,https://twitter.com/elmelloi_anime
136344,Crunchyroll,STREAMING,,https://beta.crunchyroll.com/watch/G7PU4VG2Q/waver-reunion-and-the-magic-lantern
136829,Official Site,INFO,Japanese,https://hamehura-anime.com/
136829,Twitter,SOCIAL,Japanese,https://twitter.com/hamehura
136829,Crunchyroll,STREAMING,,https://www.crunchyroll.com/my-next-life-as-a-villainess-all-routes-lead-to-doom/my-next-life-as-a-villainess-all-routes-lead-to-doom-x-i-met-my-destined-one-814444
136829,YouTube,STREAMING,,https://youtu.be/6-XcZVxgXlc?si=Si4HrEpX0woOxZSY
136947,Twitter,SOCIAL,Japanese,https://twitter.com/deepinsanity_pj
136947,Official Site,INFO,Japanese,https://www.jp.square-enix.com/deepinsanity/anime
136947,YouTube,STREAMING,,https://www.youtube.com/playlist?list=PLxSscENEp7JjmsVmFRjMFgquw0gsde2pR
136947,Crunchyroll,STREAMING,,https://www.crunchyroll.com/deep-insanity-the-lost-child
137227,Official Site,INFO,Japanese,https://dejimeetsgirl.okinawa/
137227,Twitter,SOCIAL,Japanese,https://twitter.com/dejimeetsgirl
137309,Official Site,INFO,Japanese,https://www.toei-anim.co.jp/tv/digimon_ghost_game/
137309,Twitter,SOCIAL,Japanese,https://twitter.com/digimon_tv
137309,Crunchyroll,STREAMING,,https://www.crunchyroll.com/series/G5PHNMEEZ/digimon-ghost-game
137877,Twitter,SOCIAL,Japanese,https://twitter.com/anime_douki
137877,Official Site,INFO,Japanese,https://doukichan-anime.com/
137877,Crunchyroll,STREAMING,,https://www.crunchyroll.com/ganbare-doukichan
137877,YouTube,STREAMING,,https://www.youtube.com/playlist?list=PLwLSw1_eDZl1etvMN_OKH4-hnOROmTPaX
137877,Bilibili TV,STREAMING,,https://www.bilibili.tv/en/media/1018622
138060,Twitter,SOCIAL,English,https://twitter.com/starwars
138060,Disney Plus,STREAMING,,https://www.disneyplus.com/series/star-wars-visions/5AiiTRJ7OaKg
138060,Hulu,STREAMING,,https://www.hulu.com/series/2bd9a5cd-ab23-40ec-b211-4c87f2e94528
138383,Official Site,INFO,,https://fitboxing.net/anime/
138383,Twitter,SOCIAL,,https://twitter.com/fitboxinginfo
138699,Twitter,SOCIAL,Japanese,https://twitter.com/Pokemon_cojp
138699,YouTube,STREAMING,,https://youtube.com/playlist?list=PLQWzKIaERirwN5po6LduiSLm8qc7GtuAl&si=I6QtXoF-i7cfG2c8
138714,Twitter,SOCIAL,Japanese,https://twitter.com/heike_anime
138714,Official Site,INFO,Japanese,https://HEIKE-anime.asmik-ace.co.jp
138714,Crunchyroll,STREAMING,,https://www.crunchyroll.com/the-heike-story
138899,Official Site,INFO,Japanese,https://www.ghostintheshell-sac2045.jp/movie
138899,Twitter,SOCIAL,Japanese,https://twitter.com/gitssac2045/
138899,Netflix,STREAMING,,https://www.netflix.com/title/81513128
139386,Twitter,SOCIAL,Japanese,https://twitter.com/anime_hakuoki
139386,Official Site,INFO,Japanese,https://www.nbcuni.co.jp/anime/hakuoki/
139386,Crunchyroll,STREAMING,,https://www.crunchyroll.com/hakuoki-demon-of-the-fleeting-blossom
139449,Official Site,INFO,Japanese,https://tawawa2-anime.com/
139449,Twitter,SOCIAL,Japanese,https://twitter.com/anime_tawawa2/
139449,Crunchyroll,STREAMING,,https://www.crunchyroll.com/tawawa-on-monday
139449,YouTube,STREAMING,,https://www.youtube.com/playlist?list=PLwLSw1_eDZl1vULLPQdH4gjhkW8x_k0RQ
139466,Twitter,SOCIAL,Japanese,https://twitter.com/anime_tawawa2/
139466,Official Site,INFO,Japanese,https://tawawa2-anime.com/#bluray
140601,Vimeo,STREAMING,,https://vimeo.com/526031328
140689,YouTube,STREAMING,,https://www.youtube.com/watch?v=2GSSxcq5A5c
140689,Twitter,SOCIAL,,https://twitter.com/sharedol/
140700,Official Site,INFO,Japanese,http://www.yostar-pictures.co.jp/sorairo-utility/
140700,Twitter,SOCIAL,Japanese,https://twitter.com/YostarPictures
140700,Crunchyroll,STREAMING,,https://www.crunchyroll.com/sorairo-utility
140700,YouTube,STREAMING,,https://www.youtube.com/watch?v=YupGxYxonn0
141056,Official Site,INFO,,http://www.yamamura-animation.jp/dozensofnorths.html
141528,Official Site,INFO,,https://verse-n.com
141528,Twitter,SOCIAL,,https://twitter.com/verse_n_project
141528,YouTube,STREAMING,,https://www.youtube.com/watch?v=5rJF2X6riBU
141779,Twitter,SOCIAL,,https://twitter.com/SketchSore
141779,Official Site,INFO,,https://tecomeno-y.com/soresuke/
141779,YouTube,STREAMING,,https://www.youtube.com/c/soresuke
142015,YouTube,STREAMING,,https://www.youtube.com/watch?v=4ja452-xWnM
142015,Twitter,SOCIAL,,https://twitter.com/CHARMS_info/
142015,Official Site,INFO,,https://www.charms-official.com/
142052,YouTube,STREAMING,,https://www.youtube.com/watch?v=JJThg5VjPvk
144803,Twitter,SOCIAL,,https://twitter.com/garupan
144803,Official Site,INFO,,https://girls-und-panzer-finale.jp/goods/bddvd-final3/
144811,YouTube,STREAMING,,https://www.youtube.com/watch?v=L37iVc3V7B0
145705,YouTube,STREAMING,,https://youtu.be/A-YuYPdkW5o
145709,YouTube,STREAMING,,https://www.youtube.com/playlist?list=PLCG8xmcftgWlVHHmFeHNbHGsnnduZKkGz
145709,Official Site,INFO,Japanese,http://artiswitch.com/#top
145709,Twitter,SOCIAL,,https://twitter.com/Artiswitch_jp
145799,YouTube,STREAMING,,https://www.youtube.com/playlist?list=PLkFohV-tDfcxzIMICCcc7gMXFVVUP9LLn
145840,YouTube,STREAMING,,https://www.youtube.com/playlist?list=PLKPsuBIKuejO01G02IpSUzkoNqjsxqpk-
145898,YouTube,STREAMING,,https://www.youtube.com/channel/UCvrmC3Kn8UJKaAGdwv4mBDg/videos
148293,Twitter,SOCIAL,Japanese,https://twitter.com/pj_selection
148293,Official Site,INFO,Japanese,http://pjselection.com/
148820,YouTube,STREAMING,,https://youtu.be/LYoG1YPPNl0
154198,YouTube,STREAMING,,https://youtube.com/playlist?list=PLStlXMBhWF_SUdzjNbsVsaoHnaRv6Al81
154386,Official Site,INFO,Japanese,https://umamusume.jp/products/detail.php?id=products-038
154386,Twitter,SOCIAL,Japanese,https://twitter.com/uma_musu
165557,Official Site,INFO,Japanese,https://kaguya.love
165557,Twitter,SOCIAL,Japanese,https://twitter.com/anime_kaguya
165557,YouTube,STREAMING,,https://www.youtube.com/watch?v=cxTxrKrYkcY
165557,YouTube,STREAMING,,https://www.youtube.com/watch?v=vFN5K-iAyV0
169404,YouTube,STREAMING,,https://www.youtube.com/playlist?list=PLBE2D9BnJJUprqeht9zRMcbVl4Y2a40L1
181468,YouTube,STREAMING,,https://www.youtube.com/watch?v=sb_kvStZtwU
204616,Official Site,INFO,Japanese,https://sustotena.koikeya.co.jp/
204616,YouTube,STREAMING,,https://www.youtube.com/playlist?list=PLWcHadqZmb9FHZSprzG1fccoIfTTiAJSu
213428,YouTube,STREAMING,,https://www.youtube.com/@愛しのザコ配信者ちゃん
213428,Twitter,SOCIAL,,https://x.com/ishikawa_puro
213463,Official Site,INFO,Japanese,https://www.asahi.co.jp/sp/neko_jockey/
213463,Twitter,SOCIAL,Japanese,https://x.com/nekojockey
213463,YouTube,STREAMING,,https://www.youtube.com/playlist?list=PLoB47zOj5Db-YtjaZ-FdZp059RQD0V9ay
101705,Twitter,SOCIAL,Japanese,https://twitter.com/Chikyugai_BG
101705,Official Site,INFO,Japanese,https://chikyugai.com/
101705,Netflix,STREAMING,,https://www.netflix.com/title/81340914
102891,Official Site,INFO,Japanese,https://shikanoou-movie.jp/
102891,Twitter,SOCIAL,Japanese,https://twitter.com/shikanoou_movie
102891,Hulu,STREAMING,,https://www.hulu.com/movie/the-deer-king-english-dub-5d9e0aaf-3360-4f69-bdcf-5839f5e0ba32
102891,Hulu,STREAMING,,https://www.hulu.com/movie/the-deer-king-71ec6d2f-ed76-4d8f-900a-1f3225f0c4ee
102891,Netflix,STREAMING,,https://www.netflix.com/title/81700393
109820,Official Site,INFO,Japanese,https://rustedarmors-anime.com/
109820,Twitter,SOCIAL,Japanese,https://twitter.com/armors_anime
109820,Crunchyroll,STREAMING,,https://crunchyroll.com/series/GG5H5XE5W
112323,Official Site,INFO,Japanese,https://arifureta.com/
112323,Hulu,STREAMING,,https://www.hulu.com/series/arifureta-from-commonplace-to-worlds-strongest-f3ebfa6a-c651-4e2b-b939-6c46dec8a66a
112323,Twitter,SOCIAL,Japanese,https://twitter.com/ARIFURETA_info
112323,Twitter,SOCIAL,English,https://twitter.com/Arifureta_anime
112323,Crunchyroll,STREAMING,,https://www.crunchyroll.com/arifureta-from-commonplace-to-worlds-strongest
112323,Bilibili TV,STREAMING,,https://www.bilibili.tv/en/media/1034644
112719,Official Site,INFO,Japanese,https://futsalboys.com
112719,Twitter,SOCIAL,Japanese,https://twitter.com/futsal_boys
112719,Crunchyroll,STREAMING,,https://www.crunchyroll.com/futsal-boys
113345,Official Site,INFO,Japanese,https://deemomovie.jp/
113345,Twitter,SOCIAL,Japanese,https://twitter.com/DeemoMovie
117765,Official Site,INFO,Japanese,https://popipa-movie.bang-dream.com/
117765,Twitter,SOCIAL,Japanese,https://twitter.com/bang_dream_info
117765,Crunchyroll,STREAMING,,https://www.crunchyroll.com/bang-dream-movies
117765,YouTube,STREAMING,,https://www.youtube.com/playlist?list=PLwLSw1_eDZl2G6DBHShiUaTXCskconQ9V
119056,Official Site,INFO,Japanese,https://kendeshi-anime.com/
119056,Twitter,SOCIAL,Japanese,https://twitter.com/kendeshi_anime
119056,YouTube,STREAMING,,https://www.youtube.com/playlist?list=PLwLSw1_eDZl2o_CBCRxnYJOP_UhDn7NeW
119056,Bilibili TV,STREAMING,,https://www.bilibili.tv/media/1036060/
119056,iQ,STREAMING,,https://www.iq.com/album/she-professed-herself-pupil-of-the-wise-man-2022-17kgvyisbr9
119056,Crunchyroll,STREAMING,,https://www.crunchyroll.com/she-professed-herself-pupil-of-the-wise-man
122808,Twitter,SOCIAL,Japanese,https://twitter.com/priconne_anime
122808,Official Site,INFO,Japanese,https://anime.priconne-redive.jp/
122808,Crunchyroll,STREAMING,,https://crunchyroll.com/series/G6QW1E876/princess-connect-re-dive
123752,Twitter,SOCIAL,Japanese,https://twitter.com/shenmue_anime
123752,Official Site,INFO,Japanese,https://shenmue-anime.jp/
123752,Crunchyroll,STREAMING,,https://crunchyroll.com/series/GQWH0M94E/shenmue-the-animation
123752,Twitter,SOCIAL,,https://twitter.com/shenmueanime
124060,Twitter,SOCIAL,Japanese,https://twitter.com/baraou_anime
124060,Official Site,INFO,Japanese,https://baraou-anime.com/
124060,Crunchyroll,STREAMING,,https://www.crunchyroll.com/requiem-of-the-rose-king
125682,Official Site,INFO,Japanese,https://cue-animation.jp/
125682,Twitter,SOCIAL,Japanese,https://twitter.com/cue_anime
125682,YouTube,STREAMING,,https://www.youtube.com/channel/UCJNtE-uSBg1E6i6jiR88z1Q
125682,Crunchyroll,STREAMING,,https://www.crunchyroll.com/cue
126288,Twitter,SOCIAL,Japanese,https://twitter.com/sasamiya_anime
126288,Official Site,INFO,Japanese,https://sasamiya.com/
126288,Instagram,SOCIAL,Japanese,https://www.instagram.com/sasamiya_anime/
126288,YouTube,STREAMING,,https://www.youtube.com/playlist?list=PLxSscENEp7JhClqyd8hZ6loQ24FvkgwOb
126288,Crunchyroll,STREAMING,,https://www.crunchyroll.com/sasaki-and-miyano
126783,Official Site,INFO,Japanese,https://doraeiga.com/2021/
126783,Twitter,SOCIAL,Japanese,https://twitter.com/doraemonChannel
127050,Official Site,INFO,Japanese,https://love-of-kill.com/
127050,Twitter,SOCIAL,Japanese,https://twitter.com/LoveofKill_info
127050,Crunchyroll,STREAMING,,https://www.crunchyroll.com/love-of-kill
127549,Twitter,SOCIAL,Japanese,https://twitter.com/slowloop_tv
127549,Official Site,INFO,Japanese,https://slowlooptv.com/
127549,Bilibili TV,STREAMING,,https://www.bilibili.tv/media/1035933/
127549,Crunchyroll,STREAMING,,https://www.crunchyroll.com/slow-loop
128034,Official Site,INFO,Japanese,https://orient-anime.jp/
128034,Twitter,SOCIAL,Japanese,https://twitter.com/orient_pr
128034,Crunchyroll,STREAMING,,https://www.crunchyroll.com/orient
128034,YouTube,STREAMING,,https://www.youtube.com/playlist?list=PLxSscENEp7JhRe3iHESL39UAKDJNCRNeb
128400,Twitter,SOCIAL,Japanese,https://twitter.com/saiyuki_re
128400,Official Site,INFO,Japanese,https://saiyuki-r-zeroin.jp/
128400,HIDIVE,STREAMING,,https://www.hidive.com/tv/saiyuki-reload-zeroin
128400,YouTube,STREAMING,,https://www.youtube.com/playlist?list=PLWBgW1RHJJCTSuxzweNqoEgFRxuRzxVB5
128828,Official Site,INFO,Japanese,https://gf-anime.com/
128828,Twitter,SOCIAL,Japanese,https://twitter.com/gf_animePR
128828,YouTube,STREAMING,,https://www.youtube.com/playlist?list=PLwLSw1_eDZl23nn7SiSh0qSwLxieZyNmh
128828,Crunchyroll,STREAMING,,https://www.crunchyroll.com/girls-frontline
129190,Official Site,INFO,Japanese,https://tensaiouji-anime.com/
129190,Twitter,SOCIAL,Japanese,https://twitter.com/tensaiouji_PR
129190,YouTube,STREAMING,,https://www.youtube.com/playlist?list=PLwLSw1_eDZl3c_LVdE3-fWSI17vrM46ez
129190,Crunchyroll,STREAMING,,https://www.crunchyroll.com/the-genius-princes-guide-to-raising-a-nation-out-of-debt
129190,Bilibili TV,STREAMING,,https://www.bilibili.tv/en/media/1035162
129191,Official Site,INFO,Japanese,https://shikkakumon.com/
129191,Twitter,SOCIAL,Japanese,https://twitter.com/shikkakumon_PR
129191,YouTube,STREAMING,,https://www.youtube.com/playlist?list=PLxSscENEp7JhLYLGaHZCoq1kVvPAh_O8b
129191,Crunchyroll,STREAMING,,https://crunchyroll.com/series/G5PHNM4K8
129191,Bilibili TV,STREAMING,,https://www.bilibili.tv/media/1035350/
130166,Twitter,SOCIAL,Japanese,https://twitter.com/leadale_anime
130166,Official Site,INFO,Japanese,https://leadale.net/
130166,Crunchyroll,STREAMING,,https://www.crunchyroll.com/in-the-land-of-leadale
130166,Bilibili TV,STREAMING,,https://www.bilibili.tv/media/1034958/
130389,Official Site,INFO,Japanese,https://mahouka.jp/
130389,Twitter,SOCIAL,Japanese,https://twitter.com/mahouka_anime
130389,Crunchyroll,STREAMING,,https://crunchyroll.com/series/GRMGDGZVR
130389,Bilibili TV,STREAMING,,https://www.bilibili.tv/media/1036717/
130389,Twitter,SOCIAL,English,https://x.com/MahoukaUSA
130389,Official Site,INFO,English,https://mahouka.us/reminiscence/
130550,Twitter,SOCIAL,Japanese,https://twitter.com/totsukunishoujo
130550,Official Site,INFO,Japanese,https://www.totsukuni.com/
130550,Crunchyroll,STREAMING,,https://www.crunchyroll.com/the-girl-from-the-other-side
130591,Twitter,SOCIAL,Japanese,https://twitter.com/SABIKUI_BISCO
130591,Official Site,INFO,Japanese,https://sabikuibisco.jp/
130591,Crunchyroll,STREAMING,,https://www.crunchyroll.com/sabikui-bisco
130591,YouTube,STREAMING,,https://youtube.com/playlist?list=PLwLSw1_eDZl3wnGEqGVQDhDlyDLviOhCx
130591,Bilibili TV,STREAMING,,https://www.bilibili.tv/media/1037462/
130591,iQ,STREAMING,,https://www.iq.com/album/sabikui-bisuko-2022-1vsb8xl70ap
131548,Twitter,SOCIAL,Japanese,https://twitter.com/AKEBI_chan
131548,Official Site,INFO,Japanese,https://akebi-chan.jp/
131548,YouTube,STREAMING,,https://www.youtube.com/channel/UCenz2BN0Kst4i1w_xGkyRdQ
131548,Crunchyroll,STREAMING,,https://crunchyroll.com/series/GDKHZEW97
131548,Bilibili TV,STREAMING,,https://www.bilibili.tv/media/1035275/
131548,Instagram,SOCIAL,Japanese,https://www.instagram.com/akebichan_no_insta/
131681,Official Site,INFO,Japanese,https://shingeki.tv/final/
131681,Crunchyroll,STREAMING,,https://crunchyroll.com/series/GR751KNZY
131681,Hulu,STREAMING,,https://www.hulu.com/series/attack-on-titan-9c91ffa3-dc20-48bf-8bc5-692e37c76d88
131681,Netflix,STREAMING,,https://www.netflix.com/title/70299043
131681,Bilibili TV,STREAMING,,https://www.bilibili.tv/media/1042594
131681,Twitter,SOCIAL,Japanese,https://twitter.com/anime_shingeki
131681,Instagram,SOCIAL,Japanese,https://www.instagram.com/anime_shingeki_official/
132405,Official Site,INFO,Japanese,https://bisquedoll-anime.com/1st/
132405,Twitter,SOCIAL,Japanese,https://twitter.com/kisekoi_anime
132405,Crunchyroll,STREAMING,,https://crunchyroll.com/series/GQWH0M9N8
132405,Bilibili TV,STREAMING,,https://www.bilibili.tv/media/1035102
132405,Netflix,STREAMING,,https://www.netflix.com/watch/81569754
132405,TikTok,SOCIAL,Japanese,https://www.tiktok.com/@kisekoi_anime
134070,Twitter,SOCIAL,Japanese,https://twitter.com/HairpinDouble
134070,Official Site,INFO,Japanese,http://www.e-next.co.jp/hairpindouble/
134252,Twitter,SOCIAL,Japanese,https://twitter.com/fabiniku
134252,Official Site,INFO,Japanese,https://fabiniku.com/
134252,Crunchyroll,STREAMING,,https://www.crunchyroll.com/life-with-an-ordinary-guy-who-reincarnated-into-a-total-fantasy-knockout
134252,YouTube,STREAMING,,https://www.youtube.com/playlist?list=PLxSscENEp7JizHNDj5kgVbs6qr3Bw95ie
134252,Bilibili TV,STREAMING,,https://www.bilibili.tv/media/1036315/
135136,Official Site,INFO,Japanese,https://vanitas-anime.com/
135136,Twitter,SOCIAL,Japanese,https://twitter.com/vanitas_anime
135136,Crunchyroll,STREAMING,,https://crunchyroll.com/series/GEXH3W8DG/the-case-study-of-vanitas
135136,Bilibili TV,STREAMING,,https://www.bilibili.tv/media/1011123/
135136,iQ,STREAMING,,https://www.iq.com/album/the-case-study-of-vanitas-2021-aby6s6oxih
136192,Twitter,SOCIAL,Japanese,https://twitter.com/fruba_pr
136192,Official Site,INFO,Japanese,https://fruba-movie.jp/
136192,Instagram,SOCIAL,Japanese,https://www.instagram.com/fruba_pr/
136192,Crunchyroll,STREAMING,,https://www.crunchyroll.com/fruits-basket
136302,Twitter,SOCIAL,Japanese,https://twitter.com/gb_donglees
136302,Official Site,INFO,Japanese,https://donglees.com/
136428,Twitter,SOCIAL,Japanese,https://twitter.com/kuroitsusan
136428,Official Site,INFO,Japanese,https://kuroitsusan-anime.com/
136428,Crunchyroll,STREAMING,,https://crunchyroll.com/series/G0XHWM0G9
136428,YouTube,STREAMING,,https://www.youtube.com/playlist?list=PLxSscENEp7JjnT_AWiZSrty30yMvun8x4
136428,Bilibili TV,STREAMING,,https://www.bilibili.tv/media/1042239/
136436,Official Site,INFO,Japanese,https://maidragon.jp/2nd/product/bd/bd_s/
136436,Twitter,SOCIAL,Japanese,https://twitter.com/maidragon_anime
136436,Twitter,SOCIAL,,https://twitter.com/MissKobayashiEN
136436,Crunchyroll,STREAMING,,https://www.crunchyroll.com/miss-kobayashis-dragon-maid/episode-13-japanese-hospitality-the-attendant-is-a-dragon-814608
137247,Twitter,SOCIAL,Japanese,https://twitter.com/gensou_3gokushi
137247,Official Site,INFO,Japanese,https://gensou-sangokushi.com/
137247,Crunchyroll,STREAMING,,https://www.crunchyroll.com/fantasia-sango-realm-of-legends
137312,Twitter,SOCIAL,Japanese,https://twitter.com/hakozume_anime
137312,Official Site,INFO,Japanese,https://hakozume-anime.com/
137312,YouTube,STREAMING,,https://youtube.com/playlist?list=PLwLSw1_eDZl2izs1xOy2sqcPOQf9Jv7BF
137312,Crunchyroll,STREAMING,,https://beta.crunchyroll.com/series/GJ0H7Q8Z1/police-in-a-pod
137337,Twitter,SOCIAL,Japanese,https://twitter.com/nonnontv
137337,Official Site,INFO,Japanese,https://nonnontv.com/tvanime/
137378,Twitter,SOCIAL,Japanese,https://twitter.com/eienno831
137378,Official Site,INFO,Japanese,https://eienno831.com/
137378,Max,STREAMING,,https://play.max.com/movie/b61ae4b2-4652-4c0f-8318-80aaa62237eb
138379,Official Site,INFO,Japanese,https://blue-thermal.jp/
138379,Twitter,SOCIAL,Japanese,https://twitter.com/eigabluethermal
138379,Tubi TV,STREAMING,,https://tubitv.com/movies/100010856
138424,Twitter,SOCIAL,Japanese,https://twitter.com/takagi3_anime
138424,Official Site,INFO,Japanese,https://takagi3.me/
138424,HIDIVE,STREAMING,,https://www.hidive.com/tv/teasing-master-takagi-san3
138424,YouTube,STREAMING,,https://www.youtube.com/playlist?list=PLwLSw1_eDZl2HgYi744CHSRYkhN8xsrZA
138424,Bilibili TV,STREAMING,,https://www.bilibili.tv/media/1034695/
138717,Official Site,INFO,Japanese,http://www.caramel-box.com/products/otoboku3/ova/top.html
138912,Twitter,SOCIAL,Japanese,https://twitter.com/anime_kakeakami
138912,Official Site,INFO,Japanese,https://www.fujitv.co.jp/animation/kawashiri-kodama/
138912,Crunchyroll,STREAMING,,https://crunchyroll.com/series/G79H23VD4
139589,Netflix,STREAMING,,https://www.netflix.com/title/81275353
139589,Official Site,INFO,Japanese,https://kotaro-anime.com/
139589,Twitter,SOCIAL,Japanese,https://twitter.com/kotaro1_anime
139592,Official Site,INFO,Japanese,https://luminaria.tales-ch.jp/anime/
139592,Twitter,SOCIAL,Japanese,https://twitter.com/to_luminaria
139592,Crunchyroll,STREAMING,,https://www.crunchyroll.com/tales-of-luminaria-the-fateful-crossroad
139648,Official Site,INFO,Japanese,https://genkoku-anime.com/
139648,Twitter,SOCIAL,Japanese,https://twitter.com/genkoku_info
139648,Hulu,STREAMING,,https://www.hulu.com/series/how-a-realist-hero-rebuilt-the-kingdom-911a694a-3cab-41df-a034-e178b461bee6
139648,iQ,STREAMING,,https://www.iq.com/album/how-a-realist-hero-rebuilt-the-kingdom-2021-1o1c0xisqzl
139648,Bilibili TV,STREAMING,,https://www.bilibili.tv/media/1035690
139648,Crunchyroll,STREAMING,,https://www.crunchyroll.com/how-a-realist-hero-rebuilt-the-kingdom
139675,Twitter,SOCIAL,Japanese,https://twitter.com/pj_sekai
139675,YouTube,STREAMING,,https://youtube.com/playlist?list=PLiFNg5fXiX30UuUNSWoqUzyO8W-ffIfIC
139804,Official Site,INFO,Japanese,https://tribenine.tokyo/anime/
139804,Twitter,SOCIAL,Japanese,https://twitter.com/tribenine_tokyo
139804,YouTube,STREAMING,,https://www.youtube.com/playlist?list=PLxSscENEp7Jhe6NY4eBDHrF3UxWLYC8_5
139804,Crunchyroll,STREAMING,,https://www.crunchyroll.com/tribe-nine
140502,Twitter,SOCIAL,Japanese,https://twitter.com/rymansclub_PR
140502,Official Site,INFO,Japanese,https://rymansclub.com/
140502,Crunchyroll,STREAMING,,https://crunchyroll.com/series/G9VHN9P99/salarymans-club
140502,YouTube,STREAMING,,https://www.youtube.com/playlist?list=PLxSscENEp7Jgvkxyz-QVER9yvp_8KZrIP
140643,Twitter,SOCIAL,Japanese,https://twitter.com/tokyo24_project
140643,Official Site,INFO,Japanese,https://tokyo24project.com/
140643,Facebook,SOCIAL,,https://www.facebook.com/tokyo24thward.anime
140643,Crunchyroll,STREAMING,,https://www.crunchyroll.com/tokyo-24th-ward
140950,Twitter,SOCIAL,Japanese,https://twitter.com/irodorimidori5
140950,Official Site,INFO,Japanese,https://chunithm.sega.jp/irodorimidori/anime/
140950,Crunchyroll,STREAMING,,https://www.crunchyroll.com/series/G24H1NW17/irodorimidori
141063,Official Site,INFO,Japanese,https://www.tv-tokyo.co.jp/anime/oadekinai/
141534,Twitter,SOCIAL,Japanese,https://twitter.com/mushokutensei_A
141534,Official Site,INFO,Japanese,https://mushokutensei.jp/bluray/bluray04/
141534,Hulu,STREAMING,,https://www.hulu.com/series/mushoku-tensei-jobless-reincarnation-787a5fb4-9cba-4a69-96b2-4fb3b10c860a
141534,Netflix,STREAMING,,https://www.netflix.com/title/80987039
141534,WeTV,STREAMING,,https://wetv.vip/en/play/ecmp615ib5kswl3
141534,Crunchyroll,STREAMING,,https://www.crunchyroll.com/mushoku-tensei-jobless-reincarnation
141907,Twitter,SOCIAL,Japanese,https://twitter.com/stars_animation
141907,Official Site,INFO,Japanese,https://ensemblestars-anime.com/rts/
142080,Official Site,INFO,Japanese,https://www.toei-anim.co.jp/tv/delicious-party_precure/
142080,Crunchyroll,STREAMING,,https://www.crunchyroll.com/delicious-party-pretty-cure
142080,Twitter,SOCIAL,Japanese,https://twitter.com/TVanime_precure
142080,YouTube,STREAMING,,https://youtube.com/c/precure
142080,Instagram,SOCIAL,Japanese,https://www.instagram.com/precure_curesta
142216,Twitter,SOCIAL,Japanese,https://twitter.com/garugaku/
142216,Official Site,INFO,Japanese,https://garugaku.com/
142216,Instagram,SOCIAL,Japanese,https://www.instagram.com/grgk_official/
142274,Official Site,INFO,Japanese,https://www.tv-tokyo.co.jp/anime/ninjala/
142274,Twitter,SOCIAL,Japanese,https://twitter.com/Ninjala_JP
142274,HIDIVE,STREAMING,,https://www.hidive.com/tv/ninjala-the-animation
142329,Twitter,SOCIAL,Japanese,https://twitter.com/kimetsu_off
142329,Official Site,INFO,Japanese,https://kimetsu.com/anime/yukakuhen/
142329,Twitter,SOCIAL,English,https://twitter.com/DemonSlayerUSA
142329,Crunchyroll,STREAMING,,https://crunchyroll.com/series/GY5P48XEY/Demon-Slayer-Kimetsu-no-Yaiba
142329,Bilibili TV,STREAMING,,https://www.bilibili.tv/play/1023002
142329,iQ,STREAMING,,https://www.iq.com/album/1imq8t95p2d
142329,Netflix,STREAMING,,https://www.netflix.com/us/title/81091393
142329,Hulu,STREAMING,,https://www.hulu.com/series/demon-slayer-kimetsu-no-yaiba-entertainment-district-arc
142329,Twitter,SOCIAL,French,https://twitter.com/kimetsu_fr
142411,Official Site,INFO,Japanese,https://heroaca-movie.com/
142411,Twitter,SOCIAL,Japanese,https://twitter.com/heroaca_movie
142794,Twitter,SOCIAL,Japanese,https://twitter.com/anipoke_PR
142794,Netflix,STREAMING,,https://www.netflix.com/title/81605060
142826,Official Site,INFO,Japanese,https://www.tv-tokyo.co.jp/anime/yamishibai10/
142826,Crunchyroll,STREAMING,,https://crunchyroll.com/series/G6WEM1V36/theatre-of-darkness-yamishibai
143413,Official Site,INFO,Japanese,https://www.tv-tokyo.co.jp/anime/kinder/intro/sakuhin30/
143413,Twitter,SOCIAL,Japanese,https://twitter.com/teikoupenguin
143415,Twitter,SOCIAL,Japanese,https://twitter.com/Shocker_SAN1111
143415,Official Site,INFO,Japanese,https://s.mxtv.jp/anime/shockersan/
143416,Twitter,SOCIAL,Japanese,https://twitter.com/Baby_Hamitang
143416,Official Site,INFO,Japanese,https://s.mxtv.jp/anime/baby-hamitang/
143416,TikTok,SOCIAL,Japanese,https://www.tiktok.com/@baby_hamitang
143416,YouTube,STREAMING,,https://www.youtube.com/@baby-hamitang2850
143485,Bilibili,STREAMING,,https://www.bilibili.com/bangumi/media/md28236188
143612,Official Site,INFO,Japanese,https://www.kyocera.co.jp/animation/anahito/
143612,YouTube,STREAMING,,https://www.youtube.com/watch?v=LTc08OPrcm4
143846,Official Site,INFO,Japanese,https://arifureta.com/
143846,Twitter,SOCIAL,Japanese,https://twitter.com/ARIFURETA_info
143846,Twitter,SOCIAL,English,https://twitter.com/Arifureta_anime
143846,Crunchyroll,STREAMING,,https://www.crunchyroll.com/series/G4PH0WXD1/arifureta-from-commonplace-to-worlds-strongest
144451,YouTube,STREAMING,,https://www.youtube.com/playlist?list=PLNQov5ZpSSWclbG0Rvs-CDWqybmOKNbhO
144992,YouTube,STREAMING,,https://youtube.com/playlist?list=PLGz2h4KIrb4OA7s4aPvczORSuuiJgr3LA
144992,Twitter,SOCIAL,Japanese,https://twitter.com/kumichomusume
145059,Official Site,INFO,Japanese,https://arsham-pokemon.nanzuka.com/
145059,YouTube,STREAMING,,https://www.youtube.com/watch?v=n1YE9OlstpM
145478,Official Site,INFO,Japanese,https://hololiveerror.hololivepro.com/
145478,YouTube,STREAMING,,https://www.youtube.com/playlist?list=PL1NeGg1woXqmjylfq2x5E8dA2TUvQcK26
145608,YouTube,STREAMING,,https://www.youtube.com/watch?v=RKVWLnVqnP0
145608,Official Site,INFO,Japanese,https://umamusume.jp/anime/1st-anniversary/
145608,Twitter,SOCIAL,Japanese,https://twitter.com/uma_musu
145608,YouTube,STREAMING,,https://www.youtube.com/watch?v=2Twq0EWKPQI
145852,YouTube,STREAMING,,https://www.youtube.com/watch?v=Y7WXVDAvPYA
145852,YouTube,STREAMING,,https://www.youtube.com/watch?v=ae_95MCkDYg
145895,YouTube,STREAMING,,https://www.youtube.com/watch?v=_3rzUgD53h4
146004,YouTube,STREAMING,,https://www.youtube.com/playlist?list=PLZ34fLWik_iASrR26p_41rirqp8GkPAr_
146004,TikTok,SOCIAL,Japanese,https://www.tiktok.com/@tsunomakiwatame_hololive
146140,Official Site,INFO,Japanese,https://anniv-bang-dream.bushimo.jp/5th/anime/
146140,YouTube,STREAMING,,https://www.youtube.com/watch?v=vsTt5HhgPj0
146140,YouTube,STREAMING,,https://www.youtube.com/watch?v=G6sCSnllKhY
146397,Adult Swim,STREAMING,,https://www.adultswim.com/videos/toonami/cosmo-samurai-2-part-1
146397,YouTube,STREAMING,,https://www.youtube.com/watch?v=C2ZGY7L_hb8
146485,Official Site,INFO,Japanese,https://spo-gomi-anime.uminohi.jp/index.html
146485,YouTube,STREAMING,,https://www.youtube.com/watch?v=s6NkmWREhFU
146503,YouTube,STREAMING,,https://youtu.be/5LCLyqsjhig
146503,Official Site,INFO,Japanese,https://www.ten-sura.com/
146503,Twitter,SOCIAL,Japanese,https://twitter.com/ten_sura_anime/
146503,YouTube,STREAMING,,https://youtu.be/V6j-KpSHJsc
148932,Official Site,INFO,Japanese,https://makeinzaioriginal.com/
151985,Twitter,SOCIAL,Japanese,https://twitter.com/HoneyWorksMovie
152005,Twitter,SOCIAL,Japanese,https://twitter.com/kyokou_suiri
153843,YouTube,STREAMING,,https://www.youtube.com/watch?v=ZTFUAFRM0yQ
153843,YouTube,STREAMING,,https://www.youtube.com/watch?v=L4ml8moHk3o
153843,YouTube,STREAMING,,https://www.youtube.com/watch?v=q2vXfERyg1U
154041,Official Site,INFO,Japanese,https://www.nhk.jp/p/iloveme/ts/YNY4LQ6174/
154163,YouTube,STREAMING,,https://youtu.be/wOuB8JzfW3Y
155346,Official Site,INFO,Japanese,https://nestle.jp/brand/kit/kikkake/
155913,Official Site,INFO,Japanese,https://animenotane.jp/2022/inheritance_detail02/
162745,YouTube,STREAMING,,https://www.youtube.com/watch?v=6H-KORaVGn4&t=0s
169794,Official Site,INFO,,http://www.zorori-movie.jp/
170013,YouTube,STREAMING,,https://www.youtube.com/watch?v=Jl4i_XLEOYo
170443,Twitter,SOCIAL,Japanese,https://twitter.com/mikonote_JP
170443,YouTube,STREAMING,,https://www.youtube.com/watch?v=Fnz7Con7JfE
170823,Official Site,INFO,,https://www.nsttv.com/tv_info/nst/echigobakufu/
170823,Twitter,SOCIAL,,https://twitter.com/echigobakufu
170823,YouTube,STREAMING,,https://www.youtube.com/@user-ue6iy9er6z
172973,Official Site,INFO,Japanese,https://kocha.benesse.ne.jp/kodomo/open/movie/2022/
189068,YouTube,STREAMING,,https://youtu.be/AYJrRakUyvg
189068,YouTube,STREAMING,,https://youtu.be/dSc27JPm3r8
189717,YouTube,STREAMING,,https://www.youtube.com/playlist?list=PLCUNF--_h4OwUwlhBLtabefDXs6TJ9vCo
189717,Twitter,SOCIAL,Japanese,https://x.com/tokyo_mer_tbs
189717,Instagram,SOCIAL,Japanese,https://www.instagram.com/tokyo_mer_tbs/
195934,YouTube,STREAMING,,https://www.youtube.com/watch?v=3KSAu5Ik2h0
108353,Netflix,STREAMING,,https://www.netflix.com/title/81050064
108353,Twitter,SOCIAL,Japanese,https://twitter.com/spriggan_anime
108353,Official Site,INFO,Japanese,https://spriggan-anime.jp/
108357,Netflix,STREAMING,,https://www.netflix.com/title/80996247
108357,Twitter,SOCIAL,Japanese,https://twitter.com/ViG_anime
109911,Official Site,INFO,Japanese,https://anime.heros-ultraman.com/
109911,Twitter,SOCIAL,Japanese,https://twitter.com/heros_ultraman
109911,Netflix,STREAMING,,https://www.netflix.com/title/80231373
109928,Twitter,SOCIAL,Japanese,https://twitter.com/inuoh_anime
109928,Official Site,INFO,Japanese,http://inuoh-anime.com/
109928,Hulu,STREAMING,,https://www.hulu.com/movie/inu-oh-english-dub-eb41ba38-51f7-4d22-b529-8691555a275a
109928,Hulu,STREAMING,,https://www.hulu.com/movie/inu-oh-a7672e63-e1bc-4a20-9286-80812f0f1dd1
109928,Netflix,STREAMING,,https://www.netflix.com/title/81499851
111321,Official Site,INFO,Japanese,http://shieldhero-anime.jp/2nd/
111321,Crunchyroll,STREAMING,,https://crunchyroll.com/series/G6W4QKX0R/the-rising-of-the-shield-hero
111321,Twitter,SOCIAL,Japanese,https://twitter.com/shieldheroanime
111321,Twitter,SOCIAL,,https://twitter.com/ShieldHeroEN
111321,Bilibili TV,STREAMING,,https://www.bilibili.tv/media/1047893/
111321,iQ,STREAMING,,https://www.iq.com/album/the-rising-of-the-shield-hero-s2-2022-1o4dpauj2ph
111321,Hulu,STREAMING,,https://www.hulu.com/series/97f1d394-0ac7-48c2-bb1b-7b2575848441
111321,Disney Plus,STREAMING,,https://www.disneyplus.com/series/the-rising-of-the-shield-hero-aka-tate-no-yuusha-no/4lgHH2jdAefe
111321,Netflix,STREAMING,,https://www.netflix.com/title/81058649
113689,Official Site,INFO,Japanese,http://kukuriraige.com/jp-attack/
113689,Twitter,SOCIAL,Japanese,https://twitter.com/SATJP_BDBOX
116605,Official Site,INFO,Japanese,https://date-a-live4th-anime.com/
116605,Twitter,SOCIAL,Japanese,https://twitter.com/date_a_info
116605,Crunchyroll,STREAMING,,https://www.crunchyroll.com/date-a-live
116605,Bilibili TV,STREAMING,,https://www.bilibili.tv/media/1049041/
117074,Official Site,INFO,Japanese,http://isekai-quartet.com/
117074,Twitter,SOCIAL,Japanese,https://twitter.com/isekai_quartet
117074,Crunchyroll,STREAMING,,https://www.crunchyroll.com/isekai-quartet
117197,Twitter,SOCIAL,Japanese,https://twitter.com/TIGERandBUNNY
117197,Netflix,STREAMING,,https://www.netflix.com/title/80039972
117197,Official Site,INFO,Japanese,http://www.tigerandbunny.net/TB2/
117756,Official Site,INFO,Japanese,https://www.ghostintheshell-sac2045.jp/
117756,Twitter,SOCIAL,Japanese,https://twitter.com/gitssac2045
117756,Netflix,STREAMING,,https://www.netflix.com/title/81030224
117756,Facebook,SOCIAL,Japanese,https://www.facebook.com/gitssac2045/
117756,Instagram,SOCIAL,Japanese,https://www.instagram.com/gitssac2045_official/
121176,Twitter,SOCIAL,Japanese,https://twitter.com/anime_booklove
121176,Official Site,INFO,Japanese,https://booklove-anime.jp/season3/
121176,Crunchyroll,STREAMING,,https://www.crunchyroll.com/ascendance-of-a-bookworm
121176,Bilibili TV,STREAMING,,https://www.bilibili.tv/media/1049294/
121176,YouTube,STREAMING,,https://www.youtube.com/playlist?list=PLwLSw1_eDZl1pGYxuxFAg3A4Y5rDCugXg
123330,Twitter,SOCIAL,Japanese,https://twitter.com/machikado_staff
123330,Official Site,INFO,Japanese,http://www.tbs.co.jp/anime/machikado/
123330,HIDIVE,STREAMING,,https://www.hidive.com/tv/the-demon-girl-next-door-season-2
123330,Bilibili TV,STREAMING,,https://www.bilibili.tv/media/1048404/
123330,Niconico Video,STREAMING,,https://ch.nicovideo.jp/machikado2
124032,Official Site,INFO,Japanese,https://gineiden-anime.com/
124032,Twitter,SOCIAL,Japanese,https://twitter.com/gineidenanime
124032,Crunchyroll,STREAMING,,https://www.crunchyroll.com/series/GRW4DXNEY/legend-of-the-galactic-heroes-die-neue-these
125124,Twitter,SOCIAL,Japanese,https://twitter.com/rikeigakoini
125124,Official Site,INFO,Japanese,https://rikekoi.com/
125124,Crunchyroll,STREAMING,,https://www.crunchyroll.com/series/G6P5MMXV6/science-fell-in-love-so-i-tried-to-prove-it
125124,Bilibili TV,STREAMING,,https://www.bilibili.tv/media/1048554/
125367,Twitter,SOCIAL,Japanese,https://twitter.com/anime_kaguya
125367,Official Site,INFO,Japanese,https://kaguya.love/
125367,Crunchyroll,STREAMING,,https://www.crunchyroll.com/kaguya-sama-love-is-war
125367,Bilibili TV,STREAMING,,https://www.bilibili.tv/media/1048975/
125367,iQ,STREAMING,,https://www.iq.com/album/1651igav14p/
125367,Official Site,INFO,English,https://kaguyasama-anime.com/
125367,Facebook,SOCIAL,English,https://www.facebook.com/kaguyasama.anime
125447,Netflix,STREAMING,,https://www.netflix.com/title/81264354
127911,Official Site,INFO,Japanese,https://shikimori-anime.com/
127911,Twitter,SOCIAL,Japanese,https://twitter.com/anime_shikimori
127911,Crunchyroll,STREAMING,,https://www.crunchyroll.com/shikimoris-not-just-a-cutie
127911,Bilibili TV,STREAMING,,https://www.bilibili.tv/media/1049425/
127911,YouTube,STREAMING,,https://www.youtube.com/playlist?list=PLwLSw1_eDZl2v3GdglUbai_QNMJHZMOHP
127911,YouTube,STREAMING,,https://www.youtube.com/playlist?list=PLpm1VVK4UL16eTqwCR993sQaRmk3t5dZc
129193,Official Site,INFO,Japanese,http://virgin-road.com/
129193,Twitter,SOCIAL,Japanese,https://twitter.com/virginroadanime
129193,HIDIVE,STREAMING,,https://www.hidive.com/tv/the-executioner-and-her-way-of-life
129193,Bilibili TV,STREAMING,,https://www.bilibili.tv/media/1050301/
129193,iQ,STREAMING,,https://www.iq.com/album/17ltf791y20
129201,Official Site,INFO,Japanese,https://summertime-anime.com/
129201,Twitter,SOCIAL,Japanese,https://twitter.com/summertime_pr
129201,Disney Plus,STREAMING,,https://www.disneyplus.com/series/summer-time-rendering/3AHbeFV7Lqvn
129201,Hulu,STREAMING,,https://www.hulu.com/series/summer-time-rendering-5e235d03-75bc-4322-9c10-c2e49a1ca26d
129201,Hulu,STREAMING,,https://www.hulu.com/series/summer-time-rendering-eng-dub-45cfca29-3356-4871-a7a1-47c5c411435a
129201,Disney Plus,STREAMING,,https://www.hotstar.com/in/tv/summer-time-rendering/1260100089
129201,Star+,STREAMING,,https://www.starplus.com/series/summer-time-rendering/3AHbeFV7Lqvn
130305,Twitter,SOCIAL,Japanese,https://twitter.com/touken_hanamaru
130305,Official Site,INFO,Japanese,http://toku.touken-hanamaru.jp/
130305,Crunchyroll,STREAMING,,https://www.crunchyroll.com/series/GY5VEEK5Y/touken-ranbu---hanamaru
130319,Twitter,SOCIAL,Japanese,https://twitter.com/rpgrs_anime
130319,Official Site,INFO,Japanese,https://rpg-rs.jp/
130319,Crunchyroll,STREAMING,,https://www.crunchyroll.com/rpg-real-estate
130319,Bilibili TV,STREAMING,,https://www.bilibili.tv/media/1047987/
130586,Official Site,INFO,Japanese,https://murabito-a-anime.com/
130586,Twitter,SOCIAL,Japanese,https://twitter.com/murabitoA_anime
130586,Crunchyroll,STREAMING,,https://www.crunchyroll.com/the-greatest-demon-lord-is-reborn-as-a-typical-nobody
130586,YouTube,STREAMING,,https://youtube.com/playlist?list=PLwLSw1_eDZl2r_5gebNCgFLONBLem1_si
130586,iQ,STREAMING,,https://www.iq.com/album/iogt7vd8i1/
130586,Bilibili TV,STREAMING,,https://www.bilibili.tv/media/1047521
130586,Bilibili TV,STREAMING,,https://www.bilibili.tv/en/media/1047521
130705,Official Site,INFO,Japanese,https://www.gonta-movie.jp/
131520,Official Site,INFO,Japanese,http://www.tbs.co.jp/anime/5hanayome/
131520,Twitter,SOCIAL,Japanese,https://twitter.com/5Hanayome_anime
131520,Bilibili TV,STREAMING,,https://www.bilibili.tv/en/media/1064738
131520,Official Site,INFO,English,https://www.thequintessentialquintuplets-movie.com/
131520,Crunchyroll,STREAMING,,https://www.crunchyroll.com/the-quintessential-quintuplets
131520,Netflix,STREAMING,,https://www.netflix.com/title/81717895
132010,Twitter,SOCIAL,Japanese,https://twitter.com/koiseka_anime
132010,Official Site,INFO,Japanese,https://koiseka-anime.com/
132010,Crunchyroll,STREAMING,,https://www.crunchyroll.com/love-after-world-domination
132010,Bilibili TV,STREAMING,,https://www.bilibili.tv/media/1049679/
132052,Twitter,SOCIAL,Japanese,https://twitter.com/cuckoo_anime
132052,Official Site,INFO,Japanese,https://cuckoos-anime.com/
132052,Crunchyroll,STREAMING,,https://www.crunchyroll.com/series/GXJHM39MP/a-couple-of-cuckoos
132052,Bilibili TV,STREAMING,,https://www.bilibili.tv/media/1050808/
132052,Netflix,STREAMING,,https://www.netflix.com/title/81594245
132171,Official Site,INFO,Japanese,https://danseur-anime.com/
132171,Twitter,SOCIAL,Japanese,https://twitter.com/danseur_anime
132171,Crunchyroll,STREAMING,,https://www.crunchyroll.com/dance-dance-danseur
132232,Official Site,INFO,Japanese,https://penguindrum10th.jp/
132232,Twitter,SOCIAL,Japanese,https://twitter.com/penguindrum
132232,Instagram,SOCIAL,Japanese,https://www.instagram.com/penguindrum10th/
132232,HIDIVE,STREAMING,,https://www.hidive.com/movies/recycle-of-the-penguindrum-movie-part-1-your-train-is-the-survival-tactic
132351,Twitter,SOCIAL,Japanese,https://twitter.com/kono_healer
132351,Official Site,INFO,Japanese,https://kono-healer-anime.com/
132351,Crunchyroll,STREAMING,,https://www.crunchyroll.com/dont-hurt-me-my-healer
132351,Bilibili TV,STREAMING,,https://www.bilibili.tv/media/1050596/
132351,YouTube,STREAMING,,https://www.youtube.com/playlist?list=PLxSscENEp7Ji_dqdq_OJX1NNW2ER9u6Tt
132474,Official Site,INFO,Japanese,https://skeleton-knight.com/
132474,Twitter,SOCIAL,Japanese,https://twitter.com/gaikotsukishi
132474,Crunchyroll,STREAMING,,https://www.crunchyroll.com/skeleton-knight-in-another-world
132474,Bilibili TV,STREAMING,,https://www.bilibili.tv/media/1047664/
132474,YouTube,STREAMING,,https://www.youtube.com/playlist?list=PLwLSw1_eDZl20EjWfUYYc1YyqdU8ilHEe
132474,YouTube,STREAMING,,https://www.youtube.com/playlist?list=PLpm1VVK4UL16OlEVUjYr-a_5MOXpJPupg
132526,Official Site,INFO,Japanese,https://anime.build-divide.com/
132526,Twitter,SOCIAL,Japanese,https://twitter.com/build_divide
132526,Crunchyroll,STREAMING,,https://crunchyroll.com/series/GG5H5XDE1/build-divide-000000-code-black
132526,iQ,STREAMING,,https://www.iq.com/album/build-divide-ffffff-code-white-2022-1rcwc036mrl
132526,Bilibili TV,STREAMING,,https://www.bilibili.tv/media/1048242/
132532,Twitter,SOCIAL,Japanese,https://twitter.com/deaimon_anime
132532,Official Site,INFO,Japanese,https://deaimon.jp/
132532,Bilibili TV,STREAMING,,https://www.bilibili.tv/media/1049994/
132532,Crunchyroll,STREAMING,,https://www.crunchyroll.com/deaimon-recipe-for-happiness
132532,YouTube,STREAMING,,https://youtube.com/playlist?list=PLxSscENEp7Jj0YsJ7qatPuq_qp-eofuxo
133124,Official Site,INFO,Japanese,http://fs.iwatobi-sc.com/
133124,Twitter,SOCIAL,Japanese,https://twitter.com/iwatobi_sc
133124,Crunchyroll,STREAMING,,https://www.crunchyroll.com/free-iwatobi-swim-club
133175,Twitter,SOCIAL,Japanese,https://twitter.com/reimeiki_pr
133175,Official Site,INFO,Japanese,https://www.tbs.co.jp/anime/reimeiki/
133175,Crunchyroll,STREAMING,,https://www.crunchyroll.com/the-dawn-of-the-witch
133175,Bilibili TV,STREAMING,,https://www.bilibili.tv/media/1049174/
133175,YouTube,STREAMING,,https://youtube.com/playlist?list=PLwLSw1_eDZl0oqORR5jlJJvR2Qa2a77Qu
133412,Twitter,SOCIAL,Japanese,https://twitter.com/HealerGirlAnime
133412,Official Site,INFO,Japanese,https://healer-girl.jp/
133412,Crunchyroll,STREAMING,,https://www.crunchyroll.com/healer-girl
133412,Bilibili TV,STREAMING,,https://www.bilibili.tv/media/1048471/
133891,Official Site,INFO,Japanese,https://www.lovelive-anime.jp/nijigasaki/
133891,Twitter,SOCIAL,Japanese,https://twitter.com/LoveLive_staff
133891,Crunchyroll,STREAMING,,https://www.crunchyroll.com/love-live-nijigasaki-high-school-idol-club
133891,Bilibili TV,STREAMING,,https://www.bilibili.tv/media/1049771/
133898,Official Site,INFO,Japanese,https://2022dbs.com
133898,Twitter,SOCIAL,Japanese,https://x.com/DB_anime_info
133898,Crunchyroll,STREAMING,,https://www.crunchyroll.com/series/GMTE00199304/dragon-ball-super-super-hero
133898,Amazon Prime Video,STREAMING,,https://www.primevideo.com/-/es/detail/0GNHIAM1HBERWNE41GEVOV7SJ0/ref=atv_hm_hom_c_7xW3NA_HSb28322_1_1?jic=16|CgNhbGwSA2FsbA==
134732,Official Site,INFO,Japanese,https://aoashi-pr.com/season1/
134732,Twitter,SOCIAL,Japanese,https://twitter.com/aoashi_pr
134732,Crunchyroll,STREAMING,,https://www.crunchyroll.com/aoashi
134732,Disney Plus,STREAMING,,https://www.disneyplus.com/ja-jp/series/aoashi/27OVvACG0ySD
135384,Twitter,SOCIAL,Japanese,https://twitter.com/shachisaretai
135384,Official Site,INFO,Japanese,https://shachikusan.com/
135384,Crunchyroll,STREAMING,,https://www.crunchyroll.com/miss-shachiku-and-the-little-baby-ghost
135384,Bilibili TV,STREAMING,,https://www.bilibili.tv/media/1048330/
136080,Official Site,INFO,Japanese,https://anime.magireco.com/
136080,Twitter,SOCIAL,Japanese,https://twitter.com/magireco
136080,Crunchyroll,STREAMING,,https://crunchyroll.com/series/G6QWDD096/magia-record-puella-magi-madoka-magica-side-story
136080,Bilibili TV,STREAMING,,https://www.bilibili.tv/media/1012596/
136226,Official Site,INFO,Japanese,http://www.strike-the-blood.com/
136226,Twitter,SOCIAL,Japanese,https://twitter.com/stb_anime
136303,Official Site,INFO,Japanese,http://www.ikkitousen.com/
136303,Twitter,SOCIAL,Japanese,https://twitter.com/Animeikkitousen
136303,Crunchyroll,STREAMING,,https://www.crunchyroll.com/shin-ikki-tousen
137281,Official Site,INFO,Japanese,https://aharen-pr.com/
137281,Twitter,SOCIAL,Japanese,https://twitter.com/aharen_pr
137281,Bilibili TV,STREAMING,,https://www.bilibili.tv/media/1047011/
137281,Crunchyroll,STREAMING,,https://www.crunchyroll.com/aharen-san-wa-hakarenai
137281,YouTube,STREAMING,,https://www.youtube.com/channel/UCxOUACGVLCY4MMlO5BpD0iA
137281,Netflix,STREAMING,,https://www.netflix.com/title/81595558
137281,Amazon Prime Video,STREAMING,,https://www.amazon.com/dp/B0CGQR71ZV/
137633,Twitter,SOCIAL,Japanese,https://twitter.com/loveallplay2022
137633,Official Site,INFO,Japanese,https://love-all-play.com/
137633,Instagram,SOCIAL,Japanese,https://www.instagram.com/loveallplay2022/?hl=ja
137633,YouTube,STREAMING,,https://www.youtube.com/channel/UCB_Sy2S0qmt7FBPa3UXSutg
137633,Crunchyroll,STREAMING,,https://crunchyroll.com/love-all-play
137633,Bilibili TV,STREAMING,,https://www.bilibili.tv/media/1050107/
137633,iQ,STREAMING,,https://www.iq.com/album/1oydojsj7gg
137734,Weibo,SOCIAL,Chinese,https://weibo.com/u/3203922320
137734,Tencent Video,STREAMING,,https://v.qq.com/detail/t/1lcp2pf46ms2r3o.html
137734,Twitter,SOCIAL,Japanese,https://twitter.com/anitsuke_info
138425,Twitter,SOCIAL,Japanese,https://twitter.com/takagi3_anime
138425,Official Site,INFO,Japanese,https://takagi3.me/
138425,HIDIVE,STREAMING,,https://www.hidive.com/movies/teasing-master-takagi-san-the-movie
138452,Twitter,SOCIAL,Japanese,https://twitter.com/fanfare_anime
138452,Official Site,INFO,Japanese,https://fanfare-anime.com/
138452,Crunchyroll,STREAMING,,https://www.crunchyroll.com/fanfare-of-adolescence
138452,Bilibili TV,STREAMING,,https://www.bilibili.tv/media/1050512/
138459,Official Site,INFO,Japanese,https://honeyworks-tvanime.com/
138459,Twitter,SOCIAL,Japanese,https://twitter.com/HoneyWorksMovie
138459,Crunchyroll,STREAMING,,https://www.crunchyroll.com/heroines-run-the-show
138459,Bilibili TV,STREAMING,,https://www.bilibili.tv/media/1047791/
138700,Twitter,SOCIAL,Japanese,https://twitter.com/moriarty_anime
138700,Official Site,INFO,Japanese,https://moriarty-anime.com/ova
138700,Crunchyroll,STREAMING,,https://www.crunchyroll.com/watch/GX9UQ0G4E/reminiscence-of-lilies
139273,Official Site,INFO,Japanese,https://g-doan.net/
139273,Twitter,SOCIAL,Japanese,https://twitter.com/g_cucuruzdoan
139273,Crunchyroll,STREAMING,,https://www.crunchyroll.com/mobile-suit-gundam-cucuruz-doans-island
139303,Official Site,INFO,Japanese,https://blackrockshooter-dawnfall.com/
139303,Twitter,SOCIAL,Japanese,https://twitter.com/project_brsDF
139303,Facebook,SOCIAL,Japanese,https://www.facebook.com/blackrockshooterDF
139303,Disney Plus,STREAMING,,https://www.disneyplus.com/series/blackrock-shooter-dawn-fall/6LJhlNWYcdjJ
139303,Hulu,STREAMING,,https://www.hulu.com/series/9d2ab176-0b3c-476f-a989-0578876b018d
139303,Hulu,STREAMING,,https://www.hulu.com/series/71657e15-fb0e-4b48-a1a6-23f0a23a9476
139303,Star+,STREAMING,,https://www.starplus.com/series/black-rock-shooter-dawn-fall/6LJhlNWYcdjJ
140002,Official Site,INFO,Japanese,https://zerotea-file.com/
140002,Twitter,SOCIAL,Japanese,https://twitter.com/zerotea_file
140002,Netflix,STREAMING,,https://www.netflix.com/title/81313289
140085,Twitter,SOCIAL,Japanese,https://twitter.com/shadowverse_anm
140085,Official Site,INFO,Japanese,https://anime.shadowverse.jp/
140085,Crunchyroll,STREAMING,,https://www.crunchyroll.com/shadowverse
140350,Twitter,SOCIAL,Japanese,https://twitter.com/kingdom_animePR
140350,Official Site,INFO,Japanese,https://kingdom-anime.com/
140350,Crunchyroll,STREAMING,,https://www.crunchyroll.com/kingdom
140350,Bilibili TV,STREAMING,,https://www.bilibili.tv/media/1048782/
140457,Official Site,INFO,Japanese,https://yuuyame.com/
140457,Twitter,SOCIAL,Japanese,https://twitter.com/yuuyame_anime
140457,HIDIVE,STREAMING,,https://www.hidive.com/tv/im-quitting-heroing
140457,Bilibili TV,STREAMING,,https://www.bilibili.tv/media/1049915/
140457,YouTube,STREAMING,,https://www.youtube.com/playlist?list=PLxSscENEp7Jhzv3dEqiEWHhlXoQfWAk0w
140457,iQ,STREAMING,,https://www.iq.com/album/d9ikew6z10
140457,Hulu,STREAMING,,https://www.hulu.com/series/im-quitting-heroing-1f6c723e-d3da-4389-8719-8ff22856851c
140457,Netflix,STREAMING,,https://www.netflix.com/title/81594273
140765,Twitter,SOCIAL,Japanese,https://twitter.com/miragequeen_
140765,Official Site,INFO,Japanese,https://miragequeen.jp/
140765,HIDIVE,STREAMING,,https://www.hidive.com/movies/mirage-queen-prefers-circus
140787,Official Site,INFO,Japanese,http://www.zorori.jp/
140787,Twitter,SOCIAL,Japanese,https://twitter.com/zororizz
140830,Official Site,INFO,Japanese,https://birdie-wing.net/
140830,Twitter,SOCIAL,Japanese,https://twitter.com/birdiewing_golf
140830,Bilibili TV,STREAMING,,https://www.bilibili.tv/media/1050167/
140830,Crunchyroll,STREAMING,,https://crunchyroll.com/series/GNVHKN714
140842,Twitter,SOCIAL,Japanese,https://twitter.com/anime_chiikawa
140842,YouTube,STREAMING,,https://www.youtube.com/playlist?list=PLHIKP_Dyl1zwJy0JjSvVV5l8Kyg-8sjdv
140842,Official Site,INFO,Japanese,https://www.anime-chiikawa.jp/
140842,HIDIVE,STREAMING,,https://www.hidive.com/tv/chiikawa
140842,Official Site,INFO,Chinese,https://ani.gamer.com.tw/animeVideo.php?sn=36632
140960,Official Site,INFO,Japanese,https://spy-family.net/tvseries/
140960,Twitter,SOCIAL,Japanese,https://twitter.com/spyfamily_anime
140960,Netflix,STREAMING,,https://www.netflix.com/title/81511410
140960,Instagram,SOCIAL,Japanese,https://www.instagram.com/spy_family_official/
140960,Crunchyroll,STREAMING,,https://www.crunchyroll.com/spy-x-family
140960,Bilibili TV,STREAMING,,https://www.bilibili.tv/media/1048837/
140960,YouTube,STREAMING,,https://youtube.com/playlist?list=PLwLSw1_eDZl1wGMYg5oB3uEns0CZNl6sI
140960,Hulu,STREAMING,,https://www.hulu.com/series/65d158d4-443f-44c7-bd2c-eae39f6c60e9
140960,iQ,STREAMING,,https://www.iq.com/album/yngqr3tli9/
140960,Disney Plus,STREAMING,,https://www.disneyplus.com/series/spyfamily/fet1h9jqmrAM
140960,Instagram,SOCIAL,English,https://www.instagram.com/spyfamily_en/
140960,Twitter,SOCIAL,English,https://twitter.com/spyfamily_en
140960,YouTube,STREAMING,,https://www.youtube.com/playlist?list=PLpm1VVK4UL145WmZpHC4VMbgjCAShnb1M
140960,TikTok,SOCIAL,Japanese,https://www.tiktok.com/@spyfamily_anime_official
141014,Twitter,SOCIAL,Japanese,https://twitter.com/tomodachi_anime
141014,Instagram,SOCIAL,Japanese,https://www.instagram.com/tomodachi.anime/
141014,Official Site,INFO,Japanese,https://tomodachi-anime.com/
141014,Crunchyroll,STREAMING,,https://www.crunchyroll.com/tomodachi-game
141014,Disney Plus,STREAMING,,https://www.disneyplus.com/series/tomodachi-game/3yAkVZXo1tzj
141014,YouTube,STREAMING,,https://youtube.com/playlist?list=PLxSscENEp7Ji2h8ykclV4l4hgDxbBHmaL
141350,Official Site,INFO,Japanese,https://kunoichi-tsubaki.com/
141350,Twitter,SOCIAL,Japanese,https://twitter.com/tsubaki_anime
141350,Crunchyroll,STREAMING,,https://www.crunchyroll.com/in-the-heart-of-kunoichi-tsubaki
141350,Bilibili TV,STREAMING,,https://www.bilibili.tv/media/1050744/
141774,Official Site,INFO,Japanese,https://paripikoumei-anime.com/
141774,Twitter,SOCIAL,Japanese,https://twitter.com/paripikoumei_PR
141774,HIDIVE,STREAMING,,https://www.hidive.com/tv/ya-boy-kongming
141774,Bilibili TV,STREAMING,,https://www.bilibili.tv/media/1047063/
141774,Disney Plus,STREAMING,,https://www.disneyplus.com/series/ya-boy-kongming/2iW08HUtvaoX
141774,Netflix,STREAMING,,https://www.netflix.com/title/81593152
141774,Hulu,STREAMING,,https://www.hulu.com/series/ya-boy-kongming-3068cabd-a0df-427c-9266-ae9bc63d9aeb
141774,Hoopla,STREAMING,,https://www.hoopladigital.com/television/ya-boy-kongming-season-1-kaede-hondo/16309486
142016,Twitter,SOCIAL,Japanese,https://twitter.com/yatogame_chan
142016,Official Site,INFO,Japanese,https://yatogame.nagoya/
142016,Crunchyroll,STREAMING,,https://www.crunchyroll.com/yatogame-chan-kansatsu-nikki
142074,Official Site,INFO,Japanese,https://mobseka.com/1st/
142074,Twitter,SOCIAL,Japanese,https://twitter.com/mobseka_anime
142074,Crunchyroll,STREAMING,,https://www.crunchyroll.com/trapped-in-a-dating-sim-the-world-of-otome-games-is-tough-for-mobs
142074,Bilibili TV,STREAMING,,https://www.bilibili.tv/media/1048185/
142219,Twitter,SOCIAL,Japanese,https://twitter.com/conan_movie
142219,Official Site,INFO,Japanese,https://www.conan-movie.jp/
142219,Netflix,STREAMING,,https://www.netflix.com/title/81757621
142455,Official Site,INFO,Japanese,https://wwws.warnerbros.co.jp/bubble-moviejp/
142455,Twitter,SOCIAL,Japanese,https://twitter.com/bubblemovie_jp
142455,Netflix,STREAMING,,https://www.netflix.com/title/81345945
142549,Official Site,INFO,Japanese,https://www.shinchan-movie.com/
142549,Twitter,SOCIAL,Japanese,https://twitter.com/crayon_official
142549,Instagram,SOCIAL,Japanese,https://www.instagram.com/shinchan_movie/
142806,Official Site,INFO,Japanese,https://oshiri-movie.com/
142842,Official Site,INFO,Japanese,https://www.tv-tokyo.co.jp/anime/yugioh-gorush/
142842,Twitter,SOCIAL,Japanese,https://twitter.com/yugioh_anime
142842,Disney Plus,STREAMING,,https://disneynow.com/show/06e9ffe6-97bd-4610-9dcd-e8a5b9225ca0
142984,Twitter,SOCIAL,Japanese,https://twitter.com/comisanvote
142984,Official Site,INFO,Japanese,https://komisan-official.com/
142984,Netflix,STREAMING,,https://www.netflix.com/title/81228573
143080,Twitter,SOCIAL,Japanese,https://twitter.com/oddtaxi_
143080,Instagram,SOCIAL,Japanese,https://www.instagram.com/oddtaxi_/
143080,Official Site,INFO,Japanese,https://oddtaxi.jp/movie/
143080,Crunchyroll,STREAMING,,https://www.crunchyroll.com/oddtaxi
143150,Twitter,SOCIAL,Japanese,https://twitter.com/kaginado
143150,Official Site,INFO,Japanese,https://kaginado.com/
143150,Crunchyroll,STREAMING,,https://www.crunchyroll.com/series/G3KHEV73Z/kaginado
143150,HIDIVE,STREAMING,,https://www.hidive.com/movies/kaginado-season-2
143150,YouTube,STREAMING,,https://www.youtube.com/playlist?list=PLwLSw1_eDZl3gRcH6U4L-LonrzmvlvvX0
143202,Official Site,INFO,Japanese,https://pripri-anime.jp/
143202,Twitter,SOCIAL,Japanese,https://twitter.com/pripri_anime
143203,Official Site,INFO,Japanese,https://www.kyoukai-senki.net/
143203,Twitter,SOCIAL,Japanese,https://twitter.com/kyoukai_senki
143203,Crunchyroll,STREAMING,,https://www.crunchyroll.com/amaim-warrior-at-the-borderline
143203,Bilibili TV,STREAMING,,https://www.bilibili.tv/media/1028697/
143203,iQ,STREAMING,,https://www.iq.com/album/25qzy8ot4kl/
143289,Official Site,INFO,Japanese,https://establife.tokyo/
143289,Twitter,SOCIAL,Japanese,https://twitter.com/establife
143289,Crunchyroll,STREAMING,,https://www.crunchyroll.com/estab-life-great-escape
143455,Crunchyroll,STREAMING,,https://www.crunchyroll.com/mahjong-soul-pon
143455,YouTube,STREAMING,,https://www.youtube.com/playlist?list=PLoAgSyWcJ8j8WXFvySEhiWqMDLobymxFT
143455,Twitter,SOCIAL,English,https://twitter.com/MahjongSoul_EN
143455,Twitter,SOCIAL,Japanese,https://twitter.com/MahjongSoul_JP
143455,Official Site,INFO,Japanese,https://mahjongsoul-pong.jp/
144336,YouTube,STREAMING,,https://www.youtube.com/playlist?list=PL8qLxmibSZEPy-F4q8czB6iX9yGjQUnlj
144676,Official Site,INFO,Japanese,https://onipan.com/
144676,Twitter,SOCIAL,Japanese,https://twitter.com/tv_anime_onipan
144676,HIDIVE,STREAMING,,https://www.hidive.com/tv/onipan
144676,Bilibili TV,STREAMING,,https://www.bilibili.tv/media/1048658
144853,Twitter,SOCIAL,Japanese,https://twitter.com/insect_land
144853,Official Site,INFO,Japanese,https://insect-land.com/anime/
144853,YouTube,STREAMING,,https://www.youtube.com/channel/UCiK7-r4rudXwqpfiJEWe7og
144853,Instagram,SOCIAL,Japanese,https://www.instagram.com/insect.land/
145813,Official Site,INFO,Japanese,https://www.pokemon.co.jp/ex/legends_arceus/ja/sp_anime/
145813,YouTube,STREAMING,,https://www.youtube.com/user/Pokemon
145813,YouTube,STREAMING,,https://www.youtube.com/playlist?list=PLBE2D9BnJJUqNUawxRjxIExEUw83xvNeT
145968,Official Site,INFO,Japanese,https://www.bottleman.net/
145968,Twitter,SOCIAL,Japanese,https://twitter.com/bottleman_info
146488,Official Site,INFO,Japanese,https://tamashii.jp/item_character/gundam_oo_rc/
146488,YouTube,STREAMING,,https://www.youtube.com/c/BANDAISPIRITS/videos
146866,YouTube,STREAMING,,https://youtu.be/RFwzVMmbHKU
146866,YouTube,STREAMING,,https://youtu.be/h7fmpAHMGsM
147226,YouTube,STREAMING,,https://www.youtube.com/watch?v=ZhGLIh6_Das
147728,Twitter,SOCIAL,Japanese,https://twitter.com/aharen_pr
148295,Twitter,SOCIAL,Japanese,https://twitter.com/cuckoo_anime
148295,YouTube,STREAMING,,https://www.youtube.com/c/KADOKAWAanime/videos
148819,Twitter,SOCIAL,,https://twitter.com/nanaluckygods
148819,YouTube,STREAMING,,https://www.youtube.com/channel/UC6UDlO8rbWdU6YMSyqSsMBA
148821,Official Site,INFO,,https://cue-animation.jp/
148821,Twitter,SOCIAL,,https://twitter.com/cue_anime
148821,YouTube,STREAMING,,https://www.youtube.com/channel/UCJNtE-uSBg1E6i6jiR88z1Q
149098,Twitter,SOCIAL,Japanese,https://twitter.com/reimeiki_pr/status/1512007273962369044
149098,Twitter,SOCIAL,Japanese,https://twitter.com/machikado_staff/status/1512007327838531587
149099,Twitter,SOCIAL,Japanese,https://twitter.com/search?q=from:reimeiki_pr 魔法使い黎明期 ミニアニメ&src=typed_query&f=live
150583,Twitter,SOCIAL,Japanese,https://twitter.com/search?q=from:yofukashi_pr よふかしのうた ミニ&src=typed_query&f=video
151660,HIDIVE,STREAMING,,https://www.hidive.com/tv/kenda-master-ken-tv-series
154081,YouTube,STREAMING,,https://www.youtube.com/watch?v=yhvyLdEmJ14&list=PLStlXMBhWF_SUdzjNbsVsaoHnaRv6Al81&index=14
155736,Official Site,INFO,Japanese,https://animenotane.jp/2022/inheritance_detail03/
170056,Official Site,INFO,Japanese,https://www.hoppou.go.jp/problem-info/movie/animation.html
172896,YouTube,STREAMING,,https://www.youtube.com/playlist?list=PLhWipIfRhqz06Qqx8ojw7plQNBy4RYyMv
172896,Official Site,INFO,Japanese,https://www.takaratomy.co.jp/products/tomica/jobraver/anime/
172896,YouTube,STREAMING,,https://www.youtube.com/playlist?list=PLf6_TnbbWsrm3aakD1SqhSoT9flBqMrGB
174125,Official Site,INFO,Japanese,https://www.mysta.tv/gugumichan/
174280,Vimeo,STREAMING,,https://vimeo.com/709363069
174280,Official Site,INFO,Japanese,http://www.praxinoscope.jp/En_Studio_MiniMini.html
179870,Official Site,INFO,Japanese,https://oshiri-tantei.com/
181831,Official Site,INFO,Japanese,https://www.asahi.co.jp/anime/madtoychatty/
183474,Twitter,SOCIAL,Japanese,https://twitter.com/YankeeHamsters
183474,YouTube,STREAMING,,https://www.youtube.com/playlist?list=PLR_z6ks7z5aP2l627Xp-9Litb2-mu6P7p
200372,YouTube,STREAMING,,https://www.youtube.com/watch?v=GZ6FC1dSaM0
200372,Official Site,INFO,Japanese,https://animetabi.jp/animetitle/otsuchi-kai/
200372,YouTube,STREAMING,,https://www.youtube.com/watch?v=WAadrbY6Nlg
204617,Official Site,INFO,Japanese,https://sustotena.koikeya.co.jp/
204617,YouTube,STREAMING,,https://www.youtube.com/playlist?list=PLWcHadqZmb9FHZSprzG1fccoIfTTiAJSu
213379,Official Site,INFO,,https://www.asahi.co.jp/sp/doramachikku/
213379,YouTube,STREAMING,,https://www.youtube.com/playlist?list=PLoB47zOj5Db_KlgA5_PL36zF_otfI9lcK
214077,YouTube,STREAMING,,https://www.youtube.com/playlist?list=PL-0W7mwECap9zrufVoM3RXjYbea9bQS5r
214077,Twitter,SOCIAL,Japanese,https://x.com/Rebirth_PR
214077,Official Site,INFO,Japanese,https://rebirth-fy.com/anime/
98577,Official Site,INFO,Japanese,https://www.musasi-no.com/
98577,Twitter,SOCIAL,Japanese,https://twitter.com/musasi_no
98577,Crunchyroll,STREAMING,,https://www.crunchyroll.com/musasi-no
103118,Twitter,SOCIAL,Japanese,https://twitter.com/LuminousWitch
103118,Official Site,INFO,Japanese,http://w-witch.jp/luminous/
103118,HIDIVE,STREAMING,,https://www.hidive.com/tv/league-of-nations-air-force-aviation-magic-band-luminous-witches
103118,YouTube,STREAMING,,https://www.youtube.com/playlist?list=PLwLSw1_eDZl3myw51ePNETmCVl587h_Y3
103118,Bilibili TV,STREAMING,,https://www.bilibili.tv/en/media/1062286
103118,YouTube,STREAMING,,https://www.youtube.com/playlist?list=PLuxqoToY7UcgnhaRRy7hnyQBCLPvI4Dcl
104460,Twitter,SOCIAL,Japanese,https://twitter.com/yurucamp_anime
104460,Official Site,INFO,Japanese,https://yurucamp.jp/cinema/
104460,Instagram,SOCIAL,Japanese,https://www.instagram.com/yurucamp_insta
104460,Crunchyroll,STREAMING,,https://www.crunchyroll.com/laid-back-camp
112640,Official Site,INFO,Japanese,https://utawarerumono.jp/
112640,Twitter,SOCIAL,Japanese,https://twitter.com/UtawareAnime
112640,Crunchyroll,STREAMING,,https://www.crunchyroll.com/utawarerumono-mask-of-truth
112640,Bilibili TV,STREAMING,,https://www.bilibili.tv/en/media/1059727
114745,Official Site,INFO,Japanese,http://miabyss.com/
114745,Twitter,SOCIAL,Japanese,https://twitter.com/miabyss_anime
114745,HIDIVE,STREAMING,,https://www.hidive.com/tv/made-in-abyss-the-golden-city-of-the-scorching-sun
114745,YouTube,STREAMING,,https://www.youtube.com/playlist?list=PLwLSw1_eDZl0aRsSiTx2Kq6Mc5zc0jrL1
114745,Bilibili TV,STREAMING,,https://www.bilibili.tv/en/media/1061490
114745,YouTube,STREAMING,,https://www.youtube.com/playlist?list=PLpm1VVK4UL14TynuTpdGkvaG87xXye_r3
114745,Netflix,STREAMING,,https://www.netflix.com/title/80193163
117196,Official Site,INFO,Japanese,https://tokyo-mew-mew.com/
117196,Twitter,SOCIAL,Japanese,https://twitter.com/mew_mew_new
117196,YouTube,STREAMING,,https://www.youtube.com/channel/UCn9jzDBJAkp7AZOICulrZ-g/featured
117196,HIDIVE,STREAMING,,https://www.hidive.com/tv/tokyo-mew-mew-new
117196,Bilibili TV,STREAMING,,https://www.bilibili.tv/en/media/1059383
120377,Instagram,SOCIAL,English,https://www.instagram.com/edgerunners/
120377,Twitter,SOCIAL,English,https://twitter.com/edgerunners
120377,Facebook,SOCIAL,English,https://www.facebook.com/edgerunners
120377,Netflix,STREAMING,,https://www.netflix.com/title/81054853
120377,Official Site,INFO,Japanese,https://www.cyberpunk.net/ja/edgerunners
120377,Official Site,INFO,English,https://www.cyberpunk.net/en/edgerunners
124410,Official Site,INFO,Japanese,https://kanokari-official.com/2nd/
124410,Twitter,SOCIAL,Japanese,https://twitter.com/kanokari_anime
124410,Crunchyroll,STREAMING,,https://www.crunchyroll.com/rent-a-girlfriend
124410,Bilibili TV,STREAMING,,https://www.bilibili.tv/en/media/35498
124410,YouTube,STREAMING,,https://www.youtube.com/playlist?list=PLpm1VVK4UL17zyBl5wBySjLyD5PnUou6s
124410,YouTube,STREAMING,,https://www.youtube.com/playlist?list=PLwLSw1_eDZl3rS5lwfx07zxghGRJ6Ckp8
124410,iQ,STREAMING,,https://www.iq.com/album/rent-a-girlfriend-s2-2022-zqeszin55l
124410,Instagram,SOCIAL,English,https://www.instagram.com/rentagirlfriend.anime/
124410,Twitter,SOCIAL,English,https://twitter.com/rentgirlfriend
124410,Facebook,SOCIAL,English,https://www.facebook.com/rent.a.girlfriend.anime
124641,Twitter,SOCIAL,Japanese,https://twitter.com/jashinchan_PJ
124641,Official Site,INFO,Japanese,http://jashinchan.com/
124641,Crunchyroll,STREAMING,,https://www.crunchyroll.com/series/G62487M9Y/dropkick-on-my-devil
124641,Bilibili TV,STREAMING,,https://www.bilibili.tv/media/1064876
125261,Twitter,SOCIAL,Japanese,https://twitter.com/tsurune_anime
125261,Official Site,INFO,Japanese,http://tsurune.com/
125261,HIDIVE,STREAMING,,https://www.hidive.com/playlist/20674
125440,Twitter,SOCIAL,Japanese,https://twitter.com/rilakkuma_gyr/
125440,Official Site,INFO,Japanese,https://www.san-x.co.jp/rilakkuma/
125440,Netflix,STREAMING,,https://www.netflix.com/title/81341765
128223,Twitter,SOCIAL,Japanese,https://twitter.com/soreayu_staff
128223,Official Site,INFO,Japanese,https://soreayu.com/
128223,HIDIVE,STREAMING,,https://www.hidive.com/tv/when-will-ayumu-make-his-move
128223,Bilibili TV,STREAMING,,https://www.bilibili.tv/en/media/1059473
129192,Twitter,SOCIAL,Japanese,https://twitter.com/tenseikenja_PR
129192,Official Site,INFO,Japanese,https://tenseikenja.com/
129192,HIDIVE,STREAMING,,https://www.hidive.com/tv/my-isekai-life-i-gained-a-second-character-class-and-became-the-strongest-sage-in-the-world
129192,YouTube,STREAMING,,https://www.youtube.com/playlist?list=PLxSscENEp7JjK9g9OFhHzcZwAQDYFqVYU
129192,Instagram,SOCIAL,Japanese,https://instagram.com/tenseikenja_pr
129192,TikTok,SOCIAL,Japanese,https://www.tiktok.com/@tenseikenja_pr
129192,Bilibili TV,STREAMING,,https://www.bilibili.tv/media/1061248
129192,Amazon Prime Video,STREAMING,,https://www.amazon.com/wanted-Protect-Town-Broadcast-Subtitled/dp/B0B8N6DN1J/
129192,Netflix,STREAMING,,https://www.netflix.com/watch/81617962
129196,Twitter,SOCIAL,Japanese,https://twitter.com/danmachi_anime
129196,Official Site,INFO,Japanese,http://danmachi.com/
129196,HIDIVE,STREAMING,,https://www.hidive.com/tv/is-it-wrong-to-try-to-pick-up-girls-in-a-dungeon-iv
129196,Crunchyroll,STREAMING,,https://beta.crunchyroll.com/series/G6DQN9KGR/is-it-wrong-to-try-to-pick-up-girls-in-a-dungeon
129196,Bilibili TV,STREAMING,,https://www.bilibili.tv/media/1060924
129196,Hulu,STREAMING,,https://www.hulu.com/series/is-it-wrong-to-try-to-pick-up-girls-in-a-dungeon-fc1b26af-bd07-4034-95e6-a494d8528069
129196,TikTok,SOCIAL,Japanese,https://www.tiktok.com/@danmachi_official
129196,Instagram,SOCIAL,Japanese,https://www.instagram.com/danmachi_official/
130592,Official Site,INFO,Japanese,https://maousama.jp/
130592,Twitter,SOCIAL,Japanese,https://twitter.com/anime_maousama
130592,Crunchyroll,STREAMING,,https://www.crunchyroll.com/series/GR75Z5KKY/the-devil-is-a-part-timer
130592,Bilibili TV,STREAMING,,https://www.bilibili.tv/en/media/1060402
130592,YouTube,STREAMING,,https://www.youtube.com/playlist?list=PLwLSw1_eDZl1Q4OIgY3DIF31SO_9cOo8M
130592,Hulu,STREAMING,,https://www.hulu.com/series/the-devil-is-a-part-timer-8534ee83-b681-4dbc-bad9-b9a1d3f08483
131912,Official Site,INFO,Japanese,https://www.kamen-rider-official.com/fuuto/
131912,Twitter,SOCIAL,Japanese,https://twitter.com/anime_Fuuto
131912,Crunchyroll,STREAMING,,https://crunchyroll.com/series/GMEHMEWK0
131912,YouTube,STREAMING,,https://www.youtube.com/playlist?list=PLwLSw1_eDZl0AqkVnkd9eTh2OI1mRRpRs
131912,Bilibili TV,STREAMING,,https://www.bilibili.tv/media/1062349
132055,Official Site,INFO,Japanese,http://utapri-movie.com/
132055,Twitter,SOCIAL,Japanese,https://twitter.com/utapriMAJILOVE
132055,HIDIVE,STREAMING,,https://www.hidive.com/movies/utano-princesama-maji-love-starish-tours
132804,Twitter,SOCIAL,Japanese,https://twitter.com/zannen_movie
132804,Official Site,INFO,Japanese,https://zannen-movie.com/
132804,Twitter,SOCIAL,,https://twitter.com/zannen_movie
132804,Official Site,INFO,,https://zannen-movie.com/
133844,Official Site,INFO,Japanese,http://overlord-anime.com/
133844,Twitter,SOCIAL,Japanese,https://twitter.com/over_lord_anime
133844,YouTube,STREAMING,,https://www.youtube.com/playlist?list=PLxSscENEp7JjqetlKeUq9vjhLa8yg4vBx
133844,Crunchyroll,STREAMING,,https://www.crunchyroll.com/overlord
133844,Bilibili TV,STREAMING,,https://www.bilibili.tv/media/1060852
133844,iQ,STREAMING,,https://www.iq.com/album/2f696ilgi3t
135177,Official Site,INFO,Japanese,https://osomatsusan.com/hipipo/
135177,Twitter,SOCIAL,Japanese,https://twitter.com/osomatsu_PR
135806,Twitter,SOCIAL,Japanese,https://twitter.com/Isekai_Ojisan
135806,Official Site,INFO,Japanese,https://isekaiojisan.com/
135806,Netflix,STREAMING,,https://www.netflix.com/title/81499847
136064,Official Site,INFO,Japanese,https://bakuten-movie.com
136064,Twitter,SOCIAL,Japanese,https://twitter.com/bakuten_pr
136064,Crunchyroll,STREAMING,,https://www.crunchyroll.com/series/GXJHM3NEV/backflip
136707,Official Site,INFO,Japanese,https://isekai-yakkyoku.jp/
136707,Twitter,SOCIAL,Japanese,https://twitter.com/isekai_yakkyoku
136707,YouTube,STREAMING,,https://www.youtube.com/playlist?list=PLwLSw1_eDZl1ZHXQDzK5Qit6jqLTNzjZ3
136707,Crunchyroll,STREAMING,,https://www.crunchyroll.com/series/G24H1NJJD/parallel-world-pharmacy
136707,Bilibili TV,STREAMING,,https://www.bilibili.tv/en/media/1062554
136707,YouTube,STREAMING,,https://www.youtube.com/playlist?list=PLpm1VVK4UL1548fYEI4WA4uJ9snfpGm6J
136934,Twitter,SOCIAL,Japanese,https://twitter.com/tsurekano
136934,Official Site,INFO,Japanese,https://tsurekano-anime.com/
136934,Crunchyroll,STREAMING,,https://www.crunchyroll.com/series/G0XHWM44M/my-stepmoms-daughter-is-my-ex
136934,YouTube,STREAMING,,https://youtube.com/playlist?list=PLxSscENEp7Jg0Ps_GamUlKlBWXw0A_oKL
136934,Bilibili TV,STREAMING,,https://www.bilibili.tv/en/media/1061147
136934,Netflix,STREAMING,,https://www.netflix.com/title/81909544
137621,Twitter,SOCIAL,Japanese,https://twitter.com/hnb_off
137621,Official Site,INFO,Japanese,https://hanabichan.com/
137621,Crunchyroll,STREAMING,,https://crunchyroll.com/series/G8DHV7EEG
137819,Twitter,SOCIAL,Japanese,https://twitter.com/4andahalf_tmb
137819,Official Site,INFO,Japanese,https://yojohan-timemachine.asmik-ace.co.jp/
137819,Official Site,INFO,Japanese,https://kadobun.jp/special/yojohan-timemachine/
137819,Disney Plus,STREAMING,,https://www.disneyplus.com/series/the-tatami-time-machine-blues/6C7HChDy39QZ
137819,Hulu,STREAMING,,https://www.hulu.com/series/the-tatami-time-machine-blues-3d5e7ac2-84b5-4682-9172-e56f70e9b0f5
137819,Star+,STREAMING,,https://www.starplus.com/series/tatami-la-maquina-del-tiempo/6C7HChDy39QZ
138882,Official Site,INFO,Japanese,https://kumichomusume.com/
138882,Twitter,SOCIAL,Japanese,https://twitter.com/kumichomusume
138882,Crunchyroll,STREAMING,,https://crunchyroll.com/series/G79H2300N
138882,YouTube,STREAMING,,https://www.youtube.com/playlist?list=PLxSscENEp7JiLxDabL2sKulL8QT56mOiv
138882,Bilibili TV,STREAMING,,https://www.bilibili.tv/media/1060127
139093,Official Site,INFO,Japanese,https://shadowshouse-anime.com/
139093,Twitter,SOCIAL,Japanese,https://twitter.com/shadowshouse_yj
139093,Crunchyroll,STREAMING,,https://www.crunchyroll.com/series/G1XHJVEXE/shadows-house
139093,Bilibili TV,STREAMING,,https://www.bilibili.tv/en/media/1061357
139212,Official Site,INFO,Japanese,https://anime.cf-vanguard.com/vgd/archive/
139212,Twitter,SOCIAL,Japanese,https://twitter.com/cfvanguard_PR/
139212,HIDIVE,STREAMING,,https://www.hidive.com/tv/cardfight-vanguard-willdress
139212,Crunchyroll,STREAMING,,https://www.crunchyroll.com/series/GXJHM3NJ5/cardfight-vanguard-overdress
139212,Bilibili TV,STREAMING,,https://www.bilibili.tv/en/media/1062204
139212,YouTube,STREAMING,,https://www.youtube.com/playlist?list=PLZaz0lCoygoxbFRZmhS-DK_30JJ7x3hs3
139212,YouTube,STREAMING,,https://www.youtube.com/playlist?list=PLZaz0lCoygoykmINakTwCPi3fAPHpj1v3
139212,Official Site,INFO,Japanese,https://www.tv-tokyo.co.jp/anime/willdress/
139643,Official Site,INFO,Japanese,https://www.hyoryu-danchi.com/
139643,Twitter,SOCIAL,Japanese,https://twitter.com/Hyoryu_Danchi
139643,Netflix,STREAMING,,https://www.netflix.com/title/81328781
140187,Twitter,SOCIAL,Japanese,https://twitter.com/shintenianime
140187,Official Site,INFO,Japanese,http://tenipuri.jp/u17/
140187,Crunchyroll,STREAMING,,https://www.crunchyroll.com/series/G65VP3106/the-prince-of-tennis-ii
140187,iQ,STREAMING,,https://www.iq.com/album/27ro2u071jl
140642,Official Site,INFO,Japanese,http://www.lovelive-anime.jp/yuigaoka/
140642,Twitter,SOCIAL,Japanese,https://twitter.com/LoveLive_staff
140642,Crunchyroll,STREAMING,,https://www.crunchyroll.com/series/G3KHEVPWE/love-live-superstar
140642,Bilibili TV,STREAMING,,https://www.bilibili.tv/en/media/1062828/
140753,Twitter,SOCIAL,Japanese,https://twitter.com/SHINEPOST_PJ
140753,Official Site,INFO,Japanese,https://anime.shinepost.jp/
140753,HIDIVE,STREAMING,,https://www.hidive.com/tv/shinepost
140753,YouTube,STREAMING,,https://youtube.com/c/SHINEPOST
141351,Official Site,INFO,Japanese,https://kakegurui-twin-anime.com/
141351,Twitter,SOCIAL,Japanese,https://twitter.com/kakegurui_anime
141351,Netflix,STREAMING,,https://www.netflix.com/title/81176966
141391,Official Site,INFO,Japanese,https://yofukashi-no-uta.com/
141391,Twitter,SOCIAL,Japanese,https://twitter.com/yofukashi_pr
141391,HIDIVE,STREAMING,,https://www.hidive.com/tv/call-of-the-night
141391,Instagram,SOCIAL,Japanese,https://www.instagram.com/yofukashi_pr/
141391,Netflix,STREAMING,,https://www.netflix.com/title/81621036
141391,Amazon Prime Video,STREAMING,,https://www.primevideo.com/detail/Call-of-the-Night/0KF5WYD9EMI7DIYOVTH56ANAN2
141391,Hulu,STREAMING,,https://www.hulu.com/series/call-of-the-night-1263de9f-2a9b-44b5-bfad-d63a83bc7e10
141775,Official Site,INFO,Japanese,https://shoot-anime.com/
141775,Twitter,SOCIAL,Japanese,https://twitter.com/shoot_anime
141775,Crunchyroll,STREAMING,,https://www.crunchyroll.com/shoot-goal-to-the-future
141775,Bilibili TV,STREAMING,,https://www.bilibili.tv/en/media/1062124
141902,Twitter,SOCIAL,Japanese,https://twitter.com/OP_FILMRED
141902,Official Site,INFO,Japanese,https://www.onepiece-film.jp/
141902,Crunchyroll,STREAMING,,https://crunchyroll.com/watch/G8WUNGPZ8
141902,Netflix,STREAMING,,https://www.netflix.com/title/81700392
142095,Official Site,INFO,Japanese,https://kami-kuzu.com/
142095,Twitter,SOCIAL,Japanese,https://twitter.com/kamikuzu_PR
142095,HIDIVE,STREAMING,,https://www.hidive.com/tv/phantom-of-the-idol
142095,Bilibili TV,STREAMING,,https://www.bilibili.tv/en/media/1062677
142173,Official Site,INFO,Japanese,https://cinderella.idolmaster.jp/sl-stage/cinderella10thanimation/
142173,Twitter,SOCIAL,Japanese,https://twitter.com/imascg_chihiro/
142173,YouTube,STREAMING,,https://www.youtube.com/watch?v=FYhJGRJfgA8
142769,Twitter,SOCIAL,Japanese,https://twitter.com/natsuton_anime
142769,Official Site,INFO,Japanese,https://natsuton.com/
142769,HIDIVE,STREAMING,,https://www.hidive.com/video/590337
142769,Hulu,STREAMING,,https://www.hulu.com/movie/the-tunnel-to-summer-the-exit-of-goodbyes-ddc91ac4-e31d-4bb3-a634-65ccf6b2292e
142876,Twitter,SOCIAL,Japanese,https://twitter.com/stone_anime_off
142876,Official Site,INFO,Japanese,https://dr-stone.jp/
142876,Crunchyroll,STREAMING,,https://www.crunchyroll.com/series/GYEXQKJG6/dr-stone
142876,Bilibili TV,STREAMING,,https://www.bilibili.tv/en/media/1064501
142876,iQ,STREAMING,,https://www.iq.com/album/syboghipi9
142876,YouTube,STREAMING,,https://www.youtube.com/playlist?list=PLxSscENEp7JgDF8pTd-LOD4yqJY0OEfDz
142876,Instagram,SOCIAL,Japanese,https://www.instagram.com/dr.stone.anime.official
142876,TikTok,SOCIAL,Japanese,https://tiktok.com/@STONE_anime_off
143082,Official Site,INFO,Japanese,https://sasamiya.com/
143082,Twitter,SOCIAL,Japanese,https://twitter.com/sasamiya_anime
143082,Instagram,SOCIAL,Japanese,https://www.instagram.com/sasamiya_anime/
143082,Crunchyroll,STREAMING,,https://beta.crunchyroll.com/series/GW4HM7GNK/sasaki-and-miyano
143270,Official Site,INFO,Japanese,https://lycoris-recoil.com/
143270,Twitter,SOCIAL,Japanese,https://twitter.com/lycoris_recoil
143270,Official Site,INFO,English,https://lycorisrecoil.com/
143270,Facebook,SOCIAL,English,https://www.facebook.com/lycorisrecoil/
143270,Crunchyroll,STREAMING,,https://www.crunchyroll.com/lycoris-recoil
143270,Bilibili TV,STREAMING,,https://www.bilibili.tv/en/media/1061066/
143270,Netflix,STREAMING,,https://www.netflix.com/title/81620000
143417,Twitter,SOCIAL,Japanese,https://twitter.com/teppen_anime
143417,Official Site,INFO,Japanese,https://teppen-anime.com/
143417,Crunchyroll,STREAMING,,https://www.crunchyroll.com/teppen-laughing-til-you-cry
143417,Bilibili TV,STREAMING,,https://www.bilibili.tv/en/media/1064361
144323,Official Site,INFO,Japanese,https://hoshinosamidare.jp/
144323,Twitter,SOCIAL,Japanese,https://twitter.com/AnimeSamidare
144323,Crunchyroll,STREAMING,,https://www.crunchyroll.com/series/G1XHJV22X/lucifer-and-the-biscuit-hammer
144323,YouTube,STREAMING,,https://www.youtube.com/playlist?list=PLwLSw1_eDZl2mjV_pl9Dr_QTcn1nmNvB1
144323,Bilibili TV,STREAMING,,https://www.bilibili.tv/en/media/1060564/
144323,Hulu,STREAMING,,https://www.hulu.com/series/77f6448d-f15d-4f14-a3fa-989470cb08e1
144509,Official Site,INFO,Japanese,https://primadoll.jp/
144509,Twitter,SOCIAL,Japanese,https://twitter.com/primadoll_pr
144509,HIDIVE,STREAMING,,https://www.hidive.com/tv/prima-doll
144509,YouTube,STREAMING,,https://youtube.com/@channel-sg4xq
144677,Twitter,SOCIAL,Japanese,https://twitter.com/bastard_PR
144677,Official Site,INFO,Japanese,https://bastard-anime.com/
144677,Netflix,STREAMING,,https://www.netflix.com/title/81281582
144687,Official Site,INFO,Japanese,https://2022.precure-movie.com/
144687,Twitter,SOCIAL,Japanese,https://twitter.com/precure_movie
144687,YouTube,STREAMING,,https://youtube.com/c/precure
144687,Twitter,SOCIAL,Japanese,https://twitter.com/TVanime_precure
144687,Instagram,SOCIAL,Japanese,https://www.instagram.com/precure_curesta
144687,Official Site,INFO,,https://www.toei-anim.co.jp/tv/precure/
144858,Twitter,SOCIAL,Japanese,https://twitter.com/chimimo_anime
144858,Official Site,INFO,Japanese,https://anime.shochiku.co.jp/chimimo/
144858,HIDIVE,STREAMING,,https://www.hidive.com/tv/chimimo
145001,Official Site,INFO,Japanese,https://exhearts.com/
145001,Twitter,SOCIAL,Japanese,https://twitter.com/exh_official
145001,Bilibili TV,STREAMING,,https://www.bilibili.tv/en/media/1060007
145001,Crunchyroll,STREAMING,,https://crunchyroll.com/series/G3KHEVQQG
145001,YouTube,STREAMING,,https://youtube.com/channel/UCMTEUyuD-935qqOT-IuWCvQ
145260,Twitter,SOCIAL,Japanese,https://twitter.com/kuronoshokanshi
145260,Official Site,INFO,Japanese,https://kuronoshokanshi.com/
145260,Crunchyroll,STREAMING,,https://www.crunchyroll.com/series/GVDHX8JJE/black-summoner
145260,YouTube,STREAMING,,https://www.youtube.com/playlist?list=PLxSscENEp7Jh5Y8toYmjBmWBIH3yl7tb2
145260,Bilibili TV,STREAMING,,https://www.bilibili.tv/en/media/1060252
145468,Twitter,SOCIAL,Japanese,https://twitter.com/YUREIDECO
145468,Official Site,INFO,Japanese,https://yureideco.com/
145468,Crunchyroll,STREAMING,,https://www.crunchyroll.com/yurei-deco
145468,YouTube,STREAMING,,https://www.youtube.com/playlist?list=PLxSscENEp7Jh_FH_E6XSiTy71OwCsgBBF
145468,Bilibili TV,STREAMING,,https://www.bilibili.tv/en/media/1061747
145545,Twitter,SOCIAL,Japanese,https://twitter.com/youkosozitsu
145545,Official Site,INFO,Japanese,http://you-zitsu.com/
145545,Crunchyroll,STREAMING,,https://www.crunchyroll.com/classroom-of-the-elite
145545,YouTube,STREAMING,,https://www.youtube.com/playlist?list=PLwLSw1_eDZl2WCY-naAlexgVnI7CHlNNR
145545,Bilibili TV,STREAMING,,https://www.bilibili.tv/media/1060488/
145545,YouTube,STREAMING,,https://www.youtube.com/playlist?list=PLpm1VVK4UL15ThV6Sk_ynU7DmU5cmaT-e
145545,iQ,STREAMING,,https://www.iq.com/play/abmsrh1zul
145916,Official Site,INFO,Japanese,http://idolbushow.com
145916,Twitter,SOCIAL,Japanese,https://twitter.com/IDOL_bu_SHOW
146210,Official Site,INFO,Japanese,https://vermeilingold.jp/
146210,Twitter,SOCIAL,Japanese,https://twitter.com/vermeil_animePR
146210,HIDIVE,STREAMING,,https://www.hidive.com/tv/vermeil-in-gold
146210,YouTube,STREAMING,,https://youtube.com/@user-jy8gu2hy7n
146210,Hulu,STREAMING,,https://www.hulu.com/series/vermeil-in-gold-6828140e-5c4b-4873-b801-f4f5aadd8f41
146321,Twitter,SOCIAL,Japanese,https://twitter.com/D4DJ_pj
146321,Twitter,SOCIAL,English,https://twitter.com/d4dj_pj_en
146321,Official Site,INFO,Japanese,https://anime.d4dj-pj.com/
146321,Crunchyroll,STREAMING,,https://www.crunchyroll.com/watch/GWDU8DZ9Q
146321,YouTube,STREAMING,,https://www.youtube.com/watch?v=AR7ozoyO5E8
146321,YouTube,STREAMING,,https://www.youtube.com/playlist?list=PLxSscENEp7JgktevgxFe5yuP-CWHB5IO6
146501,Twitter,SOCIAL,Japanese,https://twitter.com/bang_dream_info
146501,Official Site,INFO,Japanese,https://morfonica-anime.bang-dream.com/
146501,YouTube,STREAMING,,https://www.youtube.com/playlist?list=PLi6JjODFVq30YwX04ISu8njXoskP2dOhm
146625,Official Site,INFO,Japanese,https://engage-kiss.com/
146625,Twitter,SOCIAL,Japanese,https://twitter.com/engage_kiss
146625,Crunchyroll,STREAMING,,https://www.crunchyroll.com/engage-kiss
146625,Bilibili TV,STREAMING,,https://www.bilibili.tv/en/media/1062776/
146625,Netflix,STREAMING,,https://www.netflix.com/title/81620015
146631,Official Site,INFO,Japanese,http://g-reco.net/
146631,Twitter,SOCIAL,Japanese,https://twitter.com/gundam_reco/
146632,Twitter,SOCIAL,Japanese,https://twitter.com/gundam_reco/
146632,Official Site,INFO,Japanese,http://g-reco.net/
146637,Official Site,INFO,Japanese,https://orient-anime.jp/
146637,Twitter,SOCIAL,Japanese,https://twitter.com/orient_pr
146637,Crunchyroll,STREAMING,,https://www.crunchyroll.com/series/GVDHX8PMM/orient
146637,YouTube,STREAMING,,https://www.youtube.com/playlist?list=PLxSscENEp7Jh89sxhPja36mB6Je0lkd8N
146637,Bilibili TV,STREAMING,,https://www.bilibili.tv/en/media/1060323
146650,Official Site,INFO,Japanese,https://www.bucchigire.com/
146650,Twitter,SOCIAL,Japanese,https://twitter.com/Bucchigire
146650,Crunchyroll,STREAMING,,https://www.crunchyroll.com/series/G4PH0WZZ3/shine-on-bakumatsu-bad-boys
146650,Bilibili TV,STREAMING,,https://www.bilibili.tv/en/media/1051212
146650,YouTube,STREAMING,,https://www.youtube.com/playlist?list=PLxSscENEp7Jja-EtlraOv68lG0XwSqGNy
146668,Official Site,INFO,Japanese,https://anime.team-rwby-project.jp/
146668,Twitter,SOCIAL,Japanese,https://twitter.com/TeamRWBYProject
146668,Twitter,SOCIAL,English,https://twitter.com/TeamRWBYPrj_en
146668,Crunchyroll,STREAMING,,https://www.crunchyroll.com/rwby-ice-queendom
146668,Official Site,INFO,English,https://anime.team-rwby-project.jp/en/
146722,Official Site,INFO,Japanese,https://jojo-portal.com/anime/so/
146722,Netflix,STREAMING,,https://www.netflix.com/title/80179831
146722,Twitter,SOCIAL,Japanese,https://twitter.com/anime_jojo/
146722,Instagram,SOCIAL,Japanese,https://www.instagram.com/jojotheanimation/
146921,Official Site,INFO,Japanese,https://arifureta.com/
146921,Twitter,SOCIAL,Japanese,https://twitter.com/ARIFURETA_info
146921,Twitter,SOCIAL,English,https://twitter.com/Arifureta_anime
146921,Crunchyroll,STREAMING,,https://crunchyroll.com/series/G4PH0WXD1
146922,Official Site,INFO,Japanese,https://g-witch.net/prologue/
146922,Twitter,SOCIAL,Japanese,https://twitter.com/g_witch_m
146922,YouTube,STREAMING,,https://www.youtube.com/watch?v=5YGW2JRxWUU
146922,Crunchyroll,STREAMING,,https://www.crunchyroll.com/series/G79H2307W/mobile-suit-gundam-the-witch-from-mercury
146922,Bilibili TV,STREAMING,,https://www.bilibili.tv/en/media/2069069
146922,YouTube,STREAMING,,https://www.youtube.com/watch?v=qZneMzKO11U
148042,Official Site,INFO,Japanese,https://yoruneko-pr.com/
148042,Twitter,SOCIAL,Japanese,https://twitter.com/yoruneko_PR
148042,YouTube,STREAMING,,https://www.youtube.com/playlist?list=PL21PGVTtHmxgpTZwSrn-1QMUcbaJdnxZM
148179,Twitter,SOCIAL,Japanese,https://twitter.com/penguindrum
148179,Official Site,INFO,Japanese,https://penguindrum10th.jp/
148179,Instagram,SOCIAL,Japanese,https://www.instagram.com/penguindrum10th/
148179,HIDIVE,STREAMING,,https://www.hidive.com/movies/recycle-of-the-penguindrum-movie-part-2-i-love-you
148492,Official Site,INFO,Japanese,https://www.tv-tokyo.co.jp/anime/kjfile/
148492,YouTube,STREAMING,,https://youtu.be/I_2N7ll8vaM
149073,Twitter,SOCIAL,Japanese,https://twitter.com/heroaca_anime
149073,Official Site,INFO,Japanese,https://heroaca.com/originalanimationep/index.html
149073,Crunchyroll,STREAMING,,http://www.crunchyroll.com/my-hero-academia
149326,Official Site,INFO,Japanese,https://maid-ga-ayashii.com/
149326,Twitter,SOCIAL,Japanese,https://twitter.com/maidga_ayashii
149326,Crunchyroll,STREAMING,,https://crunchyroll.com/series/GG5H5X092
149326,YouTube,STREAMING,,https://www.youtube.com/playlist?list=PLxSscENEp7JiKuzXZzJVByt6rGYFkJwxA
149326,Bilibili TV,STREAMING,,https://www.bilibili.tv/media/1061632
149874,Twitter,SOCIAL,Japanese,https://twitter.com/arsno_anime
149874,Official Site,INFO,Japanese,https://www.arsnotoria-anime.com/
149874,Crunchyroll,STREAMING,,https://crunchyroll.com/series/GW4HM7GG3
149874,Bilibili TV,STREAMING,,https://www.bilibili.tv/en/media/1059621
150575,Twitter,SOCIAL,Japanese,https://twitter.com/sekashiba_anime
150575,HIDIVE,STREAMING,,https://www.hidive.com/movies/doomsday-with-my-dog
150575,YouTube,STREAMING,,https://www.youtube.com/channel/UC53enbRbZACHdAfbLq6AQ_Q
150697,Twitter,SOCIAL,Japanese,https://twitter.com/ObeyMeOfficial
150697,Official Site,INFO,,https://shallwedate.jp/obeyme/
150697,Crunchyroll,STREAMING,,https://www.crunchyroll.com/obey-me
150697,Twitter,SOCIAL,English,https://twitter.com/ObeyMeOfficial1
150909,Official Site,INFO,Japanese,https://500000000button.com/
150909,YouTube,STREAMING,,https://www.youtube.com/channel/UCQN2SNupuW-sZVL6VlYpF5A
150909,Twitter,SOCIAL,Japanese,https://twitter.com/500000000button
150909,Hulu,STREAMING,,https://www.hulu.jp/500000000-year-button
150909,Amazon Prime Video,STREAMING,,https://www.amazon.co.jp/gp/video/detail/B0B5M1C9RK/
150909,YouTube,STREAMING,,https://www.youtube.com/playlist?list=PLhGamQZtJ7K8VezOKZTbeLNPVzVrOM5nl
151126,Official Site,INFO,Japanese,https://yuuyame.com/package.html
151126,Twitter,SOCIAL,Japanese,https://twitter.com/yuuyame_anime
151126,HIDIVE,STREAMING,,https://www.hidive.com/movies/im-quitting-heroing-ova
151128,Official Site,INFO,Japanese,https://iii-icecrin.com/
151128,Twitter,SOCIAL,Japanese,https://twitter.com/iii_icecrin
151128,Instagram,SOCIAL,Japanese,https://www.instagram.com/iii_icecrin
151128,YouTube,STREAMING,,https://www.youtube.com/playlist?list=PLxSscENEp7JgqRc5L27-8gLyTqx2D0Soj
151659,Crunchyroll,STREAMING,,https://www.crunchyroll.com/saint-seiya-knights-of-the-zodiac
151659,Official Site,INFO,Japanese,https://www.saintseiya-kotz.com/
151898,YouTube,STREAMING,,https://www.youtube.com/playlist?list=PL3ongWuaWwZPnOMnqMaP3vc2FexX_MHm4
152633,Official Site,INFO,Japanese,https://www.lovelive-anime.jp/yuigaoka/
152636,Official Site,INFO,,https://bluearchive.nexon.com/events/2022/07/vacation
152636,Twitter,SOCIAL,Japanese,https://twitter.com/Blue_ArchiveJP
152636,YouTube,STREAMING,,https://www.youtube.com/watch?v=kXVco22ZCw8
152636,YouTube,STREAMING,,https://www.youtube.com/watch?v=PG0k1HenYbY
152636,YouTube,STREAMING,,https://www.youtube.com/watch?v=T5wNrdOMrNg
153146,Official Site,INFO,Japanese,http://starishtours.utapri-movie.com/tv-special/
153146,Twitter,SOCIAL,Japanese,https://twitter.com/utapriMAJILOVE
153146,HIDIVE,STREAMING,,https://www.hidive.com/season/19956
153322,Official Site,INFO,Japanese,https://futsalboys.com/anime?id=bddvd
153322,Twitter,SOCIAL,Japanese,https://twitter.com/futsal_boys
153348,Official Site,INFO,,https://hololivesummer2022.hololivepro.com
153348,YouTube,STREAMING,,https://www.youtube.com/playlist?list=PL1NeGg1woXqn_hVY3vCeiJce8i6cIBrMn
153412,Twitter,SOCIAL,Japanese,https://twitter.com/duema_anime
153412,Official Site,INFO,Japanese,https://www.shopro.co.jp/tv/duelmasters/index.html#
153765,YouTube,STREAMING,,https://youtube.com/playlist?list=PL-3VS1qnB0MX2m2ppkLIfHTthn-GKiloU
153765,Twitter,SOCIAL,Japanese,https://twitter.com/mew_mew_new
153840,Twitter,SOCIAL,Japanese,https://twitter.com/midorimakibao25
153906,Netflix,STREAMING,,https://www.netflix.com/title/81002441
154176,Official Site,INFO,Japanese,https://kanokari-official.com/
154176,Twitter,SOCIAL,Japanese,https://twitter.com/kanokari_anime
154385,Twitter,SOCIAL,Japanese,https://twitter.com/kanokari_anime
154539,YouTube,STREAMING,,https://youtube.com/playlist?list=PL5eN6F6iEKi_CfmXObGx1YuY-E-5boQJy
154539,Twitter,SOCIAL,Japanese,https://twitter.com/anime_maousama/status/1548600899022589952?t=k39jFwU_U9miuekj3ZhreA&s=19
154539,Official Site,INFO,Japanese,https://maousama.jp/special/
154540,Twitter,SOCIAL,Japanese,https://twitter.com/futabashaBL
154540,YouTube,STREAMING,,https://www.youtube.com/playlist?list=PLpA4B0QFGIEazTL01L1cYO-1HXuRnUja0
154678,Official Site,INFO,Japanese,https://2022.precure-movie.com/
154678,Twitter,SOCIAL,Japanese,https://twitter.com/precure_movie/
154955,Twitter,SOCIAL,Japanese,https://twitter.com/akulas_pr/
155525,Official Site,INFO,,https://www.aikatsu.com/planet/
156061,Official Site,INFO,Japanese,https://www.ohast.jp/nanasikaidan/
156061,YouTube,STREAMING,,https://youtube.com/playlist?list=PLVgzzKLQjDypbIBu5TUPpIXNx-BfV269f
156865,YouTube,STREAMING,,https://www.youtube.com/watch?v=8XKdv2R5FwI
157648,YouTube,STREAMING,,https://www.youtube.com/playlist?list=PLhaZnpVF2cJVgyxjDmomSgyCCL8C9TpKB
157648,Official Site,INFO,Japanese,https://www.aft.or.jp/findyourtruecolors/
157648,Twitter,SOCIAL,Japanese,https://twitter.com/shikisai_kentei
158639,Official Site,INFO,Japanese,https://canonrecordings.com/sakuretsuamabie/
158639,YouTube,STREAMING,,https://www.youtube.com/channel/UCDPcZaNH1p1L3XsQPNhKsHQ
160856,Official Site,INFO,Japanese,https://anpan-movie.com/2022/
160856,Twitter,SOCIAL,Japanese,https://twitter.com/anpanman_movie
182545,Official Site,INFO,Japanese,https://meisakukun.com/
187517,YouTube,STREAMING,,https://www.youtube.com/playlist?list=PLKFX4mbL-rQbv-ldjgEfPc9klVfF6N77O
193414,YouTube,STREAMING,,https://www.youtube.com/playlist?list=PLUFFl4hYd1R1V9KigOtW5YFvaEJWH_Red
21294,Official Site,INFO,Japanese,https://kancolle-itsuumi.com/
21294,Twitter,SOCIAL,Japanese,https://twitter.com/anime_KanColle
21294,Crunchyroll,STREAMING,,https://www.crunchyroll.com/kancolle
114842,Official Site,INFO,,https://g-tekketsu.ggame.jp/
116674,Twitter,SOCIAL,Japanese,https://twitter.com/bleachanimation
116674,Official Site,INFO,Japanese,https://bleach-anime.com/
116674,Instagram,SOCIAL,Japanese,https://www.instagram.com/bleach_official_anime/
116674,Bilibili TV,STREAMING,,https://www.bilibili.tv/en/media/2069614
116674,YouTube,STREAMING,,https://www.youtube.com/playlist?list=PLxSscENEp7Jg3pUga3XbHeMfWLXRMGVQY
116674,Hulu,STREAMING,,https://www.hulu.com/series/bleach-thousand-year-blood-war-02a3c8c0-4f1d-4610-bbb4-5b8e9468d7b1
116674,Disney Plus,STREAMING,,https://www.disneyplus.com/series/bleach-thousand-year-blood-war/4Afet1Q421gy
116674,Amazon Prime Video,STREAMING,,https://www.primevideo.com/detail/0U0SHH4OQIO8SD6GXYWX93N24X/
116674,Star+,STREAMING,,https://www.starplus.com/series/bleach-thousand-year-blood-war/4Afet1Q421gy
116674,Netflix,STREAMING,,https://www.netflix.com/title/70204957
116674,TikTok,SOCIAL,,https://www.tiktok.com/@bleachanimation
116674,YouTube,STREAMING,,https://youtube.com/@official_bleach
124395,Twitter,SOCIAL,Japanese,https://twitter.com/uzakichan_asobi
124395,Official Site,INFO,Japanese,https://uzakichan.com/
124395,Crunchyroll,STREAMING,,https://www.crunchyroll.com/series/GNVHKN7KZ/uzaki-chan-wants-to-hang-out
124395,Bilibili TV,STREAMING,,https://www.bilibili.tv/en/media/1066580
125910,Official Site,INFO,Japanese,https://www.vazzrock-anime.com/
125910,Twitter,SOCIAL,Japanese,https://twitter.com/vazzani_info
125910,Crunchyroll,STREAMING,,https://crunchyroll.com/series/GW4HM75VZ
126425,Official Site,INFO,Japanese,http://watatentv.com/
126425,Twitter,SOCIAL,Japanese,https://twitter.com/watatentv
126425,Crunchyroll,STREAMING,,https://www.crunchyroll.com/series/GR2420096/wataten-an-angel-flew-down-to-me
127230,Twitter,SOCIAL,Japanese,https://twitter.com/CHAINSAWMAN_PR
127230,Official Site,INFO,Japanese,https://chainsawman.dog/
127230,Crunchyroll,STREAMING,,https://crunchyroll.com/series/GVDHX8QNW
127230,Twitter,SOCIAL,English,https://twitter.com/Chainsaw_EN
127230,Twitter,SOCIAL,French,https://twitter.com/Chainsaw_FR
127230,YouTube,STREAMING,,https://www.youtube.com/playlist?list=PLxSscENEp7JhfvHiWN-djJjCOjW8rxA6p
127230,Hulu,STREAMING,,https://www.hulu.com/series/chainsaw-man-7b71b5a4-560b-4d8b-98c4-c5dee6004c21
127230,Bilibili TV,STREAMING,,https://www.bilibili.tv/en/media/2069687
127230,Twitter,SOCIAL,Spanish,https://twitter.com/chainsawman_la
127230,Instagram,SOCIAL,English,https://www.instagram.com/chainsaw_en/
127230,Twitter,SOCIAL,Portuguese,https://twitter.com/ChainsawMan_PT
127230,Disney Plus,STREAMING,,https://www.disneyplus.com/series/chainsaw-man/2gMK1kC3JIEh
127230,Netflix,STREAMING,,https://www.netflix.com/title/81215627
127230,Twitter,SOCIAL,Spanish,https://twitter.com/chainsawman_es
127230,TikTok,SOCIAL,English,https://www.tiktok.com/@chainsawman_en
127230,Facebook,SOCIAL,English,https://www.facebook.com/chainsawman.en
127230,TikTok,SOCIAL,Japanese,https://www.tiktok.com/@chainsawman_pr
128207,Official Site,INFO,Japanese,https://slamdunk-movie.jp/
128207,Twitter,SOCIAL,Japanese,https://twitter.com/movie_slamdunk
128207,Netflix,STREAMING,,https://www.netflix.com/title/81765372
128890,Twitter,SOCIAL,Japanese,https://twitter.com/ID7_anime
128890,Official Site,INFO,Japanese,https://idolish7.com/aninana/
128890,Crunchyroll,STREAMING,,https://www.crunchyroll.com/series/GRE50NQV6/idolish7
130003,Official Site,INFO,Japanese,http://bocchi.rocks/
130003,Twitter,SOCIAL,Japanese,https://twitter.com/btr_anime
130003,Crunchyroll,STREAMING,,https://beta.crunchyroll.com/series/GXJHM3P19
130003,Bilibili TV,STREAMING,,https://www.bilibili.tv/en/media/2069564
130003,Netflix,STREAMING,,https://www.netflix.com/title/81641170
130003,Instagram,SOCIAL,Japanese,https://www.instagram.com/BTR_isosta/
130298,Official Site,INFO,Japanese,https://shadow-garden.jp/1st/
130298,Twitter,SOCIAL,Japanese,https://twitter.com/Shadowgarden_PR
130298,HIDIVE,STREAMING,,https://www.hidive.com/tv/the-eminence-in-shadow
130298,Bilibili TV,STREAMING,,https://www.bilibili.tv/en/media/1066507
130298,Amazon Prime Video,STREAMING,,https://www.primevideo.com/detail/0PXZCO5NGDNH8OWTJIDTEB8IEF/ref=atv_dp_season_select_s1
130298,Hulu,STREAMING,,https://www.hulu.com/series/the-eminence-in-shadow-66f37cf4-dba5-4511-ae26-e4092df1668b
130298,Netflix,STREAMING,,https://www.netflix.com/title/81642096
131182,Twitter,SOCIAL,Japanese,https://twitter.com/yamanosusume
131182,Official Site,INFO,Japanese,https://yamanosusume-ns.com
131182,HIDIVE,STREAMING,,https://www.hidive.com/tv/encouragement-of-climb-next-summit
131182,Bilibili TV,STREAMING,,https://www.bilibili.tv/en/media/1066991
131516,Official Site,INFO,Japanese,https://diy-anime.com/
131516,Twitter,SOCIAL,Japanese,https://twitter.com/diy_anime
131516,Crunchyroll,STREAMING,,https://www.crunchyroll.com/series/GEXH3W4JP/do-it-yourself
135515,Twitter,SOCIAL,Japanese,https://twitter.com/digicharat_r
135515,Official Site,INFO,Japanese,https://digicharat-reiwa.com/
135515,YouTube,STREAMING,,https://www.youtube.com/c/digicharat_r/videos
135660,Netflix,STREAMING,,https://www.netflix.com/exception
136150,Official Site,INFO,Japanese,http://mana-lom-tc.com/
136150,Twitter,SOCIAL,Japanese,https://twitter.com/LoM_anime
136150,Crunchyroll,STREAMING,,https://www.crunchyroll.com/series/G9VHN91ZP/legend-of-mana--the-teardrop-crystal-
136150,YouTube,STREAMING,,https://www.youtube.com/playlist?list=PLwLSw1_eDZl2Y1LHPw0ZT9ivkOs6T-GQN
137341,Twitter,SOCIAL,Japanese,https://twitter.com/shippona_anime
137341,Official Site,INFO,Japanese,https://shippona-anime.com/
137341,HIDIVE,STREAMING,,https://www.hidive.com/tv/my-master-has-no-tail
137341,YouTube,STREAMING,,https://www.youtube.com/playlist?list=PLxSscENEp7Jj54oEa6oCmh1t0dw-goStt
137341,Bilibili TV,STREAMING,,https://www.bilibili.tv/media/2068743/
137822,Twitter,SOCIAL,Japanese,https://twitter.com/bluelock_pr
137822,Official Site,INFO,Japanese,https://bluelock-pr.com/tv1st/
137822,Crunchyroll,STREAMING,,https://www.crunchyroll.com/series/G4PH0WEKE/blue-lock
137822,YouTube,STREAMING,,https://www.youtube.com/playlist?list=PLxSscENEp7Jj17JiCvrOBjnjPjb930O2g
137822,Bilibili TV,STREAMING,,https://www.bilibili.tv/media/2069747/
137822,Netflix,STREAMING,,https://www.netflix.com/title/81640753
137822,Hulu,STREAMING,,https://www.hulu.com/series/82c637ed-3f67-4488-bf73-eacf1beafe17
137822,Twitter,SOCIAL,English,https://x.com/Blue_Lock_En
138565,Official Site,INFO,Japanese,https://www.anime-fumetsunoanatae.com/2nd/
138565,Twitter,SOCIAL,Japanese,https://twitter.com/nep_fumetsu
138565,Twitter,SOCIAL,English,https://twitter.com/EternityAnimeEN
138565,Crunchyroll,STREAMING,,https://www.crunchyroll.com/series/GG5H5XMWV/to-your-eternity
138565,YouTube,STREAMING,,https://www.youtube.com/playlist?list=PLxSscENEp7JglYLsUPMeExu8Yjn5hGYyn
138565,YouTube,STREAMING,,https://youtube.com/@-animeofficialtoyoureterni9458
139092,Official Site,INFO,Japanese,https://www.nhk-character.com/chara/iruma/
139092,Twitter,SOCIAL,Japanese,https://twitter.com/nep_irumakun
139092,YouTube,STREAMING,,https://www.youtube.com/playlist?list=PLwLSw1_eDZl3qq9KSn9zKK_DpaXxSxiKA
139092,Crunchyroll,STREAMING,,https://www.crunchyroll.com/series/G6NVG970Y/welcome-to-demon-school-iruma-kun
139092,Bilibili TV,STREAMING,,https://www.bilibili.tv/en/media/2069316
139092,Twitter,SOCIAL,English,https://twitter.com/iruma_kun
139092,YouTube,STREAMING,,https://youtube.com/@animeofficial5506
139092,Netflix,STREAMING,,https://www.netflix.com/title/81672787
139274,Official Site,INFO,Japanese,https://g-witch.net/
139274,Twitter,SOCIAL,Japanese,https://twitter.com/g_witch_m
139274,Crunchyroll,STREAMING,,https://crunchyroll.com/series/G79H2307W
139274,Bilibili TV,STREAMING,,https://www.bilibili.tv/en/media/2069069
139274,YouTube,STREAMING,,https://www.youtube.com/playlist?list=PLxSscENEp7Ji3wXrdHWgPqyTB4q1ukMH-
139274,Official Site,INFO,English,https://en.gundam.info/about-gundam/series-pages/witch/
139274,Netflix,STREAMING,,https://www.netflix.com/title/81643097
139274,YouTube,STREAMING,,https://youtube.com/playlist?list=PLJV1h9xQ7Hx_jXtO1GrrS0to_ojc672HG
139310,Twitter,SOCIAL,Japanese,https://twitter.com/bokuai_movie
139310,Official Site,INFO,Japanese,https://bokuaikimiai.jp/bokuai/
139310,Crunchyroll,STREAMING,,https://www.crunchyroll.com/to-every-you-ive-loved-before
139311,Official Site,INFO,Japanese,https://bokuaikimiai.jp/kimiai/
139311,Twitter,SOCIAL,Japanese,https://twitter.com/kimiai_movie
139311,Crunchyroll,STREAMING,,https://www.crunchyroll.com/to-me-the-one-who-loved-you
139369,Twitter,SOCIAL,Japanese,https://twitter.com/shinmai_renkin
139369,Official Site,INFO,Japanese,https://shinmai-renkin.com/
139369,HIDIVE,STREAMING,,https://www.hidive.com/tv/management-of-a-novice-alchemist
139369,Bilibili TV,STREAMING,,https://www.bilibili.tv/en/media/1066400
139376,Official Site,INFO,Japanese,https://mahou-no-note.wakasa.jp/
139376,Twitter,SOCIAL,Japanese,https://twitter.com/mahounonote
139498,Twitter,SOCIAL,Japanese,https://twitter.com/ten_sura_anime
139498,Official Site,INFO,Japanese,https://movie.ten-sura.com/
139498,Crunchyroll,STREAMING,,https://www.crunchyroll.com/series/GMTE00256631/that-time-i-got-reincarnated-as-a-slime-the-movie-scarlet-bond
139587,Twitter,SOCIAL,Japanese,https://twitter.com/tenken_official
139587,Official Site,INFO,Japanese,https://tenken-anime.com/
139587,Hulu,STREAMING,,https://www.hulu.com/series/200a141e-df62-4506-a7dc-d9fae32c12d5
139587,Bilibili TV,STREAMING,,https://www.bilibili.tv/en/media/2068647
139587,YouTube,STREAMING,,https://www.youtube.com/playlist?list=PLxSscENEp7Ji52rlnhyo-0mwaSDAKb69P
139587,Amazon Prime Video,STREAMING,,https://www.primevideo.com/detail/Reincarnated-as-a-Sword/0SMRJS9YUTPHZO3CHCX2OX9AIX
139587,HIDIVE,STREAMING,,https://www.hidive.com/season/18930
139587,Netflix,STREAMING,,https://www.netflix.com/title/81642998
139630,Official Site,INFO,Japanese,https://heroaca.com/
139630,Twitter,SOCIAL,Japanese,https://twitter.com/heroaca_anime
139630,Twitter,SOCIAL,French,https://twitter.com/MHAOfficielFR
139630,Crunchyroll,STREAMING,,https://www.crunchyroll.com/series/G6NQ5DWZ6/my-hero-academia
139630,Instagram,SOCIAL,Japanese,https://www.instagram.com/heroaca_insta/
139630,Hulu,STREAMING,,https://www.hulu.com/series/my-hero-academia-b4859a95-39ba-4051-a550-256c42e70a1d
139630,YouTube,STREAMING,,https://www.youtube.com/c/AniOneAsia
139630,Bilibili TV,STREAMING,,https://www.bilibili.tv/en/media/2068973
139806,Twitter,SOCIAL,Japanese,https://twitter.com/nep_anime
139806,Official Site,INFO,Japanese,http://nep-anime.tv/news/ova/ova2/
139820,Twitter,SOCIAL,Japanese,https://twitter.com/akulas_pr
139820,Official Site,INFO,Japanese,https://akulas-pr.com/
139820,Crunchyroll,STREAMING,,https://www.crunchyroll.com/series/GG5H5X0JK/im-the-villainess-so-im-taming-the-final-boss
139820,YouTube,STREAMING,,https://www.youtube.com/playlist?list=PLxSscENEp7JgAoOZW-Fbm-zIN0cIkNB8Z
139820,Bilibili TV,STREAMING,,https://www.bilibili.tv/en/media/2068864
139820,Hulu,STREAMING,,https://www.hulu.com/series/im-the-villainess-so-im-taming-the-final-boss-7f9e2c33-9c29-4271-9b4a-b19ccfd93cfd
140005,Official Site,INFO,Japanese,https://hanzawasan-file.com/
140005,Twitter,SOCIAL,Japanese,https://twitter.com/hanzawasan_file
140005,Netflix,STREAMING,,https://www.netflix.com/title/81313291
140439,Twitter,SOCIAL,Japanese,https://twitter.com/mobpsycho_anime/status/1450432038587154432
140439,Official Site,INFO,Japanese,https://mobpsycho100.com/
140439,Crunchyroll,STREAMING,,https://www.crunchyroll.com/series/GY190DKQR/mob-psycho-100
140439,YouTube,STREAMING,,https://www.youtube.com/playlist?list=PLwLSw1_eDZl2VGzbi1867Ucw0vJzRfXYU
140439,Hulu,STREAMING,,https://www.hulu.com/series/fc9b8130-e1e3-420b-b28d-a72f0b235069
140439,Bilibili TV,STREAMING,,https://www.bilibili.tv/en/media/2067476
140439,Amazon Prime Video,STREAMING,,https://www.primevideo.com/detail/0N85HJJ4D1R183RJQN4G1G07WB/ref=atv_dp_share_cu_r
140439,YouTube,STREAMING,,https://www.youtube.com/playlist?list=PLpm1VVK4UL17JXqY8NNyHtjRip3d7mfE1
140439,Netflix,STREAMING,,https://www.netflix.com/title/80179798
140660,Twitter,SOCIAL,Japanese,https://twitter.com/ArknightsStaff
140660,Twitter,SOCIAL,English,https://twitter.com/ArknightsEN
140660,Official Site,INFO,Japanese,https://arknights-anime.jp/
140660,Official Site,INFO,Chinese,https://ak.hypergryph.com/anime
140660,Crunchyroll,STREAMING,,https://www.crunchyroll.com/series/GG5H5X3VN/arknights
140999,Twitter,SOCIAL,Japanese,https://twitter.com/sao_anime
140999,Official Site,INFO,Japanese,https://sao-p.net/
140999,Crunchyroll,STREAMING,,https://www.crunchyroll.com/watch/G7PU4100M/scherzo-of-deep-night
141212,Official Site,INFO,Japanese,http://tonikawa.com/
141212,Twitter,SOCIAL,Japanese,https://twitter.com/tonikawa_anime
141212,Twitter,SOCIAL,English,https://twitter.com/tonikawa_en
141212,Crunchyroll,STREAMING,,https://www.crunchyroll.com/series/GRWMGGQ86/tonikawa-over-the-moon-for-you
141212,Bilibili TV,STREAMING,,https://www.bilibili.tv/en/media/2071587
141352,Netflix,STREAMING,,https://www.netflix.com/title/81302750
141400,Official Site,INFO,Japanese,http://petergrill-anime.jp/
141400,Twitter,SOCIAL,Japanese,https://twitter.com/petergrillanime
141400,HIDIVE,STREAMING,,https://www.hidive.com/tv/peter-grill-and-the-philosophers-time-super-extra
141400,YouTube,STREAMING,,https://www.youtube.com/c/MuseAsia
141400,Bilibili TV,STREAMING,,https://www.bilibili.tv/en/media/2067599
141949,Official Site,INFO,Japanese,https://fuukoi-anime.com/
141949,Twitter,SOCIAL,Japanese,https://twitter.com/fuukoi_anime
141949,YouTube,STREAMING,,https://www.youtube.com/playlist?list=PLxSscENEp7Jjat3PagSY2J_Z2QvqQBANH
141949,Bilibili TV,STREAMING,,https://www.bilibili.tv/en/media/2070026
141949,Crunchyroll,STREAMING,,https://www.crunchyroll.com/series/GJ0H7Q5N3/more-than-a-married-couple-but-not-lovers
142343,Official Site,INFO,Japanese,https://kamuy-anime.com/
142343,Twitter,SOCIAL,Japanese,https://twitter.com/kamuy_anime
142343,Crunchyroll,STREAMING,,https://www.crunchyroll.com/series/GY8DWQN5Y/golden-kamuy
142481,Official Site,INFO,Japanese,http://yowapeda.com/
142481,Twitter,SOCIAL,Japanese,https://twitter.com/yowapeda_anime
142481,Crunchyroll,STREAMING,,https://beta.crunchyroll.com/series/GRWEK728R
142541,Official Site,INFO,Japanese,https://www.megaton-musashi.jp/portal/anime/
142541,Twitter,SOCIAL,Japanese,https://twitter.com/musashi_project
142541,Crunchyroll,STREAMING,,https://www.crunchyroll.com/series/GP5HJ840X/megaton-musashi
142701,Official Site,INFO,Japanese,https://kokyu-anime.com/
142701,Twitter,SOCIAL,Japanese,https://twitter.com/kokyu_anime
142701,Crunchyroll,STREAMING,,https://crunchyroll.com/series/GP5HJ8E99
142701,YouTube,STREAMING,,https://www.youtube.com/c/AniOneAsia
142770,Twitter,SOCIAL,Japanese,https://twitter.com/suzume_tojimari
142770,Official Site,INFO,Japanese,https://suzume-tojimari-movie.jp/
142770,Instagram,SOCIAL,Japanese,https://www.instagram.com/suzumenotojimari_official/
142770,TikTok,SOCIAL,Japanese,https://www.tiktok.com/@suzumenotojimariofficial
142770,Crunchyroll,STREAMING,,https://www.crunchyroll.com/series/GP5HJ8425/suzume
142770,Netflix,STREAMING,,https://www.netflix.com/title/81696498
142838,Official Site,INFO,Japanese,https://spy-family.net/tvseries/
142838,Twitter,SOCIAL,Japanese,https://twitter.com/spyfamily_anime
142838,Crunchyroll,STREAMING,,https://www.crunchyroll.com/series/G4PH0WXVJ/spy-x-family
142838,YouTube,STREAMING,,https://www.youtube.com/playlist?list=PLwLSw1_eDZl1wGMYg5oB3uEns0CZNl6sI
142838,Hulu,STREAMING,,https://www.hulu.com/series/spy-x-family-65d158d4-443f-44c7-bd2c-eae39f6c60e9
142838,Bilibili TV,STREAMING,,https://www.bilibili.tv/en/media/1048837
142838,Netflix,STREAMING,,https://www.netflix.com/title/81511410
142838,Instagram,SOCIAL,English,https://www.instagram.com/spyfamily_en/
142838,Instagram,SOCIAL,Japanese,https://www.instagram.com/spy_family_official/
142838,Twitter,SOCIAL,English,https://twitter.com/spyfamily_en
142838,iQ,STREAMING,,https://www.iq.com/album/spy×family-2022-yngqr3tli9
142838,YouTube,STREAMING,,https://www.youtube.com/playlist?list=PLpm1VVK4UL17Akf9iHRx28-f8N_e_Cnmz
142838,TikTok,SOCIAL,Japanese,https://www.tiktok.com/@spyfamily_anime_official
142985,Official Site,INFO,Japanese,https://muv-luv-alternative-anime.com/
142985,Twitter,SOCIAL,Japanese,https://twitter.com/muv_luv_a_anime
142985,Crunchyroll,STREAMING,,https://www.crunchyroll.com/series/GVDHX8PP9/muv-luv-alternative
142985,YouTube,STREAMING,,https://www.youtube.com/playlist?list=PLwLSw1_eDZl1jvxZE-x5NVjJQz3pQquTI
143086,Official Site,INFO,Japanese,http://hoshiiro.jp/
143086,Twitter,SOCIAL,Japanese,https://twitter.com/hoshiiro_anime/
143086,Crunchyroll,STREAMING,,https://crunchyroll.com/series/G69P1K90Y
143277,Official Site,INFO,Japanese,https://uy-allstars.com/
143277,Twitter,SOCIAL,Japanese,https://twitter.com/uy_allstars
143277,HIDIVE,STREAMING,,https://www.hidive.com/tv/urusei-yatsura
143277,Bilibili TV,STREAMING,,https://www.bilibili.tv/en/media/1066030
143277,Netflix,STREAMING,,https://www.netflix.com/title/81642888
144533,Official Site,INFO,Japanese,https://mushikaburihime.com/
144533,Twitter,SOCIAL,Japanese,https://twitter.com/mushikaburihime
144533,HIDIVE,STREAMING,,https://www.hidive.com/tv/bibliophile-princess
144533,Bilibili TV,STREAMING,,https://www.bilibili.tv/en/media/1066703
144533,Hoopla,STREAMING,,https://www.hoopladigital.com/television/bibliophile-princess-season-1-nobunaga-shimazaki/16359637
145604,Official Site,INFO,Japanese,https://ninja-ittoki.com/
145604,Twitter,SOCIAL,Japanese,https://twitter.com/ninja_ittoki
145604,Crunchyroll,STREAMING,,https://crunchyroll.com/series/G5PHNM7KG
145604,Bilibili TV,STREAMING,,https://www.bilibili.tv/en/media/1066147
145739,Official Site,INFO,Japanese,https://movies.shochiku.co.jp/kagaminokojo/
145739,Twitter,SOCIAL,Japanese,https://twitter.com/kagami_eiga
145739,TikTok,SOCIAL,Japanese,https://www.tiktok.com/@kagami_eiga
145739,Instagram,SOCIAL,Japanese,https://www.instagram.com/kagami_eiga/
145815,Official Site,INFO,Japanese,https://nouminkanren.com/
145815,Twitter,SOCIAL,Japanese,https://twitter.com/nouminkanren
145815,HIDIVE,STREAMING,,https://www.hidive.com/tv/ive-somehow-gotten-stronger-when-i-improved-my-farm-related-skills
145815,Bilibili TV,STREAMING,,https://www.bilibili.tv/media/1067050
145815,TikTok,SOCIAL,Japanese,https://www.tiktok.com/@nouminkanren
145815,Hulu,STREAMING,,https://www.hulu.com/series/97badad5-f4d1-45c2-baf2-9a06918ec21d
146233,Twitter,SOCIAL,Japanese,https://twitter.com/futoku_anime
146233,Official Site,INFO,Japanese,https://futoku-no-anime.com/
146233,Bilibili TV,STREAMING,,https://www.bilibili.tv/en/media/1066907
146233,HIDIVE,STREAMING,,https://www.hidive.com/tv/immoral-guild
146438,Official Site,INFO,Japanese,https://eternalboys.jp/
146438,Twitter,SOCIAL,Japanese,https://twitter.com/eternalboys
146438,HIDIVE,STREAMING,,https://www.hidive.com/tv/eternal-boys
146475,Adult Swim,STREAMING,,https://www.adultswim.com/videos/housing-complex-c
146475,Max,STREAMING,,https://www.max.com/shows/e8e802f2-acee-434b-816f-4b2132de3465
146489,Official Site,INFO,Japanese,https://bokuranoyoake.com/
146489,Twitter,SOCIAL,Japanese,https://twitter.com/bokura_no_yoake
146676,Official Site,INFO,Japanese,https://loveflops.com/
146676,Twitter,SOCIAL,Japanese,https://twitter.com/loveflops_pr
146676,HIDIVE,STREAMING,,https://www.hidive.com/tv/love-flops
146676,Bilibili TV,STREAMING,,https://www.bilibili.tv/en/media/1066329
146962,Twitter,SOCIAL,Japanese,https://twitter.com/4uso_anime
146962,Official Site,INFO,Japanese,https://4uso-anime.com/
146962,Bilibili TV,STREAMING,,https://www.bilibili.tv/en/media/1066080
146962,Crunchyroll,STREAMING,,https://www.crunchyroll.com/series/G5PHNM7NG/the-little-lies-we-all-tell
147885,Official Site,INFO,Japanese,https://cooldoji-pr.com/
147885,Twitter,SOCIAL,Japanese,https://twitter.com/cooldoji_pr
147885,Crunchyroll,STREAMING,,https://www.crunchyroll.com/series/G9VHN912P/play-it-cool-guys
148401,Official Site,INFO,Japanese,https://umamusume.jp/anime/umayuru/
148401,Twitter,SOCIAL,Japanese,https://twitter.com/uma_musu
148401,YouTube,STREAMING,,https://www.youtube.com/playlist?list=PLzFNGS7Rcf-NQHlzyeN_TL_xsvKThT7hz
148970,Twitter,SOCIAL,Japanese,https://twitter.com/gineidenanime
148970,Official Site,INFO,Japanese,https://gineiden-anime.com/
148970,Crunchyroll,STREAMING,,https://www.crunchyroll.com/series/GRW4DXNEY/legend-of-the-galactic-heroes-die-neue-these
150188,Official Site,INFO,Japanese,https://molcar-anime.com/ds/
150188,YouTube,STREAMING,,https://www.youtube.com/channel/UCkpdBZk3ulIbSTsAAzZH1dQ
150188,Instagram,SOCIAL,Japanese,https://www.instagram.com/molcar_anime/
150188,Twitter,SOCIAL,Japanese,https://twitter.com/molcar_anime
150188,Netflix,STREAMING,,https://www.netflix.com/title/81416349
150188,TikTok,SOCIAL,Japanese,https://www.tiktok.com/@molcar_anime
150695,Official Site,INFO,Japanese,https://beasttamer.jp/
150695,Twitter,SOCIAL,Japanese,https://twitter.com/beasttamer_off
150695,Crunchyroll,STREAMING,,https://crunchyroll.com/series/G8DHV743V
150695,YouTube,STREAMING,,https://www.youtube.com/playlist?list=PLwLSw1_eDZl1lv3DwQr43Dbdnjsxfa_cB
150695,Bilibili TV,STREAMING,,https://www.bilibili.tv/en/media/2069487
150695,YouTube,STREAMING,,https://www.youtube.com/playlist?list=PLpm1VVK4UL16nGfiLyHX1k5KZfjdGGHcy
151067,Twitter,SOCIAL,Japanese,https://twitter.com/MahjongSoul_JP
151067,Twitter,SOCIAL,,https://twitter.com/MahjongSoul_EN
151067,Official Site,INFO,Japanese,https://mahjongsoul-pong.jp/bluray.html
151379,Official Site,INFO,Japanese,https://akibamaidwar.com/
151379,Twitter,SOCIAL,Japanese,https://twitter.com/akbmaidwar
151379,HIDIVE,STREAMING,,https://www.hidive.com/tv/akiba-maid-war
151379,Bilibili TV,STREAMING,,https://www.bilibili.tv/en/media/1066246
151379,Crunchyroll,STREAMING,,https://www.crunchyroll.com/series/G79H23XPW/akiba-maid-war
151803,Netflix,STREAMING,,https://www.netflix.com/title/80039972
151803,Twitter,SOCIAL,Japanese,https://twitter.com/TIGERandBUNNY
151803,Official Site,INFO,Japanese,http://www.tigerandbunny.net/TB2/
152207,Official Site,INFO,Japanese,https://orekun.jp/
152207,Twitter,SOCIAL,Japanese,https://twitter.com/raroanime
152207,YouTube,STREAMING,,https://www.youtube.com/playlist?list=PLAY7h3wyYvUr6afS__8OqxNOweLNXFyRo
153431,Official Site,INFO,Japanese,https://www.shodensha.co.jp/onnanosono_special/
153431,Twitter,SOCIAL,Japanese,https://twitter.com/onna_sono_Hoshi
153791,Twitter,SOCIAL,Japanese,https://twitter.com/miabyss_anime/
153791,Official Site,INFO,Japanese,http://miabyss.com/2nd_package.html?cat=vol01
153930,Netflix,STREAMING,,https://www.netflix.com/title/81318888
154545,Official Site,INFO,Japanese,https://humanbug-anime.com/
154545,Crunchyroll,STREAMING,,https://www.crunchyroll.com/series/G0XHWM5GQ/the-human-crazy-university
154545,Twitter,SOCIAL,Japanese,https://twitter.com/humanbug_anime
154545,YouTube,STREAMING,,https://www.youtube.com/playlist?list=PLxSscENEp7Jid3nlFTN73VlO6UDFPIr4_
154672,Official Site,INFO,Japanese,https://anime-mamekichimameko.jp/
154672,Twitter,SOCIAL,Japanese,https://twitter.com/mameko_anime
154672,YouTube,STREAMING,,https://www.youtube.com/playlist?list=PLipXal3ZZgwSTehBee1umRxK59MgLRxUL
154672,TikTok,SOCIAL,Japanese,https://www.tiktok.com/@mameko_anime
154672,Instagram,SOCIAL,Japanese,https://www.instagram.com/mamekichimameko_anime
154979,Official Site,INFO,Japanese,https://kame-abara.com/
154979,Twitter,SOCIAL,Japanese,https://twitter.com/kame_abara
155011,Crunchyroll,STREAMING,,https://crunchyroll.com/series/G24H1N8XX
155011,Official Site,INFO,Japanese,https://berserk-me.com/
155011,Twitter,SOCIAL,Japanese,https://twitter.com/berserk_mePR
155011,Hulu,STREAMING,,https://www.hulu.com/hub/anime
155011,Bilibili TV,STREAMING,,https://www.bilibili.tv/en/media/2069402
155348,Official Site,INFO,Japanese,https://naruto-official.com/special/20th
155348,YouTube,STREAMING,,https://www.youtube.com/watch?v=yKELA1qBAKA
155496,Official Site,INFO,Japanese,https://shinmai-renkin.com/special/minianime.html
155496,YouTube,STREAMING,,https://www.youtube.com/playlist?list=PL3ongWuaWwZO80pz1wya_ay0m38DmJ1fO
155526,Twitter,SOCIAL,Japanese,https://twitter.com/punirunes
155526,Official Site,INFO,Japanese,https://www.punirunes.com/
155526,YouTube,STREAMING,,https://www.youtube.com/@Punirunes/
155925,Twitter,SOCIAL,Japanese,https://twitter.com/lupin_zero
155925,Official Site,INFO,Japanese,http://lupin-zero.com/
155925,HIDIVE,STREAMING,,https://www.hidive.com/tv/lupin-zero
155925,Crunchyroll,STREAMING,,https://www.crunchyroll.com/series/G9VHN91PJ/lupin-zero
156001,YouTube,STREAMING,,https://youtube.com/playlist?list=PL3ongWuaWwZNBggs9x1Qcya3nRJzfMbkK
156001,Official Site,INFO,,https://shadow-garden.jp/1st/special/special9.php
157058,YouTube,STREAMING,,https://www.youtube.com/watch?v=kqy7PkrhTac
157058,Twitter,SOCIAL,Japanese,https://twitter.com/sao_anime/status/1589174272852783104
157058,Official Site,INFO,Japanese,https://sao10th.net/event/
157058,Crunchyroll,STREAMING,,https://www.crunchyroll.com/series/GP5HJ8485/sword-art-online--fulldive-
157062,Disney Plus,STREAMING,,https://www.disneyplus.com/movies/zen-grogu-and-dust-bunnies/60dQ5gjIKzUB
157287,YouTube,STREAMING,,https://youtube.com/playlist?list=PLYEkzlxfuxp4Z69CdT6A8yVBqNzb30hMP
157294,YouTube,STREAMING,,https://www.youtube.com/channel/UCD1vg6nuHGqVxUdvovP6AOA/videos
157294,Twitter,SOCIAL,Japanese,https://twitter.com/search?q=from:auo_anime 英雄王ミニ&src=typed_query&f=top
157653,YouTube,STREAMING,,https://www.youtube.com/watch?v=PNJhdtq6srg
157653,YouTube,STREAMING,,https://www.youtube.com/watch?v=PekLhzxmDuU
157653,YouTube,STREAMING,,https://www.youtube.com/watch?v=Qiac5Z11FL4
157653,Twitter,SOCIAL,Japanese,https://twitter.com/Blue_ArchiveJP
158570,Official Site,INFO,Japanese,https://www.shopro.co.jp/tv/obakezukan/
158643,Official Site,INFO,Japanese,https://www.nhk.jp/p/iloveme/ts/YNY4LQ6174/
158869,Twitter,SOCIAL,Japanese,https://twitter.com/anipoke_PR
158869,Netflix,STREAMING,,https://www.netflix.com/watch/81670593
158923,YouTube,STREAMING,,https://www.youtube.com/watch?v=JBeEpW8l-Mg
158923,Official Site,INFO,Japanese,https://www.zkai.co.jp/home/cm/loundraw-futari/
159454,Official Site,INFO,Japanese,https://wwws.warnerbros.co.jp/tomandjerry/short-animation/
159454,Twitter,SOCIAL,Japanese,https://twitter.com/TomAndJerry_JP
159454,Instagram,SOCIAL,Japanese,https://www.instagram.com/tomandjerry_jp/
159454,Facebook,SOCIAL,Japanese,https://www.facebook.com/tomandjerryjp
159454,TikTok,SOCIAL,Japanese,https://www.tiktok.com/@tomandjerry_jp
159454,YouTube,STREAMING,,https://www.youtube.com/playlist?list=PLizFMbnOjAaXZeJqs6cviNVn8CzMe8quk
165645,YouTube,STREAMING,,https://www.youtube.com/playlist?list=PLmLcZ2Fpc1GnSWw6eDtiLyVbzlrM2gVUW
165645,Twitter,SOCIAL,Japanese,https://twitter.com/futabashaBL
168559,Official Site,INFO,Japanese,https://www.sylvanianfamilies.com/ja-jp/special/tv/
168559,YouTube,STREAMING,,https://www.youtube.com/playlist?list=PL5xoHmK9recirTkw_d57V5tbf5tuT3-N0
168559,YouTube,STREAMING,,https://www.youtube.com/playlist?list=PLTYXZZKHiowp2zG7JBKzSYaVLaKTrXUe-
168564,Official Site,INFO,,https://rolypi.com
168564,Twitter,SOCIAL,,https://twitter.com/rpp_rolypi
168564,YouTube,STREAMING,,https://www.youtube.com/@ROLY_POLY_PEOPLES
169384,YouTube,STREAMING,,https://www.youtube.com/watch?v=WApeUTO6u50
169384,YouTube,STREAMING,,https://www.youtube.com/watch?v=g9RrLz91BDE
169384,Official Site,INFO,Japanese,https://anime.fate-go.jp/nazomaru/
169384,Twitter,SOCIAL,Japanese,https://twitter.com/fgoproject/
170659,Official Site,INFO,,https://www.san-x.co.jp/chickipdancers/
172844,YouTube,STREAMING,,https://www.youtube.com/@GUARDYGIRLS
172844,Twitter,SOCIAL,Japanese,https://twitter.com/guardygirls
204618,Official Site,INFO,Japanese,https://sustotena.koikeya.co.jp/
204618,YouTube,STREAMING,,https://www.youtube.com/playlist?list=PLWcHadqZmb9FHZSprzG1fccoIfTTiAJSu
205873,YouTube,STREAMING,,https://www.youtube.com/watch?v=3MCw_8L5UmY
205873,YouTube,STREAMING,,https://www.youtube.com/watch?v=R8lio7aXQFs
116867,Official Site,INFO,Japanese,https://bofuri.jp/
116867,Twitter,SOCIAL,Japanese,https://twitter.com/bofuri_anime
116867,Crunchyroll,STREAMING,,https://www.crunchyroll.com/series/GKEH2G428/bofuri-i-dont-want-to-get-hurt-so-ill-max-out-my-defense
116867,YouTube,STREAMING,,https://www.youtube.com/playlist?list=PLwLSw1_eDZl0Kfd0S0D1PELpHYRUz-Owo
116867,Bilibili TV,STREAMING,,https://www.bilibili.tv/en/media/2073192
116867,iQ,STREAMING,,https://www.iq.com/album/dyyo0122lo
116867,Hulu,STREAMING,,https://www.hulu.com/series/bofuri-i-dont-want-to-get-hurt-so-ill-max-out-my-defense-c4ae49ae-5f29-45b1-b886-2440457a3897
125869,Official Site,INFO,Japanese,https://hikarinoou-anime.com/
125869,Twitter,SOCIAL,Japanese,https://twitter.com/HikarinoOuAnime
125869,Crunchyroll,STREAMING,,https://www.crunchyroll.com/series/GJ0H7Q5X9/the-fire-hunter
125869,iQ,STREAMING,,https://www.iq.com/album/1vd3lccf4px
126529,Official Site,INFO,Japanese,https://kyokousuiri.jp/
126529,Twitter,SOCIAL,Japanese,https://twitter.com/kyokou_suiri
126529,Crunchyroll,STREAMING,,https://www.crunchyroll.com/series/GYZJEEQGR/inspectre
126529,Bilibili TV,STREAMING,,https://www.bilibili.tv/en/media/2073886
126529,YouTube,STREAMING,,https://www.youtube.com/playlist?list=PLwLSw1_eDZl39JymKXj97LVea3rRo3-7h
126529,YouTube,STREAMING,,https://youtube.com/@kyokou_suiri
128344,Twitter,SOCIAL,Japanese,https://twitter.com/ARGONAVIS_info
128344,Official Site,INFO,Japanese,https://movie.argo-bdp.com/
130588,Official Site,INFO,Japanese,https://maohgakuin.com/
130588,Twitter,SOCIAL,Japanese,https://twitter.com/maohgakuin
130588,Crunchyroll,STREAMING,,https://www.crunchyroll.com/series/GY243NN0R/the-misfit-of-demon-king-academy
130588,Bilibili TV,STREAMING,,https://www.bilibili.tv/en/media/2072676
130588,iQ,STREAMING,,https://www.iq.com/album/1qk29envkst
130588,Netflix,STREAMING,,https://www.netflix.com/title/81299326
130588,Hulu,STREAMING,,https://www.hulu.com/series/edb56aca-9c2d-44ea-94a5-f722680b9862
130696,Crunchyroll,STREAMING,,https://www.crunchyroll.com/series/G0XHWM594/the-legend-of-heroes-trails-of-cold-steel---northern-war
130696,Official Site,INFO,Japanese,https://sen-anime.jp/
130696,Twitter,SOCIAL,Japanese,https://twitter.com/sen_animejp
135102,Official Site,INFO,Japanese,https://kamihiro-anime.com/
135102,Twitter,SOCIAL,Japanese,https://twitter.com/kamihiro_anime
135102,Crunchyroll,STREAMING,,https://www.crunchyroll.com/series/GP5HJ85ED/by-the-grace-of-the-gods
135102,YouTube,STREAMING,,https://www.youtube.com/playlist?list=PLxSscENEp7JgZhNUrkpwoksoSLEmTqB6U
135102,Bilibili TV,STREAMING,,https://www.bilibili.tv/en/media/2075126
135102,Hulu,STREAMING,,https://www.hulu.com/series/by-the-grace-of-the-gods-a47fc3e8-d6f0-4d05-a12c-7aa201275365
135102,Netflix,STREAMING,,https://www.netflix.com/title/81341928
135429,Netflix,STREAMING,,https://www.netflix.com/title/81176967
135778,Official Site,INFO,Japanese,https://highcard-anime.jp/
135778,Twitter,SOCIAL,Japanese,https://twitter.com/highcard_pj
135778,Crunchyroll,STREAMING,,https://www.crunchyroll.com/series/G8DHV74W5/high-card
135778,iQ,STREAMING,,https://www.iq.com/album/17cx46ndl51
136430,Twitter,SOCIAL,Japanese,https://twitter.com/V_SAGA_ANIME
136430,Official Site,INFO,Japanese,https://vinlandsaga.jp/
136430,Crunchyroll,STREAMING,,https://www.crunchyroll.com/series/GEXH3WKK0/vinland-saga
136430,Netflix,STREAMING,,https://www.netflix.com/title/81249833
136435,Official Site,INFO,Japanese,https://ipponagain.com/
136435,Twitter,SOCIAL,Japanese,https://twitter.com/ipponagain_pr
136435,HIDIVE,STREAMING,,https://www.hidive.com/tv/ippon-again
136435,YouTube,STREAMING,,https://www.youtube.com/playlist?list=PLwLSw1_eDZl2GTD5eb1FOEFT-OPoVhIjJ
136435,Hoopla,STREAMING,,https://www.hoopladigital.com/television/ippon-again-season-1-ayasa-ito/16309485
137308,Twitter,SOCIAL,Japanese,https://twitter.com/to_to2ni_anime
137308,Official Site,INFO,Japanese,https://to-to2ni-anime.jp/
137308,Crunchyroll,STREAMING,,https://www.crunchyroll.com/series/G8DHV7KNW/oh-suddenly-egyptian-god
137639,Official Site,INFO,Japanese,https://nakedpeak.jp/
137639,YouTube,STREAMING,,https://www.youtube.com/watch?v=S-YsjhfEgEY
137909,Official Site,INFO,Japanese,https://www.ningenfushin-anime.jp/
137909,Twitter,SOCIAL,Japanese,https://twitter.com/ningenfushinPR
137909,Crunchyroll,STREAMING,,https://www.crunchyroll.com/series/G24H1N8ZN/ningen-fushin-adventurers-who-dont-believe-in-humanity-will-save-the-world
137909,YouTube,STREAMING,,https://www.youtube.com/playlist?list=PLwLSw1_eDZl0X9kRSmdiB5L2FfA_eTyMZ
137909,Bilibili TV,STREAMING,,https://www.bilibili.tv/media/2073490/
137909,iQ,STREAMING,,https://www.iq.com/album/2bwfzdba54p
138056,Twitter,SOCIAL,Japanese,https://twitter.com/ragnarok_pr
138056,Official Site,INFO,Japanese,https://ragnarok-official.com/
138056,Netflix,STREAMING,,https://www.netflix.com/title/81281579
138056,Twitter,SOCIAL,English,https://x.com/ror_anime
139213,Twitter,SOCIAL,Japanese,https://twitter.com/cfvanguard_PR/
139213,Official Site,INFO,Japanese,https://anime.cf-vanguard.com/vgd/archive/
139213,Crunchyroll,STREAMING,,https://www.crunchyroll.com/series/GXJHM3NJ5/cardfight-vanguard-overdress
139213,HIDIVE,STREAMING,,https://www.hidive.com/tv/cardfight-vanguard-willdress
139213,YouTube,STREAMING,,https://www.youtube.com/playlist?list=PLZaz0lCoygoyRA9oS5Kj4ZkGdvwTXXbw1
139213,YouTube,STREAMING,,https://www.youtube.com/playlist?list=PLZaz0lCoygoxiQ1Btga5RooNxBAnvAP11
139821,Crunchyroll,STREAMING,,https://www.crunchyroll.com/series/G5PHNM7E2/sugar-apple-fairy-tale
139821,Official Site,INFO,Japanese,https://sugarapple-anime.com/
139821,Twitter,SOCIAL,Japanese,https://twitter.com/sugarapple_pr
139821,YouTube,STREAMING,,https://www.youtube.com/playlist?list=PLwLSw1_eDZl1jW_xDvXXJOphlaMLZxsJ-
139821,Bilibili TV,STREAMING,,https://www.bilibili.tv/en/media/2074512
140499,Official Site,INFO,Japanese,https://bluegiant-movie.jp/
140499,Twitter,SOCIAL,Japanese,https://twitter.com/bluegiant_movie
140499,Instagram,SOCIAL,Japanese,https://www.instagram.com/bluegiant_movie/
140499,Netflix,STREAMING,,https://www.netflix.com/title/81763062
140596,Twitter,SOCIAL,Japanese,https://twitter.com/nagatoro_tv
140596,Official Site,INFO,Japanese,https://www.nagatorosan.jp/
140596,Crunchyroll,STREAMING,,https://www.crunchyroll.com/series/GQWH0M455/dont-toy-with-me-miss-nagatoro
140596,YouTube,STREAMING,,https://www.youtube.com/playlist?list=PLxSscENEp7Jhkr9k44Isa7FVdZ0UTZOL-
141062,Official Site,INFO,Japanese,https://techno-roid.com/anime
141062,Twitter,SOCIAL,Japanese,https://twitter.com/TECHNOROID_info
141062,YouTube,STREAMING,,https://www.youtube.com/channel/UCENHXNNJTTQ_ddEQ-YiZBbA
141062,Instagram,SOCIAL,Japanese,https://www.instagram.com/technoroid_info/
141062,Crunchyroll,STREAMING,,https://www.crunchyroll.com/series/GG5H5X37E/technoroid-overmind
141062,iQ,STREAMING,,https://www.iq.com/album/pms0wio5a5
141249,Official Site,INFO,Japanese,https://bungosd.com/
141249,Twitter,SOCIAL,Japanese,https://twitter.com/bungosd_anime
141249,Crunchyroll,STREAMING,,https://www.crunchyroll.com/series/GR5VXQ8PR/bungo-stray-dogs
141249,Bilibili TV,STREAMING,,https://www.bilibili.tv/en/media/2073947
141249,iQ,STREAMING,,https://www.iq.com/album/f7403z4j84
141249,Netflix,STREAMING,,https://www.netflix.com/title/80132126
141785,Official Site,INFO,Japanese,https://mononogatari-pr.com/
141785,Twitter,SOCIAL,Japanese,https://twitter.com/mononogatari_pr
141785,Crunchyroll,STREAMING,,https://www.crunchyroll.com/series/GDKHZEPW1/malevolent-spirits-mononogatari
141785,Bilibili TV,STREAMING,,https://www.bilibili.tv/en/media/2073294
142193,Official Site,INFO,Japanese,https://auo-anime.com/
142193,Twitter,SOCIAL,Japanese,https://twitter.com/auo_anime
142193,Crunchyroll,STREAMING,,https://www.crunchyroll.com/series/GQWH0MP94/reborn-to-master-the-blade-from-hero-king-to-extraordinary-squire
142193,YouTube,STREAMING,,https://www.youtube.com/playlist?list=PLwLSw1_eDZl1aAPuUflQZTsm6r9xyuK4z
142193,Bilibili TV,STREAMING,,https://www.bilibili.tv/en/media/2073796
142193,iQ,STREAMING,,https://www.iq.com/album/1pw5mk1u3t1
142684,Official Site,INFO,Japanese,https://ssss-movie.net/
142684,Twitter,SOCIAL,Japanese,https://twitter.com/SSSS_PROJECT
142684,Crunchyroll,STREAMING,,https://www.crunchyroll.com/series/G4PH0WJEG/gridman-universe
142849,Twitter,SOCIAL,Japanese,https://twitter.com/ayakashi_anime
142849,Official Site,INFO,Japanese,https://ayakashitriangle-anime.com/
142849,Crunchyroll,STREAMING,,https://www.crunchyroll.com/series/GZJH3D0X5/ayakashi-triangle
142849,Netflix,STREAMING,,https://www.netflix.com/title/81680115
142853,Twitter,SOCIAL,Japanese,https://twitter.com/anime_toman
142853,Official Site,INFO,Japanese,https://tokyo-revengers-anime.com/
142853,Disney Plus,STREAMING,,https://www.disneyplus.com/series/tokyo-revengers/4HFbN55sAh0i
142853,Hulu,STREAMING,,https://www.hulu.com/series/tokyo-revengers-1a195a35-e19c-4e36-b609-3b1c451f6ce4
142853,Star+,STREAMING,,https://www.starplus.com/series/tokyo-revengers/4HFbN55sAh0i
142853,Hulu,STREAMING,,https://www.hulu.com/series/0cad4e42-fd8d-42e1-a1ae-e9a3f64dcd65
142853,YouTube,STREAMING,,https://youtube.com/@animetoman
142914,Official Site,INFO,Japanese,https://sugushinu-anime.jp/
142914,Twitter,SOCIAL,Japanese,https://twitter.com/johnwakawaii
142914,Crunchyroll,STREAMING,,https://www.crunchyroll.com/series/GZJH3DJ1X/the-vampire-dies-in-no-time
142914,iQ,STREAMING,,https://www.iq.com/album/fpu6jxndgl
143064,Official Site,INFO,Japanese,https://tsunlise-pr.com/
143064,Twitter,SOCIAL,Japanese,https://twitter.com/tsunlise_pr
143064,HIDIVE,STREAMING,,https://www.hidive.com/tv/endo-and-kobayashi-live-the-latest-on-tsundere-villainess-lieselotte
143064,Bilibili TV,STREAMING,,https://www.bilibili.tv/en/media/2073043
143201,Official Site,INFO,Japanese,https://fafner-btl.jp/
143201,Twitter,SOCIAL,Japanese,https://twitter.com/fafnerproject
143338,Official Site,INFO,Japanese,https://otonarino-tenshisama.jp/
143338,Twitter,SOCIAL,Japanese,https://twitter.com/tenshisama_PR
143338,Crunchyroll,STREAMING,,https://www.crunchyroll.com/series/G9VHN91DJ/the-angel-next-door-spoils-me-rotten
143338,Bilibili TV,STREAMING,,https://www.bilibili.tv/en/media/2074563/
143338,Amazon Prime Video,STREAMING,,https://www.primevideo.com/detail/0QEPOC1DQEU4WL9TA10G7P60LI/ref=atv_sr_fle_c_Tn74RA_1_1_1?sr=1-1&pageTypeIdSource=ASIN&pageTypeId=B0B8L68VJN&qid=1678027129168
143338,YouTube,STREAMING,,https://www.youtube.com/playlist?list=PLxSscENEp7JiAoaxImun4H_FRDkFI9k3Q
143338,TikTok,SOCIAL,Japanese,https://www.tiktok.com/@tenshisama_pr
143338,Netflix,STREAMING,,https://www.netflix.com/title/81662402
144092,Twitter,SOCIAL,Japanese,https://twitter.com/saitou_anime
144092,Official Site,INFO,Japanese,https://saitou-anime.com/
144092,TikTok,SOCIAL,Japanese,https://www.tiktok.com/@saitou_anime
144092,Crunchyroll,STREAMING,,https://www.crunchyroll.com/series/GMEHME849/handyman-saitou-in-another-world
144092,Bilibili TV,STREAMING,,https://www.bilibili.tv/en/media/2074379
144144,Twitter,SOCIAL,Japanese,https://twitter.com/ooyukiumi_kaina
144144,Official Site,INFO,Japanese,https://ooyukiumi.net/
144144,Crunchyroll,STREAMING,,https://www.crunchyroll.com/series/G79H23XVZ/kaina-of-the-great-snow-sea
144144,Bilibili TV,STREAMING,,https://www.bilibili.tv/en/media/2074202
144144,YouTube,STREAMING,,https://www.youtube.com/playlist?list=PLxSscENEp7Jg4qhWLS3o3fPIBNWGebpIh
144553,Official Site,INFO,Japanese,https://saikyo-onmyouji.asmik-ace.co.jp/
144553,Twitter,SOCIAL,Japanese,https://twitter.com/saikyo_onmyouji
144553,Crunchyroll,STREAMING,,https://www.crunchyroll.com/series/G1XHJVWXG/the-reincarnation-of-the-strongest-exorcist-in-another-world
144553,Bilibili TV,STREAMING,,https://www.bilibili.tv/en/media/2072182
145665,Official Site,INFO,Japanese,https://nierautomata-anime.com/
145665,Twitter,SOCIAL,Japanese,https://twitter.com/NieR_A_anime
145665,Instagram,SOCIAL,Japanese,https://www.instagram.com/nieranime/
145665,Crunchyroll,STREAMING,,https://www.crunchyroll.com/nierautomata-ver11a
145665,Official Site,INFO,English,https://nierautomata-anime-en.com/
145665,Twitter,SOCIAL,English,https://twitter.com/NieRA_anime_EN
145665,Facebook,SOCIAL,English,https://www.facebook.com/NierAutomata.Anime/
145665,Netflix,STREAMING,,https://www.netflix.com/title/81680344
146323,Twitter,SOCIAL,Japanese,https://twitter.com/spyroom_anime
146323,Official Site,INFO,Japanese,https://spyroom-anime.com/
146323,Bilibili TV,STREAMING,,https://www.bilibili.tv/en/media/2073095
146346,Official Site,INFO,Japanese,https://inuhiro-anime.com/
146346,Twitter,SOCIAL,Japanese,https://twitter.com/inuninattara
146346,HIDIVE,STREAMING,,https://www.hidive.com/tv/my-life-as-inukai-sans-dog
146346,YouTube,STREAMING,,https://www.youtube.com/playlist?list=PLxSscENEp7JjlMMeX1l1fECfT6cPerSNN
146346,Bilibili TV,STREAMING,,https://www.bilibili.tv/en/media/2074646
146743,Official Site,INFO,Japanese,https://sasamiya.com/
146743,Twitter,SOCIAL,Japanese,https://twitter.com/sasamiya_anime
146743,Instagram,SOCIAL,Japanese,https://www.instagram.com/sasamiya_anime/
146743,Crunchyroll,STREAMING,,https://www.crunchyroll.com/series/GW4HM7GNK/sasaki-and-miyano
146850,Twitter,SOCIAL,Japanese,https://twitter.com/nonbiri_nouka
146850,Official Site,INFO,Japanese,https://nonbiri-nouka.com/
146850,HIDIVE,STREAMING,,https://www.hidive.com/tv/farming-life-in-another-world
146850,Bilibili TV,STREAMING,,https://www.bilibili.tv/en/media/2072246
146850,Hulu,STREAMING,,https://www.hulu.com/series/farming-life-in-another-world-40489af2-d45a-40e0-8607-e3deac505971
146954,Official Site,INFO,Japanese,https://shinkanomi-anime.com/
146954,Twitter,SOCIAL,Japanese,https://twitter.com/shinkanomianime
146954,Crunchyroll,STREAMING,,https://www.crunchyroll.com/series/G9VHN9DDX/the-fruit-of-evolution-before-i-knew-it-my-life-had-it-made
146954,Bilibili TV,STREAMING,,https://www.bilibili.tv/en/media/2072737
146954,YouTube,STREAMING,,https://www.youtube.com/playlist?list=PLxSscENEp7JiS5_iewJyAhFz7_L_f1Z6X
146954,YouTube,STREAMING,,https://youtube.com/@TV-bw7tf
146984,Twitter,SOCIAL,Japanese,https://twitter.com/anime_shingeki
146984,Official Site,INFO,Japanese,https://shingeki.tv/final/
146984,Crunchyroll,STREAMING,,https://www.crunchyroll.com/watch/G8WUNMMMW/attack-on-titan-final-season-the-final-chapters-special-1
146984,Hulu,STREAMING,,https://www.hulu.com/watch/3488e755-bf9c-480e-9fa0-ffc2bf5fa045
146984,iQ,STREAMING,,https://www.iq.com/album/26rwd8fpbix
146984,Bilibili TV,STREAMING,,https://www.bilibili.tv/en/media/2077856
146984,Twitter,SOCIAL,French,https://twitter.com/ShingekiAnimeFR
146984,Twitter,SOCIAL,English,https://twitter.com/AttackOnTitanEN
146984,Instagram,SOCIAL,Japanese,https://www.instagram.com/anime_shingeki_official/
146984,TikTok,SOCIAL,Japanese,https://www.tiktok.com/@shingeki_anime_official
147216,Twitter,SOCIAL,Japanese,https://twitter.com/D4DJ_pj
147216,Official Site,INFO,Japanese,https://anime.d4dj-pj.com/all-mix/
147216,Twitter,SOCIAL,English,https://twitter.com/d4dj_pj_en
147216,Crunchyroll,STREAMING,,https://www.crunchyroll.com/series/G3KHEV032/d4dj-all-mix
147216,YouTube,STREAMING,,https://www.youtube.com/playlist?list=PL58brFgdVYkp1lAjCTE7ZmsP6K2N4JzYy
147216,YouTube,STREAMING,,https://www.youtube.com/playlist?list=PLxSscENEp7JgktevgxFe5yuP-CWHB5IO6
147864,Official Site,INFO,Japanese,https://onimai.jp/
147864,Twitter,SOCIAL,Japanese,https://twitter.com/onimai_anime
147864,Crunchyroll,STREAMING,,https://www.crunchyroll.com/series/GZJH3D0P5/onimai-im-now-your-sister
147864,YouTube,STREAMING,,https://www.youtube.com/playlist?list=PLxSscENEp7JibnhDWLCxfNSDVMhqVpRv4
147864,Bilibili TV,STREAMING,,https://www.bilibili.tv/en/media/2075361
147864,TikTok,SOCIAL,Japanese,https://www.tiktok.com/@onimai_anime
147864,Laftel,STREAMING,,https://laftel.net/item/41264
148116,Twitter,SOCIAL,Japanese,https://twitter.com/hyouken_pr
148116,Official Site,INFO,Japanese,http://www.tbs.co.jp/anime/hyouken/
148116,Crunchyroll,STREAMING,,https://www.crunchyroll.com/series/GDKHZEP21/the-iceblade-sorcerer-shall-rule-the-world
148116,Bilibili TV,STREAMING,,https://www.bilibili.tv/en/media/2075232
148969,Twitter,SOCIAL,Japanese,https://twitter.com/kubosan_anime
148969,Official Site,INFO,Japanese,https://kubosan-anime.jp/
148969,HIDIVE,STREAMING,,https://www.hidive.com/tv/kubo-wont-let-me-be-invisible
148969,Bilibili TV,STREAMING,,https://www.bilibili.tv/en/media/2073746
148969,YouTube,STREAMING,,https://www.youtube.com/playlist?list=PLxSscENEp7JiX27YReyiUaX4eiTdogphh
150117,Twitter,SOCIAL,Japanese,https://twitter.com/roboco_hizanapa
150117,Official Site,INFO,Japanese,https://boku-to-roboco.com/
150117,TikTok,SOCIAL,Japanese,https://www.tiktok.com/@roboco.hizanappa
150117,Crunchyroll,STREAMING,,https://www.crunchyroll.com/series/GKEH2G031/me--roboco
150653,Twitter,SOCIAL,Japanese,https://twitter.com/itojunji_anime
150653,Official Site,INFO,Japanese,http://ji-anime.com/
150653,Netflix,STREAMING,,https://www.netflix.com/title/81295011
151040,Twitter,SOCIAL,Japanese,https://twitter.com/trigun_anime/
151040,Official Site,INFO,Japanese,https://trigun-anime.com/
151040,Crunchyroll,STREAMING,,https://www.crunchyroll.com/series/GXJHM3PK5/trigun-stampede
151040,Bilibili TV,STREAMING,,https://www.bilibili.tv/en/media/2074061
151040,YouTube,STREAMING,,https://youtube.com/playlist?list=PLxSscENEp7Jj08Pchm_nhtXEDemxfm2KW
151040,Hulu,STREAMING,,https://www.hulu.com/series/trigun-stampede-6d97e5bd-78be-4dbd-a473-0b9ba0df2564
151252,Twitter,SOCIAL,Japanese,https://twitter.com/ice_cool_anime
151252,Official Site,INFO,Japanese,https://icpc-anime.com/
151252,Crunchyroll,STREAMING,,https://www.crunchyroll.com/the-ice-guy-and-his-cool-female-colleague
151252,YouTube,STREAMING,,https://www.youtube.com/playlist?list=PLxSscENEp7JhhNTdnTNRWFCagncoZKf2t
151252,Bilibili TV,STREAMING,,https://www.bilibili.tv/media/2074301/
151252,Netflix,STREAMING,,https://www.netflix.com/title/81663961
151300,Twitter,SOCIAL,Japanese,https://twitter.com/kinmizu_movie
151300,Official Site,INFO,Japanese,https://wwws.warnerbros.co.jp/kinnokuni-mizunokuni-movie/
151679,Official Site,INFO,Japanese,https://nokemono-anime.com/
151679,Twitter,SOCIAL,Japanese,https://twitter.com/nokemono_anime
151679,Crunchyroll,STREAMING,,https://www.crunchyroll.com/series/GVDHX8QZX/the-tale-of-outcasts
151806,Crunchyroll,STREAMING,,https://www.crunchyroll.com/tomo-chan-is-a-girl
151806,Twitter,SOCIAL,English,https://twitter.com/tomochan_en
151806,Twitter,SOCIAL,Japanese,https://twitter.com/tomo_chan_ani
151806,Official Site,INFO,Japanese,https://tomo-chan.jp/
151806,Instagram,SOCIAL,English,https://www.instagram.com/tomochan_en/
151806,Netflix,STREAMING,,https://www.netflix.com/title/81680192
151896,Official Site,INFO,Japanese,https://doraeiga.com/2023/
151896,Twitter,SOCIAL,Japanese,https://twitter.com/doraemonChannel
152122,Official Site,INFO,Japanese,https://sasamiya.com/
152122,Instagram,SOCIAL,Japanese,https://www.instagram.com/sasamiya_anime/
152122,Twitter,SOCIAL,Japanese,https://twitter.com/sasamiya_anime
152122,Crunchyroll,STREAMING,,https://www.crunchyroll.com/watch/G9DUE5P8P/sasaki-and-miyano-graduation
152523,Twitter,SOCIAL,Japanese,https://twitter.com/ankokuheishi_PR
152523,Official Site,INFO,Japanese,http://ankokuheishi-anime.com/
152523,Crunchyroll,STREAMING,,https://www.crunchyroll.com/series/G79H23XWZ/chillin-in-my-30s-after-getting-fired-from-the-demon-kings-army
152523,Bilibili TV,STREAMING,,https://www.bilibili.tv/en/media/2071979
152765,Twitter,SOCIAL,Japanese,https://twitter.com/roukin8_anime
152765,Official Site,INFO,Japanese,https://roukin8-anime.com/
152765,Crunchyroll,STREAMING,,https://www.crunchyroll.com/series/G4PH0WEM2/saving-80000-gold-in-another-world-for-my-retirement
152765,Bilibili TV,STREAMING,,https://www.bilibili.tv/en/media/2073410
153629,Twitter,SOCIAL,Japanese,https://twitter.com/tenten_kakumei
153629,Official Site,INFO,Japanese,https://tenten-kakumei.com/
153629,YouTube,STREAMING,,https://youtube.com/playlist?list=PLwLSw1_eDZl39RHrWKdjZJ9hFQ6UYiDMr
153629,Bilibili TV,STREAMING,,https://www.bilibili.tv/en/media/2073540
153629,Crunchyroll,STREAMING,,https://www.crunchyroll.com/series/G5PHNM7J2/the-magical-revolution-of-the-reincarnated-princess-and-the-genius-young-lady
153629,iQ,STREAMING,,https://www.iq.com/album/24szadiebp9
153841,Official Site,INFO,Japanese,http://tsurune.com/
153841,Twitter,SOCIAL,Japanese,https://twitter.com/tsurune_anime
153841,Instagram,SOCIAL,Japanese,https://www.instagram.com/tsurune_info/
153841,HIDIVE,STREAMING,,https://www.hidive.com/season/19080
153841,iQ,STREAMING,,https://www.iq.com/album/elud8qa5ah
154785,Official Site,INFO,Japanese,https://www.lovelive-anime.jp/nijigasaki/niji4anime.php
154785,Twitter,SOCIAL,Japanese,https://twitter.com/LoveLive_staff
154785,Crunchyroll,STREAMING,,https://www.crunchyroll.com/series/GW4HM75PP/nijiyon-animation
154924,Twitter,SOCIAL,Japanese,https://twitter.com/lupin_vs_cats
154924,Official Site,INFO,Japanese,https://lupin-vs-catseye.com
154924,Amazon Prime Video,STREAMING,,https://www.amazon.com/dp/B0B8TGGKN1
154969,Twitter,SOCIAL,Japanese,https://twitter.com/project_uniteup
154969,Official Site,INFO,Japanese,https://uniteup.info/
154969,Instagram,SOCIAL,Japanese,https://www.instagram.com/project_uniteup
154969,YouTube,STREAMING,,https://www.youtube.com/playlist?list=PLwLSw1_eDZl25yJk8bF8P4CJadfJpvtkz
154969,Crunchyroll,STREAMING,,https://www.crunchyroll.com/series/GJ0H7Q5J9/uniteup
154969,YouTube,STREAMING,,https://www.youtube.com/c/UniteUpOfficialYouTubeChannel
154982,Netflix,STREAMING,,https://www.netflix.com/title/81261669
154983,Netflix,STREAMING,,https://www.netflix.com/title/80198505
155068,Official Site,INFO,Japanese,http://ssorphen-anime.com/
155068,Twitter,SOCIAL,Japanese,https://twitter.com/orphen25_tv
155068,Crunchyroll,STREAMING,,https://www.crunchyroll.com/series/GJ0H7QXDW/sorcerous-stabber-orphen
155068,Bilibili TV,STREAMING,,https://www.bilibili.tv/media/2074779/
155068,YouTube,STREAMING,,https://youtube.com/@TV-vd4hx
155068,YouTube,STREAMING,,https://www.youtube.com/playlist?list=PLxSscENEp7Jjs3vaZXiG4W5AJCxg531eM
155089,Official Site,INFO,Japanese,https://ars-giant.com/
155089,Twitter,SOCIAL,Japanese,https://twitter.com/ars_giant
155089,Bilibili TV,STREAMING,,https://www.bilibili.tv/en/media/2072378
155089,YouTube,STREAMING,,https://www.youtube.com/playlist?list=PLxSscENEp7JgKW3992kASSUWm8jNcLbfV
155089,Hoopla,STREAMING,,https://www.hoopladigital.com/television/giant-beasts-of-ars-season-1-toshiyuki-morikawa/16309460
155202,Twitter,SOCIAL,Japanese,https://twitter.com/Revenger_anime
155202,Official Site,INFO,Japanese,https://anime.shochiku.co.jp/revenger/
155202,YouTube,STREAMING,,https://www.youtube.com/channel/UCum-YmCZZfCn6KHOkrXAFwg
155202,Crunchyroll,STREAMING,,https://www.crunchyroll.com/series/G8DHV7425/revenger
155211,Official Site,INFO,Japanese,http://danmachi.com/
155211,Twitter,SOCIAL,Japanese,https://twitter.com/danmachi_anime
155211,HIDIVE,STREAMING,,https://www.hidive.com/tv/is-it-wrong-to-try-to-pick-up-girls-in-a-dungeon-iv
155211,iQ,STREAMING,,https://www.iq.com/album/g5k80bdv2t
155211,Bilibili TV,STREAMING,,https://www.bilibili.tv/media/1060924/
155211,Hulu,STREAMING,,https://www.hulu.com/series/is-it-wrong-to-try-to-pick-up-girls-in-a-dungeon-fc1b26af-bd07-4034-95e6-a494d8528069
155211,TikTok,SOCIAL,Japanese,https://www.tiktok.com/@danmachi_official
155211,Instagram,SOCIAL,Japanese,https://www.instagram.com/danmachi_official/
155211,Crunchyroll,STREAMING,,https://www.crunchyroll.com/series/G6DQN9KGR/is-it-wrong-to-try-to-pick-up-girls-in-a-dungeon
155291,Official Site,INFO,Japanese,https://www.tv-tokyo.co.jp/anime/kjfile/
155399,Official Site,INFO,Japanese,https://www.evangelion.co.jp/final_bd_dvd.html
155399,Twitter,SOCIAL,Japanese,https://twitter.com/evangelion_co
155907,Twitter,SOCIAL,Japanese,https://twitter.com/BuddyD_project
155907,Official Site,INFO,Japanese,https://buddy-animeproject.com/
155907,Crunchyroll,STREAMING,,https://www.crunchyroll.com/series/GG5H5X3DE/buddy-daddies
155907,Amazon Prime Video,STREAMING,,https://www.primevideo.com/region/fe/detail/Buddy-Daddies/0IDTHCY95ZOV51BLMULDUZ96Z3
155907,Netflix,STREAMING,,https://www.netflix.com/kr-en/title/81680129
155997,Twitter,SOCIAL,Japanese,https://twitter.com/FLAGLIA_project
155997,Official Site,INFO,Japanese,https://www.flaglia.com/animation/
156059,Twitter,SOCIAL,,https://twitter.com/hidari_movie
156059,Official Site,INFO,Japanese,http://hidari-movie.com
156059,Instagram,SOCIAL,,https://www.instagram.com/hidari_movie/
156059,YouTube,STREAMING,,https://www.youtube.com/watch?v=DpefYPLH67A
156067,Twitter,SOCIAL,Japanese,https://twitter.com/tonsuki_anime
156067,Official Site,INFO,Japanese,https://tondemoskill-anime.com/season1/
156067,Crunchyroll,STREAMING,,https://www.crunchyroll.com/series/GG5H5X3EE/campfire-cooking-in-another-world-with-my-absurd-skill
156067,YouTube,STREAMING,,https://www.youtube.com/playlist?list=PLwLSw1_eDZl2FdlHjWSXxwE26q05wv6_K
156067,Bilibili TV,STREAMING,,https://www.bilibili.tv/en/media/2072563
156067,YouTube,STREAMING,,https://www.youtube.com/playlist?list=PLpm1VVK4UL15bIEbF02xtZeiQvc8cmI6c
156067,Netflix,STREAMING,,https://www.netflix.com/title/81672787
156067,TikTok,SOCIAL,Japanese,https://www.tiktok.com/@tondemo_skill
157638,Official Site,INFO,Japanese,https://www.tv-tokyo.co.jp/anime/eiga-yokai/
157638,Twitter,SOCIAL,Japanese,https://twitter.com/TV_youkaiwatch
157693,Official Site,INFO,Japanese,https://poleprincess.jp/
157693,Twitter,SOCIAL,Japanese,https://twitter.com/polpri_staff/
157693,YouTube,STREAMING,,https://www.youtube.com/playlist?list=PLpupCyYZdd0fDwAjjFq2dH9vDTkhWrxUa
157693,TikTok,SOCIAL,Japanese,https://www.tiktok.com/@polpri_staff
157693,YouTube,STREAMING,,https://youtube.com/@polpri_staff
157693,Twitter,SOCIAL,Korean,https://twitter.com/polpri_kr
157883,Official Site,INFO,Japanese,https://www.toei-anim.co.jp/tv/hirogaru-sky_precure/
157883,Official Site,INFO,Japanese,https://www.asahi.co.jp/precure/hirogarusky/
157883,Twitter,SOCIAL,,https://twitter.com/TVanime_precure
157883,YouTube,STREAMING,,https://www.youtube.com/c/precure
157883,Instagram,SOCIAL,,https://www.instagram.com/precure_curesta/
157883,Crunchyroll,STREAMING,,https://www.crunchyroll.com/series/G0XHWM55N/soaring-sky-pretty-cure
158870,Twitter,SOCIAL,Japanese,https://twitter.com/anipoke_PR
158870,Official Site,INFO,Japanese,https://www.tv-tokyo.co.jp/anime/pocketmonster/
158870,Netflix,STREAMING,,https://www.netflix.com/title/81706101
158983,Twitter,SOCIAL,Japanese,https://twitter.com/search?q=from:@kamihiro_anime ミニアニメ&f=live
158990,Official Site,INFO,Japanese,https://ssss-movie.net/#works
158990,Twitter,SOCIAL,Japanese,https://twitter.com/SSSS_PROJECT
158991,Official Site,INFO,Japanese,https://ssss-movie.net/#works
158991,Twitter,SOCIAL,Japanese,https://twitter.com/SSSS_PROJECT
158991,Crunchyroll,STREAMING,,https://crunchyroll.com/watch/G9DU9NN8P
158997,Official Site,INFO,Japanese,https://www.conan-movie.jp/mysterytrain/
159569,Twitter,SOCIAL,Japanese,https://twitter.com/fgoproject/
159569,Official Site,INFO,Japanese,https://anime.fate-go.jp/nazomaru/
159569,YouTube,STREAMING,,https://www.youtube.com/playlist?list=PLkybqduWZGqtDqXo4rBp1M0jMfCOaS0cr
159569,Official Site,INFO,English,https://anime.fate-go.us/lostfujimaru/
159690,YouTube,STREAMING,,https://www.youtube.com/playlist?list=PL6a44z7gXp_3k4Zogq6PmP1BXNLiw-e-P
159690,Twitter,SOCIAL,Japanese,https://twitter.com/search?q=from:ankokuheishi_PR SDミニアニメ #暗黒兵士 &src=typed_query
159690,Official Site,INFO,Japanese,https://ankokuheishi-anime.com/
159726,Official Site,INFO,Japanese,https://tohoanimation.jp/10thanniversary/special/event7/
159726,YouTube,STREAMING,,https://www.youtube.com/watch?v=dYOZLqU8jBE
159727,Official Site,INFO,Japanese,https://tohoanimation.jp/10thanniversary/special/event7/
159727,YouTube,STREAMING,,https://www.youtube.com/watch?v=iy02RoMj-Ko
159728,YouTube,STREAMING,,https://www.youtube.com/watch?v=cbi0IIdC-HI
159728,Official Site,INFO,Japanese,https://tohoanimation.jp/10thanniversary/special/event7/
159730,YouTube,STREAMING,,https://youtu.be/yYAgBRO-aT8
159730,Official Site,INFO,Japanese,https://tohoanimation.jp/10thanniversary/special/event7/
159731,Official Site,INFO,Japanese,https://tohoanimation.jp/10thanniversary/special/event7/
159731,YouTube,STREAMING,,https://www.youtube.com/watch?v=5lygiL4Y3kU
160089,Official Site,INFO,Japanese,https://shinmai-renkin.com/bd/
160836,Official Site,INFO,Japanese,https://www.kyocera.co.jp/animation/tagunaku/
160836,YouTube,STREAMING,,https://www.youtube.com/watch?v=idhbT0D8zmA
160865,YouTube,STREAMING,,https://www.youtube.com/watch?v=J9DpusAZV_0
161505,YouTube,STREAMING,,https://www.youtube.com/watch?v=qdTknzp6oPg
161632,YouTube,STREAMING,,https://www.youtube.com/playlist?list=PLjv78rVJV36PUrO93Ujffr3M4FrnssJVj
161632,Official Site,INFO,Japanese,https://kuromi.sanrio.co.jp/prettyjourney/
161632,Twitter,SOCIAL,Japanese,https://twitter.com/kuromi_project/
161923,YouTube,STREAMING,,https://www.youtube.com/watch?v=HSwWYEUhIYc
161923,YouTube,STREAMING,,https://www.youtube.com/watch?v=y0QIByUz3C8
162284,Twitter,SOCIAL,Japanese,https://twitter.com/tsunlise_pr
162284,YouTube,STREAMING,,https://www.youtube.com/@dmmpictures9719/search?query=小林さんのツンデレ講座
162285,Twitter,SOCIAL,Japanese,https://twitter.com/tsunlise_pr
162716,Official Site,INFO,Japanese,https://video.dmkt-sp.jp/ti/10086653/?campaign=vtw104954
162716,Twitter,SOCIAL,Japanese,https://twitter.com/cooldoji_pr
162802,Twitter,SOCIAL,Japanese,https://twitter.com/saikyo_onmyouji
166049,YouTube,STREAMING,,https://www.youtube.com/watch?v=zhRJirH9wrc&list=PLPUGXakMkjREXbEhnVb9akrc_MImutw7q
166049,Twitter,SOCIAL,Japanese,https://twitter.com/kiyo_saiore
166060,Official Site,INFO,Japanese,https://www.ytv.co.jp/conan/archive/k20230311.html
169542,YouTube,STREAMING,,https://www.youtube.com/playlist?list=PLmLcZ2Fpc1GkxXLMW6Tv8cSSzhsfx8z-C
169910,YouTube,STREAMING,,https://www.youtube.com/@user-yx2jg4xk1i
169910,YouTube,STREAMING,,https://youtube.com/playlist?list=PLBakWosU0sfgzWkb7jz3ux9eoH334kbIf&si=eqlZVunPT_v-Y6Vf
184761,YouTube,STREAMING,,https://www.youtube.com/watch?v=LYgf-Qf3ucA
184761,YouTube,STREAMING,,https://www.youtube.com/watch?v=wDCK1D8Ivf0
186198,Official Site,INFO,Japanese,https://oshiri-tantei.com/news/2023020301.html
199796,YouTube,STREAMING,,https://www.youtube.com/playlist?list=PLnqUx0MOSlp-duM2SUls_e8WB1WIxWOZT
204544,Official Site,INFO,Japanese,https://www.web.nhk/tv/pl/series-tep-PYL2917V5V
109821,Twitter,SOCIAL,Japanese,https://twitter.com/CM_otomate/
109821,Official Site,INFO,Japanese,https://collarmalice-movie.jp/
114606,Official Site,INFO,Japanese,https://www.amrita-movie.com
114606,Twitter,SOCIAL,Japanese,https://twitter.com/ara_mushi
114606,HIDIVE,STREAMING,,https://www.hidive.com/movies/feast-of-amrita
127550,Twitter,SOCIAL,Japanese,https://twitter.com/kumabear_anime
127550,Official Site,INFO,Japanese,https://kumakumakumabear.com/
127550,Crunchyroll,STREAMING,,https://www.crunchyroll.com/series/GQWH0M990/kuma-kuma-kuma-bear
127550,YouTube,STREAMING,,https://www.youtube.com/playlist?list=PLwLSw1_eDZl0v47aPkpPwQH7D-WJOJx1L
128643,Twitter,SOCIAL,Japanese,https://twitter.com/anime_oregairu
128643,Official Site,INFO,Japanese,https://oregairu.mages.co.jp/#benefits
128715,Twitter,SOCIAL,Japanese,https://twitter.com/niehime_anime
128715,Official Site,INFO,Japanese,https://niehime-anime.com/
128715,Crunchyroll,STREAMING,,https://www.crunchyroll.com/series/G0XHWM52V/sacrificial-princess-and-the-king-of-beasts
128715,Bilibili TV,STREAMING,,https://www.bilibili.tv/en/media/2079612
128715,YouTube,STREAMING,,https://youtube.com/@niehime_anime
128893,Twitter,SOCIAL,Japanese,https://twitter.com/jplus_jigokurak
128893,Official Site,INFO,Japanese,http://www.jigokuraku.com/
128893,Instagram,SOCIAL,Japanese,https://www.instagram.com/jplus.jigokurak/
128893,Crunchyroll,STREAMING,,https://www.crunchyroll.com/series/GJ0H7Q5ZJ/hells-paradise
128893,Twitter,SOCIAL,English,https://twitter.com/HellsParadiseEN
128893,Netflix,STREAMING,,https://www.netflix.com/title/81574246
128893,TikTok,SOCIAL,Japanese,https://www.tiktok.com/@jplus_jigokurak
128893,Hulu,STREAMING,,https://www.hulu.com/series/hells-paradise-ed1bbbfa-fb32-4b9a-83b8-04a42687ae59
131518,Official Site,INFO,Japanese,https://dr-stone.jp/
131518,Twitter,SOCIAL,Japanese,https://twitter.com/stone_anime_off
131518,Instagram,SOCIAL,Japanese,https://www.instagram.com/dr.stone.anime.official
131518,Crunchyroll,STREAMING,,https://www.crunchyroll.com/series/GYEXQKJG6/dr-stone
131518,Bilibili TV,STREAMING,,https://www.bilibili.tv/en/media/2079139
131518,YouTube,STREAMING,,https://www.youtube.com/playlist?list=PLxSscENEp7JgOJnHWhu4PB9hzHwHgj228
131518,iQ,STREAMING,,https://www.iq.com/album/21wd697vqxt
131518,Netflix,STREAMING,,https://www.netflix.com/title/81046193
131518,TikTok,SOCIAL,Japanese,https://tiktok.com/@STONE_anime_off
131680,Official Site,INFO,Japanese,https://bclover-movie.jp/
131680,Twitter,SOCIAL,Japanese,https://twitter.com/bclover_PR
131680,Netflix,STREAMING,,https://www.netflix.com/title/81448990
133892,Twitter,SOCIAL,Japanese,https://twitter.com/myhero_anime
133892,Official Site,INFO,Japanese,https://stand-myheroes.com/wom
133892,Instagram,SOCIAL,Japanese,https://www.instagram.com/myhero__anime/
133892,Crunchyroll,STREAMING,,https://www.crunchyroll.com/stand-my-heroes-piece-of-truth
134131,Twitter,SOCIAL,Japanese,https://twitter.com/magical_mad
134131,Official Site,INFO,Japanese,https://magical-mad.com/
134131,Instagram,SOCIAL,Japanese,https://www.instagram.com/magical.mad/
134131,Crunchyroll,STREAMING,,https://www.crunchyroll.com/series/GZJH3D01P/magical-destroyers
134226,Twitter,SOCIAL,Japanese,https://twitter.com/tabihani_PR
134226,Official Site,INFO,Japanese,https://www.tabihani.com/
137612,Twitter,SOCIAL,Japanese,https://twitter.com/pripri_anime
137612,Official Site,INFO,Japanese,https://pripri-anime.jp/
140173,Official Site,INFO,Japanese,https://anime-rakumajo.com/
140173,Twitter,SOCIAL,Japanese,https://twitter.com/anime_rakumajo
140754,Twitter,SOCIAL,Japanese,https://twitter.com/isenido_anime
140754,Official Site,INFO,Japanese,https://isenido.com/
140754,Crunchyroll,STREAMING,,https://www.crunchyroll.com/series/G9VHN91G5/summoned-to-another-world-for-a-second-time
140754,Bilibili TV,STREAMING,,https://www.bilibili.tv/en/media/2078245
141208,Official Site,INFO,Japanese,http://tonikawa.com/
141208,Twitter,SOCIAL,Japanese,https://twitter.com/tonikawa_anime
141208,Crunchyroll,STREAMING,,https://www.crunchyroll.com/series/GRWMGGQ86/tonikawa-over-the-moon-for-you
141208,Twitter,SOCIAL,English,https://twitter.com/tonikawa_en
141208,Bilibili TV,STREAMING,,https://www.bilibili.tv/en/media/2080237
141911,Twitter,SOCIAL,Japanese,https://twitter.com/skip_and_loafer
141911,Official Site,INFO,Japanese,https://skip-and-loafer.com/1st/index.html
141911,Crunchyroll,STREAMING,,https://www.crunchyroll.com/series/G9VHN9185/skip-and-loafer
141911,Bilibili TV,STREAMING,,https://www.bilibili.tv/en/media/2079519
141911,TikTok,SOCIAL,Japanese,https://www.tiktok.com/@skip_and_loafer
141911,Instagram,SOCIAL,Japanese,https://www.instagram.com/skip_and_loafer/
143653,Twitter,SOCIAL,Japanese,https://twitter.com/kimisomu_anime
143653,Official Site,INFO,Japanese,https://kimisomu-anime.com/
143653,HIDIVE,STREAMING,,https://www.hidive.com/tv/insomniacs-after-school
143653,YouTube,STREAMING,,https://www.youtube.com/playlist?list=PLwLSw1_eDZl1fJTawowlPbOLfApiKSEOi
143653,Amazon Prime Video,STREAMING,,https://www.amazon.co.uk/Insomniacs-After-School-Season-1/dp/B0BYFCHP2B
143653,Hulu,STREAMING,,https://www.hulu.com/series/insomniacs-after-school-a625260a-4472-4239-9400-9083a88033eb
143766,Twitter,SOCIAL,Japanese,https://twitter.com/nep_anime
143766,Official Site,INFO,Japanese,http://nep-anime.tv/
144188,Official Site,INFO,Japanese,https://colopl.co.jp/alicegearaegis/lp/tv-anime/
144188,Twitter,SOCIAL,Japanese,https://twitter.com/alice_anime_nzm
144188,HIDIVE,STREAMING,,https://www.hidive.com/tv/alice-gear-aegis-expansion
144188,Bilibili TV,STREAMING,,https://www.bilibili.tv/en/media/2080092
144188,YouTube,STREAMING,,https://www.youtube.com/playlist?list=PLxSscENEp7JhOpVOCkGRkXeVLIUBgfXKx
144932,Twitter,SOCIAL,Japanese,https://twitter.com/EDENSZERO_PJ
144932,Official Site,INFO,Japanese,https://edens-zero.net/anime/
144932,Crunchyroll,STREAMING,,https://www.crunchyroll.com/series/G79H23XJJ/edens-zero
144932,YouTube,STREAMING,,https://www.youtube.com/@edenszero8904
144932,Amazon Prime Video,STREAMING,,https://www.amazon.com/dp/B0B6DY79JY/
145139,Twitter,SOCIAL,Japanese,https://twitter.com/kimetsu_off
145139,Official Site,INFO,Japanese,https://kimetsu.com/anime/katanakajinosatohen/
145139,Twitter,SOCIAL,English,https://twitter.com/DemonSlayerUSA
145139,Twitter,SOCIAL,French,https://twitter.com/kimetsu_fr
145139,Crunchyroll,STREAMING,,https://www.crunchyroll.com/series/GY5P48XEY/demon-slayer-kimetsu-no-yaiba
145139,iQ,STREAMING,,https://www.iq.com/album/2e0tbmdwxqp
145139,Bilibili TV,STREAMING,,https://www.bilibili.tv/media/2079053/
145139,Netflix,STREAMING,,https://www.netflix.com/title/81091393
145139,Hulu,STREAMING,,https://www.hulu.com/series/demon-slayer-kimetsu-no-yaiba-swordsmith-village-arc-a92c9b0f-1aa2-42f4-9b73-29d0d51e27ba
146234,Crunchyroll,STREAMING,,https://www.crunchyroll.com/series/G5PHNM717/my-one-hit-kill-sister
146234,Twitter,SOCIAL,Japanese,https://twitter.com/onekillsister
146234,Official Site,INFO,Japanese,https://onekillsister.com/
146234,YouTube,STREAMING,,https://youtube.com/@TV-we1nd
146678,Twitter,SOCIAL,Japanese,https://twitter.com/opus_colors
146678,Official Site,INFO,Japanese,https://www.opus-colors.com/
146678,Crunchyroll,STREAMING,,https://www.crunchyroll.com/series/GVDHX8Q91/opuscolors
146975,Official Site,INFO,Japanese,https://cinderella-u149-anime.idolmaster-official.jp/
146975,Twitter,SOCIAL,Japanese,https://twitter.com/u149_anime
146975,Crunchyroll,STREAMING,,https://www.crunchyroll.com/series/GZJH3D0EP/the-idolmster-cinderella-girls-u149
147369,Twitter,SOCIAL,Japanese,https://twitter.com/aooke_anime
147369,Official Site,INFO,Japanese,https://aooke-anime.com/
147369,YouTube,STREAMING,,https://youtube.com/@aooke-anime
147571,Official Site,INFO,Japanese,http://isesuma-anime.jp/
147571,Twitter,SOCIAL,Japanese,https://twitter.com/isesumaofficial
147571,YouTube,STREAMING,,https://www.youtube.com/playlist?list=PLxSscENEp7JjBKiITGODjhqylQCpVmWgV
147571,Crunchyroll,STREAMING,,https://www.crunchyroll.com/series/GYQ4ZWV46/in-another-world-with-my-smartphone
147571,Bilibili TV,STREAMING,,https://www.bilibili.tv/en/media/2078444
147571,YouTube,STREAMING,,https://youtube.com/@tvanimeofficial4793
147571,Netflix,STREAMING,,https://www.netflix.com/in/title/80196595
147729,Official Site,INFO,Japanese,https://anime.heros-ultraman.com/
147729,Twitter,SOCIAL,Japanese,https://twitter.com/heros_ultraman
147729,Netflix,STREAMING,,https://www.netflix.com/title/80231373
148048,Twitter,SOCIAL,Japanese,https://twitter.com/kamikatsu_anime
148048,Official Site,INFO,Japanese,https://kamikatsu-anime.jp/
148048,Crunchyroll,STREAMING,,https://www.crunchyroll.com/series/GNVHKNP4J/kamikatsu-working-for-god-in-a-godless-world
148048,Bilibili TV,STREAMING,,https://www.bilibili.tv/en/media/2078321
148098,Official Site,INFO,Japanese,https://otonari-anime.com/
148098,Twitter,SOCIAL,Japanese,https://twitter.com/otonariniginga
148098,Crunchyroll,STREAMING,,https://www.crunchyroll.com/series/GXJHM3PZW/a-galaxy-next-door
148098,YouTube,STREAMING,,https://www.youtube.com/playlist?list=PLxSscENEp7Jg3i4JfyhDkbbCApEL8MMif
148098,Bilibili TV,STREAMING,,https://www.bilibili.tv/en/media/2079737
148109,Official Site,INFO,Japanese,https://heroisdead.com/
148109,Twitter,SOCIAL,Japanese,https://twitter.com/yuusyagasinda
148109,Crunchyroll,STREAMING,,https://www.crunchyroll.com/series/G3KHEV09J/the-legendary-hero-is-dead
148109,Bilibili TV,STREAMING,,https://www.bilibili.tv/en/media/2078586
148109,YouTube,STREAMING,,https://www.youtube.com/playlist?list=PLwLSw1_eDZl3ZAdJvmFgtV9Zmyjbbwzw3
148109,iQ,STREAMING,,https://www.iq.com/album/18481af6xrt
148149,Official Site,INFO,Japanese,https://2023.sailormoon-movie.jp/
148149,Twitter,SOCIAL,Japanese,https://twitter.com/sailor_movie
148149,TikTok,SOCIAL,Japanese,https://www.tiktok.com/@sailor_movie
148149,Instagram,SOCIAL,Japanese,https://www.instagram.com/sailormoon30th_/
148149,Netflix,STREAMING,,https://www.netflix.com/title/81732000
148370,Official Site,INFO,Japanese,https://umamusume.jp/anime/roadtothetop/
148370,Twitter,SOCIAL,Japanese,https://twitter.com/uma_musu_anime
148370,YouTube,STREAMING,,https://www.youtube.com/playlist?list=PLzFNGS7Rcf-PZC8MfcTJX7srArpLdvyfb
149028,Twitter,SOCIAL,Japanese,https://twitter.com/watayuri_anime
149028,Official Site,INFO,Japanese,https://watayuri-anime.com/
149028,Crunchyroll,STREAMING,,https://www.crunchyroll.com/series/GMEHME8VE/yuri-is-my-job
149028,Bilibili TV,STREAMING,,https://www.bilibili.tv/en/media/2080597
150075,Twitter,SOCIAL,Japanese,https://twitter.com/konosubaanime/
150075,Official Site,INFO,Japanese,http://konosuba.com/bakuen/
150075,Bilibili TV,STREAMING,,https://www.bilibili.tv/en/media/2078782
150075,YouTube,STREAMING,,https://www.youtube.com/playlist?list=PLxSscENEp7JjMsIf4xqkBMZKgb8I5Ojxs
150075,Crunchyroll,STREAMING,,https://www.crunchyroll.com/series/GJ0H7Q5V7/konosuba--an-explosion-on-this-wonderful-world
150075,iQ,STREAMING,,https://www.iq.com/album/qdnfd9r8u1
150075,Amazon Prime Video,STREAMING,,https://www.primevideo.com/detail/Konosuba-An-Explosion-on-This-Wonderful-World/0P4D4ZNQ80MEOJE218WQCPONNU
150075,Netflix,STREAMING,,https://www.netflix.com/title/81684552
150672,Twitter,SOCIAL,Japanese,https://twitter.com/anime_oshinoko
150672,Official Site,INFO,Japanese,https://ichigoproduction.com/Season1/
150672,HIDIVE,STREAMING,,https://www.hidive.com/tv/oshi-no-ko
150672,Twitter,SOCIAL,English,https://twitter.com/oshinoko_global
150672,YouTube,STREAMING,,https://www.youtube.com/playlist?list=PLxSscENEp7Jhas5i3D5PMB2HNS6Z6HJF2
150672,Bilibili TV,STREAMING,,https://www.bilibili.tv/en/media/2080019
150672,YouTube,STREAMING,,https://www.youtube.com/@anime_oshinoko
150672,iQ,STREAMING,,https://www.iq.com/album/1jvbmah70pd
150672,Netflix,STREAMING,,https://www.netflix.com/title/81684733
150672,Hulu,STREAMING,,https://www.hulu.com/series/oshi-no-ko-9f96dac7-a7cf-4546-87a5-069cb101f174
150672,Crunchyroll,STREAMING,,https://www.crunchyroll.com/series/GT00366791/oshi-no-ko
150672,Disney Plus,STREAMING,,https://www.disneyplus.com/browse/entity-9f96dac7-a7cf-4546-87a5-069cb101f174?season=782c38b7-ad71-48fc-87e4-e6b9ad7f13e4
150957,Official Site,INFO,Japanese,https://edomae-elf.com/
150957,Twitter,SOCIAL,Japanese,https://twitter.com/edomae_elf
150957,HIDIVE,STREAMING,,https://www.hidive.com/tv/otaku-elf
150957,Bilibili TV,STREAMING,,https://www.bilibili.tv/en/media/2080367
150957,YouTube,STREAMING,,https://www.youtube.com/playlist?list=PLxSscENEp7Jjk5Txg_4MhFPNDx8hdQiS-
151189,Twitter,SOCIAL,Japanese,https://twitter.com/myhomehero_pr
151189,Official Site,INFO,Japanese,https://myhomehero-anime.com/
151189,Crunchyroll,STREAMING,,https://www.crunchyroll.com/series/GG5H5X389/my-home-hero
151189,Bilibili TV,STREAMING,,https://www.bilibili.tv/en/media/2081760
151189,YouTube,STREAMING,,https://www.youtube.com/playlist?list=PLxSscENEp7Jgrs9B0sIbeAydZ-IaNhcvh
151384,Twitter,SOCIAL,Japanese,https://twitter.com/anime_kaguya
151384,Official Site,INFO,Japanese,https://kaguya.love/
151384,Official Site,INFO,English,https://kaguyasama-anime.com/
151384,Crunchyroll,STREAMING,,https://www.crunchyroll.com/series/GRJ0J828Y/kaguya-sama-love-is-war
151384,Bilibili TV,STREAMING,,https://www.bilibili.tv/en/media/2079394
151384,Facebook,SOCIAL,English,https://www.facebook.com/kaguyasama.anime
151606,Official Site,INFO,Japanese,https://birdie-wing.net/
151606,Twitter,SOCIAL,Japanese,https://twitter.com/birdiewing_golf
151606,Crunchyroll,STREAMING,,https://www.crunchyroll.com/series/GNVHKN714/birdie-wing--golf-girls-story-
151606,YouTube,STREAMING,,https://www.youtube.com/playlist?list=PLxSscENEp7Jj20cgTjpBvhYVT_uWtVQrL
151801,Official Site,INFO,Japanese,https://mashle.pw/
151801,Twitter,SOCIAL,Japanese,https://twitter.com/mashle_official
151801,Crunchyroll,STREAMING,,https://www.crunchyroll.com/series/GDKHZEP8W/mashle-magic-and-muscles
151801,Bilibili TV,STREAMING,,https://www.bilibili.tv/media/2081843/
151801,Twitter,SOCIAL,English,https://twitter.com/MashleAnimeENG
151801,Official Site,INFO,English,https://mashleanime.com/
151801,Netflix,STREAMING,,https://www.netflix.com/browse?jbv=81685164
151801,Hulu,STREAMING,,https://www.hulu.com/series/588f6e4a-42f1-48dd-931a-605ae4eec3e4
151847,Twitter,SOCIAL,Japanese,https://twitter.com/koshakutei
151847,Official Site,INFO,Japanese,https://koshakutei.com/
151847,Crunchyroll,STREAMING,,https://www.crunchyroll.com/series/GVDHX8Q71/why-raeliana-ended-up-at-the-dukes-mansion
151847,Bilibili TV,STREAMING,,https://www.bilibili.tv/en/media/2078917
151847,Netflix,STREAMING,,https://www.netflix.com/title/81684407
153152,Twitter,SOCIAL,Japanese,https://twitter.com/bokuyaba_anime
153152,Official Site,INFO,Japanese,https://bokuyaba-anime.com/
153152,HIDIVE,STREAMING,,https://www.hidive.com/tv/the-dangers-in-my-heart
153152,Bilibili TV,STREAMING,,https://www.bilibili.tv/en/media/2079923
153152,YouTube,STREAMING,,https://youtube.com/playlist?list=PLC18xlbCdwtRQc8zDrcFDhxm25PsThPU_&si=kSnDr_5aUda3VkUx
153152,Official Site,INFO,French,https://animationdigitalnetwork.fr/video/the-dangers-in-my-heart
153152,Amazon Prime Video,STREAMING,,https://www.primevideo.com/-/fr/detail/The-Dangers-in-My-Heart/0I7PI8QRRPOOJBDJAAF5YPMG5F
153152,Netflix,STREAMING,,https://www.netflix.com/title/81788312
153152,Hulu,STREAMING,,https://www.hulu.com/series/the-dangers-in-my-heart-3b5bdff1-01cb-499d-a250-9158240a9e2b
153152,TikTok,SOCIAL,Japanese,https://www.tiktok.com/@bokuyaba_anime
153332,Twitter,SOCIAL,Japanese,https://twitter.com/tenseikizoku
153332,Official Site,INFO,Japanese,https://www.tensei-kizoku.jp/
153332,Crunchyroll,STREAMING,,https://www.crunchyroll.com/series/GVDHX8QK5/the-aristocrats-otherworldly-adventure-serving-gods-who-go-too-far
153332,Bilibili TV,STREAMING,,https://www.bilibili.tv/en/media/2078683
153332,Netflix,STREAMING,,https://www.netflix.com/title/81768275
153344,Official Site,INFO,Japanese,https://www.ytv.co.jp/mix/
153344,Twitter,SOCIAL,Japanese,https://twitter.com/mix_ytvanime
153344,TikTok,SOCIAL,Japanese,https://www.tiktok.com/@mix_ytvanime
153344,Crunchyroll,STREAMING,,https://www.crunchyroll.com/series/GY9VK9PWR/mix
153452,Official Site,INFO,Japanese,https://osama-ranking-treasurechest.com/
153452,Twitter,SOCIAL,Japanese,https://twitter.com/osama_ranking
153452,Crunchyroll,STREAMING,,https://www.crunchyroll.com/series/G79H23W70/ranking-of-kings
153452,Bilibili TV,STREAMING,,https://www.bilibili.tv/en/media/2079301
153452,iQ,STREAMING,,https://www.iq.com/album/jlv4yvu345
153452,Netflix,STREAMING,,https://www.netflix.com/title/81644043
153687,Twitter,SOCIAL,Japanese,https://twitter.com/psychopass_tv
153687,Official Site,INFO,Japanese,https://psycho-pass.com/
153687,Crunchyroll,STREAMING,,https://www.crunchyroll.com/series/G24H1NWPJ/psycho-pass-providence
153845,Twitter,SOCIAL,Japanese,https://twitter.com/iseleve_anime
153845,Official Site,INFO,Japanese,https://www.iseleve.com
153845,Crunchyroll,STREAMING,,https://www.crunchyroll.com/series/GEXH3W49E/i-got-a-cheat-skill-in-another-world-and-became-unrivaled-in-the-real-world-too
153845,Bilibili TV,STREAMING,,https://www.bilibili.tv/en/media/2078533
153845,YouTube,STREAMING,,https://www.youtube.com/playlist?list=PLwLSw1_eDZl3NIzWVo6NiXcorugfvyvVg
153845,Netflix,STREAMING,,https://www.netflix.com/id-en/title/81681485
154364,Official Site,INFO,Japanese,https://mahoyome.jp/
154364,Twitter,SOCIAL,Japanese,https://twitter.com/mahoyomeproject
154364,Instagram,SOCIAL,Japanese,https://www.instagram.com/mahoyomeproject/
154364,Crunchyroll,STREAMING,,https://www.crunchyroll.com/series/GRZXQJJ8Y/the-ancient-magus-bride
154364,Bilibili TV,STREAMING,,https://www.bilibili.tv/en/media/2078851
154412,Twitter,SOCIAL,Japanese,https://twitter.com/goddess_cafe_PR
154412,Official Site,INFO,Japanese,https://1st.goddess-cafe.com/
154412,Crunchyroll,STREAMING,,https://www.crunchyroll.com/series/GQWH0MPQ7/the-caf-terrace-and-its-goddesses
154876,Official Site,INFO,Japanese,https://tokyo-mew-mew.com/
154876,Twitter,SOCIAL,Japanese,https://twitter.com/mew_mew_new
154876,HIDIVE,STREAMING,,https://www.hidive.com/tv/tokyo-mew-mew-new/season-2
154876,Bilibili TV,STREAMING,,https://www.bilibili.tv/en/media/1059383
154876,YouTube,STREAMING,,https://youtube.com/@tokyomewmew
154965,Twitter,SOCIAL,Japanese,https://twitter.com/yamada999_anime
154965,Official Site,INFO,Japanese,https://yamadalv999-anime.com/
154965,Instagram,SOCIAL,Japanese,https://www.instagram.com/yamadalv999_official/
154965,TikTok,SOCIAL,Japanese,https://www.tiktok.com/@yamada_999
154965,Crunchyroll,STREAMING,,https://www.crunchyroll.com/series/GNVHKNPQ7/my-love-story-with-yamada-kun-at-lv999
154965,Bilibili TV,STREAMING,,https://www.bilibili.tv/en/media/2079843
154965,Netflix,STREAMING,,https://www.netflix.com/title/81685150
154967,Twitter,SOCIAL,Japanese,https://twitter.com/aobuta_anime
154967,Official Site,INFO,Japanese,https://ao-buta.com/odekake/
154967,Official Site,INFO,English,https://rascaldoesnotdream.com/sister/
154967,Netflix,STREAMING,,https://www.netflix.com/title/81765074
154967,Crunchyroll,STREAMING,,https://www.crunchyroll.com/watch/G0DUMXDPZ/rascal-does-not-dream-of-a-sister-venturing-out
154967,Facebook,SOCIAL,English,https://www.facebook.com/rascaldoesnotdream
154967,Instagram,SOCIAL,English,https://www.instagram.com/rascalseries/
154967,TikTok,SOCIAL,Japanese,https://www.tiktok.com/@aobuta_official
154967,Twitter,SOCIAL,English,https://x.com/rascalseries/
155070,Official Site,INFO,Japanese,https://kawaisugi.com/
155070,Twitter,SOCIAL,Japanese,https://twitter.com/kawaisugicrisis
155070,HIDIVE,STREAMING,,https://www.hidive.com/tv/too-cute-crisis
155070,Bilibili TV,STREAMING,,https://www.bilibili.tv/en/media/2080459
155158,Official Site,INFO,Japanese,https://g-witch.net/
155158,Twitter,SOCIAL,Japanese,https://twitter.com/g_witch_m
155158,Crunchyroll,STREAMING,,https://www.crunchyroll.com/series/G79H2307W/mobile-suit-gundam-the-witch-from-mercury
155158,YouTube,STREAMING,,https://www.youtube.com/playlist?list=PLxSscENEp7JgY8RwCgV5CVcJGjCjkLkti
155158,Netflix,STREAMING,,https://www.netflix.com/title/81643097
155158,iQ,STREAMING,,https://www.iq.com/album/1r5bgxhaxqd
155158,YouTube,STREAMING,,https://youtube.com/playlist?list=PLJV1h9xQ7Hx_jXtO1GrrS0to_ojc672HG
155783,Official Site,INFO,Japanese,https://tdm-anime.com/
155783,Twitter,SOCIAL,Japanese,https://twitter.com/tdm_anime
155783,Disney Plus,STREAMING,,https://www.disneyplus.com/series/tengoku-daimakyo/7hd7j6bmGOTg
155783,Star+,STREAMING,,https://www.starplus.com/series/tengoku-daimakyo-ilusao-celestial/7hd7j6bmGOTg
155783,Hulu,STREAMING,,https://www.hulu.com/series/tengoku-daimakyo-c0bba144-1fa6-4ee5-affc-1029c77cfb71
155783,Hulu,STREAMING,,https://www.hulu.com/series/d787e46a-dbb2-4f03-9d11-3680517ad451
156841,Twitter,SOCIAL,Japanese,https://twitter.com/conan_movie/
156841,Official Site,INFO,Japanese,https://www.conan-movie.jp/
156841,Instagram,SOCIAL,Japanese,https://www.instagram.com/conan.official/
156841,Netflix,STREAMING,,http://netflix.com/DetectiveConanMovies
156854,Official Site,INFO,Japanese,https://marginalservice.com/
156854,Twitter,SOCIAL,Japanese,https://twitter.com/marginalservice
156854,Instagram,SOCIAL,Japanese,https://www.instagram.com/marginalservice/
156854,Crunchyroll,STREAMING,,https://www.crunchyroll.com/series/G8DHV741D/the-marginal-service
156896,Official Site,INFO,Japanese,http://kizunanoallele.com/
156896,Twitter,SOCIAL,Japanese,https://twitter.com/kizunanoallele
156896,Crunchyroll,STREAMING,,https://www.crunchyroll.com/series/G0XHWM577/kizuna-no-allele
156896,YouTube,STREAMING,,https://youtube.com/playlist?list=PLovE6_wEJTkRytqOSoXPkzZpBypPY_bEM&si=5QeztAKGME3ft9wa
157198,Twitter,SOCIAL,Japanese,https://twitter.com/dmdp_anime
157198,Official Site,INFO,Japanese,https://dmdp-anime.jp/
157198,Crunchyroll,STREAMING,,https://www.crunchyroll.com/series/G3KHEV04J/dead-mount-death-play
157198,Bilibili TV,STREAMING,,https://www.bilibili.tv/en/media/2079244
157198,YouTube,STREAMING,,https://youtube.com/playlist?list=PLxSscENEp7JiRY-B9_WFmAsqQzJvtBhQd
157198,Netflix,STREAMING,,https://www.netflix.com/title/81686706
157295,Twitter,SOCIAL,Japanese,https://twitter.com/guiguikuru_pr
157295,Official Site,INFO,Japanese,https://guiguikuru.com/
157295,Crunchyroll,STREAMING,,https://www.crunchyroll.com/series/GMEHME8K8/my-clueless-first-friend
157295,YouTube,STREAMING,,https://youtube.com/@guiguikuru
157654,Twitter,SOCIAL,Japanese,https://twitter.com/LoveLive_staff
157654,Official Site,INFO,Japanese,https://www.lovelive-anime.jp/nijigasaki/nextsky/
157654,Crunchyroll,STREAMING,,https://www.crunchyroll.com/watch/GQJUGVKGP/next-sky
157765,Official Site,INFO,Japanese,https://world-dai-star.com/anime
157765,Twitter,SOCIAL,Japanese,https://twitter.com/world_dai_star
157765,Crunchyroll,STREAMING,,https://www.crunchyroll.com/series/GMEHME8PE/stella-of-the-theater-world-dai-star
158640,Twitter,SOCIAL,Japanese,https://twitter.com/sakuretsuamabie
158640,Official Site,INFO,Japanese,https://canonrecordings.com/sakuretsuamabie/
158640,YouTube,STREAMING,,https://www.youtube.com/@sakuretsuamabie
158640,YouTube,STREAMING,,https://www.youtube.com/watch?v=Zk6FsUFCOnw&list=PLJPFCy6gM-olH4ixUr10DDVKhuiygyA45
158871,Official Site,INFO,Japanese,https://www.tv-tokyo.co.jp/anime/pocketmonster2023/
158871,Twitter,SOCIAL,Japanese,https://twitter.com/anipoke_PR/
158871,Netflix,STREAMING,,https://www.netflix.com/title/81696980
159560,Official Site,INFO,Japanese,https://www.toei-anim.co.jp/tv/tosochu_gm/
159560,Twitter,SOCIAL,Japanese,https://twitter.com/tosochu_gm
159560,Bilibili TV,STREAMING,,https://www.bilibili.tv/en/media/2081692
159807,Official Site,INFO,Japanese,https://inuhiro-anime.com/
159807,Twitter,SOCIAL,Japanese,https://twitter.com/inuninattara
159807,HIDIVE,STREAMING,,https://www.hidive.com/tv/my-life-as-inukai-sans-dog
159839,Official Site,INFO,Japanese,https://www.lovelive-anime.jp/nijigasaki/bd_n4.php
159839,Twitter,SOCIAL,Japanese,https://twitter.com/LoveLive_staff
159839,Crunchyroll,STREAMING,,https://www.crunchyroll.com/series/GW4HM75PP/nijiyon-animation
160088,Official Site,INFO,Japanese,https://yoruneko-pr.com/
160088,Twitter,SOCIAL,Japanese,https://twitter.com/yoruneko_PR
160088,YouTube,STREAMING,,https://www.youtube.com/playlist?list=PL21PGVTtHmxgpTZwSrn-1QMUcbaJdnxZM
160173,Official Site,INFO,Japanese,https://gunmachan-official.jp/animation/
160173,Twitter,SOCIAL,Japanese,https://twitter.com/gunmachan_info
160173,Crunchyroll,STREAMING,,https://www.crunchyroll.com/series/GDKHZEPP3/gunma-chan
160442,Official Site,INFO,Japanese,https://www.rokudo-akujo.com/
160442,Twitter,SOCIAL,Japanese,https://twitter.com/AkujoRokudo
160442,Crunchyroll,STREAMING,,https://www.crunchyroll.com/series/GW4HM75QW/rokudos-bad-girls
160442,YouTube,STREAMING,,https://youtube.com/@rokudo_akujo
160442,YouTube,STREAMING,,https://www.youtube.com/playlist?list=PLwLSw1_eDZl1ko2ZtycDHdgIovdrzT1QX
160829,Twitter,SOCIAL,Japanese,https://twitter.com/enstars_anime
160829,Official Site,INFO,Japanese,https://ensemble-stars.jp/anime/element/
160829,YouTube,STREAMING,,https://www.youtube.com/playlist?list=PL5wEQ3YUNbnBHtrbn-gLh2YM95QM0Un6u
161440,Twitter,SOCIAL,Japanese,https://twitter.com/iD7_film_btp
161440,Official Site,INFO,Japanese,https://idolish7.com/film-btp/
161440,Crunchyroll,STREAMING,,https://www.crunchyroll.com/watch/GQJUGV24G/day-1
162312,Twitter,SOCIAL,Japanese,https://twitter.com/chibigodzi/
162312,Official Site,INFO,Japanese,https://godzilla.store/chibigodzilla/
162312,TikTok,SOCIAL,Japanese,https://www.tiktok.com/@chibigodzi
162312,YouTube,STREAMING,,https://www.youtube.com/playlist?list=PLg0UgpeODbGH2QnvnptwCJMrwFtZ5Mdwb
162717,YouTube,STREAMING,,https://www.youtube.com/playlist?list=PLt1RFRlgRnroTMyLN9XCNDxlrKS9V_X2c
162717,Official Site,INFO,Japanese,https://youtunya.com/
162717,TikTok,SOCIAL,Japanese,https://www.tiktok.com/@youtunya
162717,Twitter,SOCIAL,Japanese,https://twitter.com/youtunya
162717,Instagram,SOCIAL,Japanese,https://www.instagram.com/youtunya/
162840,Official Site,INFO,Japanese,https://bosanimal.com/anime/
162840,Twitter,SOCIAL,Japanese,https://twitter.com/bosa_sanrio
162840,YouTube,STREAMING,,https://www.youtube.com/playlist?list=PLFNUyl__hoIivROXI-GSXs5sb3MPA3gnG
162993,Official Site,INFO,Japanese,https://eternalboys.jp/nextstage/index.html
162993,Twitter,SOCIAL,Japanese,https://twitter.com/eternalboys
163137,Netflix,STREAMING,,https://www.netflix.com/title/81464005
163138,Netflix,STREAMING,,https://www.netflix.com/title/81186862
163256,Official Site,INFO,Japanese,https://www.shopro.co.jp/tv/duelmasters/
163256,Twitter,SOCIAL,Japanese,https://twitter.com/duema_anime
163417,Crunchyroll,STREAMING,,https://www.crunchyroll.com/series/GJ0H7QXDW/sorcerous-stabber-orphen
163417,Official Site,INFO,Japanese,http://ssorphen-anime.com/
163417,Twitter,SOCIAL,Japanese,https://twitter.com/orphen25_tv
163417,YouTube,STREAMING,,https://www.youtube.com/@TV-vd4hx
163417,YouTube,STREAMING,,https://www.youtube.com/playlist?list=PLxSscENEp7JhKvixs2_IM5RKHHyDMGjRq
163619,YouTube,STREAMING,,https://www.youtube.com/@pokemonkidstv/videos
163619,YouTube,STREAMING,,https://www.youtube.com/playlist?list=PLBE2D9BnJJUrnBSGGExjpQZNvZZia4dQ6
163943,Twitter,SOCIAL,Japanese,https://twitter.com/search?q=終末のミニアニメ (from:@ragnarok_PR)&src=typed_query&f=video
163943,YouTube,STREAMING,,https://www.youtube.com/channel/UCcjqSFXBg2cGQg5r0YooMiA/search?query=終末のワルキューレ ミニアニメ
164441,Official Site,INFO,Japanese,https://anime-mamekichimameko.jp/
164441,Instagram,SOCIAL,Japanese,https://www.instagram.com/mamekichimameko_anime
164441,Twitter,SOCIAL,Japanese,https://twitter.com/mameko_anime
164441,YouTube,STREAMING,,https://www.youtube.com/playlist?list=PLipXal3ZZgwSTehBee1umRxK59MgLRxUL
164538,Official Site,INFO,Japanese,https://kumakumakumabear.com/special/movie.html
164538,Twitter,SOCIAL,Japanese,https://twitter.com/kumabear_anime
165056,YouTube,STREAMING,,https://youtu.be/GUlTTqc4peM
165056,YouTube,STREAMING,,https://youtu.be/ptcKXNyf8IY
165647,YouTube,STREAMING,,https://www.youtube.com/playlist?list=PLmLcZ2Fpc1GnSWw6eDtiLyVbzlrM2gVUW
165647,Twitter,SOCIAL,Japanese,https://twitter.com/futabashaBL
165749,Crunchyroll,STREAMING,,https://www.crunchyroll.com/tenchi-muyo-gxp-paradise-starting
165749,Official Site,INFO,Japanese,https://kinematics.jp/tenchi-gxp/
165749,Twitter,SOCIAL,Japanese,https://twitter.com/tenchi4th
166050,Twitter,SOCIAL,Japanese,https://uwanpic.com/iyapan/
166050,Official Site,INFO,Japanese,https://fanbeats.jp/709131344
166052,Twitter,SOCIAL,,https://twitter.com/otakuchanzu
166052,YouTube,STREAMING,,https://www.youtube.com/@otakuchanzu
166052,Official Site,INFO,,https://www.fami-geki.com/otakuchanzu/
166052,TikTok,SOCIAL,Japanese,https://www.tiktok.com/@otakuchanzukoushiki
166381,YouTube,STREAMING,,https://www.youtube.com/watch?v=b2n925jz8qk
166381,YouTube,STREAMING,,https://www.youtube.com/watch?v=sE7aNGyibUw
168001,Official Site,INFO,Japanese,https://www.takaratomy.co.jp/products/tomica/sp/vehiclezoo/
168555,Official Site,INFO,Japanese,https://www.takaratomy.co.jp/products/ania/aniakingdom/
168555,YouTube,STREAMING,,https://www.youtube.com/playlist?list=PLf6_TnbbWsrmNKRgbcdHDHHCBri11ORWI
168555,YouTube,STREAMING,,https://www.youtube.com/playlist?list=PLhWipIfRhqz34m0ZbRs52MO2ML8mKoOcw
169097,YouTube,STREAMING,,https://www.youtube.com/@mendakonomenmen
169516,Official Site,INFO,Japanese,https://shinkanomi-anime.com/blu-ray/
170087,Twitter,SOCIAL,,https://twitter.com/iD7_film_btp
170087,Official Site,INFO,,https://idolish7.com/film-btp/
170087,Crunchyroll,STREAMING,,https://www.crunchyroll.com/watch/G50UZX5JM/day-2
171728,Official Site,INFO,English,https://yoihi-project.com/english/yoihi-feature-film/
179760,Twitter,SOCIAL,Japanese,https://x.com/synapusyu_movie
179760,YouTube,STREAMING,,https://www.youtube.com/playlist?list=PLxf8d2Qx6WtbMTz2C5q8GNDW1TI3r1zDM
179760,Official Site,INFO,Japanese,https://www.tv-tokyo.co.jp/synapusyu_movie/
179760,Instagram,SOCIAL,Japanese,https://www.instagram.com/synapusyu/
179760,TikTok,SOCIAL,Japanese,https://www.tiktok.com/@synapusyu_official
179871,Official Site,INFO,Japanese,https://www.oshiri-tantei.com/
181863,Twitter,SOCIAL,Japanese,https://twitter.com/DenDen_Denno
181863,Official Site,INFO,Japanese,https://hicbc.com/tv/denden/
181863,YouTube,STREAMING,,https://www.youtube.com/@DenDenTrain
213634,Official Site,INFO,Japanese,https://columbia.jp/nontan/dvd.html
109979,Official Site,INFO,English,https://gkids.com/films/the-boy-and-the-heron/
109979,Netflix,STREAMING,,https://www.netflix.com/title/81725555
109979,Max,STREAMING,,https://play.max.com/movie/a654e7de-e954-411e-8304-73b5060e6dcc
131863,Official Site,INFO,Japanese,https://liar-liar-anime.com/
131863,Twitter,SOCIAL,Japanese,https://twitter.com/liar2_official
131863,YouTube,STREAMING,,https://youtube.com/@liar-liar_official
131863,Crunchyroll,STREAMING,,https://www.crunchyroll.com/series/GXJHM3G34/liar-liar
131863,YouTube,STREAMING,,https://www.youtube.com/playlist?list=PLxSscENEp7JjkPdp_FsLuBLF3bhThKUWd
131863,Bilibili TV,STREAMING,,https://www.bilibili.tv/en/media/2084824
135178,Twitter,SOCIAL,Japanese,https://twitter.com/osomatsu_PR
135178,Official Site,INFO,Japanese,https://osomatsusan.com/tamaden/
136149,Official Site,INFO,Japanese,https://maboroshi.movie/
136149,Twitter,SOCIAL,Japanese,https://twitter.com/maboroshi_2023
136149,Instagram,SOCIAL,Japanese,https://instagram.com/maboroshi_2023
136149,Netflix,STREAMING,,https://www.netflix.com/title/81450803
139435,Twitter,SOCIAL,Japanese,https://twitter.com/bocchan_anime
139435,Official Site,INFO,Japanese,https://bocchan-anime.com/
139435,Bilibili TV,STREAMING,,https://www.bilibili.tv/en/media/2086833
139435,Crunchyroll,STREAMING,,https://www.crunchyroll.com/series/G79H23V0G/the-duke-of-death-and-his-maid
139435,TikTok,SOCIAL,Japanese,https://www.tiktok.com/@bocchan_anime
139606,Official Site,INFO,Japanese,https://eiyukyoushitsu-anime.com/
139606,Twitter,SOCIAL,Japanese,https://twitter.com/eiyu_anime
139606,Crunchyroll,STREAMING,,https://www.crunchyroll.com/series/GNVHKN9N3/classroom-for-heroes
139606,Bilibili TV,STREAMING,,https://www.bilibili.tv/en/media/2083785
142598,Official Site,INFO,Japanese,https://nanatsuma-pr.com/
142598,Twitter,SOCIAL,Japanese,https://twitter.com/nanatsuma_pr
142598,Crunchyroll,STREAMING,,https://www.crunchyroll.com/series/GEXH3W2Z7/reign-of-the-seven-spellblades
142598,Bilibili TV,STREAMING,,https://www.bilibili.tv/en/media/2083663
142877,Official Site,INFO,Japanese,https://rurouni-kenshin.com/
142877,Twitter,SOCIAL,Japanese,https://twitter.com/ruroken_anime/
142877,Crunchyroll,STREAMING,,https://www.crunchyroll.com/series/G0XHWM1NK/rurouni-kenshin
142877,Twitter,SOCIAL,English,https://x.com/rurounikenshin
142877,Netflix,STREAMING,,https://www.netflix.com/title/81705252
142877,Hulu,STREAMING,,https://www.hulu.com/series/rurouni-kenshin-15531e2a-dffe-4583-bb58-7b853abfddd8
145064,Official Site,INFO,Japanese,https://jujutsukaisen.jp/
145064,Twitter,SOCIAL,Japanese,https://twitter.com/animejujutsu/
145064,Twitter,SOCIAL,English,https://twitter.com/Jujutsu_Kaisen_
145064,Bilibili TV,STREAMING,,https://www.bilibili.tv/en/media/2084055
145064,Crunchyroll,STREAMING,,https://www.crunchyroll.com/series/GRDV0019R/jujutsu-kaisen
145064,iQ,STREAMING,,https://www.iq.com/album/1y1401doo65
145064,YouTube,STREAMING,,https://www.youtube.com/playlist?list=PLxSscENEp7JjIe81K3Qd0l7PVaIiPi64r
145064,Netflix,STREAMING,,https://www.netflix.com/title/81278456
145064,Hulu,STREAMING,,https://www.hulu.com/series/382ec8bf-3650-4cde-94db-ecd18665f9e0
145140,Twitter,SOCIAL,Japanese,https://twitter.com/Helck_anime
145140,Official Site,INFO,Japanese,https://www.helck-anime.com/
145140,HIDIVE,STREAMING,,https://www.hidive.com/tv/helck
145140,YouTube,STREAMING,,https://youtube.com/@helck_anime
145140,Bilibili TV,STREAMING,,https://www.bilibili.tv/en/media/2083919
145140,Hulu,STREAMING,,https://www.hulu.com/series/164dd117-6a73-49d2-bb6c-e9f67148d830
146065,Official Site,INFO,Japanese,https://mushokutensei.jp/
146065,Twitter,SOCIAL,Japanese,https://twitter.com/mushokutensei_A
146065,Crunchyroll,STREAMING,,https://www.crunchyroll.com/series/G24H1N3MP/mushoku-tensei-jobless-reincarnation
146065,Bilibili TV,STREAMING,,https://www.bilibili.tv/en/media/2084136
146065,YouTube,STREAMING,,https://www.youtube.com/playlist?list=PLwLSw1_eDZl3kNUmd8rDL2WnmI-C6LKgt
146065,Hulu,STREAMING,,https://www.hulu.com/series/mushoku-tensei-jobless-reincarnation-787a5fb4-9cba-4a69-96b2-4fb3b10c860a
146065,iQ,STREAMING,,https://www.iq.com/album/2c6hrvdebhd
146065,Netflix,STREAMING,,https://www.netflix.com/title/80987039
146065,YouTube,STREAMING,,https://www.youtube.com/playlist?list=PLpm1VVK4UL15vNsXU2LkMwkHxGIxtPd19
146472,Twitter,SOCIAL,English,https://twitter.com/FLCL_USA
146472,Max,STREAMING,,https://www.max.com/shows/flcl-grunge/6a4a4371-f8c8-4208-8cde-2639587eb037
146638,Twitter,SOCIAL,Japanese,https://twitter.com/kengankai
146638,Official Site,INFO,Japanese,http://kengan.net/
146638,Netflix,STREAMING,,https://www.netflix.com/title/80992228
146646,Twitter,SOCIAL,Japanese,https://twitter.com/baki_anime/
146646,Official Site,INFO,Japanese,https://baki-anime.jp/
146646,Netflix,STREAMING,,https://www.netflix.com/title/81236338
146836,Twitter,SOCIAL,Japanese,https://twitter.com/lv1room
146836,Official Site,INFO,Japanese,https://lv1room.com/
146836,HIDIVE,STREAMING,,https://www.hidive.com/tv/level-1-demon-lord-one-room-hero
146836,Bilibili TV,STREAMING,,https://www.bilibili.tv/en/media/2083981
146836,YouTube,STREAMING,,https://www.youtube.com/playlist?list=PLxSscENEp7JjdAWvKx5mOLsOQBUOcsKsw
146953,Twitter,SOCIAL,Japanese,https://twitter.com/masamune_tv
146953,Official Site,INFO,Japanese,http://masamune-tv.com/
146953,Crunchyroll,STREAMING,,https://www.crunchyroll.com/series/GYX02P3MR/masamune-kuns-revenge
146953,YouTube,STREAMING,,https://www.youtube.com/playlist?list=PLxSscENEp7JjKv_w9nBNL9p9lSipG96WB
146953,Netflix,STREAMING,,https://www.netflix.com/title/80165290
147103,Twitter,SOCIAL,Japanese,https://twitter.com/watashino_info
147103,Official Site,INFO,Japanese,https://watakon-anime.com/
147103,Netflix,STREAMING,,https://www.netflix.com/title/81564905
147103,Instagram,SOCIAL,Japanese,https://www.instagram.com/watakon_anime/
147103,TikTok,SOCIAL,Japanese,https://www.tiktok.com/@watakon_anime
147189,Twitter,SOCIAL,Japanese,https://twitter.com/cityhuntermovie
147189,Official Site,INFO,Japanese,http://cityhunter-movie.com/
147189,Facebook,SOCIAL,Japanese,https://www.facebook.com/cityhuntermovie
147189,Instagram,SOCIAL,Japanese,https://www.instagram.com/cityhuntermovie
148465,Twitter,SOCIAL,Japanese,https://twitter.com/level1_anime
148465,Official Site,INFO,Japanese,https://level1-anime.com
148465,Crunchyroll,STREAMING,,https://www.crunchyroll.com/series/G1XHJV0VV/my-unique-skill-makes-me-op-even-at-level-1
148465,YouTube,STREAMING,,https://www.youtube.com/playlist?list=PLwLSw1_eDZl1AUEELCJe2ghK9eDI5nGsQ
148465,Bilibili TV,STREAMING,,https://www.bilibili.tv/en/media/2083530
149883,Official Site,INFO,Japanese,https://dekineko-anime.com/
149883,Twitter,SOCIAL,Japanese,https://twitter.com/dekineko_anime
149883,Crunchyroll,STREAMING,,https://www.crunchyroll.com/series/G79H23Z3P/the-masterful-cat-is-depressed-again-today
149883,YouTube,STREAMING,,https://www.youtube.com/playlist?list=PLxSscENEp7Ji9i3sLYIkcIrhpMXTs7Hpo
149883,YouTube,STREAMING,,https://youtube.com/@dekineko_anime
150429,Twitter,SOCIAL,Japanese,https://twitter.com/anime_eupho
150429,Official Site,INFO,Japanese,http://anime-eupho.com/
150429,Crunchyroll,STREAMING,,https://www.crunchyroll.com/watch/GE00336409JAJP/sound-euphonium-ensemble-contest
150970,Twitter,SOCIAL,Japanese,https://twitter.com/cfvanguard_PR/
150970,Official Site,INFO,Japanese,https://anime.cf-vanguard.com/vgd/archive/
150970,Crunchyroll,STREAMING,,https://www.crunchyroll.com/series/GXJHM3NJ5/cardfight-vanguard-overdress
150970,HIDIVE,STREAMING,,https://www.hidive.com/tv/cardfight-vanguard-willdress
150970,YouTube,STREAMING,,https://www.youtube.com/playlist?list=PLZaz0lCoygoz0kFcSQgb2KFjNXaoye0Jm
150970,YouTube,STREAMING,,https://www.youtube.com/playlist?list=PLZaz0lCoygowC29jiNxFZTBDE8EKK7-M0
150972,Twitter,SOCIAL,Japanese,https://twitter.com/shiroseijyo_tv
150972,Official Site,INFO,Japanese,https://shiroseijyo-anime.com/
150972,Crunchyroll,STREAMING,,https://www.crunchyroll.com/series/GKEH2G0G9/saint-cecilia-and-pastor-lawrence
151513,Twitter,SOCIAL,Japanese,https://twitter.com/GJ_yohane
151513,Official Site,INFO,Japanese,https://www.yohane.net
151513,Crunchyroll,STREAMING,,https://www.crunchyroll.com/series/G5PHNM9ZM/yohane-the-parhelion--sunshine-in-the-mirror
152802,Twitter,SOCIAL,Japanese,https://twitter.com/DG_anime
152802,Official Site,INFO,Japanese,https://darkgathering.jp/
152802,HIDIVE,STREAMING,,https://www.hidive.com/tv/dark-gathering
152802,YouTube,STREAMING,,https://youtube.com/playlist?list=PLwLSw1_eDZl27LXaPp_ryQdu41PQGpWEq
152802,iQ,STREAMING,,https://www.iq.com/album/nd4lyz6mpt
152802,YouTube,STREAMING,,https://www.youtube.com/playlist?list=PLpm1VVK4UL14JGEg2HzBJ9enWVg7AgD_t
152802,Netflix,STREAMING,,https://www.netflix.com/id-en/title/81707187
152802,Hulu,STREAMING,,https://www.hulu.com/series/dark-gathering-42809c33-ab67-4fbf-9d7d-c52b4c1f56cf
153339,Official Site,INFO,Japanese,https://okashinatensei-pr.com/
153339,Twitter,SOCIAL,Japanese,https://twitter.com/okashinatensei
153339,Crunchyroll,STREAMING,,https://www.crunchyroll.com/series/GJ0H7QG2G/sweet-reincarnation
153339,Bilibili TV,STREAMING,,https://www.bilibili.tv/en/media/2084600
153360,Crunchyroll,STREAMING,,https://www.crunchyroll.com/series/GVDHX8504/reborn-as-a-vending-machine-i-now-wander-the-dungeon
153360,Official Site,INFO,Japanese,https://jihanki-anime.com/
153360,Twitter,SOCIAL,Japanese,https://twitter.com/jihanki_anime
153360,YouTube,STREAMING,,https://youtube.com/@jihankianime
154391,Official Site,INFO,Japanese,https://jitsuhaoresaikyo-anime.com/
154391,Twitter,SOCIAL,Japanese,https://twitter.com/jitsuoresaikyo
154391,Crunchyroll,STREAMING,,https://www.crunchyroll.com/series/G9VHN9QED/am-i-actually-the-strongest
154391,Bilibili TV,STREAMING,,https://www.bilibili.tv/en/media/2083386
154525,Official Site,INFO,Japanese,https://www.azurlane-ovaqo.jp/top
154643,Twitter,SOCIAL,Japanese,https://twitter.com/SYN_noir/
154643,Official Site,INFO,Japanese,https://synduality-noir.com/
154643,Disney Plus,STREAMING,,https://www.disneyplus.com/series/synduality-noir/6Wyhb8bQ9XDr
154643,Hulu,STREAMING,,https://www.hulu.com/series/synduality-noir-10f2d56d-87f3-469f-8004-a0d2bab3d57d
154643,Star+,STREAMING,,https://www.starplus.com/series/synduality-noir/6Wyhb8bQ9XDr
154745,Twitter,SOCIAL,Japanese,https://twitter.com/kanokari_anime
154745,Official Site,INFO,Japanese,https://kanokari-official.com/3rd/
154745,Crunchyroll,STREAMING,,https://www.crunchyroll.com/series/G6QWV3976/rent-a-girlfriend
154745,Facebook,SOCIAL,English,https://www.facebook.com/rent.a.girlfriend.anime
154745,Twitter,SOCIAL,English,https://twitter.com/rentgirlfriend
154745,Instagram,SOCIAL,English,https://www.instagram.com/rentagirlfriend.anime/
154789,Official Site,INFO,Japanese,https://www.mujina-company.com/
154789,Twitter,SOCIAL,Japanese,https://twitter.com/mujina_company
154966,Twitter,SOCIAL,Japanese,https://twitter.com/fate_SF_anime
154966,Official Site,INFO,Japanese,https://fate-strange-fake.com/
154966,Twitter,SOCIAL,English,https://twitter.com/FateSF_Anime_EN
154966,Official Site,INFO,English,https://fatesf-anime.com/
154966,Facebook,SOCIAL,English,https://www.facebook.com/FateSF.Anime.EN
154966,Crunchyroll,STREAMING,,https://www.crunchyroll.com/series/G4PH0WJQZ/fatestrange-fake--whispers-of-dawn-
155168,Official Site,INFO,Japanese,https://maousama.jp/
155168,Twitter,SOCIAL,Japanese,https://twitter.com/anime_maousama
155168,YouTube,STREAMING,,https://www.youtube.com/playlist?list=PLwLSw1_eDZl1Q4OIgY3DIF31SO_9cOo8M
155168,Crunchyroll,STREAMING,,https://www.crunchyroll.com/series/GR75Z5KKY/the-devil-is-a-part-timer
155168,Hulu,STREAMING,,https://www.hulu.com/series/the-devil-is-a-part-timer-8534ee83-b681-4dbc-bad9-b9a1d3f08483
155168,Bilibili TV,STREAMING,,https://www.bilibili.tv/en/media/2088314
155418,Twitter,SOCIAL,Japanese,https://twitter.com/seija_anime
155418,Official Site,INFO,Japanese,https://www.tbs.co.jp/anime/seija/
155418,Crunchyroll,STREAMING,,https://www.crunchyroll.com/series/GG5H5XQ24/the-great-cleric
155418,Bilibili TV,STREAMING,,https://www.bilibili.tv/en/media/2084471
155418,YouTube,STREAMING,,https://www.youtube.com/playlist?list=PLwLSw1_eDZl3r0PWvImxT2aNky9PgNVIJ
155730,Official Site,INFO,Japanese,https://chiisaisenpai.com/
155730,Twitter,SOCIAL,Japanese,https://twitter.com/smallsenpai_pr
155730,Crunchyroll,STREAMING,,https://www.crunchyroll.com/series/G79H23Z45/my-tiny-senpai
155971,Twitter,SOCIAL,Japanese,https://twitter.com/anime_hyakusho
155971,Official Site,INFO,Japanese,https://s.mxtv.jp/anime/hyakusho_kizoku/
155971,YouTube,STREAMING,,https://www.youtube.com/playlist?list=PLkZ0Cdjz3KkipABBxqNuMBY0SeIUeCtCx
155971,YouTube,STREAMING,,https://www.youtube.com/playlist?list=PLhGamQZtJ7K9VVRwIG2-fgmS-mSrUAsVB
155982,Twitter,SOCIAL,Japanese,https://twitter.com/AYAKA_animePR
155982,Official Site,INFO,Japanese,https://ayaka-project.com/
155982,Crunchyroll,STREAMING,,https://www.crunchyroll.com/series/GXJHM3GQ7/ayaka
155982,YouTube,STREAMING,,https://www.youtube.com/playlist?list=PLxSscENEp7JjsGx-1vOh8UzUlFB2PeJyj
156040,Twitter,SOCIAL,Japanese,https://twitter.com/lastame_pr
156040,Official Site,INFO,Japanese,https://lastame.com/
156040,HIDIVE,STREAMING,,https://www.hidive.com/tv/the-most-heretical-last-boss-queen-from-villainess-to-savior
156040,Bilibili TV,STREAMING,,https://www.bilibili.tv/en/media/2087285
156040,YouTube,STREAMING,,https://www.youtube.com/playlist?list=PLwLSw1_eDZl1gxoIoRFrIlzxe5FM1yZfe
157397,Twitter,SOCIAL,Japanese,https://twitter.com/yumemiru_anime
157397,Official Site,INFO,Japanese,https://yumemirudanshi.com/
157397,HIDIVE,STREAMING,,https://www.hidive.com/tv/the-dreaming-boy-is-a-realist
157397,YouTube,STREAMING,,https://www.youtube.com/playlist?list=PLxSscENEp7JjUr-UgHcM5VkSNVNTGBgmC
157957,Disney Plus,STREAMING,,https://www.disneyplus.com/series/phoenix-eden17/6gAZqfKsde3I
157957,Twitter,SOCIAL,Japanese,https://twitter.com/hinotori_eden
157957,Hulu,STREAMING,,https://www.hulu.com/series/phoenix-eden17-1457424d-90f9-4310-9abe-89a7bc09b47d
157957,Star+,STREAMING,,https://www.starplus.com/series/phoenix-eden17/6gAZqfKsde3I
158530,Twitter,SOCIAL,Japanese,https://twitter.com/ainoidenshi_off
158530,Official Site,INFO,Japanese,https://ai-no-idenshi.com/
158530,Crunchyroll,STREAMING,,https://www.crunchyroll.com/series/G9VHN9Q9N/the-gene-of-ai
158530,Bilibili TV,STREAMING,,https://www.bilibili.tv/en/media/2087353
158530,YouTube,STREAMING,,https://www.youtube.com/playlist?list=PLwLSw1_eDZl2t0zGbV1BJfJObckS2BmgD
158595,Official Site,INFO,Japanese,https://www.shinchan-movie.com/2023/
158595,Twitter,SOCIAL,Japanese,https://twitter.com/shinchan3dcg
158595,Instagram,SOCIAL,Japanese,https://www.instagram.com/shinchan_movie/
158595,Facebook,SOCIAL,Japanese,https://www.facebook.com/shinchan.japan
158896,Official Site,INFO,Japanese,https://sandland.jp/film/
158896,Twitter,SOCIAL,Japanese,https://twitter.com/sandland_pj_jp
158896,Twitter,SOCIAL,English,https://twitter.com/sandland_pj
158896,Instagram,SOCIAL,Japanese,https://www.instagram.com/sandland_project/
158896,TikTok,SOCIAL,Japanese,https://www.tiktok.com/@sandland_project
158908,Official Site,INFO,Japanese,https://chronoir0.com
158908,YouTube,STREAMING,,https://www.youtube.com/watch?v=5r7m54XfxkQ
159322,Twitter,SOCIAL,Japanese,https://twitter.com/BLEACHanimation/
159322,Official Site,INFO,Japanese,https://bleach-anime.com
159322,Instagram,SOCIAL,Japanese,https://www.instagram.com/bleach_official_anime/
159322,TikTok,SOCIAL,Japanese,https://www.tiktok.com/@bleachanimation
159322,YouTube,STREAMING,,https://www.youtube.com/playlist?list=PLxSscENEp7JhrtC5M6EHH5g_rAh6LXEni
159322,Hulu,STREAMING,,https://www.hulu.com/series/bleach-thousand-year-blood-war-02a3c8c0-4f1d-4610-bbb4-5b8e9468d7b1
159322,Bilibili TV,STREAMING,,https://www.bilibili.tv/en/media/2087103
159322,Star+,STREAMING,,https://www.starplus.com/series/bleach-thousand-year-blood-war/4Afet1Q421gy
159322,Disney Plus,STREAMING,,https://www.disneyplus.com/series/bleach-thousand-year-blood-war/4Afet1Q421gy
159322,YouTube,STREAMING,,https://youtube.com/@official_bleach
159429,Official Site,INFO,Japanese,https://2023allstars-f.precure-movie.com/
159429,Twitter,SOCIAL,Japanese,https://twitter.com/precure_movie/
159831,Twitter,SOCIAL,English,https://twitter.com/Zom100_EN
159831,Twitter,SOCIAL,Japanese,https://twitter.com/zom100_anime_JP
159831,Official Site,INFO,Japanese,https://zom100.com/
159831,Hulu,STREAMING,,https://www.hulu.com/series/zom-100-bucket-list-of-the-dead-1015792d-f811-47f9-a28e-bf0b30332bf3
159831,Facebook,SOCIAL,English,https://facebook.com/Zom100EN
159831,Instagram,SOCIAL,English,https://instagram.com/Zom100_EN
159831,Netflix,STREAMING,,https://www.netflix.com/title/81680101
159831,Bilibili TV,STREAMING,,https://www.bilibili.tv/en/media/2086292
159831,Crunchyroll,STREAMING,,https://www.crunchyroll.com/series/GJ0H7QGQK/zom-100-the-bucket-list-of-the-dead
159831,YouTube,STREAMING,,https://www.youtube.com/playlist?list=PLwLSw1_eDZl0cJyc_zkaS2wgBge7kdPcF
159831,YouTube,STREAMING,,https://www.youtube.com/playlist?list=PLpm1VVK4UL15NugQluXlDlUMjDbTCjIn7
159831,Hulu,STREAMING,,https://www.hulu.com/series/7fd3afe4-0c0d-4685-9663-e1b1b169316e
159926,Official Site,INFO,Japanese,https://bastard-anime.com/
159926,Twitter,SOCIAL,Japanese,https://twitter.com/bastard_PR
159926,Netflix,STREAMING,,https://www.netflix.com/title/81281582
160188,Twitter,SOCIAL,Japanese,https://twitter.com/Sukimega
160188,Official Site,INFO,Japanese,https://anime.shochiku.co.jp/sukimega/
160188,Crunchyroll,STREAMING,,https://www.crunchyroll.com/series/GNVHKN9DE/the-girl-i-like-forgot-her-glasses
160188,YouTube,STREAMING,,https://youtube.com/playlist?list=PLxSscENEp7JhOZuLkQIdZ8KRyNFyFiOtV
160188,Bilibili TV,STREAMING,,https://www.bilibili.tv/en/media/2084929
160188,Netflix,STREAMING,,https://www.netflix.com/id-en/title/81705325
160447,Twitter,SOCIAL,Japanese,https://twitter.com/temple_tvanime
160447,Official Site,INFO,Japanese,https://temple-anime.com/
160447,Crunchyroll,STREAMING,,https://www.crunchyroll.com/series/G4PH0WJWQ/tenpuru
160447,Bilibili TV,STREAMING,,https://www.bilibili.tv/en/media/2086747
160447,YouTube,STREAMING,,https://www.youtube.com/playlist?list=PLxSscENEp7JjuTOM1YyvLa6YyFEGOKWSC
160831,Official Site,INFO,Japanese,https://gamera-rebirth.com/
160831,Twitter,SOCIAL,Japanese,https://twitter.com/gamera_rebirth/
160831,Netflix,STREAMING,,https://www.netflix.com/title/81087387
160850,Twitter,SOCIAL,Japanese,https://twitter.com/sailor_movie
160850,Official Site,INFO,Japanese,https://2023.sailormoon-movie.jp/
160850,Instagram,SOCIAL,Japanese,https://www.instagram.com/sailormoon30th_/
160850,TikTok,SOCIAL,Japanese,https://www.tiktok.com/@sailor_movie
160850,Netflix,STREAMING,,https://www.netflix.com/title/81732000
161441,Official Site,INFO,Japanese,https://biohazard-deathisland.com/
161441,Twitter,SOCIAL,Japanese,https://twitter.com/bio_deathisland
161441,Netflix,STREAMING,,https://www.netflix.com/title/81714596
161647,Official Site,INFO,Japanese,https://www.kyoukai-senki.net/kyokko-no-souki/
161647,Twitter,SOCIAL,Japanese,https://twitter.com/kyoukai_senki
161647,YouTube,STREAMING,,https://www.youtube.com/playlist?list=PLZxqqBY932IJZernWL2CATr1bM_DedMUM
162291,Netflix,STREAMING,,https://www.netflix.com/title/81306306
162893,Official Site,INFO,Japanese,https://ar-anime.com/
162893,Twitter,SOCIAL,Japanese,https://twitter.com/Ryza_PR
162893,Crunchyroll,STREAMING,,https://www.crunchyroll.com/series/GEXH3W2Z5/atelier-ryza-ever-darkness--the-secret-hideout-the-animation
162893,Bilibili TV,STREAMING,,https://www.bilibili.tv/en/media/2087595
162983,Official Site,INFO,Japanese,https://undeadgirl.jp/
162983,Twitter,SOCIAL,Japanese,https://twitter.com/undeadgirl_PR
162983,Crunchyroll,STREAMING,,https://www.crunchyroll.com/series/GMEHME7XV/undead-murder-farce
162983,YouTube,STREAMING,,https://www.youtube.com/playlist?list=PLxSscENEp7Jgye3e1_USJ1KdATNxP9svZ
162983,Bilibili TV,STREAMING,,https://www.bilibili.tv/en/media/2086366
162983,iQ,STREAMING,,https://www.iq.com/album/不死少女的谋杀闹剧-2023-262ty56l6pt?lang=zh_cn&sh_pltf=4
163079,Twitter,SOCIAL,Japanese,https://twitter.com/sugarapple_pr
163079,Official Site,INFO,Japanese,https://sugarapple-anime.com/
163079,Crunchyroll,STREAMING,,https://www.crunchyroll.com/series/G5PHNM7E2/sugar-apple-fairy-tale
163079,YouTube,STREAMING,,https://www.youtube.com/playlist?list=PLwLSw1_eDZl1jW_xDvXXJOphlaMLZxsJ-
163079,Bilibili TV,STREAMING,,https://www.bilibili.tv/media/2074512/
163132,Twitter,SOCIAL,Japanese,https://twitter.com/horimiya_anime
163132,Official Site,INFO,Japanese,https://horimiya-anime.com/
163132,Crunchyroll,STREAMING,,https://www.crunchyroll.com/series/G9VHN9P43/horimiya
163132,Bilibili TV,STREAMING,,https://www.bilibili.tv/en/media/2084370
163132,Hulu,STREAMING,,https://www.hulu.com/series/horimiya-90fccf0b-3f94-4105-98a8-3e1c6949b315
163132,iQ,STREAMING,,https://www.iq.com/album/1yyymp9sk2h
163132,Netflix,STREAMING,,https://www.netflix.com/title/81020819
163132,Amazon Prime Video,STREAMING,,https://www.primevideo.com/region/fe/detail/0TXL8MWM8FFGS4GEMXVW7UWZGA/ref=atv_dp_share_cu_r
163136,Official Site,INFO,Japanese,https://anime.shadowverse.jp/
163136,Twitter,SOCIAL,Japanese,https://twitter.com/shadowverse_anm
163136,Crunchyroll,STREAMING,,https://www.crunchyroll.com/series/GYEX244X6/shadowverse
163205,Official Site,INFO,Japanese,https://mononogatari-pr.com/
163205,Twitter,SOCIAL,Japanese,https://twitter.com/mononogatari_pr
163205,Crunchyroll,STREAMING,,https://www.crunchyroll.com/series/GDKHZEPW1/malevolent-spirits-mononogatari
163205,Bilibili TV,STREAMING,,https://www.bilibili.tv/en/media/2086476
163263,Twitter,SOCIAL,Japanese,https://twitter.com/bungosd_anime
163263,Official Site,INFO,Japanese,https://bungosd.com/
163263,Crunchyroll,STREAMING,,https://www.crunchyroll.com/series/GR5VXQ8PR/bungo-stray-dogs
163263,Bilibili TV,STREAMING,,https://www.bilibili.tv/en/media/2086241
163327,Twitter,SOCIAL,Japanese,https://twitter.com/5Hanayome_anime
163327,Official Site,INFO,Japanese,https://www.tbs.co.jp/anime/5hanayome/tvsp/
163327,Crunchyroll,STREAMING,,https://www.crunchyroll.com/series/GY4PD7Z06/the-quintessential-quintuplets
163542,Official Site,INFO,Japanese,https://spyroom-anime.com/
163542,Twitter,SOCIAL,Japanese,https://twitter.com/spyroom_anime
163542,Bilibili TV,STREAMING,,https://www.bilibili.tv/en/media/2086616
163544,Official Site,INFO,Japanese,https://re-stars.com/movie/
163544,Twitter,SOCIAL,Japanese,https://twitter.com/restars_PR
163571,Official Site,INFO,Japanese,https://anime.bang-dream.com/mygo
163571,Twitter,SOCIAL,Japanese,https://twitter.com/bang_dream_mygo/
163571,Twitter,SOCIAL,Japanese,https://twitter.com/bang_dream_info
163571,YouTube,STREAMING,,https://www.youtube.com/playlist?list=PLwLSw1_eDZl3DVtslUyw-MeBR5W7ktk1e
163571,Crunchyroll,STREAMING,,https://www.crunchyroll.com/series/G0XHWM1NV/bang-dream-its-mygo
165356,Twitter,SOCIAL,Japanese,https://twitter.com/ragnarok_pr
165356,Official Site,INFO,Japanese,https://ragnarok-official.com/
165356,Netflix,STREAMING,,https://www.netflix.com/title/81281579
165356,Twitter,SOCIAL,English,https://x.com/ror_anime
165426,YouTube,STREAMING,,https://www.youtube.com/@odekake-kozame
165426,Twitter,SOCIAL,Japanese,https://twitter.com/kozame_info
165426,Official Site,INFO,Japanese,https://odekake-kozame.com/
165426,YouTube,STREAMING,,https://www.youtube.com/playlist?list=PLjrUB63ikczNcRItB8koEfoBfA7sjCZ-k
165426,TikTok,SOCIAL,Japanese,https://www.tiktok.com/@kozame_info
166104,Crunchyroll,STREAMING,,https://www.crunchyroll.com/series/GRWMGGQ86/tonikawa-over-the-moon-for-you
166104,Official Site,INFO,Japanese,https://tonikawa.com/
166104,Twitter,SOCIAL,Japanese,https://twitter.com/tonikawa_anime
166104,Twitter,SOCIAL,English,https://twitter.com/tonikawa_EN
166369,Official Site,INFO,Japanese,https://kumakumakumabear.com/bddvd/
166829,Twitter,SOCIAL,Japanese,https://twitter.com/yamishibai_TX
166829,Official Site,INFO,Japanese,https://www.tv-tokyo.co.jp/anime/yamishibai11/
166829,TikTok,SOCIAL,Japanese,https://www.tiktok.com/@yamishibai_tx
166829,YouTube,STREAMING,,https://www.youtube.com/@yamishibai_ch
166829,Crunchyroll,STREAMING,,https://www.crunchyroll.com/series/G6WEM1V36/theatre-of-darkness-yamishibai
166973,Twitter,SOCIAL,Japanese,https://twitter.com/nanatsuma_pr/
166973,YouTube,STREAMING,,https://www.youtube.com/playlist?list=PLk78tIf0IwH2tBnqmBX80yN3OjN4o-Xmx
166988,Twitter,SOCIAL,Japanese,https://twitter.com/okashinatensei/
167990,Twitter,SOCIAL,Japanese,https://twitter.com/seireigensouki/
168092,Official Site,INFO,Japanese,https://www.pokemon.co.jp/ex/sv/ja/sp_anime/
168092,YouTube,STREAMING,,https://www.youtube.com/playlist?list=PLQWzKIaERirzLZWMu3M89ZEpsDt9YtDBM
168092,YouTube,STREAMING,,https://www.youtube.com/playlist?list=PLBE2D9BnJJUow-mIh2KU0FtQBVbY-Lwlu
168962,YouTube,STREAMING,,https://www.youtube.com/watch?v=qfhhmzlPfaU
168962,YouTube,STREAMING,,https://www.youtube.com/watch?v=LOJid6ey0YA
168973,Twitter,SOCIAL,Japanese,https://twitter.com/temple_tvanime
168999,Twitter,SOCIAL,Japanese,https://twitter.com/wataoshi_anime
168999,YouTube,STREAMING,,https://www.youtube.com/watch?v=9u0mFNj-uO0&list=PLQyvkHBZA_xCrj7kEO5xiyMCYawg_yQaB
169087,Official Site,INFO,Japanese,https://ayaka-project.com/movie/type/綾ヵ島観光案内
169319,YouTube,STREAMING,,https://www.youtube.com/watch?v=idLpBoLWDbg
169322,Twitter,SOCIAL,Japanese,https://twitter.com/nanatsuma_pr
169363,Twitter,SOCIAL,Japanese,https://twitter.com/SYN_noir
169363,Official Site,INFO,Japanese,https://synduality-noir.com/
169363,YouTube,STREAMING,,https://www.youtube.com/watch?v=lgNNH8dazSE&list=PLfqAQQpGYSOjbs2meH9DALjLZpmTO_w_E
169364,Official Site,INFO,Japanese,https://www.toei-anim.co.jp/tv/ikimono-san/
169373,Twitter,SOCIAL,Japanese,https://twitter.com/i/status/1677965816527200256
169375,Official Site,INFO,,https://www.voliciamovie.com/
169375,Twitter,SOCIAL,,https://twitter.com/Vapor_Trail_O
169375,YouTube,STREAMING,,https://youtu.be/3k-r8bnW0Qg
169442,YouTube,STREAMING,,https://www.youtube.com/watch?v=Ppk9DZoR2nQ
169512,Twitter,SOCIAL,Japanese,https://twitter.com/smallsenpai_pr
169526,YouTube,STREAMING,,https://youtu.be/OooHAMUwXkM
169526,YouTube,STREAMING,,https://youtu.be/7Ol53n-LDhw
170220,Official Site,INFO,,https://www.sylvanianfamilies.com/ja-jp/special/tv/
170497,YouTube,STREAMING,,https://www.youtube.com/playlist?list=PLCxKJRIVDrYF788KwW_zGyQFH1IOiOfzt
175152,Official Site,INFO,Japanese,https://anpan-movie.com/2023/
175152,Twitter,SOCIAL,Japanese,https://twitter.com/anpanman_movie
177166,Netflix,STREAMING,,https://www.netflix.com/us-es/title/81659233
185642,YouTube,STREAMING,,https://www.youtube.com/playlist?list=PL58O4nPuExbBiaHSLKKVqgM9uQJdv2wLu
185642,Twitter,SOCIAL,,https://x.com/nanashikaidan
204545,Official Site,INFO,Japanese,https://www.web.nhk/tv/pl/series-tep-PYL2917V5V
204619,Official Site,INFO,Japanese,https://sustotena.koikeya.co.jp/
204619,YouTube,STREAMING,,https://www.youtube.com/playlist?list=PLWcHadqZmb9FHZSprzG1fccoIfTTiAJSu
208831,Crunchyroll,STREAMING,,https://www.crunchyroll.com/series/G8DHV78N3/copihan
99088,Official Site,INFO,Japanese,https://pluto-anime.com/
99088,Twitter,SOCIAL,Japanese,https://twitter.com/pluto_anime_
99088,Netflix,STREAMING,,https://www.netflix.com/title/81281344
111322,Twitter,SOCIAL,Japanese,https://twitter.com/shieldheroanime
111322,Official Site,INFO,Japanese,http://shieldhero-anime.jp/
111322,Twitter,SOCIAL,English,https://twitter.com/ShieldHeroEN
111322,Crunchyroll,STREAMING,,https://www.crunchyroll.com/series/G6W4QKX0R/the-rising-of-the-shield-hero
111322,Bilibili TV,STREAMING,,https://www.bilibili.tv/en/media/2092542
111322,iQ,STREAMING,,https://www.iq.com/album/1ybrgtlepa9
111322,Hulu,STREAMING,,https://www.hulu.com/series/the-rising-of-the-shield-hero-97f1d394-0ac7-48c2-bb1b-7b2575848441
120755,Official Site,INFO,Japanese,https://millionlive-anime.idolmaster-official.jp
120755,Twitter,SOCIAL,Japanese,https://twitter.com/imasml_765PRO
120755,Crunchyroll,STREAMING,,https://www.crunchyroll.com/series/GJ0H7QGDK/the-idolmster-million-live
126316,Twitter,SOCIAL,Japanese,https://twitter.com/BPRO_anime
126316,Official Site,INFO,Japanese,https://bpro-anime.com/
126316,Crunchyroll,STREAMING,,https://www.crunchyroll.com/series/GRGGPG53R/b-project
126316,Amazon Prime Video,STREAMING,,https://www.amazon.com/dp/B0CJPBHBVJ
126316,YouTube,STREAMING,,https://youtube.com/playlist?list=PLhGamQZtJ7K9MpAsjiyfyO0lB0-zVofm5&si=xmec51IGtUEYAUA_
127163,Twitter,SOCIAL,Japanese,https://twitter.com/rail_romanesque
127163,Official Site,INFO,Japanese,https://railromanesque.jp/anime02/
129188,Twitter,SOCIAL,Japanese,https://twitter.com/GoblinSlayer_GA
129188,Official Site,INFO,Japanese,http://www.goblinslayer.jp/
129188,Crunchyroll,STREAMING,,https://www.crunchyroll.com/series/G6VDMN306/goblin-slayer
129188,Bilibili TV,STREAMING,,https://www.bilibili.tv/en/media/2089728
129188,YouTube,STREAMING,,https://www.youtube.com/playlist?list=PLwLSw1_eDZl3C_LTcF5WnEAWUjILtXptk
129188,TikTok,SOCIAL,Japanese,https://www.tiktok.com/@goblinslayer_official
130622,Twitter,SOCIAL,Japanese,https://twitter.com/kitaroanime50th
130622,Official Site,INFO,Japanese,https://kitaro-tanjo.com/
130706,Netflix,STREAMING,,https://www.netflix.com/title/81400498
130706,Twitter,SOCIAL,Japanese,https://twitter.com/Anime_Akumakun
130706,Official Site,INFO,Japanese,https://www.toei-anim.co.jp/akumakun/
132420,Twitter,SOCIAL,Japanese,https://twitter.com/garupan/
132420,Official Site,INFO,Japanese,https://girls-und-panzer-finale.jp/
132420,HIDIVE,STREAMING,,https://www.hidive.com/playlist/34086
137310,Official Site,INFO,Japanese,https://www.toei-anim.co.jp/movie/digimon-adventure/
138788,Twitter,SOCIAL,Japanese,https://twitter.com/underninjaanime
138788,Official Site,INFO,Japanese,https://under-ninja.jp/
138788,Crunchyroll,STREAMING,,https://www.crunchyroll.com/series/GQWH0M1WK/under-ninja
138788,iQ,STREAMING,,https://www.iq.com/album/13zaq099nk9
138788,YouTube,STREAMING,,https://youtube.com/playlist?list=PLhGamQZtJ7K_QY2U_uqOLv11WUNWbKlbK&si=WBJSErpGBwwMI4Cl
139359,Twitter,SOCIAL,Japanese,https://twitter.com/hamehura
139359,Official Site,INFO,Japanese,https://hamehura-movie.asmik-ace.co.jp/
139359,Crunchyroll,STREAMING,,https://www.crunchyroll.com/watch/GN7UNJD01/my-next-life-as-a-villainess-all-routes-lead-to-doom--the-movie-
140501,Twitter,SOCIAL,Japanese,https://twitter.com/SEIKEN_MAKEN
140501,Official Site,INFO,Japanese,https://seikengakuin.com/
140501,HIDIVE,STREAMING,,https://www.hidive.com/tv/the-demon-sword-master-of-excalibur-academy
140501,Bilibili TV,STREAMING,,https://www.bilibili.tv/en/media/2089849
140501,iQ,STREAMING,,https://www.iq.com/album/pd4uzu66zp
140501,Amazon Prime Video,STREAMING,,https://www.amazon.com/The-Demon-Lord-Returns/dp/B0CJNP7VML/
140501,Hulu,STREAMING,,https://www.hulu.com/series/the-demon-sword-master-of-excalibur-academy-175871e3-af3e-4ea2-b773-221f96c21257
140501,YouTube,STREAMING,,https://youtube.com/playlist?list=PLhGamQZtJ7K8jHPJVNU4NTqD-kbkmoZ5r&si=MgNKCpPMXzjVa2b6
142494,Official Site,INFO,Japanese,https://www.ponoc.jp/Rudger/
142494,Twitter,SOCIAL,Japanese,https://twitter.com/StudioPonoc
142494,Twitter,SOCIAL,English,https://twitter.com/ponoc_intl
142494,Official Site,INFO,English,https://www.ponoc.jp/Rudger/en/
142494,Netflix,STREAMING,,https://www.netflix.com/title/81565710
142599,Twitter,SOCIAL,Japanese,https://twitter.com/butaliver_anime
142599,Official Site,INFO,Japanese,https://butaliver-anime.com/
142599,Crunchyroll,STREAMING,,https://www.crunchyroll.com/series/G79H23ZNP/butareba--the-story-of-a-man-turned-into-a-pig-
142599,Bilibili TV,STREAMING,,https://www.bilibili.tv/en/media/2090146
142666,Twitter,SOCIAL,Japanese,https://twitter.com/MigiToDali
142666,Official Site,INFO,Japanese,https://migitodali.com/
142666,Crunchyroll,STREAMING,,https://www.crunchyroll.com/series/GJ0H7QGKK/migidali
143085,Twitter,SOCIAL,Japanese,https://twitter.com/faraway_paladin
143085,Official Site,INFO,Japanese,https://farawaypaladin.com/
143085,Crunchyroll,STREAMING,,https://www.crunchyroll.com/series/GEXH3W8G1/the-faraway-paladin
143085,Bilibili TV,STREAMING,,https://www.bilibili.tv/en/media/2091000
143085,YouTube,STREAMING,,https://www.youtube.com/playlist?list=PLxSscENEp7JgmEpP-7VKK1J5gMNOHINU2
143327,Official Site,INFO,Japanese,https://mfg-anime.com/
143327,Twitter,SOCIAL,Japanese,https://twitter.com/mfg_anime
143327,YouTube,STREAMING,,https://youtube.com/@mfg_anime
143327,Crunchyroll,STREAMING,,https://www.crunchyroll.com/series/GEXH3W2W7/mf-ghost
143327,YouTube,STREAMING,,https://www.youtube.com/playlist?list=PLxSscENEp7Jh4asVGiKSeBUV-E0JucCRv
143327,TikTok,SOCIAL,Japanese,https://www.tiktok.com/@mfg_anime
143327,Netflix,STREAMING,,https://www.netflix.com/title/81715444
145000,Twitter,SOCIAL,Japanese,https://twitter.com/zenryoku_usagi
145000,Official Site,INFO,Japanese,https://zenryoku-usagi-anime.com/
145000,YouTube,STREAMING,,https://www.youtube.com/@zenryoku.usagi.official
145000,TikTok,SOCIAL,Japanese,https://www.tiktok.com/@zenryoku_usagi_anime
146206,Twitter,SOCIAL,Japanese,https://twitter.com/seijyonoanime/
146206,Official Site,INFO,Japanese,https://seijyonomaryoku.jp/
146206,Crunchyroll,STREAMING,,https://www.crunchyroll.com/series/G1XHJV3P3/the-saints-magic-power-is-omnipotent
146206,YouTube,STREAMING,,https://www.youtube.com/playlist?list=PLwLSw1_eDZl3crv3GtAZrfjreOsS9As35
146206,Bilibili TV,STREAMING,,https://www.bilibili.tv/en/media/2090371
146473,Twitter,SOCIAL,English,https://twitter.com/FLCL_USA
146473,Max,STREAMING,,https://www.max.com/shows/flcl-shoegaze/6a56fc4a-ce08-4acb-8a05-952ff8056455
146473,Adult Swim,STREAMING,,https://www.adultswim.com/videos/flcl
146493,HIDIVE,STREAMING,,https://www.hidive.com/tv/ragna-crimson
146493,Twitter,SOCIAL,Japanese,https://twitter.com/ragnacrimson_PR
146493,Official Site,INFO,Japanese,https://ragna-crimson.com/
146493,Bilibili TV,STREAMING,,https://www.bilibili.tv/en/media/2090761
146493,YouTube,STREAMING,,https://www.youtube.com/playlist?list=PLwLSw1_eDZl2gLJyLH6BkSr4l1XPaKDjT
146493,Amazon Prime Video,STREAMING,,https://www.primevideo.com/detail/Ragna-Crimson/0U5EZSNVUVMCD4Z0IGE1HHSFHW
146493,Official Site,INFO,French,https://animationdigitalnetwork.fr/video/ragna-crimson
146493,Hulu,STREAMING,,https://www.hulu.com/series/ragna-crimson-f5a6e973-45da-4635-80bf-36c34843a4b2
148862,Twitter,SOCIAL,Japanese,https://twitter.com/7_taizai
148862,Official Site,INFO,Japanese,https://7sins-4knights.net/
148862,Netflix,STREAMING,,https://www.netflix.com/title/81562396
150077,Twitter,SOCIAL,Japanese,https://twitter.com/paradoxlive_TA
150077,Official Site,INFO,Japanese,https://paradoxlive.jp/animation/
150077,Crunchyroll,STREAMING,,https://www.crunchyroll.com/series/G3KHEVD87/paradox-live-the-animation
150077,YouTube,STREAMING,,https://www.youtube.com/channel/UC-0k-L-mjrn1Dk0kIJ5PKSg
151970,Official Site,INFO,Japanese,https://anime.shangrilafrontier.com/
151970,Twitter,SOCIAL,Japanese,https://twitter.com/ShanFro_Comic
151970,Crunchyroll,STREAMING,,https://www.crunchyroll.com/series/G79H23Z8P/shangri-la-frontier
151970,YouTube,STREAMING,,https://youtube.com/@TV-kt7jx
151970,Bilibili TV,STREAMING,,https://www.bilibili.tv/en/media/2089932
151970,iQ,STREAMING,,https://www.iq.com/album/jlv4yvu36l
151970,YouTube,STREAMING,,https://www.youtube.com/playlist?list=PLwLSw1_eDZl1k3PpCugshhYpSQVWUAaib
151970,Bilibili,STREAMING,,https://www.bilibili.com/bangumi/media/md21086747
151970,Netflix,STREAMING,,https://www.netflix.com/title/81727242
151970,Hulu,STREAMING,,https://www.hulu.com/series/shangri-la-frontier-29fc8e6f-1516-4dad-afce-7a216212b11d
151970,Niconico Video,STREAMING,,https://anime.nicovideo.jp/detail/shangrilafrontier/index.html
151970,Bandai Channel,STREAMING,,https://www.b-ch.com/titles/8284/
151970,Amazon Prime Video,STREAMING,,https://www.amazon.co.jp/gp/video/detail/B0CH9BQDND/
154116,Official Site,INFO,Japanese,http://undead-unluck.net/
154116,Twitter,SOCIAL,Japanese,https://twitter.com/undeadunluck_an
154116,Hulu,STREAMING,,https://www.hulu.com/series/undead-unluck-1e7b20f8-4f5c-46ab-8b24-fa2700a6c7a7
154116,Disney Plus,STREAMING,,https://www.disneyplus.com/en-gb/series/undead-unluck/6yBbjezPBwNW
154116,Star+,STREAMING,,https://www.starplus.com/series/undead-unluck/6yBbjezPBwNW
154116,Hulu,STREAMING,,https://www.hulu.com/series/9f90bc39-18f0-485e-86b0-38b92aee6721
154214,Twitter,SOCIAL,Japanese,https://twitter.com/ikenaikyo_anime
154214,Official Site,INFO,Japanese,https://ikenaikyo.com/
154214,YouTube,STREAMING,,https://youtube.com/@ikenaikyo_anime
154214,TikTok,SOCIAL,Japanese,https://www.tiktok.com/@ikenaikyo_anime
154214,Crunchyroll,STREAMING,,https://www.crunchyroll.com/series/GP5HJ84M5/im-giving-the-disgraced-noble-lady-i-rescued-a-crash-course-in-naughtiness
154214,Bilibili TV,STREAMING,,https://www.bilibili.tv/en/media/2091131
154214,iQ,STREAMING,,https://www.iq.com/album/1j0m72u52qx
154214,YouTube,STREAMING,,https://youtube.com/playlist?list=PLhGamQZtJ7K_JCncI-OMo2W6pL1CuU_Zy&si=-XYoGE04eBo8G6cK
154384,Twitter,SOCIAL,Japanese,https://twitter.com/tearmoon_pr
154384,Official Site,INFO,Japanese,https://tearmoon-pr.com/
154384,Crunchyroll,STREAMING,,https://www.crunchyroll.com/series/G9VHN9QVN/tearmoon-empire
154384,Bilibili TV,STREAMING,,https://www.bilibili.tv/en/media/2091236
154384,YouTube,STREAMING,,https://www.youtube.com/playlist?list=PLwLSw1_eDZl1xwjPnSCLFHXdlH1HUcrfD
154454,Twitter,SOCIAL,Japanese,https://twitter.com/DEKOBOKO_anime
154454,Official Site,INFO,Japanese,https://dekoboko-majo-anime.jp/
154454,Crunchyroll,STREAMING,,https://www.crunchyroll.com/series/GXJHM3G24/the-family-circumstances-of-the-irregular-witch
154454,YouTube,STREAMING,,https://www.youtube.com/playlist?list=PLxSscENEp7JiPmO27caFIdVxvKS_ZYG_8
154454,Bilibili TV,STREAMING,,https://www.bilibili.tv/en/media/2093006
154459,Official Site,INFO,Japanese,https://kimizero.com/
154459,Twitter,SOCIAL,Japanese,https://twitter.com/kimizero_anime
154459,YouTube,STREAMING,,https://www.youtube.com/playlist?list=PLwLSw1_eDZl0whg1P3W-GGjHV0roiqsFP
154459,Bilibili TV,STREAMING,,https://www.bilibili.tv/en/media/2090634
154459,Crunchyroll,STREAMING,,https://www.crunchyroll.com/series/G5PHNM9G5/our-dating-story-the-experienced-you-and-the-inexperienced-me
154459,Netflix,STREAMING,,https://www.netflix.com/title/81725576
154587,Official Site,INFO,Japanese,https://frieren-anime.jp/
154587,Twitter,SOCIAL,Japanese,https://twitter.com/anime_frieren
154587,Crunchyroll,STREAMING,,https://www.crunchyroll.com/series/GG5H5XQX4/frieren-beyond-journeys-end
154587,Bilibili TV,STREAMING,,https://www.bilibili.tv/en/media/2090295
154587,YouTube,STREAMING,,https://www.youtube.com/playlist?list=PLwLSw1_eDZl10YPPR7qDsVf10wZfYnIMK
154587,TikTok,SOCIAL,Japanese,https://www.tiktok.com/@anime_frieren
154587,Netflix,STREAMING,,https://www.netflix.com/title/81726714
154587,Hulu,STREAMING,,https://www.hulu.com/series/frieren-beyond-journeys-end-1d4725f8-06d1-43fb-a077-72143ac5502f
154587,Amazon Prime Video,STREAMING,,https://www.primevideo.com/detail/0FCJEHY4FXTDVCLZ5NR9A0N42N
154692,Twitter,SOCIAL,Japanese,https://twitter.com/kanokano_anime
154692,Official Site,INFO,Japanese,https://kanokano-anime.com/
154692,Twitter,SOCIAL,English,https://twitter.com/girlfriend_en
154692,Crunchyroll,STREAMING,,https://www.crunchyroll.com/series/GEXH3WP97/girlfriend-girlfriend
154692,TikTok,SOCIAL,Japanese,https://www.tiktok.com/@kanokano_anime
154692,YouTube,STREAMING,,https://www.youtube.com/playlist?list=PLwLSw1_eDZl3fbgfxwor-qrUsEtOZ8bLC
154692,Bilibili TV,STREAMING,,https://www.bilibili.tv/en/media/2091313
154999,Netflix,STREAMING,,https://www.netflix.com/title/81215624
155015,Netflix,STREAMING,,https://www.netflix.com/title/81153116
155389,Twitter,SOCIAL,Japanese,https://twitter.com/SHY_off
155389,Official Site,INFO,Japanese,https://shy-anime.com
155389,Crunchyroll,STREAMING,,https://www.crunchyroll.com/series/GKEH2G0W9/shy
155389,YouTube,STREAMING,,https://www.youtube.com/playlist?list=PLwLSw1_eDZl0e2nQ5MU6dWXVC3Pqf6941
155419,Twitter,SOCIAL,Japanese,https://twitter.com/hoshitele_anime
155419,Official Site,INFO,Japanese,https://hoshitele-anime.com/
155419,Crunchyroll,STREAMING,,https://www.crunchyroll.com/series/GKEH2G0P9/stardust-telepath
155419,YouTube,STREAMING,,https://www.youtube.com/playlist?list=PLwLSw1_eDZl3SO7xh3VLjlKKvxihVUOaI
155527,Twitter,SOCIAL,Japanese,https://twitter.com/ojou_info
155527,Official Site,INFO,Japanese,https://ojoutobankenkun.com/
155527,TikTok,SOCIAL,Japanese,https://www.tiktok.com/@ojou_info
155527,Instagram,SOCIAL,Japanese,https://www.instagram.com/ojou_info/
155527,Crunchyroll,STREAMING,,https://www.crunchyroll.com/series/GW4HM7W7Q/a-girl--her-guard-dog
155527,YouTube,STREAMING,,https://www.youtube.com/playlist?list=PLxSscENEp7JgkLRaw39-pfV6h1EurdzVs
156039,Official Site,INFO,Japanese,https://bousyoku-anime.com/
156039,Twitter,SOCIAL,Japanese,https://twitter.com/bousyoku_anime
156039,Crunchyroll,STREAMING,,https://www.crunchyroll.com/series/G1XHJV05V/berserk-of-gluttony
156039,YouTube,STREAMING,,https://www.youtube.com/playlist?list=PLwLSw1_eDZl16aN3dffy3DzuC9JLH3gDg
156039,Bilibili TV,STREAMING,,https://www.bilibili.tv/en/media/2090442
156184,Official Site,INFO,Japanese,https://s-rank-musume.com/
156184,Twitter,SOCIAL,Japanese,https://twitter.com/s_rank_musume
156184,Crunchyroll,STREAMING,,https://www.crunchyroll.com/series/G5PHNM9M5/my-daughter-left-the-nest-and-returned-an-s-rank-adventurer
156184,Bilibili TV,STREAMING,,https://www.bilibili.tv/en/media/2090858
156184,iQ,STREAMING,,https://www.iq.com/album/2b0vwch29gp
156184,YouTube,STREAMING,,https://youtube.com/playlist?list=PLhGamQZtJ7K-J2WeHc-MYqxf77vx8yVnR&si=CtT2M3QkAfmT7e_a
156632,Twitter,SOCIAL,Japanese,https://twitter.com/uma_musu_anime
156632,Official Site,INFO,Japanese,https://anime-umamusume.jp/
156632,Crunchyroll,STREAMING,,https://www.crunchyroll.com/series/GR79P2816/umamusume-pretty-derby
156632,YouTube,STREAMING,,https://www.youtube.com/playlist?list=PLxSscENEp7JhASExBFWxdzJs4ZEruLKun
157399,Official Site,INFO,Japanese,https://www.bullbuster.jp/
157399,Twitter,SOCIAL,Japanese,https://twitter.com/bullbuster_info
157399,Crunchyroll,STREAMING,,https://www.crunchyroll.com/series/G24H1NW9J/bullbuster
157399,YouTube,STREAMING,,https://www.youtube.com/playlist?list=PLxSscENEp7JhmSLLC_lWmOLM710bizh-a
158704,Twitter,SOCIAL,Japanese,https://twitter.com/wataoshi_anime
158704,Official Site,INFO,Japanese,https://wataoshi-anime.com/
158704,Crunchyroll,STREAMING,,https://www.crunchyroll.com/series/GVDHX851V/im-in-love-with-the-villainess
158791,Official Site,INFO,Japanese,https://meguminodaigo.com/
158791,Twitter,SOCIAL,Japanese,https://twitter.com/megumi_animeoff
158791,Crunchyroll,STREAMING,,https://www.crunchyroll.com/series/G0XHWM1MK/firefighter-daigo-rescuer-in-orange
158791,YouTube,STREAMING,,https://www.youtube.com/playlist?list=PLxSscENEp7JjUyg2zOamli_yuodl2aQFO
158791,TikTok,SOCIAL,Japanese,https://www.tiktok.com/@megumi_animeoff
158895,Twitter,SOCIAL,Japanese,https://twitter.com/ArknightsStaff
158895,Twitter,SOCIAL,English,https://twitter.com/ArknightsEN
158895,Official Site,INFO,Japanese,https://2nd.arknights-anime.jp/
158895,Crunchyroll,STREAMING,,https://www.crunchyroll.com/series/GG5H5X3VN/arknights
158895,Official Site,INFO,Chinese,https://ak.hypergryph.com/anime/
158926,Twitter,SOCIAL,Japanese,https://twitter.com/kamonohashi_ron
158926,Official Site,INFO,Japanese,https://kamonohashiron.com/
158926,Crunchyroll,STREAMING,,https://www.crunchyroll.com/series/GNVHKN903/ron-kamonohashis-forbidden-deductions
158926,Bilibili TV,STREAMING,,https://www.bilibili.tv/en/media/2092885
158926,iQ,STREAMING,,https://www.iq.com/album/1q5sugk8qwp
158926,YouTube,STREAMING,,https://www.youtube.com/playlist?list=PLxSscENEp7JiAloVDlPwhb4Cu2UOjyZwp
158926,Netflix,STREAMING,,https://www.netflix.com/id-en/title/81726765
158927,Twitter,SOCIAL,Japanese,https://twitter.com/spyfamily_anime
158927,Instagram,SOCIAL,Japanese,https://www.instagram.com/spy_family_official/
158927,Official Site,INFO,Japanese,https://spy-family.net/tvseries/
158927,Instagram,SOCIAL,English,https://www.instagram.com/spyfamily_en/
158927,Twitter,SOCIAL,English,https://twitter.com/spyfamily_en
158927,Crunchyroll,STREAMING,,https://www.crunchyroll.com/series/G4PH0WXVJ/spy-x-family
158927,Bilibili TV,STREAMING,,https://www.bilibili.tv/en/media/2090049
158927,YouTube,STREAMING,,https://www.youtube.com/playlist?list=PLwLSw1_eDZl29jJI3xLiviArPPoyC7EQp
158927,iQ,STREAMING,,https://www.iq.com/album/1xqlt0fhwdd
158927,Hulu,STREAMING,,https://www.hulu.com/series/65d158d4-443f-44c7-bd2c-eae39f6c60e9
158927,TikTok,SOCIAL,Japanese,https://www.tiktok.com/@spyfamily_anime_official
158928,Twitter,SOCIAL,Japanese,https://twitter.com/spyfamily_anime
158928,Official Site,INFO,Japanese,https://spy-family.net/codewhite/
158928,Instagram,SOCIAL,Japanese,https://www.instagram.com/spy_family_official/
158928,Instagram,SOCIAL,,https://www.instagram.com/spyfamily_en/
158928,Twitter,SOCIAL,,https://twitter.com/spyfamily_en
158928,Official Site,INFO,English,https://www.spyfamily.movie/home/
158928,TikTok,SOCIAL,Japanese,https://www.tiktok.com/@spyfamily_anime_official
158928,Crunchyroll,STREAMING,,https://www.crunchyroll.com/watch/G2XUNX9N2/code-white
158928,Netflix,STREAMING,,https://www.netflix.com/title/81924850
159074,Twitter,SOCIAL,Japanese,https://twitter.com/hanakokun_info
159074,Official Site,INFO,Japanese,https://www.tbs.co.jp/anime/hanakokun/
159074,TikTok,SOCIAL,Japanese,https://www.tiktok.com/@hanakokun_info
159074,Crunchyroll,STREAMING,,https://www.crunchyroll.com/series/GVDHX85GV/after-school-hanako-kun
159559,Official Site,INFO,Japanese,https://16bitsensation-al.com/
159559,Twitter,SOCIAL,Japanese,https://twitter.com/16bit_anime
159559,Crunchyroll,STREAMING,,https://www.crunchyroll.com/series/G8DHV7854/16bit-sensation-another-layer
159808,Official Site,INFO,Japanese,https://hikikomari.com/
159808,Twitter,SOCIAL,Japanese,https://twitter.com/komarin_PR
159808,HIDIVE,STREAMING,,https://www.hidive.com/tv/the-vexations-of-a-shut-in-vampire-princess
159808,Bilibili TV,STREAMING,,https://www.bilibili.tv/en/media/2092089
159808,YouTube,STREAMING,,https://www.youtube.com/playlist?list=PLhGamQZtJ7K8O7i0ypG3qsLtqViTmmjot
159886,Twitter,SOCIAL,Japanese,https://twitter.com/ooyukiumi_kaina
159886,Official Site,INFO,Japanese,https://ooyukiumi.net/
159886,Crunchyroll,STREAMING,,https://www.crunchyroll.com/watch/GX9UQWQNE/star-sage
160514,Twitter,SOCIAL,Japanese,https://twitter.com/DogSignal
160514,YouTube,STREAMING,,https://www.youtube.com/playlist?list=PLxSscENEp7JhSe-gomdI46wzX0lGWtLxv
160514,Official Site,INFO,Japanese,https://www.nhk.jp/p/ts/L5K8YJ2GK2/
160515,Twitter,SOCIAL,Japanese,https://www.twitter.com/komaki_motors
160515,Official Site,INFO,Japanese,https://komaki-motors.com/
160515,Crunchyroll,STREAMING,,https://www.crunchyroll.com/series/G9VHN9Q4N/overtake
160515,YouTube,STREAMING,,https://www.youtube.com/playlist?list=PLxSscENEp7Jgl97miORNHE_10Ht2buvWi
160900,Official Site,INFO,Japanese,https://hametsu-anime.com/
160900,Twitter,SOCIAL,Japanese,https://twitter.com/hametsu_anime
160900,Crunchyroll,STREAMING,,https://www.crunchyroll.com/series/GG5H5XQ14/the-kingdoms-of-ruin
160900,YouTube,STREAMING,,https://www.youtube.com/playlist?list=PLxSscENEp7JiPzwlPlv7MEoIDWTJ5qD2c
160900,Bilibili TV,STREAMING,,https://www.bilibili.tv/en/media/2093414
161364,Twitter,SOCIAL,Japanese,https://twitter.com/toaru_ossan_pr
161364,Official Site,INFO,Japanese,https://toaru-ossan.com/
161364,Crunchyroll,STREAMING,,https://www.crunchyroll.com/series/GMEHME70J/a-playthrough-of-a-certain-dudes-vrmmo-life
161364,Bilibili TV,STREAMING,,https://www.bilibili.tv/en/media/2090240
161364,YouTube,STREAMING,,https://www.youtube.com/playlist?list=PLwLSw1_eDZl2_YhCrD7kgWkEHEraqedPW
161474,Twitter,SOCIAL,Japanese,https://twitter.com/aobuta_anime
161474,Official Site,INFO,Japanese,https://ao-buta.com/knapsack/
161474,Official Site,INFO,English,https://rascaldoesnotdream.com/knapsack/
161474,Crunchyroll,STREAMING,,https://www.crunchyroll.com/watch/GWDU73EX8/rascal-does-not-dream-of-a-knapsack-kid
161474,Instagram,SOCIAL,English,https://www.instagram.com/rascalseries/
161474,Facebook,SOCIAL,English,https://www.facebook.com/rascaldoesnotdream
161474,Twitter,SOCIAL,English,https://x.com/rascalseries/
161474,TikTok,SOCIAL,Japanese,https://www.tiktok.com/@aobuta_official
161645,Official Site,INFO,Japanese,https://kusuriyanohitorigoto.jp/season1/
161645,Twitter,SOCIAL,Japanese,https://twitter.com/kusuriya_PR
161645,Crunchyroll,STREAMING,,https://www.crunchyroll.com/series/G3KHEVDJ7/the-apothecary-diaries
161645,Netflix,STREAMING,,https://www.netflix.com/title/81712068
161645,TikTok,SOCIAL,Japanese,https://www.tiktok.com/@kusuriya_pr
161645,Hulu,STREAMING,,https://www.hulu.com/series/the-apothecary-diaries-d7b5390e-b8cb-4cc3-ba7c-7ed570355d7d
161802,Official Site,INFO,Japanese,https://www.ten-sura.com/anime/coleus
161802,Twitter,SOCIAL,Japanese,https://twitter.com/ten_sura_anime
161802,Crunchyroll,STREAMING,,http://www.crunchyroll.com/that-time-i-got-reincarnated-as-a-slime
161802,YouTube,STREAMING,,https://youtube.com/playlist?list=PLwLSw1_eDZl1JiNtHZQTpQrjNbwXf4pHM&si=XfyE96UCHsShlXMn
161802,Netflix,STREAMING,,https://www.netflix.com/title/81028712
161964,Official Site,INFO,Japanese,https://shadow-garden.jp/2nd/
161964,Twitter,SOCIAL,Japanese,https://twitter.com/Shadowgarden_PR
161964,HIDIVE,STREAMING,,https://www.hidive.com/tv/the-eminence-in-shadow/season-2
161964,Bilibili TV,STREAMING,,https://www.bilibili.tv/en/media/2089246
161964,Hulu,STREAMING,,https://www.hulu.com/series/66f37cf4-dba5-4511-ae26-e4092df1668b
161964,Netflix,STREAMING,,https://www.netflix.com/title/81642096
161992,Twitter,SOCIAL,Japanese,https://twitter.com/potion_apr
161992,Official Site,INFO,Japanese,https://potion-anime.com/
161992,Crunchyroll,STREAMING,,https://www.crunchyroll.com/series/G1XHJV0ZV/i-shall-survive-using-potions
161992,Bilibili TV,STREAMING,,https://www.bilibili.tv/en/media/2092788
162147,Netflix,STREAMING,,http://netflix.com/pokemonconcierge
162209,Official Site,INFO,Japanese,https://boys-sing.com/
162209,Twitter,SOCIAL,Japanese,https://twitter.com/kbs_anime
162209,Instagram,SOCIAL,Japanese,https://www.instagram.com/kbs_anime/
162209,Crunchyroll,STREAMING,,https://www.crunchyroll.com/series/GMEHME7DJ/kawagoe-boys-sing--now-or-never-
162209,YouTube,STREAMING,,https://youtube.com/playlist?list=PLhGamQZtJ7K8wkhGjTfXaLXy4zlqULRea&si=obb5CBnZL3BM5cWH
162314,Twitter,SOCIAL,Japanese,https://twitter.com/anime_shingeki
162314,Official Site,INFO,Japanese,https://shingeki.tv/final/
162314,Crunchyroll,STREAMING,,https://www.crunchyroll.com/watch/GWDU8ED5Q/attack-on-titan-final-season-the-final-chapters-special-2
162314,TikTok,SOCIAL,Japanese,https://www.tiktok.com/@shingeki_anime_official
162314,Instagram,SOCIAL,Japanese,https://www.instagram.com/anime_shingeki_official/
162314,Hulu,STREAMING,,https://www.hulu.com/watch/ba1532c7-aa72-426a-a1f0-677cbdd17251
162670,Twitter,SOCIAL,Japanese,https://twitter.com/stone_anime_off
162670,Instagram,SOCIAL,Japanese,https://www.instagram.com/dr.stone.anime.official
162670,Official Site,INFO,Japanese,https://dr-stone.jp/
162670,Crunchyroll,STREAMING,,https://www.crunchyroll.com/series/GYEXQKJG6/dr-stone
162670,Netflix,STREAMING,,https://www.netflix.com/title/81046193
162670,YouTube,STREAMING,,https://www.youtube.com/playlist?list=PLxSscENEp7JgOJnHWhu4PB9hzHwHgj228
162670,Bilibili TV,STREAMING,,https://www.bilibili.tv/en/media/2079139
162670,iQ,STREAMING,,https://www.iq.com/album/21wd697vqxt
162670,TikTok,SOCIAL,Japanese,https://tiktok.com/@STONE_anime_off
162694,Official Site,INFO,Japanese,https://hyakkano.com/
162694,Twitter,SOCIAL,Japanese,https://twitter.com/hyakkano_anime
162694,TikTok,SOCIAL,Japanese,https://www.tiktok.com/@hyakkano_anime
162694,Bilibili TV,STREAMING,,https://www.bilibili.tv/en/media/2091388
162694,Crunchyroll,STREAMING,,https://www.crunchyroll.com/series/GNVHKN933/the-100-girlfriends-who-really-really-really-really-really-love-you
162694,YouTube,STREAMING,,https://www.youtube.com/playlist?list=PLwLSw1_eDZl2ilZQ5Xv1xozab_cm90ugI
162720,Official Site,INFO,Japanese,https://otonaprecure2023.com/
162720,Twitter,SOCIAL,Japanese,https://twitter.com/precure_15th
162720,Crunchyroll,STREAMING,,https://www.crunchyroll.com/series/GXJHM3G84/power-of-hope-precure-full-bloom
162720,iQ,STREAMING,,https://www.iq.com/album/1lh5n65ovz5
162803,Twitter,SOCIAL,Japanese,https://twitter.com/dmdp_anime
162803,Official Site,INFO,Japanese,https://dmdp-anime.jp/
162803,Crunchyroll,STREAMING,,https://www.crunchyroll.com/series/G3KHEV04J/dead-mount-death-play
162803,Bilibili TV,STREAMING,,https://www.bilibili.tv/en/media/2079244
162803,YouTube,STREAMING,,https://www.youtube.com/playlist?list=PLxSscENEp7JjmVgbQEBya4XiwhlfvjXlI
162904,Official Site,INFO,Japanese,https://tottochan-movie.jp/
162904,Twitter,SOCIAL,Japanese,https://twitter.com/tottochan_movie
162904,Instagram,SOCIAL,Japanese,https://www.instagram.com/tottochan_movie
162904,Facebook,SOCIAL,Japanese,https://www.facebook.com/tottochan.movie/
162984,Official Site,INFO,Japanese,https://kamierabi.com/
162984,Twitter,SOCIAL,Japanese,https://twitter.com/kamierabi_PR
162984,Crunchyroll,STREAMING,,https://www.crunchyroll.com/series/GZJH3D898/kamierabi-godapp
162989,Official Site,INFO,Japanese,https://www.b-boy.jp/special/maskdanshi/oad.html
162989,Twitter,SOCIAL,Japanese,https://twitter.com/maskdanshi/
163024,Twitter,SOCIAL,Japanese,https://twitter.com/tsubasa_news/
163024,Official Site,INFO,Japanese,https://ball-ha-tomodachi.com/jryouth/
163024,Crunchyroll,STREAMING,,https://www.crunchyroll.com/series/G4PH0WJDQ/captain-tsubasa-junior-youth-arc
163024,Amazon Prime Video,STREAMING,,https://www.amazon.com/dp/B0CJV2YVBR/
163024,Netflix,STREAMING,,https://www.netflix.com/title/81003894
163140,Twitter,SOCIAL,Japanese,https://twitter.com/hypnosismic_RA
163140,Official Site,INFO,Japanese,https://hypnosismic-anime.com/
163140,Crunchyroll,STREAMING,,https://www.crunchyroll.com/series/GP5HJ8EV9/hypnosismic--division-rap-battle--rhyme-anima
163142,Crunchyroll,STREAMING,,https://www.crunchyroll.com/series/GEXH3W207/a-returners-magic-should-be-special
163142,Twitter,SOCIAL,Japanese,https://twitter.com/returners_magic
163142,Official Site,INFO,Japanese,https://returners-magic.com/
163142,Bilibili TV,STREAMING,,https://www.bilibili.tv/en/media/2090572
163143,Twitter,SOCIAL,Japanese,https://twitter.com/gitssac2045/
163143,Official Site,INFO,Japanese,https://www.ghostintheshell-sac2045.jp/movie
163204,Official Site,INFO,Japanese,https://gundam-bm.net/
163204,YouTube,STREAMING,,https://www.youtube.com/playlist?list=PLJV1h9xQ7Hx-41y3mef81FVIvQnWzMmXV
163204,Twitter,SOCIAL,Japanese,https://twitter.com/buildfighters/
163204,Official Site,INFO,English,https://en.gundam.info/about-gundam/series-pages/buildmetaverse/
163329,TikTok,SOCIAL,Japanese,https://www.tiktok.com/@anime_toman_official
163329,Official Site,INFO,Japanese,https://tokyo-revengers-anime.com/
163329,Twitter,SOCIAL,Japanese,https://twitter.com/anime_toman
163329,YouTube,STREAMING,,https://www.youtube.com/@animetoman
163329,Disney Plus,STREAMING,,https://www.disneyplus.com/series/tokyo-revengers/4HFbN55sAh0i
163329,Star+,STREAMING,,https://www.starplus.com/series/tokyo-revengers/4HFbN55sAh0i
163329,Hulu,STREAMING,,https://www.hulu.com/series/tokyo-revengers-1a195a35-e19c-4e36-b609-3b1c451f6ce4
163363,Official Site,INFO,Japanese,https://poleprincess.jp/
163363,Twitter,SOCIAL,Japanese,https://twitter.com/polpri_staff
163363,TikTok,SOCIAL,Japanese,https://www.tiktok.com/@polpri_staff
163363,YouTube,STREAMING,,https://youtube.com/@polpri_staff
163363,Twitter,SOCIAL,Korean,https://twitter.com/polpri_kr
163364,Official Site,INFO,Japanese,https://anime-bikkuri-men.jp/
163364,Instagram,SOCIAL,Japanese,https://www.instagram.com/animebikkurimen/
163364,Twitter,SOCIAL,Japanese,https://twitter.com/animebikkurimen/
163364,YouTube,STREAMING,,https://www.youtube.com/playlist?list=PLxSscENEp7Jhose3mPurcK_gM8Dm1mQFZ
164226,Twitter,SOCIAL,Japanese,https://twitter.com/HOKKYOKU_Dept
164226,Official Site,INFO,Japanese,https://hokkyoku-dept.com/
164226,Instagram,SOCIAL,Japanese,https://www.instagram.com/hokkyoku.dept/
164226,Crunchyroll,STREAMING,,https://www.crunchyroll.com/series/GVDHX85QQ/the-concierge
164241,Official Site,INFO,Japanese,https://ensemble-stars.jp/anime/crossroad/
164241,YouTube,STREAMING,,https://www.youtube.com/playlist?list=PL5wEQ3YUNbnAsPD2SGo0FR1451RrS1Ep3
164241,Twitter,SOCIAL,Japanese,https://twitter.com/enstars_anime
164293,Twitter,SOCIAL,Japanese,https://twitter.com/welcome_komada
164293,Official Site,INFO,Japanese,https://gaga.ne.jp/welcome-komada/
164312,Official Site,INFO,Japanese,https://yuzukisan-anime.com/
164312,Twitter,SOCIAL,Japanese,https://twitter.com/yuzukisan_anime
164312,Crunchyroll,STREAMING,,https://www.crunchyroll.com/series/GDKHZEJ7K/the-yuzuki-familys-four-sons
164312,YouTube,STREAMING,,https://www.youtube.com/playlist?list=PLxSscENEp7JhOZzCUOcQocjQ1sPjtpXHY
164551,Official Site,INFO,Japanese,http://jashinchan.com/
164551,Twitter,SOCIAL,Japanese,https://twitter.com/jashinchan_PJ/
164551,Crunchyroll,STREAMING,,https://www.crunchyroll.com/watch/G50UZVZP1/dropkick-on-my-devil-apocalypse-day
165070,Twitter,SOCIAL,Japanese,https://twitter.com/do_tennen_anime
165070,Official Site,INFO,Japanese,https://do-tennen.com/
165070,Crunchyroll,STREAMING,,https://www.crunchyroll.com/series/G0XHWM1ZK/my-new-boss-is-goofy
165070,OceanVeil,STREAMING,,https://oceanveil.net/anime_titles/
165159,Official Site,INFO,Japanese,https://beyblade.takaratomy.co.jp/anime/
165159,Official Site,INFO,Japanese,https://www.tv-tokyo.co.jp/anime/beyblade/
165159,Official Site,INFO,English,https://beyblade.com/
165159,Twitter,SOCIAL,Japanese,https://x.com/beyblade_info
165159,Netflix,STREAMING,,https://www.netflix.com/title/81924739
165159,Hulu,STREAMING,,https://www.hulu.com/series/0e46c665-5191-407f-8dc5-e22a0095578c
166452,Instagram,SOCIAL,Japanese,https://www.instagram.com/mahoyomeproject/
166452,Twitter,SOCIAL,Japanese,https://twitter.com/mahoyomeproject
166452,Official Site,INFO,Japanese,https://mahoyome.jp
166452,Crunchyroll,STREAMING,,https://www.crunchyroll.com/series/GRZXQJJ8Y/the-ancient-magus-bride
166452,Bilibili TV,STREAMING,,https://www.bilibili.tv/en/media/2078851
166523,Twitter,SOCIAL,Japanese,https://twitter.com/kizunanoallele
166523,Official Site,INFO,Japanese,http://kizunanoallele.com/
166523,Crunchyroll,STREAMING,,https://www.crunchyroll.com/series/G0XHWM577/kizuna-no-allele
166532,Official Site,INFO,Japanese,https://cinderella-u149-anime.idolmaster-official.jp/
166896,Official Site,INFO,Japanese,https://bokuame.com/
166896,Twitter,SOCIAL,Japanese,https://twitter.com/bokuame_anime
166896,Crunchyroll,STREAMING,,https://www.crunchyroll.com/series/G4PH0WJ4Q/protocol-rain
166896,YouTube,STREAMING,,https://www.youtube.com/playlist?list=PLwLSw1_eDZl0QVdscY93WMTdqR0tl1b32
166977,Official Site,INFO,Japanese,https://pripri-anime.jp/product/bd/
166977,Twitter,SOCIAL,Japanese,https://twitter.com/pripri_anime
167820,Netflix,STREAMING,,https://netflix.com/title/81340213
167820,Official Site,INFO,Japanese,https://gnw-anime.com/
167820,Twitter,SOCIAL,Japanese,https://twitter.com/GNW_anime
168992,Instagram,SOCIAL,Japanese,https://www.instagram.com/anime_ochibisan/
168992,Twitter,SOCIAL,Japanese,https://twitter.com/anime_ochibisan
168992,Official Site,INFO,Japanese,https://sh-anime.shochiku.co.jp/ochibisan/
168992,YouTube,STREAMING,,https://youtube.com/playlist?list=PLxSscENEp7Jj8SsbVW5hO3tUne2eq1KRx&si=TyhW-XTY3g-zi0Dz
169000,Official Site,INFO,Japanese,https://bn-pictures.co.jp/gintama/on_theater_2d/
169000,YouTube,STREAMING,,https://youtube.com/@gintama_channel_official
169000,Twitter,SOCIAL,Japanese,https://twitter.com/gintamamovie
169227,Twitter,SOCIAL,Japanese,https://twitter.com/matsuinu_info/
169227,Official Site,INFO,Japanese,https://matsuinu-anime.com/
169227,YouTube,STREAMING,,https://www.youtube.com/playlist?list=PLIVtHEIFv2BnIGZPRyPN718ofsH72eD_n
169296,Official Site,INFO,Japanese,https://sumikkogurashi-movie.com/
169296,Instagram,SOCIAL,Japanese,https://www.instagram.com/sumikko_movie/
169296,Twitter,SOCIAL,Japanese,https://twitter.com/sumikko_movie
169296,Netflix,STREAMING,,https://www.netflix.com/bn/title/81906768
169362,Twitter,SOCIAL,Japanese,https://twitter.com/BTW_anime/
169362,Official Site,INFO,Japanese,https://burn-the-witch-anime.com/story-zeropointeight/
169362,Crunchyroll,STREAMING,,https://www.crunchyroll.com/series/GRPP77VJR/burn-the-witch
169402,Official Site,INFO,Japanese,https://heroaca.com/#index
169402,Twitter,SOCIAL,Japanese,https://twitter.com/heroaca_anime/
169402,Crunchyroll,STREAMING,,https://www.crunchyroll.com/watch/GX9UQJE85
169511,Twitter,SOCIAL,Japanese,https://twitter.com/anime_hyakusho
169511,Official Site,INFO,Japanese,https://s.mxtv.jp/anime/hyakusho_kizoku/
169748,Twitter,SOCIAL,Japanese,https://twitter.com/kanokari_anime
169749,Twitter,SOCIAL,Japanese,https://twitter.com/bousyoku_anime
169749,YouTube,STREAMING,,https://www.youtube.com/watch?v=rLxhtIeihhc&list=PLJM9q0ebMsWnDtaBJBJvD_iWkw2zo3upt
169749,Official Site,INFO,Japanese,https://bousyoku-anime.com/
169750,YouTube,STREAMING,,https://youtube.com/@TV-kt7jx
169750,Twitter,SOCIAL,Japanese,https://twitter.com/ShanFro_Comic
169929,YouTube,STREAMING,,https://www.youtube.com/playlist?list=PL3ongWuaWwZOFiW_8skW2Aj-lB1wj0V3C
169929,Official Site,INFO,,https://shadow-garden.jp/2nd/special/special9.php
169966,YouTube,STREAMING,,https://www.youtube.com/playlist?list=PLe-UftTUsMbk7fMwURgLZ6_kz71DGssQw
169966,Twitter,SOCIAL,Japanese,https://twitter.com/i_cn_official
169966,Instagram,SOCIAL,Japanese,https://www.instagram.com/i_cn_official
169966,YouTube,STREAMING,,https://www.youtube.com/playlist?list=PLN9X97LDR0Xs1gPhS-7ayOFdBBhIN6IKd
170041,Twitter,SOCIAL,Japanese,https://twitter.com/CN_Sakuya_Anime
170041,Official Site,INFO,Japanese,https://cryptoninja-sakuya.xyz/
170068,Twitter,SOCIAL,Japanese,https://twitter.com/anime_frieren
170068,YouTube,STREAMING,,https://www.youtube.com/playlist?list=PLtdSPZNWT1AuEnWLElajRzm2DZhx1tVhd
170068,TikTok,SOCIAL,Japanese,https://www.tiktok.com/@anime_frieren
170068,Official Site,INFO,Japanese,https://frieren-anime.jp/special/dchara/
170206,Netflix,STREAMING,,https://www.netflix.com/title/81153115
170221,Twitter,SOCIAL,Japanese,https://twitter.com/bokuyaba_anime
170221,Official Site,INFO,Japanese,https://bokuyaba-anime.com/
170221,HIDIVE,STREAMING,,https://www.hidive.com/season/20675
170221,Amazon Prime Video,STREAMING,,https://www.amazon.co.jp/gp/video/detail/B0CP8LMQV7/ref=atv_dp_season_select_s2
170221,Netflix,STREAMING,,https://www.netflix.com/browse?jbv=81788312
170496,YouTube,STREAMING,,https://www.youtube.com/watch?v=VTzQsNxHz_0&list=PLMNMUwwForvk-t6PkhBNj4j_-pPJnpgAh
170496,Twitter,SOCIAL,Japanese,https://twitter.com/bokuame_anime
170505,YouTube,STREAMING,,https://www.youtube.com/playlist?list=PLiFNg5fXiX32dTZIlrl69RyKq0ddyoiwb
170507,YouTube,STREAMING,,https://www.youtube.com/playlist?list=PL3ongWuaWwZPHONRmszuiKnQSSqDooOXj
170507,Twitter,SOCIAL,Japanese,https://www.twitter.com/komaki_motors
170508,YouTube,STREAMING,,https://www.youtube.com/playlist?list=PLtdSPZNWT1AtlB6oZ-OLqZKXwMdMnIDiC
170508,Twitter,SOCIAL,Japanese,https://twitter.com/kusuriya_PR
170511,Twitter,SOCIAL,Japanese,https://twitter.com/sumikko_movie
170535,YouTube,STREAMING,,https://www.youtube.com/watch?v=5yQSUimraSU
170535,YouTube,STREAMING,,https://www.youtube.com/watch?v=jlX72oLqDag
170620,YouTube,STREAMING,,https://youtu.be/bCRTrVh0PWY
170660,Official Site,INFO,,https://www.san-x.co.jp/chickipdancers/
170661,Crunchyroll,STREAMING,,https://www.crunchyroll.com/watch/GMKUXQKE0/no-way-why-is-it-so-big--you-mustnt-touch-that
171130,YouTube,STREAMING,,https://youtube.com/playlist?list=PLmLcZ2Fpc1GnSWw6eDtiLyVbzlrM2gVUW&si=w5P40f59OtPC7Uze
171130,Twitter,SOCIAL,Japanese,https://twitter.com/futabashaBL
171346,Twitter,SOCIAL,Japanese,https://twitter.com/project_kabigon
171346,Instagram,SOCIAL,Japanese,https://www.instagram.com/project_kabigon
171346,YouTube,STREAMING,,https://youtu.be/xGffu81kRfA
171601,Twitter,SOCIAL,Japanese,https://twitter.com/sukiani_otoko
171601,Official Site,INFO,Japanese,https://www.sukiani.jp/
171601,YouTube,STREAMING,,https://www.youtube.com/channel/UCdgvJjjbraQnaz-2EAAT91Q
171601,TikTok,SOCIAL,Japanese,https://www.tiktok.com/@sukiani_otoko
172842,YouTube,STREAMING,,https://www.youtube.com/@sauna3371
172842,Twitter,SOCIAL,Japanese,https://twitter.com/and_sauna
173244,YouTube,STREAMING,,https://www.youtube.com/@ElemonSeries
173244,Official Site,INFO,English,https://www.toei-anim.co.jp/tv/elemon/
173956,Twitter,SOCIAL,Japanese,https://twitter.com/rhapsody_jp
173956,Official Site,INFO,Japanese,https://rhapsodyrecords.jp/
173956,TikTok,SOCIAL,Japanese,https://www.tiktok.com/@rhapsody_pr
173956,Instagram,SOCIAL,Japanese,https://www.instagram.com/rhapsody_pr/
173956,YouTube,STREAMING,,https://www.youtube.com/channel/UCLcpA6UIWl51xf95kUf589g
177098,YouTube,STREAMING,,https://www.youtube.com/watch?v=-VJMHCs45NE
177098,YouTube,STREAMING,,https://www.youtube.com/watch?v=Sb3tplFIyMU
177465,YouTube,STREAMING,,https://youtu.be/RW3eBWQ1IyQ
179872,Official Site,INFO,Japanese,https://oshiri-tantei.com/
179873,Official Site,INFO,Japanese,https://www.monster-strike.com/promotion/shinshun2024/
183472,YouTube,STREAMING,,https://www.youtube.com/playlist?list=PLR_z6ks7z5aOIJ2sp1RIEbKePSEWOqn1X
183472,Hulu,STREAMING,,https://www.hulu.jp/nui-story
187051,Instagram,SOCIAL,Japanese,https://www.instagram.com/sylvanian_movie/
187051,Official Site,INFO,Japanese,https://sylvanianfamilies-movie.com/
187051,Twitter,SOCIAL,Japanese,https://x.com/Sylvanian_Movie
204547,Official Site,INFO,Japanese,https://www.web.nhk/tv/pl/series-tep-PYL2917V5V
134761,Official Site,INFO,Japanese,https://www.gundam-seed.net/freedom/
134761,Twitter,SOCIAL,Japanese,https://twitter.com/SEED_HDRP
134761,TikTok,SOCIAL,Japanese,https://www.tiktok.com/@seed_freedom_official
134761,Netflix,STREAMING,,https://www.netflix.com/title/81747912
134761,Crunchyroll,STREAMING,,https://www.crunchyroll.com/series/GJ0H7QG5M/mobile-suit-gundam-seed-freedom
137908,Twitter,SOCIAL,Japanese,https://twitter.com/chiyumahou_PR
137908,Official Site,INFO,Japanese,https://chiyumahou-anime.com/
137908,Crunchyroll,STREAMING,,https://www.crunchyroll.com/series/G0XHWM1EK/the-wrong-way-to-use-healing-magic
137908,Bilibili TV,STREAMING,,https://www.bilibili.tv/en/media/2095912
137908,YouTube,STREAMING,,https://www.youtube.com/playlist?list=PLwLSw1_eDZl2qQ39Obr5X2J0fIATD9M2M
137908,Netflix,STREAMING,,https://www.netflix.com/title/81747942
139518,Twitter,SOCIAL,Japanese,https://twitter.com/tsukimichi_PR
139518,Official Site,INFO,Japanese,https://tsukimichi.com/
139518,Crunchyroll,STREAMING,,https://www.crunchyroll.com/series/GZJH3D719/tsukimichi--moonlit-fantasy-
139518,Bilibili TV,STREAMING,,https://www.bilibili.tv/en/media/2097987
139518,YouTube,STREAMING,,https://www.youtube.com/playlist?list=PLxSscENEp7JhJY1zEwijh3wClH5Gw1ylJ
141821,Twitter,SOCIAL,Japanese,https://twitter.com/mabotai_kohobu
141821,Official Site,INFO,Japanese,https://mabotai.jp/
141821,HIDIVE,STREAMING,,https://www.hidive.com/tv/chained-soldier
141821,Bilibili TV,STREAMING,,https://www.bilibili.tv/en/media/2096950
141821,YouTube,STREAMING,,https://www.youtube.com/playlist?list=PLwLSw1_eDZl3ICvMY_c9VTL6yduj59Osl
143866,Twitter,SOCIAL,Japanese,https://twitter.com/tomozakikoshiki
143866,Official Site,INFO,Japanese,http://tomozaki-koushiki.com/
143866,Crunchyroll,STREAMING,,https://www.crunchyroll.com/series/GDKHZEWP9/bottom-tier-character-tomozaki
143866,Bilibili TV,STREAMING,,https://www.bilibili.tv/en/media/2097389
144770,Official Site,INFO,Japanese,https://bloody-escape.com/
144770,Twitter,SOCIAL,Japanese,https://twitter.com/BLOODY__ESCAPE
144770,Crunchyroll,STREAMING,,https://www.crunchyroll.com/series/G4PH0WJNG/bloody-escape-bats-out-of-hell
146066,Twitter,SOCIAL,Japanese,https://twitter.com/youkosozitsu
146066,Official Site,INFO,Japanese,http://you-zitsu.com/
146066,Crunchyroll,STREAMING,,https://www.crunchyroll.com/series/GRVN8MNQY/classroom-of-the-elite
146066,Bilibili TV,STREAMING,,https://www.bilibili.tv/media/2084237
146066,YouTube,STREAMING,,https://www.youtube.com/playlist?list=PLwLSw1_eDZl3ptRSYsrWpjb7_d8DXgxF3
146066,iQ,STREAMING,,https://www.iq.com/album/1gz067tfrlx
146609,Official Site,INFO,Japanese,https://dededede.jp/
146609,Twitter,SOCIAL,Japanese,https://twitter.com/DEDEDEDEanime
147642,Twitter,SOCIAL,Japanese,https://twitter.com/nozomanufushiPR
147642,Official Site,INFO,Japanese,https://nozomanufushi-anime.jp/
147642,Crunchyroll,STREAMING,,https://www.crunchyroll.com/series/GW4HM7WZQ/the-unwanted-undead-adventurer
147642,Bilibili TV,STREAMING,,https://www.bilibili.tv/en/media/2096429
147642,YouTube,STREAMING,,https://youtube.com/playlist?list=PLwLSw1_eDZl3tJE53C10vT7BjOzXaG5q5&si=xgzVkKWJb1nI1tK8
147642,Netflix,STREAMING,,https://netflix.com/title/81746882
147850,Twitter,SOCIAL,Japanese,https://twitter.com/SHAMANKING_PR
147850,Official Site,INFO,Japanese,https://shamanking-project.com/
147850,Netflix,STREAMING,,https://www.netflix.com/title/81749969
151639,Max,STREAMING,,https://play.max.com/show/163fa9d3-af20-4fb4-8918-628ba5725ca3
151639,Adult Swim,STREAMING,,https://www.adultswim.com/videos/ninja-kamui
151639,Amazon Prime Video,STREAMING,,https://www.amazon.com/Ninja-Kamui-Season-1/dp/B0CV3XH1NS
151807,Crunchyroll,STREAMING,,https://www.crunchyroll.com/solo-leveling
151807,Twitter,SOCIAL,English,https://twitter.com/sololeveling_en
151807,Official Site,INFO,Japanese,https://sololeveling-anime.net/
151807,Twitter,SOCIAL,Japanese,https://twitter.com/sololeveling_pr
151807,Twitter,SOCIAL,French,https://twitter.com/sololevelingfr
151807,Instagram,SOCIAL,English,https://www.instagram.com/sololeveling_en/
151807,Twitter,SOCIAL,Spanish,https://twitter.com/sololeveling_es
151807,Twitter,SOCIAL,Spanish,https://twitter.com/sololeveling_la
151807,Twitter,SOCIAL,Portuguese,https://twitter.com/sololeveling_pt
151807,Twitter,SOCIAL,German,https://twitter.com/SoloLeveling_De
151807,Instagram,SOCIAL,,https://www.instagram.com/sololeveling_it/
151807,Instagram,SOCIAL,Spanish,https://www.instagram.com/sololeveling_es/
151807,Bilibili TV,STREAMING,,https://www.bilibili.tv/en/media/2097863
151807,YouTube,STREAMING,,https://www.youtube.com/@AniOneAsia
151807,Netflix,STREAMING,,https://www.netflix.com/watch/81748512
151807,TikTok,SOCIAL,Japanese,https://tiktok.com/@sololeveling_pr
151807,Amazon Prime Video,STREAMING,,https://www.primevideo.com/detail/Solo-Leveling/0PBBLSIQOPO9EUYQ4CY4U9CPFD
151807,Facebook,SOCIAL,English,https://www.facebook.com/solo.leveling.en
152072,Twitter,SOCIAL,Japanese,https://twitter.com/mohunade_anime
152072,Official Site,INFO,Japanese,https://mohunadeanime.com/
152072,Crunchyroll,STREAMING,,https://www.crunchyroll.com/series/GZJH3D858/fluffy-paradise
152072,YouTube,STREAMING,,https://www.youtube.com/@TV-dx5ms
152682,Twitter,SOCIAL,Japanese,https://twitter.com/sasaki_pichan
152682,Official Site,INFO,Japanese,https://sasapi-anime.com/
152682,Crunchyroll,STREAMING,,https://www.crunchyroll.com/series/G5PHNM935/sasaki-and-peeps
152682,Bilibili TV,STREAMING,,https://www.bilibili.tv/en/media/2096149
152682,YouTube,STREAMING,,https://www.youtube.com/playlist?list=PLwLSw1_eDZl3-9-2FJKBOwpaNg_K1oUoA
152682,Netflix,STREAMING,,https://www.netflix.com/title/81768306
153518,Twitter,SOCIAL,Japanese,https://twitter.com/dun_meshi_anime
153518,Official Site,INFO,Japanese,https://delicious-in-dungeon.com/
153518,Twitter,SOCIAL,English,https://twitter.com/dun_meshi_en
153518,Netflix,STREAMING,,https://www.netflix.com/title/81564899
153658,Official Site,INFO,Japanese,https://haikyu.jp/movie/
153658,Twitter,SOCIAL,Japanese,https://twitter.com/animehaikyu_com
153658,TikTok,SOCIAL,Japanese,https://tiktok.com/@animehaikyu_official
153658,Netflix,STREAMING,,https://www.netflix.com/title/
153658,Crunchyroll,STREAMING,,https://www.crunchyroll.com/watch/GD9UE9XZ7/haikyu-the-dumpster-battle
153818,Official Site,INFO,Japanese,https://www.tbs.co.jp/anime/majo/
153818,Twitter,SOCIAL,Japanese,https://twitter.com/majo_yajuu
153818,Twitter,SOCIAL,English,https://twitter.com/witch_beast
153818,Crunchyroll,STREAMING,,https://www.crunchyroll.com/series/GZJH3D8W8/the-witch-and-the-beast
153818,iQ,STREAMING,,https://www.iq.com/album/lztatdj6kp
153818,Bilibili TV,STREAMING,,https://www.bilibili.tv/en/media/2097469
155227,Twitter,SOCIAL,Japanese,https://twitter.com/kingdom_animePR
155227,Official Site,INFO,Japanese,https://kingdom-anime.com/
155227,Bilibili TV,STREAMING,,https://www.bilibili.tv/en/media/2097804
155227,Crunchyroll,STREAMING,,https://www.crunchyroll.com/series/GRWE89KMR/kingdom
155645,Twitter,SOCIAL,Japanese,https://twitter.com/uy_allstars
155645,Official Site,INFO,Japanese,https://uy-allstars.com/
155645,HIDIVE,STREAMING,,https://www.hidive.com/tv/urusei-yatsura/season-3
155645,Bilibili TV,STREAMING,,https://www.bilibili.tv/en/media/2096070
155645,Netflix,STREAMING,,https://www.netflix.com/title/81642888
155963,Twitter,SOCIAL,Japanese,https://twitter.com/dosankogal_pr
155963,Official Site,INFO,Japanese,https://dosankogal-pr.com/
155963,Crunchyroll,STREAMING,,https://www.crunchyroll.com/series/GJ0H7QGPK/hokkaido-gals-are-super-adorable
156131,Twitter,SOCIAL,Japanese,https://twitter.com/shinnonakama_tv
156131,Official Site,INFO,Japanese,https://shinnonakama.com/
156131,Crunchyroll,STREAMING,,https://www.crunchyroll.com/series/G9VHN974E/banished-from-the-heros-party-i-decided-to-live-a-quiet-life-in-the-countryside
156131,Bilibili TV,STREAMING,,https://www.bilibili.tv/en/media/2095663
156891,Official Site,INFO,Japanese,https://saijakutamer-anime.com//index.php
156891,Twitter,SOCIAL,Japanese,https://twitter.com/saijakutamer
156891,Crunchyroll,STREAMING,,https://www.crunchyroll.com/series/GQWH0M1XK/the-weakest-tamer-began-a-journey-to-pick-up-trash
156891,YouTube,STREAMING,,https://www.youtube.com/playlist?list=PLxSscENEp7JgnIq99q08nr7z2jtgY73Y5
158028,Twitter,SOCIAL,Japanese,https://twitter.com/sokushicheat_pr
158028,Official Site,INFO,Japanese,https://sokushicheat-pr.com/
158028,YouTube,STREAMING,,https://youtube.com/@sokushicheat_prdayo
158028,HIDIVE,STREAMING,,https://www.hidive.com/tv/my-instant-death-ability-is-overpowered
158028,Bilibili TV,STREAMING,,https://www.bilibili.tv/en/media/2095811
158028,YouTube,STREAMING,,https://www.youtube.com/playlist?list=PLwLSw1_eDZl24uc_SVJohCJFLtMu2Iaey
158931,Twitter,SOCIAL,Japanese,https://twitter.com/aoex_anime
158931,Official Site,INFO,Japanese,https://www.ao-ex.com/
158931,Twitter,SOCIAL,English,https://twitter.com/BlueExorcistUSA
158931,Bilibili TV,STREAMING,,https://www.bilibili.tv/en/media/2096556
158931,iQ,STREAMING,,https://www.iq.com/album/z9ygkrsj61
158931,YouTube,STREAMING,,https://www.youtube.com/@MuseAsia
158931,Crunchyroll,STREAMING,,https://www.crunchyroll.com/series/G649PJ0JY/blue-exorcist
158931,Instagram,SOCIAL,Japanese,https://www.instagram.com/aoex_official_anime/
158931,TikTok,SOCIAL,Japanese,https://www.tiktok.com/@aoex_anime
160389,Official Site,INFO,Japanese,https://talesofweddingrings-anime.jp/
160389,Twitter,SOCIAL,Japanese,https://twitter.com/weddingringsPR
160389,Crunchyroll,STREAMING,,https://www.crunchyroll.com/series/G79H23ZGP/tales-of-wedding-rings
160389,Bilibili TV,STREAMING,,https://www.bilibili.tv/en/media/2098042
160389,YouTube,STREAMING,,https://www.youtube.com/playlist?list=PLxSscENEp7JgkXAKRkC3TZ53T9itBSZdQ
161476,Official Site,INFO,Japanese,https://ishura-anime.com/
161476,Twitter,SOCIAL,Japanese,https://twitter.com/ishura_anime
161476,Disney Plus,STREAMING,,https://www.disneyplus.com/series/ishura/hQ0p1WPHHQmZ
161476,Hulu,STREAMING,,https://www.hulu.com/series/ishura-811bac64-a492-4f1e-ba7a-393c825daeec
161476,Star+,STREAMING,,https://www.starplus.com/series/ishura/hQ0p1WPHHQmZ
161476,Hulu,STREAMING,,https://www.hulu.com/series/f441baba-0f6b-4d5b-9fa7-bd16766023f8
162002,Twitter,SOCIAL,Japanese,https://twitter.com/warumono_anime
162002,Official Site,INFO,Japanese,https://www.vap.co.jp/warumonosan-anime/
162002,Crunchyroll,STREAMING,,https://www.crunchyroll.com/series/GXJHM3GV4/mr-villains-day-off
162144,Twitter,SOCIAL,Japanese,https://twitter.com/surgeon_elise
162144,Instagram,SOCIAL,Japanese,https://instagram.com/surgeon_elise/
162144,Official Site,INFO,Japanese,https://surgeon-elise.com/
162144,Crunchyroll,STREAMING,,https://www.crunchyroll.com/series/GVDHX853V/doctor-elise-the-royal-lady-with-the-lamp
162144,Bilibili TV,STREAMING,,https://www.bilibili.tv/en/media/2097526
162780,Official Site,INFO,Japanese,https://mahoako-anime.com/
162780,Twitter,SOCIAL,Japanese,https://twitter.com/mahoako_anime
162780,HIDIVE,STREAMING,,https://www.hidive.com/tv/gushing-over-magical-girls
162842,Official Site,INFO,Japanese,https://hikarinoou-anime.com/
162842,Twitter,SOCIAL,Japanese,https://twitter.com/HikarinoOuAnime
162842,Crunchyroll,STREAMING,,https://www.crunchyroll.com/series/GJ0H7Q5X9/the-fire-hunter
162985,Twitter,SOCIAL,Japanese,https://twitter.com/MetallicRouge
162985,Official Site,INFO,Japanese,https://metallicrouge.jp/
162985,Crunchyroll,STREAMING,,https://www.crunchyroll.com/series/G24H1NWMJ/metallic-rouge
162985,Bilibili TV,STREAMING,,https://www.bilibili.tv/en/media/2095613
162985,YouTube,STREAMING,,https://www.youtube.com/playlist?list=PLxSscENEp7Jix8lSA4pVU_gn3TbjTg1Pb
162987,Official Site,INFO,Japanese,https://given-anime.com/
162987,Twitter,SOCIAL,Japanese,https://twitter.com/given_anime
162987,Crunchyroll,STREAMING,,https://www.crunchyroll.com/watch/GMKUEMXMJ/given-the-movie-hiiragi-mix
163076,Official Site,INFO,Japanese,https://akuyakulv99-anime.com/
163076,Twitter,SOCIAL,Japanese,https://twitter.com/akuyakuLV99
163076,Crunchyroll,STREAMING,,https://www.crunchyroll.com/series/GKEH2G099/villainess-level-99-i-may-be-the-hidden-boss-but-im-not-the-demon-lord
163076,Bilibili TV,STREAMING,,https://www.bilibili.tv/en/media/2098427
163151,Twitter,SOCIAL,Japanese,https://twitter.com/highcard_pj
163151,Official Site,INFO,Japanese,https://highcard-anime.jp/
163151,Official Site,INFO,English,https://highcard-anime.jp/en/
163151,Crunchyroll,STREAMING,,https://www.crunchyroll.com/series/G8DHV74W5/high-card
164204,Twitter,SOCIAL,Japanese,https://twitter.com/cfvanguard_PR/
164204,Official Site,INFO,Japanese,https://anime.cf-vanguard.com/vgd/
164204,Crunchyroll,STREAMING,,https://www.crunchyroll.com/series/GXJHM3NJ5/cardfight-vanguard-overdress
164204,YouTube,STREAMING,,https://www.youtube.com/playlist?list=PLZaz0lCoygowc-cj9JZy2ZM4TwJh5TvCs
164244,Twitter,SOCIAL,Japanese,https://twitter.com/kanaten_PR
164244,Official Site,INFO,Japanese,https://kanaten-anime.com/
164244,Crunchyroll,STREAMING,,https://www.crunchyroll.com/series/GNVHKN983/the-foolish-angel-dances-with-the-devil
164244,Bilibili TV,STREAMING,,https://www.bilibili.tv/en/media/2098140
164244,YouTube,STREAMING,,https://www.youtube.com/playlist?list=PLxSscENEp7JiZZ4cscl39AHpgSzLwMooW
165254,Official Site,INFO,Japanese,https://bucchigiri.jp/
165254,Twitter,SOCIAL,Japanese,https://twitter.com/bucchigiri_PR
165254,Crunchyroll,STREAMING,,https://www.crunchyroll.com/series/G5PHNM985/bucchigiri
165314,Twitter,SOCIAL,Japanese,https://twitter.com/ponnomichi_pr
165314,Official Site,INFO,Japanese,https://ponnomichi-pr.com/
165314,TikTok,SOCIAL,Japanese,https://www.tiktok.com/@ponnomichi_pr
165314,YouTube,STREAMING,,https://youtube.com/@ponnomichi
165314,Bilibili TV,STREAMING,,https://www.bilibili.tv/en/media/2097690
165314,iQ,STREAMING,,https://www.iq.com/album/1cwds7pgqv1
165314,YouTube,STREAMING,,https://youtube.com/playlist?list=PLhGamQZtJ7K8dbIbgjqpRMo803YvCwsep&si=iAwPa2mDwAyZw3RU
165314,YouTube,STREAMING,,https://www.youtube.com/playlist?list=PLHP75qdNzPXwZiQJzgBUEfxqrNxFgAoqs
165314,Netflix,STREAMING,,https://www.netflix.com/title/81748107
165314,Hulu,STREAMING,,https://www.hulu.jp/pon-no-michi?cmp=8083
165598,Twitter,SOCIAL,Japanese,https://twitter.com/bangbravern
165598,Official Site,INFO,Japanese,https://bangbravern.com/
165598,Crunchyroll,STREAMING,,https://www.crunchyroll.com/series/GEXH3W217/brave-bang-bravern
166093,Official Site,INFO,Japanese,https://snackbasue.com/
166093,Twitter,SOCIAL,Japanese,https://twitter.com/snackbasue/
166093,YouTube,STREAMING,,https://www.youtube.com/playlist?list=PLxSscENEp7JhOhIGAfgtgEeeIKiUOY-GC
166093,Crunchyroll,STREAMING,,https://www.crunchyroll.com/series/GDKHZEJ1K/snack-basue
166093,Instagram,SOCIAL,Japanese,https://www.instagram.com/snackbasue
166216,Twitter,SOCIAL,Japanese,https://twitter.com/bokuyaba_anime
166216,Official Site,INFO,Japanese,https://bokuyaba-anime.com
166216,HIDIVE,STREAMING,,https://www.hidive.com/tv/the-dangers-in-my-heart/season-2
166216,Bilibili TV,STREAMING,,https://www.bilibili.tv/en/media/2097299
166216,Netflix,STREAMING,,https://www.netflix.com/title/81788312
166216,Amazon Prime Video,STREAMING,,https://www.amazon.de/gp/video/detail/B0CPQ7WF89/ref=atv_dp_season_select_s2
166216,Hulu,STREAMING,,https://www.hulu.com/series/the-dangers-in-my-heart-3b5bdff1-01cb-499d-a250-9158240a9e2b
166216,TikTok,SOCIAL,Japanese,https://www.tiktok.com/@bokuyaba_anime
166522,Twitter,SOCIAL,Japanese,https://twitter.com/himesama_goumon
166522,Official Site,INFO,Japanese,https://himesama-goumon.com/
166522,Crunchyroll,STREAMING,,https://www.crunchyroll.com/series/G1XHJV0KV/tis-time-for-torture-princess
166522,YouTube,STREAMING,,https://www.youtube.com/playlist?list=PLxSscENEp7Jj_DWMG7HGfaMhicOjAhih4
166610,Twitter,SOCIAL,Japanese,https://twitter.com/mashle_official
166610,Official Site,INFO,Japanese,https://mashle.pw/
166610,Crunchyroll,STREAMING,,https://www.crunchyroll.com/series/GDKHZEP8W/mashle-magic-and-muscles
166610,Twitter,SOCIAL,English,https://twitter.com/MashleAnimeENG
166610,Official Site,INFO,English,https://mashleanime.com/
166610,YouTube,STREAMING,,https://www.youtube.com/@AniOneAsia
166610,Netflix,STREAMING,,https://www.netflix.com/title/81685164
166794,Twitter,SOCIAL,Japanese,https://twitter.com/yubisaki_pr
166794,Official Site,INFO,Japanese,https://yubisaki-pr.com/
166794,Crunchyroll,STREAMING,,https://www.crunchyroll.com/series/GEXH3W2V7/a-sign-of-affection
166794,Bilibili TV,STREAMING,,https://www.bilibili.tv/en/media/2095969
166794,YouTube,STREAMING,,https://www.youtube.com/playlist?list=PLwLSw1_eDZl14kD6iz4eILaU9kceG6UZL
166794,Netflix,STREAMING,,https://www.netflix.com/title/81748453
166976,Official Site,INFO,Japanese,https://doraeiga.com/2024/
166976,Twitter,SOCIAL,Japanese,https://twitter.com/doraemonChannel
167087,Official Site,INFO,Japanese,https://cherimaho-anime.com/
167087,Twitter,SOCIAL,Japanese,https://twitter.com/cherimahoanime
167087,YouTube,STREAMING,,https://www.youtube.com/playlist?list=PLxSscENEp7JjiKtlYNYHeWK60QGimR67l
167087,Crunchyroll,STREAMING,,https://www.crunchyroll.com/series/GP5HJ8435/cherry-magic-thirty-years-of-virginity-can-make-you-a-wizard
167140,Official Site,INFO,Japanese,https://eiyukyoushitsu-anime.com/bd/
167146,Official Site,INFO,Japanese,https://www.momochisan-anime.com/
167146,Twitter,SOCIAL,Japanese,https://twitter.com/momochi_anime
167146,Crunchyroll,STREAMING,,https://www.crunchyroll.com/series/GG5H5XQP4/the-demon-prince-of-momochi-house
167146,Bilibili TV,STREAMING,,https://www.bilibili.tv/en/media/2097613
167404,Official Site,INFO,Japanese,https://www.shonenjump.com/j/sp_monsters/
167404,Netflix,STREAMING,,https://www.netflix.com/title/81733654
167404,Amazon Prime Video,STREAMING,,https://www.primevideo.com
167404,YouTube,STREAMING,,https://www.youtube.com/@AniOneAsia
167486,Twitter,SOCIAL,Japanese,https://twitter.com/watashino_info
167486,Official Site,INFO,Japanese,https://watakon-anime.com/
167486,Netflix,STREAMING,,https://www.netflix.com/title/81564905
167984,Twitter,SOCIAL,Japanese,https://twitter.com/omrk_movie
167984,Official Site,INFO,Japanese,https://ohmuroke.com/
168194,Official Site,INFO,Japanese,https://sengoku-youko.com/
168194,Twitter,SOCIAL,Japanese,https://twitter.com/sengoku_youko
168194,Crunchyroll,STREAMING,,https://www.crunchyroll.com/series/G3KHEVD57/sengoku-youko
168194,YouTube,STREAMING,,https://www.youtube.com/playlist?list=PLxSscENEp7JgVdNKD0Q2XtDOs6n1KEceH
168374,Official Site,INFO,Japanese,https://7th-timeloop.com/
168374,Twitter,SOCIAL,Japanese,https://x.com/7th_timeloop
168374,Crunchyroll,STREAMING,,https://www.crunchyroll.com/series/G4PH0WJGQ/7th-time-loop-the-villainess-enjoys-a-carefree-life-married-to-her-worst-enemy
168374,YouTube,STREAMING,,https://www.youtube.com/playlist?list=PLwLSw1_eDZl22NzEffbakJYVXiiWas9KH
168374,Netflix,STREAMING,,https://www.netflix.com/id-en/title/81747897
168374,Instagram,SOCIAL,Japanese,https://www.instagram.com/7th_timeloop/
169291,Twitter,SOCIAL,Japanese,https://twitter.com/hari_koinuPR/
169291,Official Site,INFO,Japanese,https://harimaware-koinu-anime.com/
169418,Official Site,INFO,Japanese,https://moh-scientific-anime.com/
169418,Twitter,SOCIAL,Japanese,https://twitter.com/MOH_scientific
169418,Crunchyroll,STREAMING,,https://www.crunchyroll.com/series/G8DHV78K4/delusional-monthly-magazine
169559,Official Site,INFO,Japanese,https://synduality-noir.com/
169559,Twitter,SOCIAL,Japanese,https://twitter.com/SYN_noir/
169559,Hulu,STREAMING,,https://www.hulu.com/series/10f2d56d-87f3-469f-8004-a0d2bab3d57d
169559,Star+,STREAMING,,https://www.starplus.com/series/synduality-noir/6Wyhb8bQ9XDr
169935,Official Site,INFO,Japanese,https://saikyo-tank.com/index.php
169935,Twitter,SOCIAL,Japanese,https://x.com/saikyo_tank
169935,Bilibili TV,STREAMING,,https://www.bilibili.tv/en/media/2098275
169935,Crunchyroll,STREAMING,,https://www.crunchyroll.com/series/G9VHN9QKN/the-strongest-tanks-labyrinth-raids--a-tank-with-a-rare-9999-resistance-skill-got-kicked-from-the-heros-party-
169935,YouTube,STREAMING,,https://www.youtube.com/playlist?list=PLxSscENEp7Ji3tb_Lb6OxaEz_cskN0WeZ
170935,Official Site,INFO,Japanese,https://www.greatpretender.jp/
170935,Twitter,SOCIAL,Japanese,https://twitter.com/GrePre_anime
170935,Crunchyroll,STREAMING,,https://www.crunchyroll.com/series/GJ0H7QG4K/great-pretender-razbliuto
170953,Official Site,INFO,Japanese,https://www.tv-tokyo.co.jp/anime/yamishibai12/
170953,Twitter,SOCIAL,Japanese,https://twitter.com/yamishibai_TX
170953,Crunchyroll,STREAMING,,https://www.crunchyroll.com/series/G6WEM1V36/theatre-of-darkness-yamishibai
171019,Official Site,INFO,Japanese,https://isekainoyu.com/
171019,Twitter,SOCIAL,Japanese,https://twitter.com/isekainoyuanime
171019,Coolmic,STREAMING,,https://coolmic.me/anime/video_titles/57
171019,OceanVeil,STREAMING,,https://oceanveil.net/anime_titles/71
171019,OceanVeil,STREAMING,,https://oceanveil.net/anime_titles/112
171019,OceanVeil,STREAMING,,https://oceanveil.net/anime_titles/197
171019,OceanVeil,STREAMING,,https://oceanveil.net/anime_titles/198
171026,Official Site,INFO,Japanese,https://paripikoumei-anime.com/
171026,Twitter,SOCIAL,Japanese,https://twitter.com/paripikoumei_PR
171026,HIDIVE,STREAMING,,https://www.hidive.com/video/608187
171030,Official Site,INFO,Japanese,https://www.toei-anim.co.jp/tv/wonderful_precure/
171030,Twitter,SOCIAL,Japanese,https://twitter.com/TVanime_precure
171030,YouTube,STREAMING,,https://www.youtube.com/c/precure
171030,Instagram,SOCIAL,Japanese,https://www.instagram.com/precure_curesta/
171030,Crunchyroll,STREAMING,,https://www.crunchyroll.com/series/G9VHN9QWN/wonderful-precure
171030,TikTok,SOCIAL,Japanese,https://www.tiktok.com/@precure_official
171144,Official Site,INFO,Japanese,https://www.shochiku-tokyu.co.jp/special/meijigekken1874/
171144,Crunchyroll,STREAMING,,https://www.crunchyroll.com/series/GW4HM7W4Q/meiji-gekken-1874
171144,Twitter,SOCIAL,Japanese,https://twitter.com/meijigekken1874
172016,Official Site,INFO,Japanese,https://oshiri-movie.com/
172016,Twitter,SOCIAL,Japanese,https://twitter.com/o_tantei
172852,Twitter,SOCIAL,Japanese,https://twitter.com/CN_Sakuya_Anime
172852,Official Site,INFO,Japanese,https://cryptoninja-sakuya.xyz/
172966,Official Site,INFO,Japanese,https://4th.chofutsu.com/
172966,Twitter,SOCIAL,Japanese,https://twitter.com/tega_chan
172966,YouTube,STREAMING,,https://www.youtube.com/watch?v=SH4qBI-oCpU&list=PLjA4aVnZl7miQMR1iIgy_t8W3bRZW-082
172966,Instagram,SOCIAL,Japanese,https://www.instagram.com/tega_chan/
172966,Niconico Video,STREAMING,,https://seiga.nicovideo.jp/manga/list?user_id=89782600
172966,Facebook,SOCIAL,Japanese,https://www.facebook.com/chofutsu
172976,Official Site,INFO,Japanese,https://kocha.benesse.ne.jp/kodomo/open/movie/2024/
173216,Twitter,SOCIAL,Japanese,https://twitter.com/saikyooh_anime
173216,Official Site,INFO,Japanese,https://saikyooh.gakken.jp/anime/
173534,YouTube,STREAMING,,https://www.youtube.com/watch?v=lGLnVHMMhLo
173639,Official Site,INFO,Japanese,https://ensemble-stars.jp/anime/checkmate
173639,Twitter,SOCIAL,Japanese,https://twitter.com/enstars_anime
173639,YouTube,STREAMING,,https://www.youtube.com/playlist?list=PL5wEQ3YUNbnB0d9tMsjSOxZeZrW_Kno33
173647,Official Site,INFO,Japanese,https://canonrecordings.com/sakuretsuamabie/
173647,Twitter,SOCIAL,Japanese,https://twitter.com/sakuretsuamabie
173647,YouTube,STREAMING,,https://www.youtube.com/@sakuretsuamabie
174128,YouTube,STREAMING,,https://www.youtube.com/playlist?list=PL58O4nPuExbCRFLQk9o9hJcBrolkx4HRn
174128,Instagram,SOCIAL,Japanese,https://www.instagram.com/chi_ko_ma_ru_/
174128,Twitter,SOCIAL,Japanese,https://twitter.com/chi_ko_ma_ru_
174128,TikTok,SOCIAL,Japanese,https://www.tiktok.com/@chi_ko_ma_ru_
174128,Official Site,INFO,Japanese,https://chikomaru.jp/
174417,Twitter,SOCIAL,Japanese,https://twitter.com/yubisaki_pr
174439,YouTube,STREAMING,,https://www.youtube.com/watch?v=HU8hRb4TCZo
174439,YouTube,STREAMING,,https://www.youtube.com/watch?v=LbEzFJBxQ3c
174439,YouTube,STREAMING,,https://www.youtube.com/playlist?list=PLLnj-61LKXSFWzYaMPoPMDRlP9FSr60gl
174666,Official Site,INFO,Japanese,https://www.mbs.jp/shortanime/
174666,Twitter,SOCIAL,,https://twitter.com/sciencesaru/
174749,Official Site,INFO,Japanese,https://honeyworks.jp/release/liplip_2ndal/
174912,Official Site,INFO,Japanese,https://www.sukiani.jp/
174912,TikTok,SOCIAL,Japanese,https://tiktok.com/@sukiani_dokonjo
174912,Twitter,SOCIAL,Japanese,https://twitter.com/sukiani_dokonjo
174912,YouTube,STREAMING,,https://www.youtube.com/@sukiani_dokonjo
175033,YouTube,STREAMING,,https://www.youtube.com/watch?v=kBebzg6F7IQ
175033,Official Site,INFO,Japanese,https://www.kyocera.co.jp/animation/imashou/
175047,Twitter,SOCIAL,Japanese,https://twitter.com/yoasobi_ABEMA
175047,TikTok,SOCIAL,Japanese,https://www.tiktok.com/@yoasobi_abema
175047,Official Site,INFO,Japanese,https://sayyoutoyoasobi.com/
175513,Twitter,SOCIAL,Japanese,https://twitter.com/Panda_NT_anime
175513,Official Site,INFO,Japanese,https://www.toei-anim.co.jp/anime/panda-narikiritaisou/
175513,TikTok,SOCIAL,Japanese,https://www.tiktok.com/@panda_nt_anime?_t=8lawGJ3RLNg&_r=1
175783,Official Site,INFO,Japanese,https://www.city.uji.kyoto.jp/site/murasaki/70217.html
175783,YouTube,STREAMING,,https://www.youtube.com/watch?v=lgJ7MoqT8Lk
175783,YouTube,STREAMING,,https://www.youtube.com/watch?v=uuJuoXmwkp8
175783,YouTube,STREAMING,,https://www.youtube.com/watch?v=O7SWkkOGKEQ
176529,YouTube,STREAMING,,https://www.youtube.com/playlist?list=PLKkYatWHDPavB3AMnNGRPgrPCBHWUzFMK
176529,Official Site,INFO,Japanese,https://www.wcdonalds.com
177062,YouTube,STREAMING,,https://www.youtube.com/playlist?list=PLn5zABvzh4D5PyTAsCluvjcjCAlyCGtaM
177125,YouTube,STREAMING,,https://www.youtube.com/watch?v=5C_3Pd-_tQQ&list=PL3ongWuaWwZOmg9lSXiw5viD2m_Bg-tiF
177148,YouTube,STREAMING,,https://www.youtube.com/watch?v=QuYJPYEnKns
181970,Official Site,INFO,Japanese,https://www.kizumonogatari-movie.com
181970,Official Site,INFO,English,https://www.kizumonogatari-usa.com
181970,Twitter,SOCIAL,Japanese,https://twitter.com/nisioisin_anime
181970,Crunchyroll,STREAMING,,https://www.crunchyroll.com/series/G3KHEVD0D/kizumonogatari
184369,Official Site,INFO,Japanese,https://www.conan-movie.jp/2024/tvspecial/index.html
184373,YouTube,STREAMING,,https://www.youtube.com/watch?v=5R64pAPUZmk
186764,Official Site,INFO,Japanese,https://www.jp.square-enix.com/sinoalice/movie/
186764,Twitter,SOCIAL,Japanese,https://x.com/sinoalice_jp
199478,Official Site,INFO,Japanese,https://gasonshi.dekimachi.com/
199478,YouTube,STREAMING,,https://youtube.com/playlist?list=PLjA4aVnZl7mhIczHor5iIMuSLXqln25Ux&si=yrj1ansGytI5udKs
199795,YouTube,STREAMING,,https://youtube.com/playlist?list=PLnqUx0MOSlp9y7D8Z8-_ztsi1nIT3p2SP
204506,YouTube,STREAMING,,https://youtu.be/ZrbnZbO4QHc
206353,Official Site,INFO,Japanese,https://hub.robot.co.jp/special/sakanakun-hakofugu/
206353,YouTube,STREAMING,,https://www.youtube.com/watch?v=Yu1pu3TYuaQ
109731,Twitter,SOCIAL,Japanese,https://twitter.com/anime_eupho
109731,Official Site,INFO,Japanese,https://anime-eupho.com/
109731,TikTok,SOCIAL,Japanese,https://www.tiktok.com/@anime_eupho
109731,Crunchyroll,STREAMING,,https://www.crunchyroll.com/series/GRDQNQW9Y/sound-euphonium
130590,Twitter,SOCIAL,Japanese,https://twitter.com/maohgakuin
130590,Official Site,INFO,Japanese,https://maohgakuin.com/
130590,Crunchyroll,STREAMING,,https://www.crunchyroll.com/series/GY243NN0R/the-misfit-of-demon-king-academy
130590,iQ,STREAMING,,https://www.iq.com/album/20gxqr4qdnd
130590,Bilibili TV,STREAMING,,https://www.bilibili.tv/en/media/2072676
130590,Hulu,STREAMING,,https://www.hulu.com/series/edb56aca-9c2d-44ea-94a5-f722680b9862
135643,Netflix,STREAMING,,https://www.netflix.com/title/81050091
136804,Official Site,INFO,Japanese,http://konosuba.com/3rd/
136804,Twitter,SOCIAL,Japanese,https://twitter.com/konosubaanime
136804,TikTok,SOCIAL,Japanese,https://www.tiktok.com/@konosubaanime_pr
136804,Crunchyroll,STREAMING,,https://www.crunchyroll.com/series/GYE5K3GQR/konosuba--gods-blessing-on-this-wonderful-world
136804,Bilibili TV,STREAMING,,https://www.bilibili.tv/en/media/2106744
136804,YouTube,STREAMING,,https://www.youtube.com/playlist?list=PLxSscENEp7JhqZQW_-rc90fYAIV5dymcF
136804,iQ,STREAMING,,https://www.iq.com/album/16ucpowk1tp
143271,Official Site,INFO,Japanese,https://mahouka.jp/3rd/
143271,Twitter,SOCIAL,Japanese,https://twitter.com/mahouka_anime
143271,Crunchyroll,STREAMING,,https://www.crunchyroll.com/series/GRMGDGZVR/the-irregular-at-magic-high-school
143271,Bilibili TV,STREAMING,,https://www.bilibili.tv/en/media/2106884
143271,Twitter,SOCIAL,English,https://x.com/MahoukaUSA
143271,Official Site,INFO,English,https://mahouka.us/3rd/
144176,Twitter,SOCIAL,Japanese,https://twitter.com/kami_to_game
144176,Official Site,INFO,Japanese,https://godsgame-anime.com/
144176,Crunchyroll,STREAMING,,https://www.crunchyroll.com/series/G0XHWM1Q0/gods-games-we-play
144176,Bilibili TV,STREAMING,,https://www.bilibili.tv/en/media/2103848
145728,Twitter,SOCIAL,Japanese,https://twitter.com/Spicy_Wolf_Prj
145728,Official Site,INFO,Japanese,https://spice-and-wolf.com/
145728,Crunchyroll,STREAMING,,https://www.crunchyroll.com/series/G1XHJV08M/spice-and-wolf-merchant-meets-the-wise-wolf
145728,Netflix,STREAMING,,https://www.netflix.com/to/title/81768918
146867,Official Site,INFO,Japanese,https://tonari-no-yokai-san.com/
146867,Twitter,SOCIAL,Japanese,https://twitter.com/TonarinoYokai3
146867,Crunchyroll,STREAMING,,https://www.crunchyroll.com/series/GQWH0M1DX/tonari-no-yokai-san
148080,Netflix,STREAMING,,https://www.netflix.com/title/81582442
148080,Official Site,INFO,Japanese,https://www.amanojaku-movie.com/
150085,Twitter,SOCIAL,Japanese,https://twitter.com/touken_kai
150085,Official Site,INFO,Japanese,https://touken-kai.jp/
150085,TikTok,SOCIAL,Japanese,https://www.tiktok.com/@touken_kai
150085,Crunchyroll,STREAMING,,https://www.crunchyroll.com/series/GVDHX85PN/touken-ranbu-kai-kyoden
151380,Twitter,SOCIAL,Japanese,https://twitter.com/date_a_info
151380,Official Site,INFO,Japanese,https://date-a-live5th-anime.com/
151380,Crunchyroll,STREAMING,,https://www.crunchyroll.com/series/GYEX5E1G6/date-a-live
151380,Bilibili TV,STREAMING,,https://www.bilibili.tv/en/media/2106675
151380,YouTube,STREAMING,,https://www.youtube.com/playlist?list=PLwLSw1_eDZl24IchKz3a3eAcwPorGjU_t
152302,Official Site,INFO,Japanese,https://highspeed-etoile.com/
152302,Twitter,SOCIAL,Japanese,https://twitter.com/HSE_Project_PR
152302,YouTube,STREAMING,,https://youtube.com/@HSE_Official_Channel
152302,Crunchyroll,STREAMING,,https://www.crunchyroll.com/series/GZJH3D879/highspeed-toile
152302,YouTube,STREAMING,,https://www.youtube.com/playlist?list=PLxSscENEp7Jhhi9iqzrkcPvd4rBEfPFZM
153288,Twitter,SOCIAL,Japanese,https://twitter.com/KaijuNo8_O
153288,Official Site,INFO,Japanese,https://kaiju-no8.net/
153288,Twitter,SOCIAL,English,https://twitter.com/KaijuNo8_O_EN
153288,Crunchyroll,STREAMING,,https://www.crunchyroll.com/series/GG5H5XQ7D/kaiju-no-8
153288,iQ,STREAMING,,https://www.iq.com/album/iic8etkxfx
153288,Bilibili TV,STREAMING,,https://www.bilibili.tv/en/media/2107061
153288,TikTok,SOCIAL,Japanese,https://www.tiktok.com/@kaijuno8_o
153288,Instagram,SOCIAL,Japanese,https://www.instagram.com/kaijuno8_pr/
155657,Official Site,INFO,Japanese,https://shumatsu-train.com/
155657,Twitter,SOCIAL,Japanese,https://twitter.com/shumatsu_train
155657,Crunchyroll,STREAMING,,https://www.crunchyroll.com/series/GXJHM3GNX/train-to-the-end-of-the-world
155890,Twitter,SOCIAL,Japanese,https://twitter.com/BAR_katsu
155890,Official Site,INFO,Japanese,https://bartender-anime.com/
155890,Crunchyroll,STREAMING,,https://www.crunchyroll.com/series/GVDHX85DV/bartender-glass-of-god
155908,Official Site,INFO,Japanese,https://yurucamp.jp/third/
155908,Twitter,SOCIAL,Japanese,https://twitter.com/yurucamp_anime
155908,Instagram,SOCIAL,Japanese,https://www.instagram.com/yurucamp_insta/
155908,Crunchyroll,STREAMING,,https://www.crunchyroll.com/series/GRWEW95KR/laid-back-camp
155908,TikTok,SOCIAL,Japanese,https://www.tiktok.com/@yurucamp_anime
155908,YouTube,STREAMING,,https://www.youtube.com/playlist?list=PLxSscENEp7JgpM3BhpeDhDvAXuIUQjOj6
156023,Twitter,SOCIAL,Japanese,https://twitter.com/madome_PR
156023,Official Site,INFO,Japanese,https://madome-anime.com/
156023,Crunchyroll,STREAMING,,https://www.crunchyroll.com/series/G24H1NW20/an-archdemons-dilemma-how-to-love-your-elf-bride
156023,Bilibili TV,STREAMING,,https://www.bilibili.tv/en/media/2106176
156415,Official Site,INFO,Japanese,https://dainanaoji.com/
156415,Twitter,SOCIAL,Japanese,https://twitter.com/dainanaoji_pro
156415,TikTok,SOCIAL,Japanese,https://www.tiktok.com/@dainanaoji_pro
156415,Crunchyroll,STREAMING,,https://www.crunchyroll.com/series/GJ0H7QG4E/i-was-reincarnated-as-the-7th-prince-so-i-can-take-my-time-perfecting-my-magical-ability
156415,Bilibili TV,STREAMING,,https://www.bilibili.tv/en/media/2104024
156415,iQ,STREAMING,,https://www.iq.com/album/y7b6ibavcp
156415,YouTube,STREAMING,,https://www.youtube.com/playlist?list=PLwLSw1_eDZl3FY6j0fvEZZ3qZDqrzsuTn
156415,Netflix,STREAMING,,https://www.netflix.com/title/81769842
156727,Official Site,INFO,Japanese,https://iris.dive2ent.com/movie/
156727,Twitter,SOCIAL,Japanese,https://twitter.com/iris_official_/
156822,Official Site,INFO,Japanese,https://www.ten-sura.com/anime/tensura
156822,Twitter,SOCIAL,Japanese,https://twitter.com/ten_sura_anime
156822,Crunchyroll,STREAMING,,https://www.crunchyroll.com/series/GYZJ43JMR/that-time-i-got-reincarnated-as-a-slime
156822,Bilibili TV,STREAMING,,https://www.bilibili.tv/en/media/2104310
156822,iQ,STREAMING,,https://www.iq.com/album/z2kgzxx3xl
156822,YouTube,STREAMING,,https://www.youtube.com/playlist?list=PLwLSw1_eDZl0TccWcuNXEUCq0R6KBWYFW
156822,Netflix,STREAMING,,https://www.netflix.com/title/81028712
158417,Official Site,INFO,Japanese,https://anime.shochiku.co.jp/anime-sentai-daishikkaku/
158417,Twitter,SOCIAL,Japanese,https://twitter.com/anime_sentai
158417,Disney Plus,STREAMING,,https://www.disneyplus.com/series/go-go-loser-ranger/2VX5fKgeiVEl
158417,Hulu,STREAMING,,https://www.hulu.com/series/go-go-loser-ranger-f3a712f6-b358-4b21-b28a-221f23e0eb48
158417,Star+,STREAMING,,https://www.starplus.com/series/go-go-loser-ranger/2VX5fKgeiVEl
158417,Hulu,STREAMING,,https://www.hulu.com/series/713ae2f3-5d7a-4a66-a724-a937f8ab6dd9
158709,Twitter,SOCIAL,Japanese,https://twitter.com/Project_UM
158709,Official Site,INFO,Japanese,https://unnamedmemory.com/
158709,Crunchyroll,STREAMING,,https://www.crunchyroll.com/series/G9VHN9QXQ/unnamed-memory
158898,Official Site,INFO,Japanese,https://mission-yozakura-family.com/
158898,Twitter,SOCIAL,Japanese,https://twitter.com/OfficialHitsuji
158898,Hulu,STREAMING,,https://www.hulu.com/series/mission-yozakura-family-ac689bea-f955-4d95-8693-7b87b5a309cb
158898,Disney Plus,STREAMING,,https://www.disneyplus.com/series/mission-yozakura-family/fiCVxc9GZNVm
158898,Hulu,STREAMING,,https://www.hulu.com/series/mission-yozakura-family-dub-b151ff3b-c3d2-4e8f-9fc2-dc07af6dbcc5
158988,Crunchyroll,STREAMING,,https://www.crunchyroll.com/series/GVDHX8JKG/saint-seiya-knights-of-the-zodiac
158988,Twitter,SOCIAL,Japanese,https://twitter.com/saintseiyaanime
158988,Official Site,INFO,Japanese,https://www.saintseiya-kotz.com
159039,Twitter,SOCIAL,Japanese,https://twitter.com/sayyouradio_prj
159039,Official Site,INFO,Japanese,https://seiyuradio-anime.com/
159039,Crunchyroll,STREAMING,,https://www.crunchyroll.com/series/G4PH0WJ3N/the-many-sides-of-voice-actor-radio
159039,Bilibili TV,STREAMING,,https://www.bilibili.tv/en/media/2104964
160090,Twitter,SOCIAL,Japanese,https://twitter.com/totokamiPR/
160090,Official Site,INFO,Japanese,https://totokami.com
160090,Crunchyroll,STREAMING,,https://www.crunchyroll.com/series/G1XHJV03M/mysterious-disappearances
160181,Official Site,INFO,Japanese,https://sasakoi-anime.com/
160181,Twitter,SOCIAL,Japanese,https://twitter.com/sasakoi_anime
160181,HIDIVE,STREAMING,,https://www.hidive.com/season/22310
160589,Twitter,SOCIAL,Japanese,https://twitter.com/BlueArchive_TV
160589,Official Site,INFO,Japanese,https://anime.shochiku.co.jp/bluearchive-anime/
160589,YouTube,STREAMING,,https://www.youtube.com/playlist?list=PLxSscENEp7JgzVV7Mg2OKYppcCHKtkNcO
160589,Amazon Prime Video,STREAMING,,https://www.amazon.co.jp/-/en/dp/B0CWB71J8V/
162889,Official Site,INFO,Japanese,https://shinycolors-anime.idolmaster-official.jp/
162889,Twitter,SOCIAL,Japanese,https://twitter.com/shinyc_official
162889,Crunchyroll,STREAMING,,https://www.crunchyroll.com/series/GKEH2G0ZK/the-idolmster-shiny-colors
163078,Twitter,SOCIAL,Japanese,https://twitter.com/yorukura_anime
163078,Official Site,INFO,Japanese,https://yorukura-anime.com/
163078,HIDIVE,STREAMING,,https://www.hidive.com/season/22309
163078,iQ,STREAMING,,https://www.iq.com/album/1prbchssivl
163078,YouTube,STREAMING,,https://www.youtube.com/playlist?list=PLwLSw1_eDZl2z_raZP-3EdZOrEzjrGXco
163139,Twitter,SOCIAL,Japanese,https://twitter.com/heroaca_anime
163139,Official Site,INFO,Japanese,https://heroaca.com/
163139,Instagram,SOCIAL,Japanese,https://www.instagram.com/heroaca_insta/
163139,Crunchyroll,STREAMING,,https://www.crunchyroll.com/series/G6NQ5DWZ6/my-hero-academia
163139,Bilibili TV,STREAMING,,https://www.bilibili.tv/en/media/2106937
163139,YouTube,STREAMING,,https://www.youtube.com/channel/UC0wNSTMWIL3qaorLx0jie6A
163139,Hulu,STREAMING,,https://www.hulu.com/series/b4859a95-39ba-4051-a550-256c42e70a1d
163141,Official Site,INFO,Japanese,https://rinkai-pj.com/
163141,YouTube,STREAMING,,https://www.youtube.com/@rinkai_pj
163141,Twitter,SOCIAL,Japanese,https://twitter.com/rinkai_pj
163141,YouTube,STREAMING,,https://www.youtube.com/playlist?list=PLxSscENEp7JjgDjvbYf3pcp9ezYyj0ti4
163147,Official Site,INFO,Japanese,https://movie.bluelock-pr.com/
163147,Twitter,SOCIAL,Japanese,https://twitter.com/BLUELOCK_PR/
163147,Crunchyroll,STREAMING,,https://www.crunchyroll.com/watch/GVWU8N5DG/blue-lock-the-movie--episode-nagi-
163270,Official Site,INFO,Japanese,https://wb-anime.net/
163270,Twitter,SOCIAL,Japanese,https://twitter.com/winbre_sakura
163270,TikTok,SOCIAL,Japanese,https://www.tiktok.com/@winbre_official
163270,Crunchyroll,STREAMING,,https://www.crunchyroll.com/series/G3KHEVDPE/wind-breaker
163270,Bilibili TV,STREAMING,,https://www.bilibili.tv/en/media/2103910
163270,Twitter,SOCIAL,English,https://x.com/windbreakereng
163270,Official Site,INFO,English,https://windbreaker-anime.com/
163270,Facebook,SOCIAL,English,https://www.facebook.com/animewindbreaker
163270,YouTube,STREAMING,,https://www.youtube.com/playlist?list=PLwLSw1_eDZl1eH81c7FktnY0kLhhMATle
163270,Amazon Prime Video,STREAMING,,https://www.amazon.com/dp/B0CZCF7KB4
163270,Netflix,STREAMING,,https://www.netflix.com/title/81771389
164212,Twitter,SOCIAL,Japanese,https://twitter.com/girlsbandcry
164212,Official Site,INFO,Japanese,https://girls-band-cry.com/tv/
164212,YouTube,STREAMING,,https://www.youtube.com/@girlsbandcry
164212,TikTok,SOCIAL,Japanese,https://www.tiktok.com/@girlsbandcry
164212,Instagram,SOCIAL,Japanese,https://www.instagram.com/toge0toge1/
164212,Official Site,INFO,French,https://animationdigitalnetwork.fr/video/girls-band-cry
164212,Hoopla,STREAMING,,https://www.hoopladigital.com/television/girls-band-cry-season-1-nina-iseri/17249899
164212,Crunchyroll,STREAMING,,https://www.crunchyroll.com/series/G1XHJV0W8/girls-band-cry
164212,Netflix,STREAMING,,https://www.netflix.com/title/81940284
164212,Laftel,STREAMING,,https://laftel.net/item/42112
164440,Official Site,INFO,Japanese,https://tonbo-anime.com/
164440,Twitter,SOCIAL,Japanese,https://x.com/anime_tonbo
164440,iQ,STREAMING,,https://www.iq.com/album/t4nso5gcbh
164440,Bilibili TV,STREAMING,,https://www.bilibili.tv/en/media/2106453
164440,Amazon Prime Video,STREAMING,,https://www.primevideo.com/detail/0KCL7WEFBBBGSN3YIZBFAHO42H/ref=atv_dl_rdr
164440,Amazon Prime Video,STREAMING,,https://www.amazon.com/dp/B0CWNZVFCY
164440,Tubi TV,STREAMING,,https://tubitv.com/series/300013214/tonbo-dubbed
164440,Tubi TV,STREAMING,,https://tubitv.com/tv-shows/200146306/tonbo
164702,Twitter,SOCIAL,Japanese,https://twitter.com/kanteiskill
164702,Official Site,INFO,Japanese,https://kanteiskill.com/
164702,Crunchyroll,STREAMING,,https://www.crunchyroll.com/series/GG5H5XQMD/as-a-reincarnated-aristocrat-ill-use-my-appraisal-skill-to-rise-in-the-world
164702,Bilibili TV,STREAMING,,https://www.bilibili.tv/en/media/2107489
164702,YouTube,STREAMING,,https://www.youtube.com/playlist?list=PLxSscENEp7Ji3p2oPXSaDlUtzRI0be2_d
164702,Instagram,SOCIAL,Japanese,https://www.instagram.com/kanteiskill_official/
164702,TikTok,SOCIAL,Japanese,https://www.tiktok.com/@kanteiskill
165253,Official Site,INFO,Japanese,https://bocchi.rocks/
165253,Twitter,SOCIAL,Japanese,https://twitter.com/btr_anime
165253,Instagram,SOCIAL,Japanese,https://www.instagram.com/BTR_isosta/
165253,Crunchyroll,STREAMING,,https://www.crunchyroll.com/series/GXJHM3P19/bocchi-the-rock
165855,Twitter,SOCIAL,Japanese,https://twitter.com/hananoikun_pr
165855,Official Site,INFO,Japanese,https://hananoikun-pr.com/
165855,Crunchyroll,STREAMING,,https://www.crunchyroll.com/series/GP5HJ84QX/a-condition-called-love
165855,Netflix,STREAMING,,https://www.netflix.com/title/81765078
165855,Bilibili TV,STREAMING,,https://www.bilibili.tv/en/media/2104781
165855,YouTube,STREAMING,,https://www.youtube.com/playlist?list=PLxSscENEp7Jguls9EnoNrwlzxe7mIBawO
166240,Twitter,SOCIAL,Japanese,https://twitter.com/kimetsu_off
166240,Official Site,INFO,Japanese,https://kimetsu.com/anime/hashirageikohen/
166240,Twitter,SOCIAL,English,https://twitter.com/DemonSlayerUSA
166240,Official Site,INFO,English,https://demonslayer-anime.com/hta/
166240,Bilibili TV,STREAMING,,https://www.bilibili.tv/en/media/2104174
166240,Crunchyroll,STREAMING,,https://www.crunchyroll.com/series/GY5P48XEY/demon-slayer-kimetsu-no-yaiba
166240,Twitter,SOCIAL,French,https://twitter.com/kimetsu_fr
166240,Hulu,STREAMING,,https://www.hulu.com/series/f5331794-7c00-41f0-8646-e94c0b09c1a1
166240,Netflix,STREAMING,,https://www.netflix.com/title/81091393
166372,Twitter,SOCIAL,Japanese,https://twitter.com/dekisoko_pr
166372,Official Site,INFO,Japanese,https://www.dekisoko-anime.com/
166372,Crunchyroll,STREAMING,,https://www.crunchyroll.com/series/G4PH0WJPN/the-banished-former-hero-lives-as-he-pleases
166715,Crunchyroll,STREAMING,,https://www.crunchyroll.com/series/GYQ43P3E6/black-butler
166715,Twitter,SOCIAL,Japanese,https://twitter.com/kuroshitsuji_pr
166715,Official Site,INFO,Japanese,https://www.kuroshitsuji.tv/publicschool/
166715,iQ,STREAMING,,https://www.iq.com/album/1akzoagutmh
166715,Bilibili TV,STREAMING,,https://www.bilibili.tv/en/media/2104633
166828,Twitter,SOCIAL,Japanese,https://twitter.com/hensara_anime
166828,Official Site,INFO,Japanese,https://www.tbs.co.jp/anime/hensara/
166828,Bilibili TV,STREAMING,,https://www.bilibili.tv/en/media/2106066
166828,Crunchyroll,STREAMING,,https://www.crunchyroll.com/series/GVDHX85VN/a-salad-bowl-of-eccentrics
166873,Twitter,SOCIAL,Japanese,https://twitter.com/mushokutensei_A
166873,Official Site,INFO,Japanese,https://mushokutensei.jp/
166873,Crunchyroll,STREAMING,,https://www.crunchyroll.com/series/G24H1N3MP/mushoku-tensei-jobless-reincarnation
166873,iQ,STREAMING,,https://www.iq.com/album/a8ey3c5oap
166873,Bilibili TV,STREAMING,,https://www.bilibili.tv/en/media/2104111
166873,YouTube,STREAMING,,https://www.youtube.com/channel/UCGbshtvS9t-8CW11W7TooQg
166873,Hulu,STREAMING,,https://www.hulu.com/series/787a5fb4-9cba-4a69-96b2-4fb3b10c860a
166910,Official Site,INFO,Japanese,https://www.vap.co.jp/the-fable-anime/
166910,Twitter,SOCIAL,Japanese,https://twitter.com/the_fable_anime
166910,Disney Plus,STREAMING,,https://www.disneyplus.com/series/the-fable/5lo11H9f2Cg4
166910,Hulu,STREAMING,,https://www.hulu.com/series/the-fable-36c2be07-2f2e-400f-9da5-aed0b5d401cb
166910,Hulu,STREAMING,,https://www.hulu.com/series/ed591ea9-01f4-4d46-862e-6bce2fab3a67
167927,Twitter,SOCIAL,Japanese,https://twitter.com/boukyakubattery
167927,Official Site,INFO,Japanese,https://boukyaku-battery.com/
167927,Crunchyroll,STREAMING,,https://www.crunchyroll.com/series/GXJHM3GDX/oblivion-battery
167927,YouTube,STREAMING,,https://www.youtube.com/playlist?list=PLxSscENEp7Jgky4y0OA7mpCLeVd16XuuG
167927,TikTok,SOCIAL,Japanese,https://www.tiktok.com/@boukyakubattery
168138,Official Site,INFO,Japanese,https://jisanbasan.com/
168138,Twitter,SOCIAL,Japanese,https://twitter.com/jisanbasan_prj
168138,Crunchyroll,STREAMING,,https://www.crunchyroll.com/series/GW4HM7W99/grandpa-and-grandma-turn-young-again
168138,TikTok,SOCIAL,Japanese,https://www.tiktok.com/@jisanbasan_prj
169417,Twitter,SOCIAL,Japanese,https://twitter.com/ReMonster_anime
169417,Official Site,INFO,Japanese,https://re-monster.com/
169417,TikTok,SOCIAL,Japanese,https://www.tiktok.com/@remonster_anime
169417,YouTube,STREAMING,,https://www.youtube.com/playlist?list=PLwLSw1_eDZl05v2mf2IgiVxgoEkFGh4yI
169417,Netflix,STREAMING,,https://www.netflix.com/title/81766618
169417,Crunchyroll,STREAMING,,https://www.crunchyroll.com/remonster
169584,Twitter,SOCIAL,Japanese,https://twitter.com/bocchan_anime
169584,Official Site,INFO,Japanese,https://bocchan-anime.com/
169584,TikTok,SOCIAL,Japanese,https://www.tiktok.com/@bocchan_anime
169584,Crunchyroll,STREAMING,,https://www.crunchyroll.com/series/G79H23V0G/the-duke-of-death-and-his-maid
169698,Twitter,SOCIAL,Japanese,https://x.com/tadaoka_anime
169698,Official Site,INFO,Japanese,https://tadaoka-anime.com//index.php
169698,Crunchyroll,STREAMING,,https://www.crunchyroll.com/series/G79H23Z5X/tadaima-okaeri
169754,Twitter,SOCIAL,Japanese,https://twitter.com/conan_movie
169754,Official Site,INFO,Japanese,https://www.conan-movie.jp/
169766,Official Site,INFO,Japanese,https://tsukiuta-movie.com/
169766,Twitter,SOCIAL,Japanese,https://twitter.com/tsukiuta_movie
169778,Official Site,INFO,Japanese,https://www.kurayukaba.jp/kurayukaba/
169778,Twitter,SOCIAL,Japanese,https://twitter.com/kurayukabaINFO
169778,Crunchyroll,STREAMING,,https://www.crunchyroll.com/series/GNVHKN9Z2/kurayukaba--kuramerukagari
169927,Official Site,INFO,Japanese,https://tenshitsuki.com/
169927,Twitter,SOCIAL,Japanese,https://twitter.com/tenshitsuki_off
169927,Crunchyroll,STREAMING,,https://www.crunchyroll.com/series/G9VHN9QWQ/studio-apartment-good-lighting-angel-included
169927,YouTube,STREAMING,,https://youtube.com/playlist?list=PLxSscENEp7Jh2nidUJYmABwb5MzYKsCcq&si=sz3YkageTHsY7Vg1
169930,Netflix,STREAMING,,https://www.netflix.com/title/81497635
170130,Official Site,INFO,Japanese,https://lv2-cheat.com/
170130,Twitter,SOCIAL,Japanese,https://twitter.com/Lv2cheat_anime
170130,Crunchyroll,STREAMING,,https://www.crunchyroll.com/series/GEXH3W2PK/chillin-in-another-world-with-level-2-super-cheat-powers
170130,YouTube,STREAMING,,https://www.youtube.com/playlist?list=PLwLSw1_eDZl21k3KBkiVFqrxDyfvIFQPH
170503,Official Site,INFO,Japanese,https://www.nhk-character.com/karasu/
170503,Twitter,SOCIAL,Japanese,https://twitter.com/nep_yatagarasu
170503,Crunchyroll,STREAMING,,https://www.crunchyroll.com/series/G5PHNM92J/yatagarasu-the-raven-does-not-choose-its-master
170503,Bandai Channel,STREAMING,,https://www.b-ch.com/titles/8520/
170593,Twitter,SOCIAL,Japanese,https://twitter.com/anime_kusomiso
170593,Official Site,INFO,Japanese,https://www.shinyaranaika.com/
170593,Coolmic,STREAMING,,https://coolmic.me/anime/video_titles/68
170593,OceanVeil,STREAMING,,https://oceanveil.net/anime_titles/72
170604,Twitter,SOCIAL,Japanese,https://twitter.com/vampiredorm_PR
170604,Official Site,INFO,Japanese,https://vampire-dormitory.com/
170604,Crunchyroll,STREAMING,,https://www.crunchyroll.com/series/G0XHWM130/vampire-dormitory
170890,Official Site,INFO,Japanese,https://the-new-gate-pr.com/
170890,Twitter,SOCIAL,Japanese,https://twitter.com/thenewgateanime
170890,Bilibili TV,STREAMING,,https://www.bilibili.tv/en/media/2104888
170890,Crunchyroll,STREAMING,,https://www.crunchyroll.com/series/GMEHME7Z1/the-new-gate
170890,YouTube,STREAMING,,https://www.youtube.com/playlist?list=PLwLSw1_eDZl01FuNigO2J_kpRcdtjWN9F
171040,Crunchyroll,STREAMING,,https://www.crunchyroll.com/series/G8DHV78D7/astro-note
171040,Official Site,INFO,Japanese,https://sh-anime.shochiku.co.jp/astro-note/
171040,Twitter,SOCIAL,Japanese,https://twitter.com/AstroNote_anime
171040,YouTube,STREAMING,,https://www.youtube.com/playlist?list=PLxSscENEp7Jge7upmZQLcVP9vYHvL75VY
171080,Official Site,INFO,Japanese,https://aipri.jp/anime/series/himitsu/
171080,YouTube,STREAMING,,https://www.youtube.com/@PrettySeriesPR
171080,Twitter,SOCIAL,Japanese,https://twitter.com/PrettySeriesPR
171080,Instagram,SOCIAL,Japanese,https://www.instagram.com/prettyseriespr
171080,TikTok,SOCIAL,Japanese,https://www.tiktok.com/@prettyseries_pr
171080,Twitter,SOCIAL,Japanese,https://x.com/aipri_animepr
171115,Netflix,STREAMING,,https://www.netflix.com/title/81563026
171291,Official Site,INFO,Japanese,https://trapezium-movie.com/
171291,Twitter,SOCIAL,Japanese,https://twitter.com/trapezium_movie
171291,Crunchyroll,STREAMING,,https://www.crunchyroll.com/series/G5PHNM990/trapezium
171608,Official Site,INFO,Japanese,https://www.kurayukaba.jp/kuramerukagari/
171608,Twitter,SOCIAL,Japanese,https://twitter.com/kurayukabaINFO
171608,Crunchyroll,STREAMING,,https://www.crunchyroll.com/series/GNVHKN9Z2/kurayukaba--kuramerukagari
172187,Official Site,INFO,Japanese,https://anime.shadowverse.jp/
172187,Twitter,SOCIAL,Japanese,https://twitter.com/shadowverse_anm
172187,Crunchyroll,STREAMING,,https://www.crunchyroll.com/series/GYEX244X6/shadowverse
172242,Official Site,INFO,Japanese,https://www.lovelive-anime.jp/nijigasaki/niji4anime.php
172242,Twitter,SOCIAL,Japanese,https://twitter.com/LoveLive_staff
172242,Crunchyroll,STREAMING,,https://www.crunchyroll.com/series/GW4HM75PP/nijiyon-animation
172395,Official Site,INFO,Japanese,https://www.shinkalion.com/
172395,Twitter,SOCIAL,Japanese,https://twitter.com/shinkalion/
172395,Facebook,SOCIAL,Japanese,https://www.facebook.com/shinkalion/
172395,Instagram,SOCIAL,Japanese,https://www.instagram.com/shinkalion_official
172395,YouTube,STREAMING,,https://www.youtube.com/@TV-gq4ur
172395,TikTok,SOCIAL,,https://www.tiktok.com/@shinkalion_official
172420,Twitter,SOCIAL,Japanese,https://twitter.com/uma_musu_movie
172420,Official Site,INFO,Japanese,https://movie-umamusume.jp/
172420,Official Site,INFO,English,https://www.movie-umamusume-newera-en.com/
172964,Twitter,SOCIAL,Japanese,https://twitter.com/MahjongSoul_JP/
172964,Official Site,INFO,Japanese,https://mahjongsoul-kang.jp/
172964,Twitter,SOCIAL,Korean,https://twitter.com/MahjongSoul_KR/
172964,Twitter,SOCIAL,,https://twitter.com/MahjongSoul_EN
172964,YouTube,STREAMING,,https://www.youtube.com/playlist?list=PLoAgSyWcJ8j-fizVOQA1OuTDu1-kK1CI0
172964,YouTube,STREAMING,,https://www.youtube.com/playlist?list=PLx83QnywWj2QLTFWbuJ052VgUiJYMTAZL
172965,Official Site,INFO,Japanese,https://anpan-movie.com/2024/
172965,Twitter,SOCIAL,Japanese,https://twitter.com/anpanman_movie
173249,Twitter,SOCIAL,Japanese,https://twitter.com/kumarbakids
173249,Official Site,INFO,Japanese,https://kumarba.com/pages/tv-anime
173249,YouTube,STREAMING,,https://www.youtube.com/playlist?list=PLOqdHQnAd3sEUSuRg7l4SIfAo3G3Mmbgx
173250,Official Site,INFO,Japanese,https://ageototim.com/
173250,Twitter,SOCIAL,Japanese,https://twitter.com/AGEOTOTIM_NFT
173250,YouTube,STREAMING,,https://www.youtube.com/playlist?list=PL58O4nPuExbCCXVDUgzyOCyMSWuZmVcLG
173935,Official Site,INFO,Japanese,https://www.yell-movie2024.com
173935,Twitter,SOCIAL,Japanese,https://twitter.com/yellmovie_2024
174383,Twitter,SOCIAL,Japanese,https://twitter.com/omrk_movie
174383,Official Site,INFO,Japanese,https://ohmuroke.com/
174653,Twitter,SOCIAL,Japanese,https://twitter.com/kenkadokugaku_A
174653,Official Site,INFO,Japanese,https://kenkadokugaku.com/
174653,TikTok,SOCIAL,Japanese,https://www.tiktok.com/@dokugakukennka_0207
174653,Crunchyroll,STREAMING,,https://www.crunchyroll.com/series/GJ0H7QGME/viral-hit
174788,Official Site,INFO,Japanese,https://lookback-anime.com/
174788,Twitter,SOCIAL,Japanese,https://twitter.com/lookback_anime
174788,Amazon Prime Video,STREAMING,,https://www.primevideo.com/detail/Look-Back/0SEK25JW9CENJH4OE9H2R27PQG
174788,Amazon Prime Video,STREAMING,,https://www.amazon.com/dp/B0DH5W7MQ8
175573,Twitter,SOCIAL,Japanese,https://twitter.com/gintamamovie
175573,Official Site,INFO,Japanese,https://anime-gintama.com/on_theater_2d/ikkokukeisei/
175642,Twitter,SOCIAL,Japanese,https://twitter.com/sandland_pj_jp
175642,Official Site,INFO,Japanese,https://sandland.jp/theseries/
175642,Disney Plus,STREAMING,,https://www.disneyplus.com/series/sand-land-the-series/7I31jGPKAwz5
175642,Star+,STREAMING,,https://www.starplus.com/series/
175642,TikTok,SOCIAL,,https://www.tiktok.com/@sandland_project
175642,Instagram,SOCIAL,,https://www.instagram.com/sandland_project/
175642,Hulu,STREAMING,,https://www.hulu.com/series/sand-land-the-series-ede9d04a-8330-4524-8976-40b1520d4633
175642,Hulu,STREAMING,,https://www.hulu.com/series/a39a9c33-2ec8-4089-8411-27d1b90a91d4
175869,Official Site,INFO,Japanese,https://chibigodzilla.jp/
175869,Twitter,SOCIAL,Japanese,https://twitter.com/chibigodzi/
175869,YouTube,STREAMING,,https://www.youtube.com/playlist?list=PLg0UgpeODbGH2QnvnptwCJMrwFtZ5Mdwb
175869,Twitter,SOCIAL,English,https://twitter.com/Godzilla_Toho
176218,Official Site,INFO,Japanese,https://dededede.jp/
176218,Twitter,SOCIAL,Japanese,https://twitter.com/DEDEDEDEanime
176287,Netflix,STREAMING,,https://www.netflix.com/title/81648184
176299,Official Site,INFO,Japanese,https://movie-umamusume.jp/rttt/
176299,Twitter,SOCIAL,Japanese,https://twitter.com/uma_musu_anime
176300,YouTube,STREAMING,,https://www.youtube.com/watch?v=i3mzMFy3dBg
176300,Twitter,SOCIAL,Japanese,https://twitter.com/Doremi_staff
176300,Official Site,INFO,Japanese,https://www.doremi-anniv.com/
176300,YouTube,STREAMING,,https://www.youtube.com/watch?v=4AMf-7R7B0k
176317,Official Site,INFO,Japanese,https://bluelock-pr.com/news/201/
176317,Twitter,SOCIAL,Japanese,https://twitter.com/BLUELOCK_PR/
176577,Official Site,INFO,Japanese,https://www.tv-tokyo.co.jp/anime/shibuya-hachi/
176577,Twitter,SOCIAL,Japanese,https://twitter.com/lovehachi_PR
176577,YouTube,STREAMING,,https://www.youtube.com/playlist?list=PLQyvkHBZA_xCcKQBmvhMen0dHLowRCN0n
176635,Official Site,INFO,Japanese,https://youtunya.com/
176635,TikTok,SOCIAL,Japanese,https://www.tiktok.com/@youtunya
176635,Twitter,SOCIAL,Japanese,https://twitter.com/youtunya
176635,YouTube,STREAMING,,https://www.youtube.com/playlist?list=PLt1RFRlgRnroTMyLN9XCNDxlrKS9V_X2c
176635,Instagram,SOCIAL,Japanese,https://www.instagram.com/youtunya/
176663,Official Site,INFO,Japanese,https://girls-und-panzer-finale.jp/goods/bddvd-final4/
176663,Twitter,SOCIAL,Japanese,https://twitter.com/garupan
176909,YouTube,STREAMING,,https://www.youtube.com/playlist?list=PLMyQxaghEY1E8Nad_gUa1rYE8LNJpLqy-
176909,Twitter,SOCIAL,Japanese,https://twitter.com/OfficialHitsuji
176909,YouTube,STREAMING,,https://www.youtube.com/playlist?list=PL8qLxmibSZENl0bfy72PbVSDZw87WQclo
176909,TikTok,SOCIAL,Japanese,https://www.tiktok.com/@nbcuniversal_anime_music
177106,Netflix,STREAMING,,https://www.netflix.com/title/81215625
177231,Official Site,INFO,,https://www.vap.co.jp/ponque/
177231,YouTube,STREAMING,,https://www.youtube.com/@PONQUECHANNEL
177405,Official Site,INFO,Japanese,https://shumatsu-train.com/movie/#wanwan
177405,YouTube,STREAMING,,https://www.youtube.com/playlist?list=PL3ongWuaWwZOfMBtul-javjGubHSYMwKB
177602,YouTube,STREAMING,,https://www.youtube.com/watch?v=MQzzz-Vca3Y
177602,Twitter,SOCIAL,Japanese,https://twitter.com/ruchika_anime
177602,Official Site,INFO,Japanese,https://cocreco.kodansha.co.jp/special/ruchika
177602,YouTube,STREAMING,,https://www.youtube.com/watch?v=tjmL3Advf3U
177798,YouTube,STREAMING,,https://www.youtube.com/playlist?list=PLG_6QZKrvoBwzov4aDq1vlcHcXrpmE8G1
178067,YouTube,STREAMING,,https://www.youtube.com/@Girlsf1st_GT
178067,Official Site,INFO,Japanese,https://girlsf1stgt.com/
178067,YouTube,STREAMING,,https://www.youtube.com/playlist?list=PLkAy04H6SulMUAqtF3e07Ws5MjIS5m7sQ
178125,Official Site,INFO,Japanese,https://rokurostudio.jp/
178125,Twitter,SOCIAL,,https://twitter.com/planetstudio696
178125,Instagram,SOCIAL,,https://www.instagram.com/planetstudio_696
178396,Official Site,INFO,Japanese,https://www.lovelive-anime.jp/nijigasaki/bd_n4-2.php
178396,Twitter,SOCIAL,Japanese,https://twitter.com/LoveLive_staff
178396,Crunchyroll,STREAMING,,https://www.crunchyroll.com/series/GW4HM75PP/nijiyon-animation
183795,YouTube,STREAMING,,https://youtu.be/PkiydEPaiX0
183795,Twitter,SOCIAL,Japanese,https://x.com/momoko_yamaada/status/1784855144527716758
185644,Official Site,INFO,Japanese,https://oshiri-tantei.com/
198690,Official Site,INFO,Japanese,https://www.toei-anim.co.jp/movie/magic_candies/
198690,Official Site,INFO,English,https://www.toei-anim.co.jp/movie/magic_candies/en/
199488,Twitter,SOCIAL,Japanese,https://x.com/entanime_
199488,YouTube,STREAMING,,https://www.youtube.com/@rakkofromX
200373,YouTube,STREAMING,,https://www.youtube.com/watch?v=d6EYpOmqppc
200373,Official Site,INFO,Japanese,https://animetabi.jp/animetitle/daihammer/
204762,Twitter,SOCIAL,,https://x.com/Azuki
204762,Official Site,INFO,,https://www.azuki.com/
204762,YouTube,STREAMING,,https://www.youtube.com/@Azuki
126830,Twitter,SOCIAL,Japanese,https://twitter.com/GEASSPROJECT
126830,Official Site,INFO,Japanese,https://geass.jp/roze/
126830,Disney Plus,STREAMING,,https://www.disneyplus.com/series/code-geass-roze-of-the-recapture/4XHzb6tQBRtd
126830,Hulu,STREAMING,,https://www.hulu.com/series/666998dc-6229-4057-9857-54da01132d33
126830,Hulu,STREAMING,,https://www.hulu.com/series/5b100d27-c0fd-4f29-8545-0f2766754c86
133845,Twitter,SOCIAL,Japanese,https://twitter.com/over_lord_anime
133845,Official Site,INFO,Japanese,https://overlord-anime.com/
133845,Crunchyroll,STREAMING,,https://www.crunchyroll.com/series/G69PZ5PDY/overlord
133845,Netflix,STREAMING,,https://www.netflix.com/title/82040442
139095,Twitter,SOCIAL,Japanese,https://twitter.com/fairytail_PR
139095,Official Site,INFO,Japanese,https://fairytail100yq.com/
139095,iQ,STREAMING,,https://www.iq.com/album/20qa68wokup
139095,Bilibili TV,STREAMING,,https://www.bilibili.tv/en/media/2112349
139095,YouTube,STREAMING,,https://www.youtube.com/playlist?list=PLwLSw1_eDZl23uIjbwVKoUA3dbo6FiGoX
139095,Crunchyroll,STREAMING,,https://www.crunchyroll.com/series/GG5H5XQED/fairy-tail-100-years-quest
139825,Official Site,INFO,Japanese,https://kimisentv.com/
139825,Twitter,SOCIAL,Japanese,https://twitter.com/kimisen_project
139825,Crunchyroll,STREAMING,,https://www.crunchyroll.com/series/GVDHX8ZD0/our-last-crusade-or-the-rise-of-a-new-world
139825,Bilibili TV,STREAMING,,https://www.bilibili.tv/en/media/2110277
139825,Hulu,STREAMING,,https://www.hulu.com/series/28ac7d35-3f2b-47db-8844-c27f7f3fa2a5
144779,Twitter,SOCIAL,Japanese,https://twitter.com/new_yamato_2199/
144779,Facebook,SOCIAL,Japanese,https://www.facebook.com/yamato2199.net/
144779,Official Site,INFO,Japanese,https://starblazers-yamato.net/
144779,Crunchyroll,STREAMING,,https://www.crunchyroll.com/series/G65V4P4K6/star-blazers-space-battleship-yamato
150103,Adult Swim,STREAMING,,https://www.adultswim.com/videos/rick-and-morty-the-anime
150103,Max,STREAMING,,https://play.max.com/show/6ace005a-41eb-4e44-bf13-abdfaa9e5143
150103,Twitter,SOCIAL,English,https://x.com/RickandMorty
150103,Instagram,SOCIAL,English,https://www.instagram.com/rickandmorty/
151017,Official Site,INFO,Japanese,https://gor-anemone.com/
151017,Twitter,SOCIAL,Japanese,https://x.com/GoR_anemone
151117,Twitter,SOCIAL,Japanese,https://twitter.com/anime_mononoke
151117,Official Site,INFO,Japanese,https://www.mononoke-movie.com/
151117,Netflix,STREAMING,,https://www.netflix.com/title/81580574
151117,TikTok,SOCIAL,Japanese,https://www.tiktok.com/@mononoke_movie_official
151117,Instagram,SOCIAL,Japanese,https://www.instagram.com/mononoke_movie_official/
152137,Official Site,INFO,Japanese,https://isekaishikkaku.com/
152137,Twitter,SOCIAL,Japanese,https://twitter.com/isekaishikkaku
152137,Crunchyroll,STREAMING,,https://www.crunchyroll.com/series/GXJHM3G7X/no-longer-allowed-in-another-world
152681,Twitter,SOCIAL,Japanese,https://twitter.com/gimaiseikatsu
152681,YouTube,STREAMING,,https://www.youtube.com/channel/UCOQyW7GmCyTKwjCJEaTBWRw
152681,Crunchyroll,STREAMING,,https://www.crunchyroll.com/series/G0XHWM190/days-with-my-stepsister
152681,Official Site,INFO,Japanese,https://gimaiseikatsu-anime.com/
153406,Twitter,SOCIAL,English,https://twitter.com/tog_anime
153406,Crunchyroll,STREAMING,,https://www.crunchyroll.com/series/G6J0G49DR/tower-of-god
153406,Twitter,SOCIAL,Japanese,https://twitter.com/anime_ToG
153406,Official Site,INFO,Japanese,https://tog-anime.com/
153406,Facebook,SOCIAL,English,https://www.facebook.com/anime.tog
153406,Instagram,SOCIAL,,https://www.instagram.com/towerofgod_it
153406,Instagram,SOCIAL,English,https://www.instagram.com/official.tower.of.god/
154195,Twitter,SOCIAL,Japanese,https://twitter.com/grendizer_anime
154195,Official Site,INFO,Japanese,http://grendizer-official.net/
154963,Twitter,SOCIAL,Japanese,https://twitter.com/atri_anime
154963,Official Site,INFO,Japanese,https://atri-anime.com/
154963,Crunchyroll,STREAMING,,https://www.crunchyroll.com/series/G1XHJV0EM/atri--my-dear-moments-
154963,Bilibili TV,STREAMING,,https://www.bilibili.tv/en/media/2109463
154963,Twitter,SOCIAL,English,https://x.com/atri_animation
157371,Crunchyroll,STREAMING,,https://www.crunchyroll.com/series/G4PH0WJXN/bye-bye-earth
157371,Twitter,SOCIAL,Japanese,https://twitter.com/BBE_animePR
157371,Official Site,INFO,Japanese,https://bye2earth.com/
157371,Bilibili TV,STREAMING,,https://www.bilibili.tv/en/media/2111933
158166,Instagram,SOCIAL,Japanese,https://www.instagram.com/kiminoiro_movie
158166,Twitter,SOCIAL,Japanese,https://twitter.com/kiminoiro_movie
158166,Official Site,INFO,Japanese,https://kiminoiro.jp/
158166,TikTok,SOCIAL,Japanese,https://www.tiktok.com/@kiminoiromovie
158559,Twitter,SOCIAL,Japanese,https://twitter.com/ririsa_official
158559,Official Site,INFO,Japanese,https://ririsa-official.com/
158559,YouTube,STREAMING,,https://www.youtube.com/@ririsa_official
158559,HIDIVE,STREAMING,,https://www.hidive.com/season/24579
158559,Bilibili TV,STREAMING,,https://www.bilibili.tv/en/media/2108217
158559,Crunchyroll,STREAMING,,https://www.crunchyroll.com/series/GP5HJ845X/25-dimensional-seduction
158559,Amazon Prime Video,STREAMING,,https://www.primevideo.com/detail/25-Dimensional-Seduction/0RPPVG8WFKOLFZQREHL7L748WG
158559,Netflix,STREAMING,,https://www.netflix.com/title/81909977
158641,Twitter,SOCIAL,Japanese,https://twitter.com/ghostcat_anzu
158641,Official Site,INFO,Japanese,https://ghostcat-anzu.jp/
160488,Twitter,SOCIAL,Japanese,https://twitter.com/vden_anime
160488,Official Site,INFO,Japanese,https://vden.jp/
160488,YouTube,STREAMING,,https://www.youtube.com/@Live-ON_official_ch
160488,Crunchyroll,STREAMING,,https://www.crunchyroll.com/series/GDKHZEJ20/vtuber-legend-how-i-went-viral-after-forgetting-to-turn-off-my-stream
160488,YouTube,STREAMING,,https://www.youtube.com/playlist?list=PLxSscENEp7JgHA9Q6FiSUTNBm02lGB9Ke
162796,Official Site,INFO,Japanese,https://kin29man-anime.com/
162796,Twitter,SOCIAL,Japanese,https://twitter.com/kin29man_anime
162796,YouTube,STREAMING,,https://youtube.com/@kin29man-anime
162796,Netflix,STREAMING,,https://www.netflix.com/title/81781519
162796,YouTube,STREAMING,,https://youtube.com/playlist?list=PLbuF5Onrcu9cI3pMKM9p8lqB7y85_fwj9
162804,Twitter,SOCIAL,Japanese,https://twitter.com/roshidere
162804,Official Site,INFO,Japanese,https://roshidere.com/
162804,Crunchyroll,STREAMING,,https://www.crunchyroll.com/series/G1XHJV0XM/alya-sometimes-hides-her-feelings-in-russian
162804,YouTube,STREAMING,,https://www.youtube.com/playlist?list=PLxSscENEp7Jj-LKKsOzrbDe7b8sSg37gz
162804,Bilibili TV,STREAMING,,https://www.bilibili.tv/en/media/2111552
162804,Netflix,STREAMING,,https://www.netflix.com/title/81661821
162896,Official Site,INFO,Japanese,https://nigewaka.run/
162896,Twitter,SOCIAL,Japanese,https://twitter.com/nigewaka_anime
162896,Crunchyroll,STREAMING,,https://www.crunchyroll.com/series/GQWH0M19X/the-elusive-samurai
162896,YouTube,STREAMING,,https://www.youtube.com/@MuseAsia/
162896,iQIYI,STREAMING,,https://www.iq.com/album/the-elusive-samurai-2024-w0skb3wzb1?lang=en_us&sh_pltf=4
162896,Netflix,STREAMING,,https://www.netflix.com/title/81907835
162896,Twitter,SOCIAL,English,https://x.com/_elusivesamurai
163077,Twitter,SOCIAL,Japanese,https://twitter.com/konofuka_QA
163077,Official Site,INFO,Japanese,https://konofuka.com/
163077,Crunchyroll,STREAMING,,https://www.crunchyroll.com/series/G24H1NW30/quality-assurance-in-another-world
163077,YouTube,STREAMING,,https://www.youtube.com/playlist?list=PLxSscENEp7JiUn54Tck1P3jmylN7bQmSL
163077,Bilibili TV,STREAMING,,https://www.bilibili.tv/en/media/2112512
163133,Official Site,INFO,Japanese,https://senpaiha-otokonoko.com/
163133,Twitter,SOCIAL,Japanese,https://twitter.com/painoko_anime
163133,Crunchyroll,STREAMING,,https://www.crunchyroll.com/series/GW4HM7WP9/senpai-is-an-otokonoko
163133,TikTok,SOCIAL,Japanese,https://www.tiktok.com/@painoko_anime
163292,Twitter,SOCIAL,Japanese,https://twitter.com/shinmaiossan/
163292,Official Site,INFO,Japanese,https://shinmaiossan-anime.com/
163292,Crunchyroll,STREAMING,,https://www.crunchyroll.com/series/GXJHM3GKX/the-ossan-newbie-adventurer-trained-to-death-by-the-most-powerful-party-became-invincible
163292,Bilibili TV,STREAMING,,https://www.bilibili.tv/en/media/2111784
163292,YouTube,STREAMING,,https://www.youtube.com/playlist?list=PLwLSw1_eDZl3eT2fOFMIeAJZQpdxe9tmU
163623,Twitter,SOCIAL,Japanese,https://twitter.com/GijiHarem
163623,Official Site,INFO,Japanese,https://gijiharem.com/
163623,Crunchyroll,STREAMING,,https://www.crunchyroll.com/series/GKEH2G08K/pseudo-harem
163623,Bilibili TV,STREAMING,,https://www.bilibili.tv/en/media/2110141
163623,YouTube,STREAMING,,https://www.youtube.com/playlist?list=PLxSscENEp7JjWo6Fc37gLC2NijjFtqkPF
165681,Twitter,SOCIAL,Japanese,https://twitter.com/cfvanguard_PR/
165681,Official Site,INFO,Japanese,https://anime.cf-vanguard.com/vgd/
165681,Crunchyroll,STREAMING,,https://www.crunchyroll.com/series/GXJHM3NJ5/cardfight-vanguard-overdress
166476,Twitter,SOCIAL,Japanese,https://x.com/Nijigaku_movie
166476,Official Site,INFO,Japanese,https://www.lovelive-anime.jp/nijigasaki/movieteaser/
166476,Crunchyroll,STREAMING,,https://www.crunchyroll.com/watch/GK9UG3QGV/love-live-nijigasaki-high-school-idol-club-the-movie--finale--chapter-1
166477,Official Site,INFO,Japanese,https://goddess-cafe.com/
166477,Twitter,SOCIAL,Japanese,https://twitter.com/goddess_cafe_PR
166477,Crunchyroll,STREAMING,,https://www.crunchyroll.com/series/GQWH0MPQ7/the-caf-terrace-and-its-goddesses
166531,Twitter,SOCIAL,Japanese,https://twitter.com/anime_oshinoko
166531,Official Site,INFO,Japanese,https://ichigoproduction.com/Season2/
166531,Twitter,SOCIAL,,https://twitter.com/oshinoko_global
166531,HIDIVE,STREAMING,,https://www.hidive.com/season/24567
166531,YouTube,STREAMING,,https://www.youtube.com/@anime_oshinoko
166531,iQ,STREAMING,,https://www.iq.com/album/1pmb5dvp15l
166531,YouTube,STREAMING,,https://www.youtube.com/playlist?list=PLxSscENEp7JjnfDK89UJui3A9wj9Ib6yF
166531,Bilibili TV,STREAMING,,https://www.bilibili.tv/en/media/2080019
166531,Netflix,STREAMING,,https://www.netflix.com/de/title/81684733
166531,Hulu,STREAMING,,https://www.hulu.com/series/oshi-no-ko-9f96dac7-a7cf-4546-87a5-069cb101f174
166531,Crunchyroll,STREAMING,,https://www.crunchyroll.com/series/GT00366791/oshi-no-ko
166700,Twitter,SOCIAL,Japanese,https://twitter.com/tasogare_eigabu
166700,Official Site,INFO,Japanese,https://tasogare-anime.com/
166700,Crunchyroll,STREAMING,,https://www.crunchyroll.com/series/GMEHME751/twilight-out-of-focus
166700,YouTube,STREAMING,,https://www.youtube.com/@tasogare_eigabu
166700,YouTube,STREAMING,,https://www.youtube.com/playlist?list=PLxSscENEp7JhJvAQ5lW4naMb67Rlv3J1j
166700,Bilibili TV,STREAMING,,https://www.bilibili.tv/en/media/2112216
166710,Twitter,SOCIAL,Japanese,https://twitter.com/dc_jp
166710,Twitter,SOCIAL,English,https://twitter.com/DCOfficial
166710,Official Site,INFO,Japanese,https://suicidesquad-isekai.com/
166710,Max,STREAMING,,https://play.max.com/show/69167cda-e92c-4408-91d7-2eb6e8f56a6f
166710,Hulu,STREAMING,,https://www.hulu.com/series/0ea77e4b-00ec-45ab-bcb3-555f8e024e22
166710,YouTube,STREAMING,,https://www.youtube.com/playlist?list=PLxSscENEp7Jh3bhDq-EYeXx6Seif0sN2m
166710,Bilibili TV,STREAMING,,https://www.bilibili.tv/en/media/2111077
166710,iQ,STREAMING,,https://www.iq.com/album/17anfy9hpax
167144,Twitter,SOCIAL,Japanese,https://twitter.com/futakire
167144,Official Site,INFO,Japanese,https://futakire.com/
167144,Crunchyroll,STREAMING,,https://www.crunchyroll.com/series/G5PHNM9EJ/love-is-indivisible-by-twins
167419,Official Site,INFO,Japanese,https://www.nazeboku.com/
167419,Twitter,SOCIAL,Japanese,https://twitter.com/nazeboku_pr
167419,Crunchyroll,STREAMING,,https://www.crunchyroll.com/series/GJ0H7QGJE/why-does-nobody-remember-me-in-this-world
167419,YouTube,STREAMING,,https://youtube.com/playlist?list=PLxSscENEp7JhFO-Cgv7IsqBrOGmPpI-2G&si=jS_WdqAL85Zge23b
167420,Twitter,SOCIAL,Japanese,https://twitter.com/NieR_A_ANIME
167420,Official Site,INFO,Japanese,https://nierautomata-anime.com/
167420,Instagram,SOCIAL,Japanese,https://www.instagram.com/nieranime/
167420,Facebook,SOCIAL,English,https://www.facebook.com/NieRAutomata.Anime/
167420,Official Site,INFO,English,https://nierautomata-anime-en.com
167420,Twitter,SOCIAL,English,https://x.com/NieRA_anime_EN
167420,Crunchyroll,STREAMING,,https://www.crunchyroll.com/series/GNVHKNPW1/nierautomata-ver11a
167420,Bilibili TV,STREAMING,,https://www.bilibili.tv/en/media/2073689
167991,Twitter,SOCIAL,Japanese,https://twitter.com/delicosnursery
167991,Official Site,INFO,Japanese,https://delicosnursery.com/
167991,Crunchyroll,STREAMING,,https://www.crunchyroll.com/series/GKEH2G04K/delicos-nursery
168013,Official Site,INFO,Japanese,https://heroaca-movie.com/
168013,Twitter,SOCIAL,Japanese,https://twitter.com/heroaca_movie
168013,Twitter,SOCIAL,English,https://x.com/mhayourenext/
168013,Hulu,STREAMING,,https://www.hulu.com/movie/2b44af93-3087-42a0-9448-8d6e123ff4bd
168013,Hulu,STREAMING,,https://www.hulu.com/movie/9956fa05-1a82-4560-9884-c9d195cc2450
168013,Crunchyroll,STREAMING,,https://crunchyroll.com/series/GMTE00350182/my-hero-academia-youre-next
168345,Official Site,INFO,Japanese,https://dungeon-people.com/
168345,Twitter,SOCIAL,Japanese,https://twitter.com/dungeon_people
168345,HIDIVE,STREAMING,,https://www.hidive.com/season/24581
168345,YouTube,STREAMING,,https://youtube.com/playlist?list=PLbuF5Onrcu9dkPRl-1k7u4uHZdQMihei6
168623,Twitter,SOCIAL,Japanese,https://twitter.com/dahliya_anime
168623,Official Site,INFO,Japanese,https://dahliya-anime.com/
168623,Crunchyroll,STREAMING,,https://www.crunchyroll.com/series/GDKHZEJW0/dahlia-in-bloom-crafting-a-fresh-start-with-magical-tools
168872,Netflix,STREAMING,,https://www.netflix.com/title/80236253
168872,Official Site,INFO,Japanese,https://kimitodo.com/
168872,Twitter,SOCIAL,Japanese,https://twitter.com/kimitodo_pr
168998,Official Site,INFO,Japanese,https://zegapain.net/sta/
168998,Twitter,SOCIAL,Japanese,https://twitter.com/zega_official/
169403,Official Site,INFO,Japanese,http://2024.precure-movie.com/
169403,YouTube,STREAMING,,https://www.youtube.com/@precure
169403,Twitter,SOCIAL,Japanese,https://twitter.com/precure_movie
169403,Instagram,SOCIAL,Japanese,https://www.instagram.com/precure_curesta/
169692,Twitter,SOCIAL,Japanese,https://twitter.com/kengankai
169692,Official Site,INFO,Japanese,https://kengan.net
169692,Netflix,STREAMING,,https://www.netflix.com/title/80992228
170695,Twitter,SOCIAL,Japanese,https://twitter.com/parry_anime_pr
170695,Official Site,INFO,Japanese,https://parry-anime.com/
170695,HIDIVE,STREAMING,,https://www.hidive.com/season/24576
170695,Bilibili TV,STREAMING,,https://www.bilibili.tv/en/media/2111844
170695,YouTube,STREAMING,,https://www.youtube.com/playlist?list=PLwLSw1_eDZl3C3peDURtUL6yivoXKvuZ7
170695,Amazon Prime Video,STREAMING,,https://www.primevideo.com/-/fr/detail/I-Parry-Everything/0QM2391MATPGGX3FNXU8DHYQSA
170891,Official Site,INFO,Japanese,https://narenare-anime.com/
170891,Twitter,SOCIAL,Japanese,https://twitter.com/narenare_anime
170891,Twitter,SOCIAL,English,https://x.com/narenare_eng
170891,Crunchyroll,STREAMING,,https://www.crunchyroll.com/series/GEXH3W2GK/narenare--cheer-for-you-
170938,Twitter,SOCIAL,Japanese,https://twitter.com/mahoaku_anime
170938,Official Site,INFO,Japanese,https://mahoaku-anime.com/
170938,Crunchyroll,STREAMING,,https://www.crunchyroll.com/series/G9VHN9QPQ/the-magical-girl-and-the-evil-lieutenant-used-to-be-archenemies
170938,Bilibili TV,STREAMING,,https://www.bilibili.tv/en/media/2113308
170998,Twitter,SOCIAL,Japanese,https://twitter.com/ramenakaneko
170998,Official Site,INFO,Japanese,https://ramenakaneko.com/
170998,YouTube,STREAMING,,https://www.youtube.com/playlist?list=PLxSscENEp7Jgl0X9tyPA2c88pbX-Q4I-m
170998,Crunchyroll,STREAMING,,https://www.crunchyroll.com/series/GVDHX85ZN/ramen-akaneko
171031,Twitter,SOCIAL,Japanese,https://x.com/iseyuruanime
171031,Official Site,INFO,Japanese,https://isekai-yururi-anime.jp/index.php
171031,Crunchyroll,STREAMING,,https://www.crunchyroll.com/series/G79H23ZVX/a-journey-through-another-world-raising-kids-while-adventuring
171031,Bilibili TV,STREAMING,,https://www.bilibili.tv/en/media/2112079
171031,YouTube,STREAMING,,https://www.youtube.com/playlist?list=PLwLSw1_eDZl3YlF-AmAQWIFW1BV-Q84tW
171099,Official Site,INFO,Japanese,https://bocchi.rocks/
171099,Instagram,SOCIAL,Japanese,https://www.instagram.com/BTR_isosta/
171099,Twitter,SOCIAL,Japanese,https://twitter.com/btr_anime
171099,Crunchyroll,STREAMING,,https://www.crunchyroll.com/series/GXJHM3P19/bocchi-the-rock
171145,Official Site,INFO,Japanese,https://www.shinchan-movie.com/2024/
171145,Instagram,SOCIAL,Japanese,https://www.instagram.com/shinchan_movie/
171145,Twitter,SOCIAL,Japanese,https://twitter.com/crayon_official
171145,TikTok,SOCIAL,Japanese,https://www.tiktok.com/@shinchan_movie
171145,Facebook,SOCIAL,Japanese,https://www.facebook.com/shinchan.japan
171457,Official Site,INFO,Japanese,https://makeine-anime.com/
171457,Twitter,SOCIAL,Japanese,https://twitter.com/makeine_anime
171457,Crunchyroll,STREAMING,,https://www.crunchyroll.com/series/GJ0H7QGXE/makeine-too-many-losing-heroines
171457,Bilibili TV,STREAMING,,https://www.bilibili.tv/en/media/2113390
171748,Official Site,INFO,Japanese,https://shy-anime.com/
171748,Twitter,SOCIAL,Japanese,https://twitter.com/SHY_off
171748,Crunchyroll,STREAMING,,https://www.crunchyroll.com/series/GKEH2G0W9/shy
171748,YouTube,STREAMING,,https://www.youtube.com/channel/UCGbshtvS9t-8CW11W7TooQg
172416,Official Site,INFO,Japanese,https://mobkara.com/
172416,Twitter,SOCIAL,Japanese,https://twitter.com/mobkara_PR
172416,Bilibili TV,STREAMING,,https://www.bilibili.tv/en/media/2111356
172416,YouTube,STREAMING,,https://www.youtube.com/playlist?list=PLwLSw1_eDZl0sGgFJa4A_jELqNXVv8dqg
172416,Crunchyroll,STREAMING,,https://www.crunchyroll.com/series/GZJH3D8X9/a-nobodys-way-up-to-an-exploration-hero
173295,Official Site,INFO,Japanese,https://shoshimin-anime.com/
173295,Twitter,SOCIAL,Japanese,https://twitter.com/shoshimin_pr
173295,Crunchyroll,STREAMING,,https://www.crunchyroll.com/series/G5PHNM94J/shoshimin-how-to-become-ordinary
173295,YouTube,STREAMING,,https://www.youtube.com/playlist?list=PLxSscENEp7JiywGHdQ_PsbRUNdj5f7h8H
173313,YouTube,STREAMING,,https://www.youtube.com/playlist?list=PLgqRc8AjEjeMuTJc6M2DVdkfszyaUhh1j
173313,Twitter,SOCIAL,Japanese,https://twitter.com/atashinchimovie
173313,Official Site,INFO,Japanese,https://atashinchi30th-anime.shin-ei-animation.jp/
173388,Official Site,INFO,Japanese,https://www.elyase-anime.com/
173388,Twitter,SOCIAL,Japanese,https://twitter.com/elyase_anime
173388,HIDIVE,STREAMING,,https://www.hidive.com/season/24582
173388,Bilibili TV,STREAMING,,https://www.bilibili.tv/en/media/2112427
173533,Official Site,INFO,Japanese,https://www.monogatari-series.com/oms
173533,Twitter,SOCIAL,Japanese,https://x.com/nisioisin_anime/
173533,Crunchyroll,STREAMING,,https://www.crunchyroll.com/series/GNVHKN9W2/monogatari-series-off--monster-season
173533,Twitter,SOCIAL,English,https://x.com/MonogatariUSA
173533,Official Site,INFO,English,https://monogatari-usa.com/oms/
173533,Facebook,SOCIAL,English,https://facebook.com/monogatariUSA
173584,Twitter,SOCIAL,Japanese,https://twitter.com/maougun_pr
173584,Official Site,INFO,Japanese,https://maougun-anime.com/
173584,Crunchyroll,STREAMING,,https://www.crunchyroll.com/series/GG5H5XQDD/the-strongest-magician-in-the-demon-lords-army-was-a-human
173584,YouTube,STREAMING,,https://www.youtube.com/playlist?list=PLxSscENEp7JgunHOBYisGRlwPBvz-OgL7
173584,Bilibili TV,STREAMING,,https://www.bilibili.tv/en/media/2111442
173694,Twitter,SOCIAL,Japanese,https://twitter.com/hazurewaku_info
173694,Official Site,INFO,Japanese,https://hazurewaku-anime.com/
173694,Bilibili TV,STREAMING,,https://www.bilibili.tv/en/media/2111677
173694,YouTube,STREAMING,,https://www.youtube.com/playlist?list=PLwLSw1_eDZl2Ylo_ZqR-Ian69US02f1GA
173694,Crunchyroll,STREAMING,,https://www.crunchyroll.com/series/G3KHEVD3E/failure-frame-i-became-the-strongest-and-annihilated-everything-with-low-level-spells
173694,Netflix,STREAMING,,https://www.netflix.com/title/81910037
174044,Official Site,INFO,Japanese,https://mayopan.jp/
174044,Twitter,SOCIAL,Japanese,https://twitter.com/mayopan_anime
174044,Crunchyroll,STREAMING,,https://www.crunchyroll.com/series/GEXH3W28K/mayonaka-punch
174044,YouTube,STREAMING,,https://www.youtube.com/playlist?list=PLxSscENEp7JgRtxr6-hzpqOVnKDFFVAEt
174070,Official Site,INFO,Japanese,https://www.vap.co.jp/tasuketsu_anime/
174070,Twitter,SOCIAL,Japanese,https://twitter.com/tasuketsu_anime
174070,Crunchyroll,STREAMING,,https://www.crunchyroll.com/series/G4PH0WJMN/tasuketsu--fate-of-the-majority-
174576,Official Site,INFO,Japanese,https://wistoria-anime.com/1st/
174576,Twitter,SOCIAL,Japanese,https://twitter.com/Wistoria_PR
174576,Crunchyroll,STREAMING,,https://www.crunchyroll.com/series/GW4HM7WK9/wistoria-wand-and-sword
174576,Twitter,SOCIAL,English,https://twitter.com/Wistoria_EN
174576,iQ,STREAMING,,https://www.iq.com/album/lyyvlqthw5
174576,Bilibili TV,STREAMING,,https://www.bilibili.tv/en/media/2110991
174576,YouTube,STREAMING,,https://www.youtube.com/playlist?list=PLwLSw1_eDZl3fj-ljtzKxYaTBgrqtcqoY
174576,Netflix,STREAMING,,https://www.netflix.com/title/81900358
174576,TikTok,SOCIAL,Japanese,https://www.tiktok.com/@wistoria_pr
174576,Official Site,INFO,English,https://wistoria-anime-en.com/1st/
175120,Twitter,SOCIAL,Japanese,https://twitter.com/chi_ssweethome
175120,Official Site,INFO,Japanese,https://koneko-chi.com/
175120,Netflix,STREAMING,,https://www.netflix.com/title/81712502
175199,Twitter,SOCIAL,Japanese,https://twitter.com/given_anime/
175199,Official Site,INFO,Japanese,https://given-anime.com/
175199,Crunchyroll,STREAMING,,https://www.crunchyroll.com/watch/G7PU3DWNQ/given-the-movie-to-the-sea
175450,Official Site,INFO,Japanese,https://bokutsuma-anime.com/
175450,Twitter,SOCIAL,Japanese,https://twitter.com/bokutsuma_anime
175450,Crunchyroll,STREAMING,,https://www.crunchyroll.com/series/G79H23ZWX/my-wife-has-no-emotion
175868,Official Site,INFO,Japanese,https://sakuna-anime.com/
175868,TikTok,SOCIAL,Japanese,https://www.tiktok.com/@sakuna_anime
175868,Twitter,SOCIAL,Japanese,https://twitter.com/sakuna_anime
175868,Crunchyroll,STREAMING,,https://www.crunchyroll.com/series/G8DHV78W7/sakuna-of-rice-and-ruin
175868,YouTube,STREAMING,,https://www.youtube.com/playlist?list=PLxSscENEp7JjFLq3eULh4CEX2ieIZv085
175868,Netflix,STREAMING,,https://www.netflix.com/title/81914001
175977,Official Site,INFO,Japanese,https://www.anime-shikanoko.jp/
175977,Twitter,SOCIAL,Japanese,https://twitter.com/shikanoko_PR/
175977,TikTok,SOCIAL,Japanese,https://www.tiktok.com/@shikanoko_PR
175977,Crunchyroll,STREAMING,,https://www.crunchyroll.com/series/G0XHWM100/my-deer-friend-nokotan
175977,Amazon Prime Video,STREAMING,,https://www.primevideo.com/region/eu/detail/0S1F67QBD8A9QJ9CYHZYSNM4B2
175977,YouTube,STREAMING,,https://www.youtube.com/playlist?list=PLhGamQZtJ7K8lx-LvlNooiy7rkG10Cf3Z
175977,Tubi TV,STREAMING,,https://tubitv.com/series/300012856/my-deer-friend-nokotan-subbed
175977,Tubi TV,STREAMING,,https://tubitv.com/series/300013215/my-deer-friend-nokotan-dubbed
176275,Twitter,SOCIAL,Japanese,https://x.com/kinpri_PR
176275,Official Site,INFO,Japanese,https://kinpri.com/dp1/
176275,TikTok,SOCIAL,Japanese,https://www.tiktok.com/@kinpri_pr
176275,YouTube,STREAMING,,https://www.youtube.com/@kinpri_PR
176283,Official Site,INFO,Japanese,https://harimaware-koinu-anime.com/
176283,Twitter,SOCIAL,Japanese,https://twitter.com/hari_koinuPR
176319,Twitter,SOCIAL,Japanese,https://twitter.com/stpr_movie
176319,Official Site,INFO,Japanese,https://stpr-movie.com/
176319,TikTok,SOCIAL,Japanese,https://www.tiktok.com/@stprinfo/
176319,Crunchyroll,STREAMING,,https://crunchyroll.com/series/G24H1NWDM/strawberry-prince-the-movie
176660,Official Site,INFO,Japanese,https://sengoku-youko.com/
176660,Twitter,SOCIAL,Japanese,https://twitter.com/sengoku_youko?s=21&t=eee2_Gyj6BoYytPnyhDVag
176660,Crunchyroll,STREAMING,,https://www.crunchyroll.com/series/G3KHEVD57/sengoku-youko
176660,YouTube,STREAMING,,https://www.youtube.com/channel/UC0wNSTMWIL3qaorLx0jie6A
177007,Twitter,SOCIAL,Japanese,https://twitter.com/yurucamp_anime/
177007,Official Site,INFO,Japanese,https://yurucamp.jp/third/bddvd/
177007,YouTube,STREAMING,,https://youtube.com/playlist?list=PLxSscENEp7JgpM3BhpeDhDvAXuIUQjOj6&si=Sahc5gyOV2D-H8MI
177007,Crunchyroll,STREAMING,,https://www.crunchyroll.com/series/GRWEW95KR/laid-back-camp
177008,Official Site,INFO,Japanese,https://anime-eupho.com/bddvd/
177008,Twitter,SOCIAL,Japanese,https://twitter.com/anime_eupho
177097,Official Site,INFO,Japanese,https://egumilegacy.com/
177097,Twitter,SOCIAL,Japanese,https://twitter.com/EgumiLegacy
177097,YouTube,STREAMING,,https://www.youtube.com/playlist?list=PLxSscENEp7Ji5TZnNdl_vJLwY_K3edGrf
177160,Official Site,INFO,Japanese,https://www.takaratomy.co.jp/products/ania/aniakingdom/
177191,Official Site,INFO,Japanese,https://www.tbs.co.jp/anime/5hanayome/
177191,Twitter,SOCIAL,Japanese,https://twitter.com/5Hanayome_anime
177191,Crunchyroll,STREAMING,,https://www.crunchyroll.com/series/GY4PD7Z06/the-quintessential-quintuplets
177680,Twitter,SOCIAL,,https://twitter.com/touken_kai
177680,Official Site,INFO,Japanese,https://touken-kai.jp/
177680,TikTok,SOCIAL,Japanese,https://www.tiktok.com/@touken_kai
177680,Crunchyroll,STREAMING,,https://www.crunchyroll.com/watch/GG1U2JV9W/touken-ranbu-kai-douden
177697,Crunchyroll,STREAMING,,https://crunchyroll.com/series/G8DHV7827
177814,Netflix,STREAMING,,https://www.netflix.com/title/81217220
177879,Official Site,INFO,Japanese,https://www.shusuisha.com/lp/info0saiji
177879,OceanVeil,STREAMING,,https://oceanveil.net/anime_titles/341
177922,Twitter,SOCIAL,Japanese,https://x.com/yamishibai_TX
177922,Official Site,INFO,Japanese,https://www.tv-tokyo.co.jp/anime/yamishibai13/
177922,Crunchyroll,STREAMING,,https://www.crunchyroll.com/series/G6WEM1V36/theatre-of-darkness-yamishibai
178421,Official Site,INFO,Japanese,https://animationid.com/marukano/
178421,Twitter,SOCIAL,Japanese,https://twitter.com/AnimationID_PJ
178421,Amazon Prime Video,STREAMING,,https://www.primevideo.com/detail/0ITLC7Z8ZSLMMUG53JIAAZLO4D
178421,OceanVeil,STREAMING,,https://oceanveil.net/anime_titles/199
178620,Twitter,SOCIAL,Japanese,https://twitter.com/lunny_anime
178620,Official Site,INFO,Japanese,https://cocreco.kodansha.co.jp/special/lunny
178620,YouTube,STREAMING,,https://www.youtube.com/watch?v=mumLc9WO_-0
178620,YouTube,STREAMING,,https://www.youtube.com/watch?v=87hEOx3dSO4
179212,Official Site,INFO,Japanese,https://www.elyase-anime.com/
179212,Twitter,SOCIAL,Japanese,https://twitter.com/elyase_anime
179408,YouTube,STREAMING,,https://www.youtube.com/@sanrio_jochum
179408,Instagram,SOCIAL,Japanese,https://www.instagram.com/jo1xsanrio/
179408,Twitter,SOCIAL,Japanese,https://twitter.com/jo1xsanrio
179408,Official Site,INFO,Japanese,https://jochum.sanrio.co.jp/
179408,TikTok,SOCIAL,Japanese,https://www.tiktok.com/@sanrio_jochum?lang=ja-JP
179408,YouTube,STREAMING,,https://www.youtube.com/playlist?list=PLdGg-Ic_x1YQwVYEAURiAEkR3S62xionr
179954,Official Site,INFO,Japanese,https://animationid.com/kuromori/
179954,Amazon Prime Video,STREAMING,,https://www.primevideo.com/detail/0NK52J5Q6KFTX58VELIMB9DCC9
179954,OceanVeil,STREAMING,,https://oceanveil.net/anime_titles/201
179991,Official Site,INFO,Japanese,https://anime.fate-go.jp/nazomaru/
179991,Twitter,SOCIAL,Japanese,https://twitter.com/fgoproject/
179991,YouTube,STREAMING,,https://www.youtube.com/playlist?list=PLkybqduWZGqtDqXo4rBp1M0jMfCOaS0cr
179991,Official Site,INFO,English,https://anime.fate-go.us/lostfujimaru/
180332,YouTube,STREAMING,,https://www.youtube.com/watch?v=pA5FWtpXtLk
180332,Crunchyroll,STREAMING,,https://www.crunchyroll.com/watch/GQJUG51QK/a-cruel-fairy-tale-the-beautiful-princess
180847,Twitter,SOCIAL,Japanese,https://twitter.com/pihotek_anime
180847,YouTube,STREAMING,,https://www.youtube.com/watch?v=hUudvybRcpM
180847,YouTube,STREAMING,,https://www.youtube.com/watch?v=hmpIoHvlSYU
180847,Official Site,INFO,Japanese,https://cocreco.kodansha.co.jp/special/PIHOTEK
182879,YouTube,STREAMING,,https://youtu.be/eNY0-gHGI8I
184560,Netflix,STREAMING,,https://www.netflix.com/title/81563026
184812,Official Site,INFO,,https://gendai-goyaku.com/
185669,Official Site,INFO,,https://www.ohast.jp/nanasikaidan/
185669,YouTube,STREAMING,,https://www.youtube.com/playlist?list=PL58O4nPuExbBiaHSLKKVqgM9uQJdv2wLu
185669,Twitter,SOCIAL,,https://x.com/nanashikaidan
189736,YouTube,STREAMING,,https://www.youtube.com/playlist?list=https://www.youtube.com/playlist?list=PLhWipIfRhqz366k5mW6fi13OmUHl0N6_T
189964,Twitter,SOCIAL,,https://x.com/nuno_sanpo
189964,YouTube,STREAMING,,https://www.youtube.com/watch?v=idzvDWQS4-0
204620,YouTube,STREAMING,,https://www.youtube.com/playlist?list=PLWcHadqZmb9FHZSprzG1fccoIfTTiAJSu
204620,Official Site,INFO,Japanese,https://sustotena.koikeya.co.jp/
107372,Official Site,INFO,Japanese,https://mahonare.asmik-ace.co.jp/
107372,Twitter,SOCIAL,Japanese,https://twitter.com/ANIMA_info/
107372,Crunchyroll,STREAMING,,https://www.crunchyroll.com/series/GXJHM3G9X/the-stories-of-girls-who-couldnt-be-magicians
107372,TikTok,SOCIAL,Japanese,https://www.tiktok.com/@mahonare_anime
111314,Adult Swim,STREAMING,,https://www.adultswim.com/videos/uzumaki
111314,Twitter,SOCIAL,English,https://twitter.com/UzumakiAnime1
111314,Max,STREAMING,,https://www.max.com/shows/uzumaki/f3ba329b-1089-44bc-a844-6177fa69930e
111314,Netflix,STREAMING,,https://www.netflix.com/title/81943371
136880,Official Site,INFO,Japanese,https://bst-animation.com/
136880,Twitter,SOCIAL,Japanese,https://twitter.com/bst_anime
136880,Netflix,STREAMING,,https://www.netflix.com/title/81054847
136880,TikTok,SOCIAL,Japanese,https://www.tiktok.com/@bst_anime
138522,Official Site,INFO,Chinese,https://thunderboltfantasy.com.tw/
138522,Twitter,SOCIAL,Japanese,https://twitter.com/TBF_PR
138522,Official Site,INFO,Japanese,https://www.thunderboltfantasy.com/season4/
138522,Crunchyroll,STREAMING,,https://www.crunchyroll.com/series/GY75KE906/thunderbolt-fantasy
141182,Official Site,INFO,Japanese,https://seireigensouki.com/
141182,Twitter,SOCIAL,Japanese,https://twitter.com/seireigensouki
141182,Crunchyroll,STREAMING,,https://www.crunchyroll.com/series/G0XHWM380/seirei-gensouki-spirit-chronicles
141182,Bilibili TV,STREAMING,,https://www.bilibili.tv/en/media/2115457
150930,Twitter,SOCIAL,Japanese,https://twitter.com/murai_in_love
150930,Disney Plus,STREAMING,,https://www.disneyplus.com/series/murai-in-love/5j3KdttxP8Z6
150930,Official Site,INFO,Japanese,https://murainokoi-anime.com/
150930,Hulu,STREAMING,,https://www.hulu.com/series/murai-in-love-cd0d005f-85d3-4d8c-bfc7-a46be3f9a2ce
150930,Hulu,STREAMING,,https://www.hulu.com/series/72290252-174e-45f3-87f2-0ad7968f1bf7
151514,Twitter,SOCIAL,Japanese,https://x.com/chikyu_chi
151514,Official Site,INFO,Japanese,http://anime-chi.jp/
151514,Netflix,STREAMING,,https://www.netflix.com/title/81765022
154473,Official Site,INFO,Japanese,https://arifureta.com/
154473,Twitter,SOCIAL,Japanese,https://twitter.com/ARIFURETA_info
154473,Twitter,SOCIAL,English,https://twitter.com/Arifureta_anime
154473,Crunchyroll,STREAMING,,https://www.crunchyroll.com/series/G4PH0WXD1/arifureta-from-commonplace-to-worlds-strongest
154473,Hulu,STREAMING,,https://www.hulu.com/series/f3ebfa6a-c651-4e2b-b939-6c46dec8a66a
154473,Bilibili TV,STREAMING,,https://www.bilibili.tv/en/media/2116217
154473,iQ,STREAMING,,https://www.iq.com/album/1hchs06kvn5
154673,Twitter,SOCIAL,English,https://twitter.com/mechaude_EN
154673,Official Site,INFO,Japanese,http://mecha-ude.com/
154673,Twitter,SOCIAL,Japanese,https://twitter.com/mechaude_JP
154673,Crunchyroll,STREAMING,,https://crunchyroll.com/series/GEXH3W2KK
154673,Facebook,SOCIAL,Japanese,https://m.facebook.com/mecha.ude/
154673,Instagram,SOCIAL,English,https://www.instagram.com/mecha_ude/
154673,YouTube,STREAMING,,https://youtube.com/@trifstudio
154673,Bilibili TV,STREAMING,,https://www.bilibili.tv/en/media/2116889
155502,Twitter,SOCIAL,Japanese,https://twitter.com/LoveLive_staff
155502,Official Site,INFO,Japanese,http://www.lovelive-anime.jp/yuigaoka/
155502,TikTok,SOCIAL,Japanese,https://www.tiktok.com/@lovelive_official
155502,Instagram,SOCIAL,Japanese,https://www.instagram.com/lovelive_superstar_staff/
155502,Crunchyroll,STREAMING,,https://www.crunchyroll.com/series/G3KHEVPWE/love-live-superstar
157965,Official Site,INFO,Japanese,https://acrotrip-anime.com/
157965,Twitter,SOCIAL,Japanese,https://twitter.com/acrotrip_anime
157965,Crunchyroll,STREAMING,,https://www.crunchyroll.com/series/GW4HM7WG9/acro-trip
162785,Official Site,INFO,Japanese,https://tsumasho-anime.com/index.php
162785,Twitter,SOCIAL,Japanese,https://x.com/tsumasho_anime
162785,Crunchyroll,STREAMING,,https://www.crunchyroll.com/series/GJ0H7QG8E/tsumasho
162785,YouTube,STREAMING,,https://www.youtube.com/playlist?list=PLxSscENEp7Jh0ECnqFsNWdlLCAiYVUxFq
162785,Bilibili TV,STREAMING,,https://www.bilibili.tv/en/media/2118373
163134,Official Site,INFO,Japanese,http://re-zero-anime.jp/tv/
163134,Twitter,SOCIAL,Japanese,https://twitter.com/Rezero_official
163134,Crunchyroll,STREAMING,,https://www.crunchyroll.com/series/GRGG9798R/rezero--starting-life-in-another-world-
163134,TikTok,SOCIAL,Japanese,https://www.tiktok.com/@rezero_anime_official
163134,YouTube,STREAMING,,https://www.youtube.com/playlist?list=PLwLSw1_eDZl0mHfdQze0zVVrSRnLNr-yF
163134,Bilibili TV,STREAMING,,https://www.bilibili.tv/en/media/2114391
163134,iQ,STREAMING,,https://www.iq.com/album/15uhkad3vv5
163134,Facebook,SOCIAL,English,https://www.facebook.com/ReZero.fans
163134,Instagram,SOCIAL,English,https://www.instagram.com/re.zero.fans/
163134,Twitter,SOCIAL,English,https://www.twitter.com/ReZero_En
163134,Netflix,STREAMING,,https://www.netflix.com/title/81262169
163134,YouTube,STREAMING,,https://www.youtube.com/@Rezero_official
163135,Twitter,SOCIAL,Japanese,https://twitter.com/2099_anime
163135,Official Site,INFO,Japanese,https://2099.world/
163135,Crunchyroll,STREAMING,,https://www.crunchyroll.com/series/G79H23ZX3/demon-lord-2099
163135,Bilibili TV,STREAMING,,https://www.bilibili.tv/en/media/2115894
163146,Official Site,INFO,Japanese,https://tv.bluelock-pr.com/
163146,Twitter,SOCIAL,Japanese,https://twitter.com/bluelock_pr
163146,Crunchyroll,STREAMING,,https://www.crunchyroll.com/series/G4PH0WEKE/blue-lock
163146,Bilibili TV,STREAMING,,https://www.bilibili.tv/en/media/2118081
163146,Twitter,SOCIAL,English,https://x.com/Blue_Lock_En
164172,Twitter,SOCIAL,Japanese,https://twitter.com/amagami_anime
164172,Official Site,INFO,Japanese,https://amagami-anime.com/
164172,Crunchyroll,STREAMING,,https://www.crunchyroll.com/series/G24H1NWJ0/tying-the-knot-with-an-amagami-sister
164172,Bilibili TV,STREAMING,,https://www.bilibili.tv/en/media/2116670
164299,Twitter,SOCIAL,Japanese,https://twitter.com/yarinaoshi_pr
164299,Official Site,INFO,Japanese,https://yarinaoshi-reijyou.com/
164299,Crunchyroll,STREAMING,,https://www.crunchyroll.com/series/G0XHWM15X/the-do-over-damsel-conquers-the-dragon-emperor
165790,Twitter,SOCIAL,Japanese,https://twitter.com/kekkon_anime
165790,Official Site,INFO,Japanese,https://365-wedding-anime.com/
165790,Crunchyroll,STREAMING,,https://www.crunchyroll.com/series/G8DHV78E7/365-days-to-the-wedding
165810,Twitter,SOCIAL,Japanese,https://twitter.com/shintenianime
165810,Official Site,INFO,Japanese,http://tenipuri.jp/u17/
165810,YouTube,STREAMING,,https://www.youtube.com/@user-cu9tm7mx2c
165810,Crunchyroll,STREAMING,,https://www.crunchyroll.com/series/G65VP3106/the-prince-of-tennis-ii
166611,Twitter,SOCIAL,Japanese,https://twitter.com/natsumeyujincho
166611,Official Site,INFO,Japanese,http://www.natsume-anime.jp/
166611,Crunchyroll,STREAMING,,https://www.crunchyroll.com/series/GRE5XQJV6/natsumes-book-of-friends
166611,YouTube,STREAMING,,https://www.youtube.com/@natsumeyujincho
166611,TikTok,SOCIAL,Japanese,https://www.tiktok.com/@natsumeyujincho_official
166703,YouTube,STREAMING,,https://www.youtube.com/@GUNDAM
166703,Twitter,SOCIAL,Japanese,https://twitter.com/gundam_info
166703,Official Site,INFO,Japanese,https://gundam-requiem.net/
166703,Netflix,STREAMING,,https://www.netflix.com/title/81276500
167141,Official Site,INFO,Japanese,https://gungale-online.net/
167141,Twitter,SOCIAL,Japanese,https://twitter.com/ggo_anime
167141,Twitter,SOCIAL,English,https://twitter.com/SwordArtUSA
167141,Crunchyroll,STREAMING,,https://www.crunchyroll.com/series/GY79P41KR/sword-art-online-alternative-gun-gale-online
167141,Bilibili TV,STREAMING,,https://www.bilibili.tv/en/media/2116509
167141,Official Site,INFO,English,https://gungale-onlineusa.com/
168139,Twitter,SOCIAL,Japanese,https://twitter.com/rekiaku
168139,Official Site,INFO,Japanese,https://rekiaku-anime.com/
168139,Crunchyroll,STREAMING,,https://www.crunchyroll.com/series/GQWH0M17X/ill-become-a-villainess-who-goes-down-in-history
168500,Twitter,SOCIAL,Japanese,https://x.com/maousama_anime
168500,Official Site,INFO,Japanese,https://maousama-anime.com/2024/
168500,Crunchyroll,STREAMING,,https://www.crunchyroll.com/series/GXJHM37KD/demon-lord-retry
168500,Bilibili TV,STREAMING,,https://www.bilibili.tv/en/media/2115356
168500,Hulu,STREAMING,,https://www.hulu.com/series/fa88cddf-0752-4101-b7f8-e724d7483b3b
168500,YouTube,STREAMING,,https://youtube.com/playlist?list=PLbuF5Onrcu9fTeWVfldIHnSYDHTppKUU1
168537,Twitter,SOCIAL,Japanese,https://twitter.com/haigakura_anime
168537,Official Site,INFO,Japanese,https://haigakura.jp/
168537,Amazon Prime Video,STREAMING,,https://www.amazon.com/dp/B0DHDGVXFD
168537,OceanVeil,STREAMING,,https://oceanveil.net/anime_titles/365
169098,Official Site,INFO,Japanese,https://hcanime.com
169098,YouTube,STREAMING,,https://www.youtube.com/@madoch
169098,Twitter,SOCIAL,Japanese,https://x.com/animadosoft
169258,Twitter,SOCIAL,Japanese,https://twitter.com/miburo_anime/
169258,Official Site,INFO,Japanese,https://miburoanime.com/
169258,Crunchyroll,STREAMING,,https://www.crunchyroll.com/series/GXJHM3GP8/blue-miburo
169258,OceanVeil,STREAMING,,https://oceanveil.net/anime_titles/322
169315,Twitter,SOCIAL,Japanese,https://twitter.com/trilliongame_pr
169315,Official Site,INFO,Japanese,https://trilliongame-anime.com/
169315,Crunchyroll,STREAMING,,https://www.crunchyroll.com/series/G9VHN9Q7Q/trillion-game
169315,YouTube,STREAMING,,https://www.youtube.com/playlist?list=PLxSscENEp7JgWSohUFSUx4uQvvUZCAhj4
169755,Official Site,INFO,Japanese,https://bleach-anime.com/
169755,Twitter,SOCIAL,Japanese,https://twitter.com/BLEACHanimation/
169755,Instagram,SOCIAL,Japanese,https://www.instagram.com/bleach_official_anime/
169755,TikTok,SOCIAL,Japanese,https://www.tiktok.com/@bleachanimation
169755,Disney Plus,STREAMING,,https://www.disneyplus.com/series/bleach-thousand-year-blood-war/4Afet1Q421gy
169755,Hulu,STREAMING,,https://www.hulu.com/series/bleach-thousand-year-blood-war-02a3c8c0-4f1d-4610-bbb4-5b8e9468d7b1
169755,YouTube,STREAMING,,https://www.youtube.com/playlist?list=PLxSscENEp7JgOSk5QmPX6aolSUsXgCMc-
169755,Bilibili TV,STREAMING,,https://www.bilibili.tv/en/media/2115714
169755,iQ,STREAMING,,https://www.iq.com/album/2ecnk500q89
169755,YouTube,STREAMING,,https://youtube.com/@official_bleach
169931,Twitter,SOCIAL,Japanese,https://twitter.com/goukon_anime/
169931,Official Site,INFO,Japanese,https://goukon-anime.com/
169931,HIDIVE,STREAMING,,https://www.hidive.com/season/26753
169931,Bilibili TV,STREAMING,,https://www.bilibili.tv/en/media/2118294
170083,Twitter,SOCIAL,Japanese,https://twitter.com/db_official_jp
170083,Official Site,INFO,Japanese,https://dragonballdaima.com/
170083,Crunchyroll,STREAMING,,https://www.crunchyroll.com/series/GG5H5XQ35/dragon-ball-daima
170083,Hulu,STREAMING,,https://www.hulu.com/series/7c2e04e4-3f77-4dfe-9a62-167b7065d6b3
170083,Netflix,STREAMING,,https://www.netflix.com/title/81943491
170083,iQ,STREAMING,,https://www.iq.com/album/mhu29nqghx
170468,Official Site,INFO,Japanese,https://raisewataningaii.com/
170468,Twitter,SOCIAL,Japanese,https://x.com/raisetanin_pr
170468,Crunchyroll,STREAMING,,https://www.crunchyroll.com/series/GMEHME7W1/yakuza-fianc-raise-wa-tanin-ga-ii
170468,Bilibili TV,STREAMING,,https://www.bilibili.tv/en/media/2116309
170732,Twitter,SOCIAL,Japanese,https://twitter.com/danmachi_anime
170732,Official Site,INFO,Japanese,https://danmachi.com/
170732,TikTok,SOCIAL,Japanese,https://www.tiktok.com/@danmachi_official
170732,Instagram,SOCIAL,Japanese,https://www.instagram.com/danmachi_official/
170732,HIDIVE,STREAMING,,https://www.hidive.com/season/26756
170732,Bilibili TV,STREAMING,,https://www.bilibili.tv/en/media/2116759
170893,Crunchyroll,STREAMING,,https://www.crunchyroll.com/series/GVDHX85GV/after-school-hanako-kun
170893,Official Site,INFO,Japanese,https://www.tbs.co.jp/anime/hanakokun/
170893,Twitter,SOCIAL,Japanese,https://twitter.com/hanakokun_info
170893,TikTok,SOCIAL,,https://www.tiktok.com/@hanakokun_info
170942,Twitter,SOCIAL,Japanese,https://twitter.com/aonohako_PR/
170942,Official Site,INFO,Japanese,https://aonohako-anime.com/
170942,Netflix,STREAMING,,https://www.netflix.com/title/81663323
171018,Twitter,SOCIAL,Japanese,https://twitter.com/anime_dandadan
171018,Official Site,INFO,Japanese,https://anime-dandadan.com/
171018,Crunchyroll,STREAMING,,https://www.crunchyroll.com/series/GG5H5XQ0D/dan-da-dan
171018,Netflix,STREAMING,,https://www.netflix.com/title/81736884
171018,Official Site,INFO,Chinese,https://www.e-muse.com.tw/zh/animation/dan-da-dan/
171018,Hulu,STREAMING,,https://www.hulu.com/series/bad0bb31-0fa5-4a69-b9a5-5e5ed5032a48
171018,Twitter,SOCIAL,English,https://x.com/animeDANDADANen
171018,iQ,STREAMING,,https://www.iq.com/album/115u6ibs611
171018,YouTube,STREAMING,,https://www.youtube.com/playlist?list=PLwLSw1_eDZl2OF_CmbcBOUk_216rwS1wD
171018,Niconico Video,STREAMING,,https://ch.nicovideo.jp/anime-dandadan
171025,Twitter,SOCIAL,Japanese,https://twitter.com/MagilumiereLtd
171025,Official Site,INFO,Japanese,https://magilumiere-pr.com/
171025,TikTok,SOCIAL,Japanese,https://www.tiktok.com/@magilumiere_official
171025,Prime Video,STREAMING,,https://www.primevideo.com/detail/0QA3P8T387P0WAV0KXUYBWDDYR
171038,Official Site,INFO,Japanese,https://hoshi-nina-anime.com/
171038,Twitter,SOCIAL,Japanese,https://twitter.com/hoshi_nina_bl
171038,Crunchyroll,STREAMING,,https://www.crunchyroll.com/series/GKEH2G0QK/nina-the-starry-bride
171109,Official Site,INFO,Japanese,https://fureru-movie.com/
171109,Twitter,SOCIAL,Japanese,https://twitter.com/fureru_movie
171109,Crunchyroll,STREAMING,,https://www.crunchyroll.com/watch/GMEE00348901JAJP/fureru
171400,Official Site,INFO,Japanese,https://puniru-anime.com/
171400,Twitter,SOCIAL,Japanese,https://twitter.com/PUNIRUcorocoro
171400,TikTok,SOCIAL,Japanese,https://www.tiktok.com/@puniru_anime
171400,Crunchyroll,STREAMING,,https://www.crunchyroll.com/series/GNVHKN9G2/puniru-is-a-kawaii-slime
171400,YouTube,STREAMING,,https://www.youtube.com/playlist?list=PLxSscENEp7JhstXla-FpyHRj3shzQqLio
171400,Netflix,STREAMING,,https://netflix.com/title/81975106
171545,Official Site,INFO,Japanese,https://youkaigakkou.com/
171545,Twitter,SOCIAL,Japanese,https://x.com/yohaji_anime
171545,Crunchyroll,STREAMING,,https://www.crunchyroll.com/series/GVDHX85QN/a-terrified-teacher-at-ghoul-school
171545,Bilibili TV,STREAMING,,https://www.bilibili.tv/en/media/2118497
171545,YouTube,STREAMING,,https://www.youtube.com/playlist?list=PLxSscENEp7Jj1WcEwx5MbqYoV3zIwGFwd
171637,Official Site,INFO,Japanese,https://rurouni-kenshin.com/
171637,Twitter,SOCIAL,Japanese,https://twitter.com/ruroken_anime/
171637,Twitter,SOCIAL,English,https://x.com/rurounikenshin
171637,Crunchyroll,STREAMING,,https://www.crunchyroll.com/series/G0XHWM1NK/rurouni-kenshin
171642,Official Site,INFO,Japanese,https://mfg-anime.com/
171642,Twitter,SOCIAL,Japanese,https://twitter.com/mfg_anime/
171642,TikTok,SOCIAL,Japanese,https://www.tiktok.com/@mfg_anime
171642,YouTube,STREAMING,,https://youtube.com/@mfg_anime
171642,Crunchyroll,STREAMING,,https://www.crunchyroll.com/series/GEXH3W2W7/mf-ghost
171642,YouTube,STREAMING,,https://www.youtube.com/channel/UC0wNSTMWIL3qaorLx0jie6A
171642,Netflix,STREAMING,,https://www.netflix.com/title/81715444
171689,Twitter,SOCIAL,Japanese,https://twitter.com/anime_hyakusho
171689,Official Site,INFO,Japanese,https://s.mxtv.jp/anime/hyakusho_kizoku/
172190,Twitter,SOCIAL,Japanese,https://twitter.com/meidosama_anime
172190,Official Site,INFO,Japanese,https://kimihameidosama-anime.com/
172190,Crunchyroll,STREAMING,,https://www.crunchyroll.com/series/G1XHJV02M/you-are-ms-servant
172190,YouTube,STREAMING,,https://www.youtube.com/playlist?list=PLxSscENEp7Ji1uCQlEQs2xNsM3drnWtvm
172199,Official Site,INFO,Japanese,https://kamierabi.com
172199,Twitter,SOCIAL,Japanese,https://twitter.com/kamierabi_PR
172199,Crunchyroll,STREAMING,,https://www.crunchyroll.com/series/GZJH3D898/kamierabi-godapp
172355,Twitter,SOCIAL,Japanese,https://twitter.com/kamonohashi_ron
172355,Official Site,INFO,Japanese,https://kamonohashiron.com/
172355,Crunchyroll,STREAMING,,https://www.crunchyroll.com/series/GNVHKN903/ron-kamonohashis-forbidden-deductions
172355,YouTube,STREAMING,,https://www.youtube.com/playlist?list=PLxSscENEp7JiAloVDlPwhb4Cu2UOjyZwp
172355,Bilibili TV,STREAMING,,https://www.bilibili.tv/en/media/2105997
172355,iQ,STREAMING,,https://www.iq.com/album/n4ua2z828h
173174,Official Site,INFO,Japanese,https://mygo-movie.bang-dream.com/
173174,Twitter,SOCIAL,Japanese,https://twitter.com/bang_dream_mygo/
173174,Twitter,SOCIAL,Japanese,https://twitter.com/bang_dream_info
173263,Official Site,INFO,Japanese,https://tohai-anime.com
173263,Twitter,SOCIAL,Japanese,https://twitter.com/tohai_anime
173263,YouTube,STREAMING,,https://www.youtube.com/playlist?list=PLqsbZFKYYjHTyX2kBLhal_q_u9-XLbFp5
173263,OceanVeil,STREAMING,,https://oceanveil.net/anime_titles/270
173693,Official Site,INFO,Japanese,http://bocchi-kouryaku.com
173693,Twitter,SOCIAL,Japanese,https://twitter.com/bocchi_PR/
173693,Instagram,SOCIAL,Japanese,http://www.instagram.com/bocchikouryaku_pr
173693,HIDIVE,STREAMING,,https://www.hidive.com/season/26571
173693,YouTube,STREAMING,,https://www.youtube.com/playlist?list=PLwLSw1_eDZl1P3W7ws_S-dsq2zV3aIj-S
173693,Bilibili TV,STREAMING,,http://bilibili.tv/media/2116452
173693,Netflix,STREAMING,,https://www.netflix.com/title/81955440
173884,Twitter,SOCIAL,Japanese,https://twitter.com/molcar_anime/
173884,Official Site,INFO,Japanese,https://molcar-movie.com/
173884,Instagram,SOCIAL,Japanese,https://www.instagram.com/molcar_anime/
173884,TikTok,SOCIAL,Japanese,https://www.tiktok.com/@molcar_anime
174043,Official Site,INFO,Japanese,https://sonochiyushi.com/
174043,Twitter,SOCIAL,Japanese,https://twitter.com/sonochiyushi
174043,Crunchyroll,STREAMING,,https://www.crunchyroll.com/series/G4PH0WJZN/the-healer-who-was-banished-from-his-party-is-in-fact-the-strongest
174043,Bilibili TV,STREAMING,,https://www.bilibili.tv/en/media/2118206
174043,YouTube,STREAMING,,https://www.youtube.com/playlist?list=PLxSscENEp7JhjvN8nBbvOSLr8SKkzwmkm
174390,Official Site,INFO,Japanese,https://tonotoinu.com/
174390,Twitter,SOCIAL,Japanese,https://twitter.com/tono_to_inu
174390,YouTube,STREAMING,,https://www.youtube.com/@tono_to_inu
174913,Twitter,SOCIAL,Japanese,https://twitter.com/kagakusurvival/
174913,Official Site,INFO,Japanese,https://www.toei-anim.co.jp/tv/survival/
175019,Official Site,INFO,Japanese,https://nageki-anime.com
175019,Twitter,SOCIAL,Japanese,https://x.com/nageki_official
175019,Crunchyroll,STREAMING,,https://www.crunchyroll.com/series/GZJH3D8J9/let-this-grieving-soul-retire
175019,YouTube,STREAMING,,https://www.youtube.com/playlist?list=PLwLSw1_eDZl39ouByN0ujsTUV3jnaJVLu
175019,Bilibili TV,STREAMING,,https://www.bilibili.tv/en/media/2116038
175019,Netflix,STREAMING,,https://www.netflix.com/in/title/81946855
175137,Twitter,SOCIAL,Japanese,https://twitter.com/yoruneko_PR
175137,YouTube,STREAMING,,https://www.youtube.com/@yoruneko_PR/
175137,TikTok,SOCIAL,Japanese,https://www.tiktok.com/@yoruneko_pr
175137,Official Site,INFO,Japanese,https://yoruneko-pr.com/
175138,Twitter,SOCIAL,Japanese,https://twitter.com/nintama_eiga
175138,Official Site,INFO,Japanese,https://sh-anime.shochiku.co.jp/nintama-movie/
175473,Official Site,INFO,Japanese,https://www.shopro.co.jp/anime/duelmasters_lost/
175473,Twitter,SOCIAL,Japanese,https://twitter.com/duema_anime
175533,Twitter,SOCIAL,Japanese,https://twitter.com/shinyc_official
175533,Official Site,INFO,Japanese,https://shinycolors-anime2nd.idolmaster-official.jp/
175533,Crunchyroll,STREAMING,,https://www.crunchyroll.com/series/GKEH2G0ZK/the-idolmster-shiny-colors
176053,Twitter,SOCIAL,Japanese,https://twitter.com/dragonlife_PR
176053,Official Site,INFO,Japanese,https://dragonlife-anime.com/
176053,Crunchyroll,STREAMING,,https://www.crunchyroll.com/series/G79H23Z0X/good-bye-dragon-life
176053,Bilibili TV,STREAMING,,https://www.bilibili.tv/en/media/2116570
176191,Official Site,INFO,Japanese,https://nekooji-anime.com/
176191,Twitter,SOCIAL,Japanese,https://x.com/nekooji_news
176245,Twitter,SOCIAL,Japanese,https://twitter.com/ganbatte_anime/
176245,Official Site,INFO,Japanese,https://sh-anime.shochiku.co.jp/ganbatte-anime/
176245,Instagram,SOCIAL,Japanese,https://www.instagram.com/ganbatte_anime_boat/
176292,Official Site,INFO,Japanese,https://7sins-4knights.net/
176292,Twitter,SOCIAL,Japanese,https://twitter.com/7_taizai
176292,Netflix,STREAMING,,https://www.netflix.com/title/81562396
176311,Twitter,SOCIAL,Japanese,https://twitter.com/aoex_anime/
176311,Official Site,INFO,Japanese,https://www.ao-ex.com/
176311,Instagram,SOCIAL,Japanese,https://www.instagram.com/aoex_official_anime/
176311,TikTok,SOCIAL,Japanese,https://www.tiktok.com/@aoex_anime
176311,Crunchyroll,STREAMING,,https://www.crunchyroll.com/series/G649PJ0JY/blue-exorcist
176311,Twitter,SOCIAL,English,https://x.com/BlueExorcistUSA
176311,iQ,STREAMING,,https://www.iq.com/album/y8fmsstwu1
176369,Twitter,SOCIAL,Japanese,https://twitter.com/highcard_pj/
176369,Official Site,INFO,Japanese,https://highcard-anime.jp/
176369,Crunchyroll,STREAMING,,https://www.crunchyroll.com/watch/GX9UQW2ZM/the-flowers-bloom
176470,Twitter,SOCIAL,Japanese,https://twitter.com/cherimahoanime
176470,Official Site,INFO,Japanese,https://cherimaho-anime.com/
176508,Twitter,SOCIAL,Japanese,https://twitter.com/ShanFro_Comic
176508,TikTok,SOCIAL,Japanese,https://www.tiktok.com/@shanfro.official
176508,Official Site,INFO,Japanese,https://anime.shangrilafrontier.com/
176508,YouTube,STREAMING,,https://www.youtube.com/@TV-kt7jx
176508,Crunchyroll,STREAMING,,https://www.crunchyroll.com/series/G79H23Z8P/shangri-la-frontier
176508,Bilibili TV,STREAMING,,https://www.bilibili.tv/en/media/2116146
176508,iQ,STREAMING,,https://www.iq.com/album/uds4z7kp29
176508,YouTube,STREAMING,,https://www.youtube.com/playlist?list=PLwLSw1_eDZl1k3PpCugshhYpSQVWUAaib
176508,Netflix,STREAMING,,https://www.netflix.com/title/81727242
177104,Twitter,SOCIAL,Japanese,https://twitter.com/wajutsushi_PR/
177104,Official Site,INFO,Japanese,https://wajutsushi-anime.com/
177104,Crunchyroll,STREAMING,,https://www.crunchyroll.com/series/GDKHZEJD0/the-most-notorious-talker-runs-the-worlds-greatest-clan
177104,Bilibili TV,STREAMING,,https://www.bilibili.tv/en/media/2115664
177104,YouTube,STREAMING,,https://www.youtube.com/playlist?list=PLwLSw1_eDZl0dnyHyQUkE0ggdGHWwWogW
177104,iQ,STREAMING,,https://www.iq.com/album/12dsdm04mft
177581,Official Site,INFO,Japanese,https://kinokoinu-anime.com/
177581,Twitter,SOCIAL,Japanese,https://twitter.com/kinokoinu_anime
177581,Instagram,SOCIAL,Japanese,https://www.instagram.com/kinokoinu.anime/
177581,TikTok,SOCIAL,Japanese,https://www.tiktok.com/@kinokoinu_anime/
177581,Crunchyroll,STREAMING,,https://www.crunchyroll.com/series/G5PHNM9WJ/kinokoinu-mushroom-pup
177603,Official Site,INFO,Japanese,https://www.rakuten-ipcontent.com/Anime-Okaimonopanda/
177603,Twitter,SOCIAL,Japanese,https://twitter.com/a_okaimonopanda
177603,YouTube,STREAMING,,https://www.youtube.com/playlist?list=PLqTy76Pu9VX23-Nfai8GhXutBvKx95TPq
177603,Viki,STREAMING,,https://www.viki.com/tv/40889c-okaimono-panda
178084,YouTube,STREAMING,,https://www.youtube.com/@animetoman
178395,Official Site,INFO,Japanese,https://kumarba.com/pages/tv-anime
178395,YouTube,STREAMING,,https://www.youtube.com/channel/UCihE-xnH9cVKmyMG1s3g8rA
178395,Twitter,SOCIAL,Japanese,https://twitter.com/kumarbakids
178434,Twitter,SOCIAL,Japanese,https://twitter.com/kanteiskill
178434,Official Site,INFO,Japanese,https://kanteiskill.com/
178434,Crunchyroll,STREAMING,,https://www.crunchyroll.com/series/GG5H5XQMD/as-a-reincarnated-aristocrat-ill-use-my-appraisal-skill-to-rise-in-the-world
178434,YouTube,STREAMING,,https://www.youtube.com/playlist?list=PLxSscENEp7JilqikV6J0zGI6PPnMPkzrx
178434,Bilibili TV,STREAMING,,https://www.bilibili.tv/en/media/2115780
178434,Instagram,SOCIAL,Japanese,https://www.instagram.com/kanteiskill_official/
178434,TikTok,SOCIAL,Japanese,https://www.tiktok.com/@kanteiskill
178436,Official Site,INFO,Japanese,https://anime-gintama.com/on_theater_2d/
178436,Twitter,SOCIAL,Japanese,https://x.com/gintamamovie/
178533,Official Site,INFO,Japanese,https://ranma-pr.com/
178533,TikTok,SOCIAL,Japanese,https://www.tiktok.com/@ranma_pr
178533,Twitter,SOCIAL,Japanese,https://x.com/ranma_pr
178533,Netflix,STREAMING,,https://www.netflix.com/title/81301833
178729,Official Site,INFO,Japanese,https://tonbo-anime.com/
178729,Twitter,SOCIAL,Japanese,https://x.com/anime_tonbo
178729,Amazon Prime Video,STREAMING,,https://www.amazon.com/dp/B0DH8D89GR
178729,Official Site,INFO,Japanese,https://www.tv-tokyo.co.jp/anime/tonbo/
178729,Tubi TV,STREAMING,,https://tubitv.com/series/300013214/tonbo-dubbed
178729,Tubi TV,STREAMING,,https://tubitv.com/tv-shows/200146306/tonbo
178774,Twitter,SOCIAL,Japanese,https://x.com/anime_Fuuto/
178774,Official Site,INFO,Japanese,https://www.kamen-rider-official.com/fuuto-movie
178774,Crunchyroll,STREAMING,,https://www.crunchyroll.com/series/GMTE00355226/fuuto-pi-the-portrait-of-kamen-rider-skull
178782,Twitter,SOCIAL,Japanese,https://x.com/GJ_yohane
178782,Official Site,INFO,Japanese,https://yohane.net/
179126,HIDIVE,STREAMING,,https://www.hidive.com/season/24582
179292,Instagram,SOCIAL,Japanese,https://www.instagram.com/punirunes_official/
179292,Twitter,SOCIAL,Japanese,https://twitter.com/punirunes
179292,Official Site,INFO,Japanese,https://www.tv-tokyo.co.jp/anime/punirunes2/
179919,Twitter,SOCIAL,Japanese,https://x.com/np_angler
179919,Official Site,INFO,Japanese,https://np-angler.com/
179919,Crunchyroll,STREAMING,,https://www.crunchyroll.com/series/G0XHWM140/negative-positive-angler
179919,Bilibili TV,STREAMING,,https://www.bilibili.tv/en/media/2115522
180599,Crunchyroll,STREAMING,,https://crunchyroll.com/series/GY2PW4EMY
180599,Instagram,SOCIAL,Japanese,https://www.instagram.com/bananya_official/
180599,Twitter,SOCIAL,Japanese,https://x.com/bananya_anime
180599,Official Site,INFO,Japanese,https://bananya.jp/
180804,Official Site,INFO,Japanese,https://www.inazuma.jp/movie/
180804,Twitter,SOCIAL,Japanese,https://x.com/inazuma_project
180806,Twitter,SOCIAL,Japanese,https://x.com/inazuma_project
180806,Official Site,INFO,Japanese,https://www.inazuma.jp/movie/
180923,Official Site,INFO,Japanese,https://animationid.com/levelx/
180923,Amazon Prime Video,STREAMING,,https://www.primevideo.com/detail/0LVKWL34PKL45I6KZD3XYMIW4X
180923,OceanVeil,STREAMING,,https://oceanveil.net/anime_titles/200
181776,Official Site,INFO,Japanese,https://of-the-dead.com/
181776,Twitter,SOCIAL,Japanese,https://twitter.com/OFTHEDEAD_anime
181835,Twitter,SOCIAL,Japanese,https://twitter.com/lovehachi_PR
181835,Official Site,INFO,Japanese,https://www.tv-tokyo.co.jp/anime/shibuya-hachi/
182157,Official Site,INFO,Japanese,https://www.sylvanianfamilies.com/ja-jp/special/tv/
182241,Official Site,INFO,Japanese,https://mygo-movie.bang-dream.com/
182241,Twitter,SOCIAL,Japanese,https://twitter.com/bang_dream_info
182241,Twitter,SOCIAL,Japanese,https://twitter.com/bang_dream_mygo/
182417,YouTube,STREAMING,,https://www.youtube.com/playlist?list=PL3ongWuaWwZOX4Mkl0Zm_ciTd5Qs5uhH3
182434,Twitter,SOCIAL,Japanese,https://x.com/500000000button
182434,Official Site,INFO,Japanese,https://500000000button.com/
182469,Twitter,SOCIAL,Japanese,https://x.com/Eiichiro_Staff
182469,Netflix,STREAMING,,https://www.netflix.com/title/81947352
182469,Official Site,INFO,Japanese,https://one-piece.com/
182469,Crunchyroll,STREAMING,,https://www.crunchyroll.com/watch/G14UVQ5D5/one-piece-fan-letter
182772,Official Site,INFO,Japanese,https://www.pochars.com/
182772,Twitter,SOCIAL,Japanese,https://twitter.com/pochars_info
182772,YouTube,STREAMING,,https://www.youtube.com/@pochars_info
182772,Instagram,SOCIAL,Japanese,https://www.instagram.com/pochars_info
182772,TikTok,SOCIAL,Japanese,https://www.tiktok.com/@pochars_info
182772,YouTube,STREAMING,,https://www.youtube.com/playlist?list=PLRTtrAGQNdldkgvjty7size2fv-U4qJd9
183383,Official Site,INFO,Japanese,https://www.lovelive-anime.jp/yuigaoka/
183423,Official Site,INFO,Japanese,https://one-piece.com/
183423,Crunchyroll,STREAMING,,http://www.crunchyroll.com/one-piece
183423,Twitter,SOCIAL,Japanese,https://twitter.com/Eiichiro_Staff/
183471,TikTok,SOCIAL,Japanese,https://www.tiktok.com/@kuromi_project
183471,Official Site,INFO,Japanese,https://kuromi.sanrio.co.jp/prettyjourney/
183471,Twitter,SOCIAL,Japanese,https://twitter.com/kuromi_project
183471,YouTube,STREAMING,,https://www.youtube.com/@kuromisanrioofficial6829
183471,Instagram,SOCIAL,Japanese,https://www.instagram.com/kuromi_project/
183471,Official Site,INFO,English,https://kuromi.sanrio.co.jp/en/prettyjourney/
183471,YouTube,STREAMING,,https://www.youtube.com/playlist?list=PLjv78rVJV36N6qIr8amgk5nSjKeien0q7
183471,YouTube,STREAMING,,https://www.youtube.com/playlist?list=PLN9X97LDR0XsYA0qgnE6uKLH9nuuX7XR9
183473,Hulu,STREAMING,,https://www.hulu.jp/nui-story-2
184099,Instagram,SOCIAL,Japanese,https://www.instagram.com/takena_nagao/reel/DCIDEpnCICc/
184099,YouTube,STREAMING,,https://www.youtube.com/shorts/BdCRf2efp4s
184099,YouTube,STREAMING,,https://www.youtube.com/watch?v=WWh5M8luzxM
184099,Twitter,SOCIAL,Japanese,https://twitter.com/teienu/status/1855418951280611562
184099,YouTube,STREAMING,,https://www.youtube.com/watch?v=Jk9CuiTD8TU
184099,YouTube,STREAMING,,https://www.youtube.com/watch?v=9Ovq8A8vIxo
184694,Official Site,INFO,Japanese,https://sololeveling-anime.net/ReAwakening/
184998,Official Site,INFO,Japanese,https://animationid.com/marukano/
184998,Twitter,SOCIAL,Japanese,https://x.com/AnimationID_PJ
185538,Instagram,SOCIAL,Japanese,https://www.instagram.com/sukima_anime/
185538,Twitter,SOCIAL,Japanese,https://twitter.com/sukima_anime
185538,YouTube,STREAMING,,https://www.youtube.com/@sukima_anime
185538,TikTok,SOCIAL,Japanese,https://www.tiktok.com/@sukima_anime
185538,YouTube,STREAMING,,https://www.youtube.com/playlist?list=PLaWGw0t9iqLub8rOUdJBUbuhC1BkQkzav
185538,Official Site,INFO,Japanese,https://www.sukiani.jp/
185541,Official Site,INFO,Japanese,https://mangaproductions.co.jp/special/anime_asateer2/
185541,HIDIVE,STREAMING,,https://www.hidive.com/season/27287
185541,Twitter,SOCIAL,,https://twitter.com/manga_prd
185613,Official Site,INFO,English,https://www.lotrthewaroftherohirrim.com/
185613,Official Site,INFO,Japanese,https://wwws.warnerbros.co.jp/lotr-movie/
185613,Twitter,SOCIAL,Japanese,https://x.com/LotR_JP
185613,Instagram,SOCIAL,English,https://www.instagram.com/lordoftherings/
185613,Facebook,SOCIAL,English,https://www.facebook.com/thelordoftheringsmovie
185613,Max,STREAMING,,https://play.max.com/movie/67e0695c-0b3b-47ca-ab8b-91d7682c47e9
185613,Netflix,STREAMING,,https://www.netflix.com/title/81783938
185793,Twitter,SOCIAL,Japanese,https://twitter.com/youtunya
185793,TikTok,SOCIAL,Japanese,https://www.tiktok.com/@youtunya
185793,YouTube,STREAMING,,https://www.youtube.com/watch?v=OXNztLHGJwY
185793,Official Site,INFO,Japanese,https://youtunya.com/
185793,Instagram,SOCIAL,Japanese,https://www.instagram.com/youtunya/
186756,Official Site,INFO,Japanese,https://yamanekoiinn.tokyo/
188548,Official Site,INFO,Japanese,https://jochum.sanrio.co.jp/
189834,Twitter,SOCIAL,Japanese,https://twitter.com/elyase_anime
189834,Official Site,INFO,Japanese,https://www.elyase-anime.com/
196241,YouTube,STREAMING,,https://www.youtube.com/@gugu_island
196241,Official Site,INFO,Japanese,https://www.yakiniku-king.jp/family/kids/
199479,YouTube,STREAMING,,https://www.youtube.com/playlist?list=PLLkq-mu9c_kat3qQdX5Wn_sakqb9NMKTj
202422,YouTube,STREAMING,,https://www.youtube.com/watch?v=qpIumuc_9ZU
204537,Twitter,SOCIAL,Japanese,https://x.com/girls_rev_pj
204537,YouTube,STREAMING,,https://www.youtube.com/@girls_rev_pj
204537,Official Site,INFO,Japanese,https://girlsrevolutionproject.jp/animation/
204537,YouTube,STREAMING,,https://www.youtube.com/watch?v=JBS61ULFe48&list=PL8NWQJvBe5URhgZCAfX7QRFFJisYSvyxo&index=27
207031,Instagram,SOCIAL,Japanese,https://www.instagram.com/reel/DC89AqQyX_q/
207031,Twitter,SOCIAL,Japanese,https://x.com/nonsense_eye/status/1862446080312652113
207031,YouTube,STREAMING,,https://www.youtube.com/watch?v=4KHwsmJ1BxA
213429,YouTube,STREAMING,,https://www.youtube.com/watch?v=jGe50c5Plds
213429,Twitter,SOCIAL,Japanese,https://x.com/ishikawa_puro
213458,Official Site,INFO,Japanese,https://www.asahi.co.jp/sp/sorotani/
213458,YouTube,STREAMING,,https://www.youtube.com/playlist?list=PLoB47zOj5Db_ke8WXOxoHE4spvT8nd0Mc
136381,Twitter,SOCIAL,Japanese,https://twitter.com/sk8_project
136381,Official Site,INFO,Japanese,https://sk8-project.com/ova/
136381,Instagram,SOCIAL,Japanese,https://www.instagram.com/sk8_anime/
136381,Facebook,SOCIAL,Japanese,https://www.facebook.com/sk8.anime
136381,Crunchyroll,STREAMING,,https://www.crunchyroll.com/series/G5PHNM434/sk8-the-infinity
145740,Official Site,INFO,Japanese,https://grisaia-pt.com/gptanime/
145740,Twitter,SOCIAL,Japanese,https://twitter.com/grisaia_fw/
145740,Crunchyroll,STREAMING,,https://www.crunchyroll.com/series/GW4HM7WWV/grisaia-phantom-trigger
154064,Twitter,SOCIAL,Japanese,https://twitter.com/make_a_girl_pr
154064,Official Site,INFO,Japanese,https://make-a-girl.com/
154064,TikTok,SOCIAL,Japanese,https://www.tiktok.com/@make_a_girl_pr
154392,Official Site,INFO,Japanese,https://verbara-movie.jp/
154392,Twitter,SOCIAL,Japanese,https://twitter.com/verbara_movie
154392,YouTube,STREAMING,,https://www.youtube.com/@verbara-movie
154392,Netflix,STREAMING,,https://www.netflix.com/title/81177638
162722,Official Site,INFO,Japanese,https://www.toei-anim.co.jp/tv/mahotsukai_precure2
162722,Twitter,SOCIAL,Japanese,https://twitter.com/precure_15th
162722,Crunchyroll,STREAMING,,https://www.crunchyroll.com/series/GZJH3D881/witchy-precure-mirai-days
162921,Twitter,SOCIAL,Japanese,https://twitter.com/AQ_moe/
162921,Official Site,INFO,Japanese,https://aq-moe.com/
162921,Crunchyroll,STREAMING,,https://www.crunchyroll.com/series/G3KHEVDDD/aquarion-myth-of-emotions
165171,Twitter,SOCIAL,Japanese,https://twitter.com/medalist_pr
165171,Official Site,INFO,Japanese,https://medalist-pr.com/
165171,Hulu,STREAMING,,https://www.hulu.com/series/bb33d0c2-b077-4bc0-a549-d2ca27d4afa8
165171,Disney Plus,STREAMING,,https://www.disneyplus.com/series/medalist/4LgC0zEd5JEx
165171,Hulu,STREAMING,,https://www.hulu.com/series/da70811f-59de-4f75-97f2-6b534c44626d
166699,Twitter,SOCIAL,Japanese,https://x.com/okitsura
166699,Official Site,INFO,Japanese,https://okitsura.com/
166699,Crunchyroll,STREAMING,,https://www.crunchyroll.com/series/G79H23ZZ3/okitsura-fell-in-love-with-an-okinawan-girl-but-i-just-wish-i-know-what-shes-saying
167143,Twitter,SOCIAL,Japanese,https://twitter.com/girumasu001
167143,Official Site,INFO,Japanese,https://girumasu.com/
167143,Crunchyroll,STREAMING,,https://www.crunchyroll.com/series/G8DHV784M/i-may-be-a-guild-receptionist-but-ill-solo-any-boss-to-clock-out-on-time
167143,Bilibili TV,STREAMING,,https://www.bilibili.tv/en/media/2123406
167742,Official Site,INFO,Japanese,https://uniteup.info/
167742,Twitter,SOCIAL,Japanese,https://twitter.com/project_uniteup
167742,Instagram,SOCIAL,Japanese,https://www.instagram.com/project_uniteup
167742,YouTube,STREAMING,,https://www.youtube.com/c/UniteUpOfficialYouTubeChannel
167742,Crunchyroll,STREAMING,,https://www.crunchyroll.com/series/GJ0H7Q5J9/uniteup
169295,Official Site,INFO,Japanese,https://anime.bang-dream.com/avemujica/
169295,YouTube,STREAMING,,https://www.youtube.com/@bang_dream_AveMujica
169295,Twitter,SOCIAL,Japanese,https://twitter.com/BDP_AveMujica
169295,Crunchyroll,STREAMING,,https://www.crunchyroll.com/series/G0XHWM11X/ave-mujica---the-die-is-cast--
169295,YouTube,STREAMING,,https://www.youtube.com/playlist?list=PLwLSw1_eDZl322PZfaZqVFMuAmmGGephH
169441,Twitter,SOCIAL,Japanese,https://twitter.com/watashino_info
169441,Official Site,INFO,Japanese,https://watakon-anime.com/
169441,Instagram,SOCIAL,Japanese,https://www.instagram.com/watakon_anime/
169441,TikTok,SOCIAL,Japanese,https://www.tiktok.com/@watakon_anime
169441,Netflix,STREAMING,,https://www.netflix.com/title/81564905
170650,Official Site,INFO,Japanese,https://kisakikyouiku.com/
170650,Twitter,SOCIAL,Japanese,https://x.com/kisakikyouiku
170650,Crunchyroll,STREAMING,,https://www.crunchyroll.com/series/G9VHN9QQ4/i-want-to-escape-from-princess-lessons
170650,YouTube,STREAMING,,https://www.youtube.com/playlist?list=PLwLSw1_eDZl1DlUDCVK433fUMRHqlggDM
170892,Twitter,SOCIAL,Japanese,https://twitter.com/hanakokun_info
170892,TikTok,SOCIAL,Japanese,https://www.tiktok.com/@hanakokun_info
170892,Official Site,INFO,Japanese,https://www.hanakokun.com/2nd/
170892,Crunchyroll,STREAMING,,https://www.crunchyroll.com/series/G24H1N3ZP/toilet-bound-hanako-kun
170892,Hulu,STREAMING,,https://www.hulu.com/series/toilet-bound-hanako-kun-87b3d986-cbae-47ce-9076-0fe61fce06e3
170916,Official Site,INFO,Japanese,https://sh-anime.shochiku.co.jp/mahoyaku-anime/
170916,Twitter,SOCIAL,Japanese,https://twitter.com/mahoyaku_anime
170916,Crunchyroll,STREAMING,,https://www.crunchyroll.com/series/GXJHM3GG8/promise-of-wizard
172019,Official Site,INFO,Japanese,https://dr-stone.jp/
172019,Instagram,SOCIAL,Japanese,https://www.instagram.com/dr.stone.anime.official
172019,Twitter,SOCIAL,Japanese,https://twitter.com/stone_anime_off
172019,Crunchyroll,STREAMING,,https://www.crunchyroll.com/series/GYEXQKJG6/dr-stone
172019,Instagram,SOCIAL,English,https://www.instagram.com/dr.stone.en/
172019,Facebook,SOCIAL,English,https://www.facebook.com/DrStoneEN
172019,Twitter,SOCIAL,English,https://twitter.com/DrStone_EN
172019,Bilibili TV,STREAMING,,https://www.bilibili.tv/en/media/2123789
172019,iQ,STREAMING,,https://www.iq.com/album/1dffgf4eftx
172019,YouTube,STREAMING,,https://www.youtube.com/playlist?list=PLxSscENEp7Jj4AHW3_HqDp39-puRHVfNA
172019,TikTok,SOCIAL,Japanese,https://tiktok.com/@STONE_anime_off
172258,Official Site,INFO,Japanese,https://hyakkano.com/
172258,Twitter,SOCIAL,Japanese,https://twitter.com/hyakkano_anime
172258,TikTok,SOCIAL,Japanese,https://www.tiktok.com/@hyakkano_anime
172258,Crunchyroll,STREAMING,,https://www.crunchyroll.com/series/GNVHKN933/the-100-girlfriends-who-really-really-really-really-really-love-you
172258,YouTube,STREAMING,,https://www.youtube.com/playlist?list=PLwLSw1_eDZl2ilZQ5Xv1xozab_cm90ugI
172258,Bilibili TV,STREAMING,,https://www.bilibili.tv/en/media/2091388
172439,Twitter,SOCIAL,Japanese,https://twitter.com/welcome_elfsan
172439,Official Site,INFO,Japanese,https://welcome-elfsan.com/
172439,Crunchyroll,STREAMING,,https://www.crunchyroll.com/series/G24H1NWWE/welcome-to-japan-ms-elf
172439,Bilibili TV,STREAMING,,https://www.bilibili.tv/en/media/2123859
172439,YouTube,STREAMING,,https://www.youtube.com/playlist?list=PLbuF5Onrcu9fwXP2LH2LbpPlgoW73PnMJ
172453,Official Site,INFO,Japanese,https://tensei-ojisan.com/
172453,Twitter,SOCIAL,Japanese,https://x.com/tensei_ojisan
172453,HIDIVE,STREAMING,,https://www.hidive.com/season/28118
172453,Bilibili TV,STREAMING,,https://www.bilibili.tv/en/media/2122554
172453,YouTube,STREAMING,,https://www.youtube.com/playlist?list=PLwLSw1_eDZl031zNeBVFi0zLndX_M3PhN
173333,Twitter,SOCIAL,Japanese,https://twitter.com/tv_wataru
173333,Official Site,INFO,Japanese,https://wataru-anime.net/
173333,YouTube,STREAMING,,https://www.youtube.com/playlist?list=PLxSscENEp7JhKVWP6J8KAjulzH95c3Zur
174596,Official Site,INFO,Japanese,https://anime-sorairo-utility.com/
174596,Twitter,SOCIAL,Japanese,https://twitter.com/sorairo_utility
174596,HIDIVE,STREAMING,,https://www.hidive.com/season/28112
174596,YouTube,STREAMING,,https://www.youtube.com/playlist?list=PLxSscENEp7JhMSCE12UK6Au5HYWL2FLGr
174654,Official Site,INFO,Japanese,https://neet-kunoichi.com/
174654,Twitter,SOCIAL,Japanese,https://twitter.com/neet_kunoichi
174654,HIDIVE,STREAMING,,https://www.hidive.com/season/28115
174654,YouTube,STREAMING,,https://www.youtube.com/playlist?list=PLxSscENEp7Jjp3CF8ZGiZ74pZiesyTl6P
174654,Bilibili TV,STREAMING,,https://www.bilibili.tv/en/media/2122270
175198,Twitter,SOCIAL,Japanese,https://twitter.com/ubelblatt_info
175198,Official Site,INFO,Japanese,https://ubel-blatt-anime.com/
175198,Amazon Prime Video,STREAMING,,https://www.amazon.com/dp/B0DMFX5MJM
175409,Twitter,SOCIAL,Japanese,https://twitter.com/koishima_pr
175409,Official Site,INFO,Japanese,https://koishima-pr.com/
175409,Crunchyroll,STREAMING,,https://www.crunchyroll.com/series/GJ0H7QGGM/anyway-im-falling-in-love-with-you
175409,Bilibili TV,STREAMING,,https://www.bilibili.tv/en/media/2124074
175409,YouTube,STREAMING,,https://www.youtube.com/playlist?list=PLxSscENEp7JhJgjNYZDJJFH1R3LAsfoq5
175422,Twitter,SOCIAL,Japanese,https://x.com/bababa_anime
175422,Official Site,INFO,Japanese,https://bababa-anime.com/
175422,Netflix,STREAMING,,https://www.netflix.com/title/81949674
175443,Official Site,INFO,Japanese,http://honeylemon-anime.com/
175443,Twitter,SOCIAL,Japanese,https://x.com/honeylemon_an
175443,TikTok,SOCIAL,Japanese,https://tiktok.com/@honeylemon_an
175443,Crunchyroll,STREAMING,,https://www.crunchyroll.com/series/GMEHME77W/honey-lemon-soda
175443,Bilibili TV,STREAMING,,https://www.bilibili.tv/en/media/2122416
175443,iQ,STREAMING,,https://www.iq.com/album/1ner2uzs9o1
176063,Official Site,INFO,Japanese,https://botsurakukizoku-anime.com
176063,Twitter,SOCIAL,Japanese,https://x.com/botsuraku_pr
176063,Crunchyroll,STREAMING,,https://www.crunchyroll.com/series/G1XHJV008/im-a-noble-on-the-brink-of-ruin-so-i-might-as-well-try-mastering-magic
176158,Official Site,INFO,Japanese,https://behemoth-anime.com/
176158,Twitter,SOCIAL,Japanese,https://x.com/beheneko_anime
176158,HIDIVE,STREAMING,,https://www.hidive.com/season/28068
176158,YouTube,STREAMING,,https://www.youtube.com/playlist?list=PLwLSw1_eDZl0kTapKR1aoeVPXca6KIPPc
176158,Bilibili TV,STREAMING,,https://www.bilibili.tv/en/media/2122155
176158,iQ,STREAMING,,https://www.iq.com/album/g7jc0mxo9x
176234,Official Site,INFO,Japanese,https://ishura-anime.com/
176234,Twitter,SOCIAL,Japanese,https://twitter.com/ishura_anime
176234,Hulu,STREAMING,,https://www.hulu.com/series/811bac64-a492-4f1e-ba7a-393c825daeec
176234,Disney Plus,STREAMING,,https://www.disneyplus.com/series/ishura/hQ0p1WPHHQmZ
176234,Hulu,STREAMING,,https://www.hulu.com/series/f441baba-0f6b-4d5b-9fa7-bd16766023f8
176273,Official Site,INFO,Japanese,https://zenshu-anime.com/
176273,Twitter,SOCIAL,Japanese,https://twitter.com/zenshu_anime/
176273,Crunchyroll,STREAMING,,https://www.crunchyroll.com/series/G24H1NW8E/zenshu
176301,Official Site,INFO,Japanese,https://kusuriyanohitorigoto.jp/season2/
176301,Twitter,SOCIAL,Japanese,https://twitter.com/kusuriya_PR
176301,Crunchyroll,STREAMING,,https://www.crunchyroll.com/series/G3KHEVDJ7/the-apothecary-diaries
176301,TikTok,SOCIAL,Japanese,https://www.tiktok.com/@kusuriya_pr
176301,Netflix,STREAMING,,https://www.netflix.com/title/81712068
176432,Twitter,SOCIAL,Japanese,https://twitter.com/TBF_PR/
176432,Official Site,INFO,Japanese,https://www.thunderboltfantasy.com/finale/
176432,Crunchyroll,STREAMING,,https://www.crunchyroll.com/series/GY75KE906/thunderbolt-fantasy
176496,Twitter,SOCIAL,English,https://twitter.com/sololeveling_en
176496,Twitter,SOCIAL,Japanese,https://twitter.com/sololeveling_pr
176496,Official Site,INFO,Japanese,https://sololeveling-anime.net/
176496,Crunchyroll,STREAMING,,https://www.crunchyroll.com/series/GDKHZEJ0K/solo-leveling
176496,TikTok,SOCIAL,Japanese,https://tiktok.com/@sololeveling_pr
176496,iQ,STREAMING,,https://www.iq.com/album/2f1yrmhcd4h
176496,Bilibili TV,STREAMING,,https://www.bilibili.tv/en/media/2123726
176496,Instagram,SOCIAL,English,https://www.instagram.com/sololeveling_en/
176496,Facebook,SOCIAL,English,https://www.facebook.com/solo.leveling.en
176642,Official Site,INFO,Japanese,https://atdk-a.com/
176642,Twitter,SOCIAL,Japanese,https://twitter.com/Ameku_off
176642,Crunchyroll,STREAMING,,https://www.crunchyroll.com/series/G5PHNM970/ameku-md-doctor-detective
177159,Twitter,SOCIAL,Japanese,https://twitter.com/MML_animePR
177159,Official Site,INFO,Japanese,https://sh-anime.shochiku.co.jp/momentary-lily/
177159,Crunchyroll,STREAMING,,https://www.crunchyroll.com/series/GG5H5XQQ5/momentary-lily
177159,Bilibili TV,STREAMING,,https://www.bilibili.tv/en/media/2124185
177159,YouTube,STREAMING,,https://www.youtube.com/playlist?list=PLwLSw1_eDZl3ML-kzI3sjoetbnmSaealc
177506,Official Site,INFO,Japanese,https://izuresaikyo-pr.com/
177506,Twitter,SOCIAL,Japanese,https://twitter.com/izuresaikyo_pr
177506,Crunchyroll,STREAMING,,https://www.crunchyroll.com/series/GQWH0M1P3/possibly-the-greatest-alchemist-of-all-time
177506,Netflix,STREAMING,,https://www.netflix.com/watch/82058586
177552,Official Site,INFO,Japanese,https://monaxmedaka.com/
177552,Twitter,SOCIAL,Japanese,https://twitter.com/monaxmedaka
177552,Crunchyroll,STREAMING,,https://www.crunchyroll.com/series/G4PH0WJJG/medaka-kuroiwa-is-impervious-to-my-charms
177709,Twitter,SOCIAL,Japanese,https://twitter.com/SAKAMOTODAYS_PR
177709,Official Site,INFO,Japanese,https://sakamotodays.jp/
177709,Netflix,STREAMING,,https://www.netflix.com/title/81663325
177778,Official Site,INFO,Japanese,https://wwws.warnerbros.co.jp/batman-ninja/
177778,Amazon Prime Video,STREAMING,,https://www.amazon.com/dp/B0DX1X29CB
178022,Twitter,SOCIAL,Japanese,https://x.com/hanashura_PR
178022,Official Site,INFO,Japanese,https://hanashura-anime.com/
178022,HIDIVE,STREAMING,,https://www.hidive.com/season/28119
178022,Bilibili TV,STREAMING,,https://www.bilibili.tv/en/media/2121892
178100,Official Site,INFO,Japanese,https://kinomimaster.com/
178100,Twitter,SOCIAL,Japanese,https://x.com/kinomimaster_PR
178100,Crunchyroll,STREAMING,,https://www.crunchyroll.com/series/GZJH3D801/bogus-skill-fruitmaster-about-that-time-i-became-able-to-eat-unlimited-numbers-of-skill-fruits-that-kill-you
178312,Official Site,INFO,Japanese,https://anime-farmagia.marv.jp/
178312,Twitter,SOCIAL,Japanese,https://x.com/FARMAGIA_PR
178312,TikTok,SOCIAL,Japanese,https://www.tiktok.com/@farmagia_official
178312,Crunchyroll,STREAMING,,https://www.crunchyroll.com/series/GP5HJ8447/farmagia
178312,YouTube,STREAMING,,https://www.youtube.com/playlist?list=PLxSscENEp7Jju9jZyfPvPCWVljX8k4yjY
178462,Official Site,INFO,Japanese,https://kura-kon.com/
178462,Twitter,SOCIAL,Japanese,https://x.com/kurakon_X
178462,Crunchyroll,STREAMING,,https://www.crunchyroll.com/series/GEXH3W22Z/im-getting-married-to-a-girl-i-hate-in-my-class
178462,Bilibili TV,STREAMING,,https://www.bilibili.tv/play/2124244
178495,Official Site,INFO,Japanese,https://anime-tasokarehotel.com/
178495,TikTok,SOCIAL,Japanese,https://www.tiktok.com/@tasokare_hotel
178495,Twitter,SOCIAL,Japanese,https://x.com/TKH__A
178495,YouTube,STREAMING,,https://www.youtube.com/@TASOKARE_HOTEL
178495,Bilibili TV,STREAMING,,https://www.bilibili.tv/en/media/2123944
178495,Amazon Prime Video,STREAMING,,https://www.amazon.com/dp/B0DLHBH9YM
178495,YouTube,STREAMING,,https://www.youtube.com/playlist?list=PLhGamQZtJ7K9QtAw-sIhv1v8j7UZPGk5R
178548,Twitter,SOCIAL,Japanese,https://x.com/fugu_kan
178548,Official Site,INFO,Japanese,https://fugukan.com/
178548,Crunchyroll,STREAMING,,https://www.crunchyroll.com/series/GNVHKN99W/even-given-the-worthless-appraiser-class--im-actually-the-strongest
178548,Bilibili TV,STREAMING,,https://www.bilibili.tv/en/media/2123536
178548,YouTube,STREAMING,,https://www.youtube.com/playlist?list=PLwLSw1_eDZl2VtrcMiIwEPC5RetXymTDz
178550,Twitter,SOCIAL,Japanese,https://twitter.com/Project_UM
178550,Official Site,INFO,Japanese,https://unnamedmemory.com/
178550,Crunchyroll,STREAMING,,https://www.crunchyroll.com/series/G9VHN9QXQ/unnamed-memory
179297,Official Site,INFO,Japanese,https://magicmaker-anime.com/
179297,Twitter,SOCIAL,Japanese,https://x.com/magicmakeranime
179297,Crunchyroll,STREAMING,,https://www.crunchyroll.com/series/GP5HJ8417/magic-maker-how-to-make-magic-in-another-world
179689,Official Site,INFO,Japanese,https://salaryman-big4.com/
179689,Twitter,SOCIAL,Japanese,https://x.com/salaryman_big4
179689,Crunchyroll,STREAMING,,https://www.crunchyroll.com/series/GDKHZEJPQ/headhunted-to-another-world-from-salaryman-to-big-four
179689,YouTube,STREAMING,,https://www.youtube.com/playlist?list=PLxSscENEp7Jj9WjsCCnhQehPwk1vwiwnN
179689,Bilibili TV,STREAMING,,https://www.bilibili.tv/en/media/2122339
179696,Official Site,INFO,Japanese,https://kaishani-sukinahito.com/
179696,Twitter,SOCIAL,Japanese,https://x.com/kaishani_suki
179696,Bilibili TV,STREAMING,,https://www.bilibili.tv/en/media/2121960
179696,YouTube,STREAMING,,https://www.youtube.com/playlist?list=PLxSscENEp7JhCFHIPcW85-IUQ-q9T1eTl
179838,YouTube,STREAMING,,https://www.youtube.com/@防衛部公式っス
179838,Twitter,SOCIAL,Japanese,https://x.com/boueibu
179838,Official Site,INFO,Japanese,https://boueibu.com/movie/index.html
179852,Official Site,INFO,Japanese,https://www.mononoke-movie.com/
179852,Twitter,SOCIAL,Japanese,https://x.com/anime_mononoke
179852,Netflix,STREAMING,,https://www.netflix.com/title/81580575
179878,Twitter,SOCIAL,Japanese,https://x.com/pjsekai_movie
179878,Official Site,INFO,Japanese,https://sh-anime.shochiku.co.jp/pjsekai-movie/
179998,Official Site,INFO,Japanese,https://kaiju-no8.net/en/
179998,Twitter,SOCIAL,English,https://x.com/KaijuNo8_O_EN
179998,Twitter,SOCIAL,Japanese,https://x.com/KaijuNo8_O
179998,TikTok,SOCIAL,Japanese,https://www.tiktok.com/@kaijuno8_o
179998,Crunchyroll,STREAMING,,https://www.crunchyroll.com/watch/GG1UXVQZ3/kaiju-no-8-mission-recon
179999,Official Site,INFO,English,https://kaiju-no8.net/en/
179999,Official Site,INFO,Japanese,https://kaiju-no8.net/
179999,Twitter,SOCIAL,English,https://x.com/KaijuNo8_O_EN
179999,TikTok,SOCIAL,Japanese,https://www.tiktok.com/@kaijuno8_o
179999,Twitter,SOCIAL,Japanese,https://x.com/KaijuNo8_O
179999,Crunchyroll,STREAMING,,https://www.crunchyroll.com/watch/G2XUNVJMN/hoshinas-day-off
180052,Twitter,SOCIAL,Japanese,https://x.com/KizunaFive
180052,Official Site,INFO,Japanese,https://isekai-red-anime.com/
180052,Crunchyroll,STREAMING,,https://www.crunchyroll.com/series/G8DHV788M/the-red-ranger-becomes-an-adventurer-in-another-world
180292,Official Site,INFO,Japanese,https://arafo-tsuhan.com/
180292,Twitter,SOCIAL,Japanese,https://x.com/arafotsuhan
180292,Crunchyroll,STREAMING,,https://www.crunchyroll.com/series/GVDHX855Q/the-daily-life-of-a-middle-aged-online-shopper-in-another-world
180812,Twitter,SOCIAL,Japanese,https://x.com/Aparidaofficial
180812,TikTok,SOCIAL,Japanese,https://www.tiktok.com/@aparida_official
180812,Official Site,INFO,Japanese,https://arank-party-ridatsu-official.com/
180812,Crunchyroll,STREAMING,,https://www.crunchyroll.com/series/GKEH2G004/i-left-my-a-rank-party-to-help-my-former-students-reach-the-dungeon-depths
180812,Bilibili TV,STREAMING,,https://www.bilibili.tv/en/media/2122082
180812,YouTube,STREAMING,,https://www.youtube.com/playlist?list=PLwLSw1_eDZl03q6rAPvEC-sRXeGiy6qMM
181440,Twitter,SOCIAL,Japanese,https://x.com/aldnoahzero/
181440,Official Site,INFO,Japanese,http://www.aldnoahzero.com/
181440,Crunchyroll,STREAMING,,https://www.crunchyroll.com/watch/G0DUMN7NJ/the-penultimate-truth
181886,Twitter,SOCIAL,Japanese,https://twitter.com/kin29man_anime
181886,YouTube,STREAMING,,https://youtube.com/@kin29man-anime
181886,Official Site,INFO,Japanese,https://kin29man-anime.com/
181886,Netflix,STREAMING,,https://www.netflix.com/title/81781519
181886,YouTube,STREAMING,,https://youtube.com/playlist?list=PLbuF5Onrcu9c9Q3F3SIuiJUiNEaODPrYy
182158,Twitter,SOCIAL,Japanese,https://x.com/painoko_anime/
182158,Official Site,INFO,Japanese,https://senpaiha-otokonoko.com/
182158,TikTok,SOCIAL,Japanese,https://www.tiktok.com/@painoko_anime
182158,Crunchyroll,STREAMING,,https://www.crunchyroll.com/series/GW4HM7WP9/senpai-is-an-otokonoko
182333,Official Site,INFO,Japanese,https://doraeiga.com/2025/
182333,Twitter,SOCIAL,Japanese,https://twitter.com/doraeiga
182877,Official Site,INFO,Japanese,https://animationid.com/levelx/
182920,Twitter,SOCIAL,Japanese,https://x.com/cfvanguard_PR/
182920,Official Site,INFO,Japanese,https://anime.cf-vanguard.com/
182920,YouTube,STREAMING,,https://www.youtube.com/@CARDFIGHTVanguard
183412,Official Site,INFO,Japanese,https://kocha.benesse.ne.jp/kodomo/open/movie/2025/
185073,Official Site,INFO,Japanese,https://www.toei-anim.co.jp/tv/you-and-idol_precure/
185073,YouTube,STREAMING,,https://www.youtube.com/@precure/videos
185073,Twitter,SOCIAL,,https://x.com/TVanime_precure
185073,Crunchyroll,STREAMING,,https://www.crunchyroll.com/series/GDKHZEJJQ/you-and-idol-precure-
185088,Official Site,INFO,Japanese,https://www.tv-tokyo.co.jp/anime/yamishibai14/staff/
185088,Twitter,SOCIAL,Japanese,https://x.com/yamishibai_TX
185088,Crunchyroll,STREAMING,,https://www.crunchyroll.com/series/G6WEM1V36/theatre-of-darkness-yamishibai
185462,Official Site,INFO,Japanese,https://www.shusuisha.com/lp/info0saiji
185462,OceanVeil,STREAMING,,https://oceanveil.net/anime_titles/342
185539,TikTok,SOCIAL,Japanese,https://www.tiktok.com/@sukima_anime
185539,Instagram,SOCIAL,Japanese,https://www.instagram.com/sukima_anime/
185539,Twitter,SOCIAL,Japanese,https://twitter.com/sukima_anime
185539,YouTube,STREAMING,,https://www.youtube.com/@sukima_anime
185539,Official Site,INFO,Japanese,https://www.sukiani.jp/
185539,YouTube,STREAMING,,https://www.youtube.com/playlist?list=PLaWGw0t9iqLt9KIac9kYMRCVf4rIOVp6m
185643,Official Site,INFO,Japanese,https://oshiri-movie.com/
185643,Twitter,SOCIAL,Japanese,https://twitter.com/o_tantei
185643,Instagram,SOCIAL,Japanese,https://www.instagram.com/oshiri_tantei_movie/
185714,Twitter,SOCIAL,Japanese,https://x.com/aldnoahzero
185714,Official Site,INFO,Japanese,https://www.aldnoahzero.com/Re-plus/
185880,Twitter,SOCIAL,English,https://x.com/BlueExorcistUSA
185880,TikTok,SOCIAL,Japanese,https://www.tiktok.com/@aoex_anime
185880,Official Site,INFO,Japanese,https://www.ao-ex.com/
185880,Instagram,SOCIAL,Japanese,https://www.instagram.com/aoex_official_anime/
185880,Twitter,SOCIAL,Japanese,https://twitter.com/aoex_anime/
185880,Crunchyroll,STREAMING,,https://www.crunchyroll.com/series/G649PJ0JY/blue-exorcist
185880,Bilibili TV,STREAMING,,https://www.bilibili.tv/en/media/2123611
185880,Official Site,INFO,English,https://blueexorcist.com/
185898,Official Site,INFO,Japanese,https://animenotane.jp/2025-02-20/
185900,Official Site,INFO,Japanese,https://animenotane.jp/2025-02-20/
185901,Official Site,INFO,Japanese,https://animenotane.jp/2025-02-20/
185903,Official Site,INFO,Japanese,https://animenotane.jp/2025-02-20/
185992,HIDIVE,STREAMING,,https://www.hidive.com/season/28115
185992,Twitter,SOCIAL,Japanese,https://twitter.com/neet_kunoichi
185992,Official Site,INFO,Japanese,https://neet-kunoichi.com/
186148,YouTube,STREAMING,,https://www.youtube.com/playlist?list=PLtdSPZNWT1AtlB6oZ-OLqZKXwMdMnIDiC
186148,Twitter,SOCIAL,Japanese,https://x.com/kusuriya_PR
186207,YouTube,STREAMING,,https://www.youtube.com/watch?v=yow8PBNcINU
186300,YouTube,STREAMING,,https://www.youtube.com/playlist?list=PLtdSPZNWT1AvvuyMgXTdq2cHeAO8xRTZH
186559,YouTube,STREAMING,,https://www.youtube.com/watch?v=oHgcVr_CRQs
186559,YouTube,STREAMING,,https://www.youtube.com/watch?v=nBbAoKK7_AM
187225,YouTube,STREAMING,,https://www.youtube.com/watch?v=VfKwPIbycbg
187236,Twitter,SOCIAL,,https://x.com/priconne_redive
187236,YouTube,STREAMING,,https://www.youtube.com/watch?v=lDxF3SSvwhc
187305,Official Site,INFO,Japanese,https://hypnosismic-movie.com/
187305,Twitter,SOCIAL,Japanese,https://x.com/hyp_mv
187380,YouTube,STREAMING,,https://youtu.be/njxatFON6Zg
187380,Twitter,SOCIAL,Japanese,https://x.com/Eiichiro_Staff
187380,TikTok,SOCIAL,Japanese,https://www.tiktok.com/@onepiece.staff.official
187380,Instagram,SOCIAL,Japanese,https://www.instagram.com/onepiece_staff/
187380,Official Site,INFO,Japanese,https://one-piece.com/
187380,Twitter,SOCIAL,Japanese,https://x.com/OPcom_info
187507,Official Site,INFO,Japanese,https://www.shopro.co.jp/anime/duelmasters_lost/
187507,YouTube,STREAMING,,https://www.youtube.com/@-dm-1351/featured
187507,Twitter,SOCIAL,Japanese,https://x.com/duema_anime
187514,YouTube,STREAMING,,https://www.youtube.com/playlist?list=PLFNUyl__hoIhMu0_g-U-rGlEoE3E7RjPE
187514,Twitter,SOCIAL,Japanese,https://x.com/cinnamon_sanrio
187514,TikTok,SOCIAL,Japanese,https://www.tiktok.com/@47mon_sanrio
189160,Official Site,INFO,Japanese,https://sh-anime.shochiku.co.jp/momentary-lily/bd-dvd/154/
189160,Crunchyroll,STREAMING,,https://www.crunchyroll.com/watch/G9DU9N344/kappou-on-and-on
189733,Official Site,INFO,Japanese,https://www.nhk.jp/p/ts/M39QRW64X4/
189893,YouTube,STREAMING,,https://www.youtube.com/watch?v=Kg-DD21FAFE
189893,YouTube,STREAMING,,https://www.youtube.com/watch?v=EeWMDOGCDy0
192928,Official Site,INFO,,https://the-land-of-nomo.panasonic/en/about/
192928,YouTube,STREAMING,,https://www.youtube.com/watch?v=2puErJ6wnmU
194403,Official Site,INFO,,https://heroaca-movie.com/
194403,Twitter,SOCIAL,,https://x.com/heroaca_movie
213461,Official Site,INFO,English,https://anime.fate-go.us/lostfujimaru/
213461,Official Site,INFO,Japanese,https://anime.fate-go.jp/nazomaru/
213461,Twitter,SOCIAL,Japanese,https://twitter.com/fgoproject/
143200,Official Site,INFO,Japanese,https://summerpockets-anime.jp/
143200,Twitter,SOCIAL,Japanese,https://x.com/samapoke_anime
143200,Crunchyroll,STREAMING,,https://crunchyroll.com/series/G0XHWM17X/summer-pockets
143200,Amazon Prime Video,STREAMING,,https://www.amazon.com/dp/B0F1BF6D2M/
143200,YouTube,STREAMING,,https://youtube.com/playlist?list=PLbuF5Onrcu9eMLuCK5j0TZ0keYio8OvJN
143337,Twitter,SOCIAL,Japanese,https://twitter.com/slime300_pr
143337,Official Site,INFO,Japanese,https://slime300-anime.com/
143337,Crunchyroll,STREAMING,,https://www.crunchyroll.com/series/GW4HM79VM/ive-been-killing-slimes-for-300-years-and-maxed-out-my-level
143337,Bilibili TV,STREAMING,,https://www.bilibili.tv/en/media/2125743
143337,YouTube,STREAMING,,https://www.youtube.com/playlist?list=PLwLSw1_eDZl0M4VrdwW6NbQ-U6TgAVOoE
143598,Official Site,INFO,Japanese,https://kijin-anime.com/
143598,Twitter,SOCIAL,Japanese,https://twitter.com/kijin_anime
143598,HIDIVE,STREAMING,,https://www.hidive.com/season/30168
143598,YouTube,STREAMING,,https://www.youtube.com/playlist?list=PLxSscENEp7Jhve97gk77TX6seY4UaVkQn
143598,Bilibili TV,STREAMING,,https://www.bilibili.tv/en/media/2126386
149118,Official Site,INFO,Japanese,https://fireforce-anime.jp/
149118,Twitter,SOCIAL,Japanese,https://twitter.com/FireForce_PR
149118,Crunchyroll,STREAMING,,https://www.crunchyroll.com/series/GYQWNXPZY/fire-force
149118,YouTube,STREAMING,,https://www.youtube.com/@user-sd1bh1dn1f
149118,TikTok,SOCIAL,Japanese,https://www.tiktok.com/@fireforce_pr
149118,Hulu,STREAMING,,https://www.hulu.com/series/5973d358-1997-47d0-942d-e85b455ed9db
149118,Disney Plus,STREAMING,,https://www.disneyplus.com/browse/entity-5973d358-1997-47d0-942d-e85b455ed9db
150654,Netflix,STREAMING,,https://www.netflix.com/title/81251383
150654,Twitter,SOCIAL,Japanese,https://x.com/animemoonrise
150654,Official Site,INFO,Japanese,https://www.witstudio.co.jp/works/2025/04/707.html
153554,Twitter,SOCIAL,Japanese,https://twitter.com/danjoru_
153554,Official Site,INFO,Japanese,https://danjoru.com/
153554,Crunchyroll,STREAMING,,https://www.crunchyroll.com/series/G1XHJV0D8/can-a-boy-girl-friendship-survive
153554,Bilibili TV,STREAMING,,https://www.bilibili.tv/en/media/2127532
158287,Twitter,SOCIAL,Japanese,https://twitter.com/cps_niconico
158287,Official Site,INFO,Japanese,https://www.compass-anime.com/
158287,Crunchyroll,STREAMING,,https://crunchyroll.com/series/GEXH3W29Z/compass20-animation-project
162682,Twitter,SOCIAL,Japanese,https://twitter.com/miragequeen_
162682,Official Site,INFO,Japanese,https://miragequeen.jp/
165445,Official Site,INFO,Japanese,https://zatsutabi.com
165445,Twitter,SOCIAL,Japanese,https://twitter.com/zatsutabi_anime
165445,Crunchyroll,STREAMING,,https://www.crunchyroll.com/series/GG5H5XQ85/zatsutabi--thats-journey-
166249,TikTok,SOCIAL,Japanese,https://www.tiktok.com/@roboco.hizanappa
166249,Official Site,INFO,Japanese,https://boku-to-roboco.com/
166249,Twitter,SOCIAL,Japanese,https://twitter.com/roboco_hizanapa
166249,Crunchyroll,STREAMING,,https://www.crunchyroll.com/series/GMTE00369364/me--roboco-the-movie
166371,Official Site,INFO,Japanese,https://hanadoll-anime.com/
166371,Twitter,SOCIAL,Japanese,https://twitter.com/Amagiri_Prod
166371,Instagram,SOCIAL,Japanese,https://www.instagram.com/amagiri_production/
166373,Official Site,INFO,Japanese,https://www.miru-anime.com/
166373,Twitter,SOCIAL,Japanese,https://twitter.com/miruanime_info
166373,Facebook,SOCIAL,Japanese,https://www.facebook.com/profile.php?id=100093454249176
166373,Official Site,INFO,English,https://www.miru-anime.com/en
166373,YouTube,STREAMING,,https://youtube.com/@miru_anime_official?si=ax277vNwTRVLsRjh
166373,YouTube,STREAMING,,https://www.youtube.com/watch?v=udd5jja6w1c
166373,Crunchyroll,STREAMING,,https://www.crunchyroll.com/series/GT00351576/miru-paths-to-my-future
166527,Official Site,INFO,Japanese,https://www.web.nhk/tv/pl/series-tep-V9G8JN6K2Q
166527,Official Site,INFO,Japanese,https://sasayuricafe.com/cocoon.html
167142,Official Site,INFO,Japanese,https://www.yourforma-anime.com/
167142,Twitter,SOCIAL,Japanese,https://twitter.com/yourforma
167142,Bilibili TV,STREAMING,,https://www.bilibili.tv/en/media/2125980
167142,YouTube,STREAMING,,https://www.youtube.com/playlist?list=PLhGamQZtJ7K9zCqlmDsrRvGo38kORSRMk
167142,Amazon Prime Video,STREAMING,,https://www.amazon.com/gp/video/detail/B0DW3MD6NZ
167336,Official Site,INFO,,https://lazarus.aniplex.co.jp/
167336,Twitter,SOCIAL,Japanese,https://x.com/lazarus_jp
167336,Max,STREAMING,,https://play.max.com/show/7479ef42-c1ac-4473-854e-5a5c35894e35
167336,Adult Swim,STREAMING,,https://www.adultswim.com/videos/lazarus
167336,Hulu,STREAMING,,https://www.hulu.com/series/a47ec22b-79c9-4e65-9407-2f73778eca4b
172393,Twitter,SOCIAL,Japanese,https://twitter.com/utapriMAJILOVE
172393,Official Site,INFO,Japanese,http://utapri-movie.com/
174802,Twitter,SOCIAL,Japanese,https://x.com/shiunji_anime
174802,Official Site,INFO,Japanese,https://shiunjifamily.com/
174802,Crunchyroll,STREAMING,,https://www.crunchyroll.com/series/G9VHN9Q84/the-shiunji-family-children
174802,YouTube,STREAMING,,https://www.youtube.com/playlist?list=PLxSscENEp7JiHCExyPcw8isDb-gUqS9cx
174802,Bilibili TV,STREAMING,,https://www.bilibili.tv/en/media/2125241
175872,Twitter,SOCIAL,Japanese,https://x.com/yamihealer
175872,Official Site,INFO,Japanese,https://sh-anime.shochiku.co.jp/yamihealer/
175872,Bluesky,SOCIAL,,https://bsky.app/profile/yamihealer.bsky.social
175872,Crunchyroll,STREAMING,,https://www.crunchyroll.com/series/G4PH0WJ9G/the-brilliant-healers-new-life-in-the-shadows
175872,Bilibili TV,STREAMING,,https://www.bilibili.tv/en/media/2125152
175872,YouTube,STREAMING,,https://www.youtube.com/playlist?list=PLxSscENEp7Jhxd9fB5UOMFdk-OuZvaw7a
175872,Netflix,STREAMING,,https://www.netflix.com/title/82025664
176246,Twitter,SOCIAL,Japanese,https://twitter.com/mono_weekend
176246,Official Site,INFO,Japanese,https://mono-weekend.photo/
176246,Instagram,SOCIAL,Japanese,https://www.instagram.com/mono_weekend/
176246,Crunchyroll,STREAMING,,https://www.crunchyroll.com/series/G1XHJV0N8/mono
176702,Official Site,INFO,Japanese,https://teogonia-anime.com/
176702,Twitter,SOCIAL,Japanese,https://x.com/teogonia_anime
176702,Crunchyroll,STREAMING,,https://www.crunchyroll.com/series/GXJHM3GX8/teogonia
176702,YouTube,STREAMING,,https://youtube.com/playlist?list=PLbuF5Onrcu9cckxsJTEVXMfXQW0sqPsdu
177120,Twitter,SOCIAL,Japanese,https://twitter.com/ninkoro_anime
177120,Official Site,INFO,Japanese,https://ninkoro.jp/
177120,Crunchyroll,STREAMING,,https://crunchyroll.com/series/GNVHKN9EW/a-ninja-and-an-assassin-under-one-roof
177120,YouTube,STREAMING,,https://youtube.com/playlist?list=PLbuF5Onrcu9dT2wMmXYPCLyF0kMZNJZoT&si=XHNhDc6Tg3UNoJ3i
177476,Twitter,SOCIAL,Japanese,https://twitter.com/YAIBA_PR
177476,Official Site,INFO,Japanese,https://www.yaiba-pr.com/
177476,TikTok,SOCIAL,Japanese,https://www.tiktok.com/@yaiba_pr
177476,Netflix,STREAMING,,https://www.netflix.com/title/82030192
177476,Hulu,STREAMING,,https://www.hulu.com/series/5dcf8f0f-4262-4d50-9a57-1814838dbf4d
177476,Bilibili TV,STREAMING,,https://www.bilibili.tv/en/media/2125837
177476,iQ,STREAMING,,https://www.iq.com/album/1jvbmah6pt5
177476,Hulu,STREAMING,,https://www.hulu.com/series/f5779ae8-bdd7-451a-b4be-7b1fda130836
177509,Official Site,INFO,Japanese,https://makinasan-anime.com/
177509,Twitter,SOCIAL,Japanese,https://x.com/makinasan_anime
177509,Amazon Prime Video,STREAMING,,https://www.primevideo.com/detail?gti=amzn1.dv.gti.da0eeabb-9121-4571-9054-648641f39228
177509,OceanVeil,STREAMING,,https://oceanveil.net/anime_titles/147
177509,OceanVeil,STREAMING,,https://oceanveil.net/anime_titles/148
177509,OceanVeil,STREAMING,,https://oceanveil.net/anime_titles/166
177509,OceanVeil,STREAMING,,https://oceanveil.net/anime_titles/167
177633,Official Site,INFO,Japanese,https://www.muziktiger.com/
177633,Official Site,INFO,Korean,https://muziktiger-anime.com/kr/
177633,Official Site,INFO,English,https://muziktiger-anime.com/en/
177633,Twitter,SOCIAL,Korean,https://x.com/muziktiger
177633,Instagram,SOCIAL,Korean,https://www.instagram.com/muziktiger/
177633,Instagram,SOCIAL,Japanese,https://www.instagram.com/muziktiger_japan/
177633,Twitter,SOCIAL,Japanese,https://x.com/muziktiger_JP
177633,YouTube,STREAMING,,https://www.youtube.com/@muziktiger_JP
177633,YouTube,STREAMING,,https://www.youtube.com/playlist?list=PLJIzgqjFhFfhyIrqo1wVxnL05ByIFTBRx
177633,YouTube,STREAMING,,https://www.youtube.com/@muziktiger_anime
178046,Twitter,SOCIAL,Japanese,https://x.com/GUILTYGEAR_STDR
178046,Official Site,INFO,Japanese,https://www.guiltygear.com/ggstdr/jp/
178046,Official Site,INFO,English,https://www.guiltygear.com/ggstdr/en/
178046,Crunchyroll,STREAMING,,https://www.crunchyroll.com/series/GEXH3W2MZ/guilty-gear-strive-dual-rulers
178052,Twitter,SOCIAL,Japanese,https://x.com/priorche_info
178052,Official Site,INFO,Japanese,https://princess-session.com/
178052,YouTube,STREAMING,,https://www.youtube.com/@princess-session
178052,Instagram,SOCIAL,Japanese,https://www.instagram.com/priorche_info/
178052,Netflix,STREAMING,,https://www.netflix.com/jp-en/title/82041462
178680,Twitter,SOCIAL,Japanese,https://x.com/winbre_sakura/
178680,Official Site,INFO,Japanese,https://wb-anime.net/
178680,Crunchyroll,STREAMING,,https://www.crunchyroll.com/series/G3KHEVDPE/wind-breaker
178680,Twitter,SOCIAL,English,https://x.com/windbreakereng
178680,Facebook,SOCIAL,English,https://www.facebook.com/animewindbreaker
178680,TikTok,SOCIAL,Japanese,https://www.tiktok.com/@winbre_official
178680,Bilibili TV,STREAMING,,https://www.bilibili.tv/en/media/2124917
178680,Amazon Prime Video,STREAMING,,https://www.amazon.com/dp/B0DTMT25ZH/
178701,Official Site,INFO,Japanese,https://arumajo-anime.com/
178701,Twitter,SOCIAL,Japanese,https://x.com/arumajo_anime
178701,Crunchyroll,STREAMING,,https://www.crunchyroll.com/series/GMEHME72W/once-upon-a-witchs-death
178781,Twitter,SOCIAL,Japanese,https://twitter.com/anime_sentai
178781,Official Site,INFO,Japanese,https://anime.shochiku.co.jp/anime-sentai-daishikkaku/
178781,Disney Plus,STREAMING,,https://www.disneyplus.com/series/go-go-loser-ranger/2VX5fKgeiVEl
178781,Hulu,STREAMING,,https://www.hulu.com/series/9d994955-d20b-43c7-99be-3dfd3c6b6f22
178781,Hulu,STREAMING,,https://www.hulu.com/series/713ae2f3-5d7a-4a66-a724-a937f8ab6dd9
178825,Twitter,SOCIAL,Japanese,https://x.com/clasta_anime
178825,Official Site,INFO,Japanese,https://classicstars-anime.com/
178825,Crunchyroll,STREAMING,,https://www.crunchyroll.com/series/GDKHZEJKQ/classicstars
178825,iQ,STREAMING,,https://www.iq.com/album/xev1pribtl
179054,Crunchyroll,STREAMING,,https://www.crunchyroll.com/series/GYQ43P3E6/black-butler
179054,Twitter,SOCIAL,Japanese,https://x.com/kuroshitsuji_pr
179054,Official Site,INFO,Japanese,https://www.kuroshitsuji.tv/emeraldwitch/
179054,Bilibili TV,STREAMING,,https://www.bilibili.tv/en/media/2125658
179054,Netflix,STREAMING,,https://www.netflix.com/title/70204955
179541,Official Site,INFO,Japanese,https://shirohiyo.com/
179541,Twitter,SOCIAL,Japanese,https://x.com/shirohiyoanime2/
179541,Crunchyroll,STREAMING,,https://www.crunchyroll.com/series/GNVHKN9QW/shirohiyo---reincarnated-as-a-neglected-noble-raising-my-baby-brother-with-memories-from-my-past-life
179541,Bilibili TV,STREAMING,,https://www.bilibili.tv/en/media/2126598
179694,Twitter,SOCIAL,Japanese,https://x.com/rocklady_info
179694,Official Site,INFO,Japanese,https://rocklady.rocks
179694,HIDIVE,STREAMING,,https://www.hidive.com/season/30188
179694,YouTube,STREAMING,,https://www.youtube.com/playlist?list=PLxSscENEp7JjgRVMAKk5LAZB89yQ0h4Xw
179706,Twitter,SOCIAL,Japanese,https://x.com/lycoris_recoil/
179706,Official Site,INFO,Japanese,https://lycoris-recoil.com/shortmovie/
179706,YouTube,STREAMING,,https://youtube.com/playlist?list=PLUH30mfo5wJwql4GT3xV4IFJyrllQ4MTN&si=1paFtJgoHaioeBMK
179706,YouTube,STREAMING,,https://www.youtube.com/playlist?list=PLrNN1YufWexws_is0MFosQKkbQ87nUNU_
179706,Crunchyroll,STREAMING,,https://www.crunchyroll.com/series/G1XHJV2X9/lycoris-recoil
179706,Official Site,INFO,English,https://lycorisrecoil.com/shortmovie/
179706,Facebook,SOCIAL,English,https://www.facebook.com/lycorisrecoil/
179706,YouTube,STREAMING,,https://www.youtube.com/watch?v=Er8gI7WK1wA
179955,Official Site,INFO,Japanese,http://ossan-kensei.com/
179955,Twitter,SOCIAL,Japanese,https://x.com/ossan_kensei
179955,Amazon Prime Video,STREAMING,,https://www.amazon.com/dp/B0D8Z7S2G4
179955,Twitter,SOCIAL,English,https://x.com/bumpkin_anime
179965,Twitter,SOCIAL,Japanese,https://x.com/takamine_anime
179965,Official Site,INFO,Japanese,https://takaminesan.com/
179965,Crunchyroll,STREAMING,,https://www.crunchyroll.com/series/G3KHEVD1D/please-put-them-on-takamine-san
179965,Bilibili TV,STREAMING,,https://www.bilibili.tv/en/media/2127455
179979,Twitter,SOCIAL,Japanese,https://x.com/aharen_pr
179979,Official Site,INFO,Japanese,https://aharen-pr.com/
179979,TikTok,SOCIAL,Japanese,https://www.tiktok.com/@aharen_official
179979,Crunchyroll,STREAMING,,https://www.crunchyroll.com/series/GNVHKN72N/aharen-san-wa-hakarenai
179979,Bilibili TV,STREAMING,,https://www.bilibili.tv/en/media/2125304
179979,Amazon Prime Video,STREAMING,,https://www.amazon.com/dp/B0F2FG9YN6/
180124,Instagram,SOCIAL,Japanese,https://www.instagram.com/tabekko_movie/
180124,TikTok,SOCIAL,Japanese,https://www.tiktok.com/@tabekko_movie
180124,Twitter,SOCIAL,Japanese,https://twitter.com/tabekko_movie
180124,Official Site,INFO,Japanese,https://tabekko-movie.com/
180367,Official Site,INFO,Japanese,https://witchwatch-anime.com/
180367,Twitter,SOCIAL,Japanese,https://x.com/WITCHWATCHanime
180367,TikTok,SOCIAL,Japanese,https://www.tiktok.com/@witchwatch_off
180367,Netflix,STREAMING,,https://www.netflix.com/title/81991687
180367,Twitter,SOCIAL,English,https://x.com/WITCHWATCH_EN
180367,Hulu,STREAMING,,https://www.hulu.com/series/witch-watch-7f008578-f8b2-4c27-8e5b-64320349ce63
180367,Crunchyroll,STREAMING,,https://www.crunchyroll.com/series/G5PHNM9P0/witch-watch
180367,Instagram,SOCIAL,English,https://www.instagram.com/witchwatch_en/
180367,YouTube,STREAMING,,https://www.youtube.com/@witchwatch-anime
180367,Bilibili TV,STREAMING,,https://www.bilibili.tv/en/media/2126684
180367,YouTube,STREAMING,,https://youtube.com/playlist?list=PLbuF5Onrcu9fT0mX9ldOAfxJ98gp-jHpK&si=I1wr2atpTiEP92mm
180516,Twitter,SOCIAL,Japanese,https://x.com/umamusu_animeCG
180516,Official Site,INFO,Japanese,https://anime-cinderellagray.com/
180516,Amazon Prime Video,STREAMING,,https://www.amazon.com/dp/B0F1RY7C41
180516,Netflix,STREAMING,,https://www.netflix.com/title/82030222
180516,YouTube,STREAMING,,https://www.youtube.com/playlist?list=PLhGamQZtJ7K9aElhFk89DyndS6JDvLh7z
180516,TikTok,SOCIAL,Japanese,https://www.tiktok.com/@anime_umamusume_cg
180516,Tubi TV,STREAMING,,https://tubitv.com/series/300018619/uma-musume-cinderella-gray
180675,YouTube,STREAMING,,https://www.youtube.com/@CyberAgent_Anime
180675,Official Site,INFO,Japanese,https://apocalypse-hotel.jp/
180675,Twitter,SOCIAL,Japanese,https://x.com/apo_hotel
180675,Crunchyroll,STREAMING,,https://www.crunchyroll.com/series/GXJHM3G58/apocalypse-hotel
180825,Official Site,INFO,Japanese,https://maebashi-witches.com/
180825,Twitter,SOCIAL,Japanese,https://x.com/maebashiwitches
180825,Crunchyroll,STREAMING,,https://www.crunchyroll.com/series/GW4HM7W1V/maebashi-witches
180825,Bilibili TV,STREAMING,,https://www.bilibili.tv/en/media/2128013
180825,YouTube,STREAMING,,https://youtube.com/@maebashiw
180829,Twitter,SOCIAL,Japanese,https://x.com/aiomodarkelf
180829,Official Site,INFO,Japanese,https://aiomodarkelf.deregula.com/
180829,HIDIVE,STREAMING,,https://www.hidive.com/season/30190
181078,Official Site,INFO,Japanese,https://bye2earth.com/
181078,Twitter,SOCIAL,Japanese,https://twitter.com/BBE_animePR
181078,Crunchyroll,STREAMING,,https://www.crunchyroll.com/series/G4PH0WJXN/bye-bye-earth
181078,Bilibili TV,STREAMING,,https://www.bilibili.tv/en/media/2128207
181182,Twitter,SOCIAL,Japanese,https://x.com/shoshimin_pr
181182,Official Site,INFO,Japanese,https://shoshimin-anime.com/
181182,Crunchyroll,STREAMING,,https://www.crunchyroll.com/series/G5PHNM94J/shoshimin-how-to-become-ordinary
181182,YouTube,STREAMING,,https://www.youtube.com/playlist?list=PLxSscENEp7JhQhpQoXx5ZMHB_YZO_URU3
181182,iQ,STREAMING,,https://www.iq.com/album/kyiwoqwq55
181244,Twitter,SOCIAL,Japanese,https://x.com/konosubaanime/
181244,Official Site,INFO,Japanese,http://konosuba.com/3rd/ova/
181244,TikTok,SOCIAL,Japanese,https://www.tiktok.com/@konosubaanime_pr
181244,Crunchyroll,STREAMING,,https://www.crunchyroll.com/series/GYE5K3GQR/konosuba--gods-blessing-on-this-wonderful-world
181449,Twitter,SOCIAL,Japanese,https://x.com/virginpunk_pr
181449,Official Site,INFO,Japanese,https://virgin-punk.com/
181839,Twitter,SOCIAL,Japanese,https://x.com/maidragon_anime
181839,Official Site,INFO,Japanese,https://maidragon.jp/movie/
181839,TikTok,SOCIAL,Japanese,https://www.tiktok.com/@maidragon_anime_official
181839,Crunchyroll,STREAMING,,https://www.crunchyroll.com/series/GMTE00351664/miss-kobayashis-dragon-maid-a-lonely-dragon-wants-to-be-loved
182060,Twitter,SOCIAL,Japanese,https://twitter.com/gorilla_bless
182060,Official Site,INFO,Japanese,https://gorillalady-anime.com/
182060,Crunchyroll,STREAMING,,https://www.crunchyroll.com/series/GJ0H7QG3M/the-gorilla-gods-go-to-girl
182419,Twitter,SOCIAL,Japanese,https://x.com/chuzenji_anime
182419,Official Site,INFO,Japanese,https://chuzenji-anime.jp/
182419,YouTube,STREAMING,,https://www.youtube.com/playlist?list=PLxSscENEp7JjVK-Zm3nqHmozj8S9ajh7n
182419,Bilibili TV,STREAMING,,https://www.bilibili.tv/en/media/2126246
182814,Twitter,SOCIAL,Japanese,https://x.com/kowloongr_jp
182814,Official Site,INFO,Japanese,https://kowloongr.jp/anime/index.html
182814,Instagram,SOCIAL,Japanese,https://www.instagram.com/kowloongr_jp/
182814,TikTok,SOCIAL,Japanese,https://www.tiktok.com/@kowloongr_jp
182814,Crunchyroll,STREAMING,,https://www.crunchyroll.com/series/GZJH3D8K1/kowloon-generic-romance
182814,YouTube,STREAMING,,https://www.youtube.com/playlist?list=PLxSscENEp7JjTeCHu-bW77tOzPZpxcgoE
182814,Bilibili TV,STREAMING,,https://www.bilibili.tv/en/media/2125392
183133,Official Site,INFO,Japanese,https://kanchigai-pr.com/
183133,Twitter,SOCIAL,Japanese,https://x.com/kanchigai_pr
183133,Crunchyroll,STREAMING,,https://www.crunchyroll.com/series/GKEH2G0J4/the-unaware-atelier-meister
183161,Official Site,INFO,,https://saikyo2dome-tbate.com/
183161,Twitter,SOCIAL,Japanese,https://x.com/saikyo2dome
183161,Crunchyroll,STREAMING,,https://www.crunchyroll.com/series/G24H1NWKE/the-beginning-after-the-end
183161,Bilibili TV,STREAMING,,https://www.bilibili.tv/en/media/2125013
183161,iQ,STREAMING,,https://www.iq.com/album/aw5chcnlgh
183161,Netflix,STREAMING,,https://www.netflix.com/tw/title/82036784
183161,Official Site,INFO,Chinese,https://ani.gamer.com.tw/animeVideo.php?sn=42890
183274,Twitter,SOCIAL,Japanese,https://x.com/akutoku_ryoushu
183274,Official Site,INFO,Japanese,https://seikankokka-anime.com/
183274,Crunchyroll,STREAMING,,https://www.crunchyroll.com/series/G79H23ZE3/im-the-evil-lord-of-an-intergalactic-empire
183274,Bilibili TV,STREAMING,,https://www.bilibili.tv/en/media/2126479
183274,YouTube,STREAMING,,https://www.youtube.com/playlist?list=PLwLSw1_eDZl15t3FDPEZ8RDr8uVWnRs2k
183275,Official Site,INFO,Japanese,https://kanpekiseijo-anime.com/
183275,Twitter,SOCIAL,Japanese,https://x.com/kanpekiseijo_pr
183275,Crunchyroll,STREAMING,,https://www.crunchyroll.com/the-too-perfect-saint-tossed-aside-by-my-fianc-and-sold-to-another-kingdom
183275,Bilibili TV,STREAMING,,https://www.bilibili.tv/en/media/2127764
183275,Netflix,STREAMING,,https://www.netflix.com/title/82085670
184182,Twitter,SOCIAL,Japanese,https://twitter.com/zenryoku_usagi
184182,Official Site,INFO,Japanese,https://zenryoku-usagi-anime.com/
184182,TikTok,SOCIAL,Japanese,https://www.tiktok.com/@zenryoku_usagi_anime
184182,YouTube,STREAMING,,https://www.youtube.com/@zenryoku.usagi.official/
184279,Twitter,SOCIAL,Japanese,https://x.com/ballpark_PR
184279,Official Site,INFO,Japanese,https://anime-ballpark.com
184279,Crunchyroll,STREAMING,,https://www.crunchyroll.com/series/GVDHX85EQ/catch-me-at-the-ballpark
184279,Niconico Video,STREAMING,,https://anime.nicovideo.jp/detail/anime-ballpark/index.html
184289,Twitter,SOCIAL,Japanese,https://x.com/kaijyu_sekai
184289,Official Site,INFO,Japanese,https://kaijyu-sekai.com/
184289,Instagram,SOCIAL,Japanese,https://www.instagram.com/kaijyu_sekai
184289,YouTube,STREAMING,,https://www.youtube.com/@kaijyu_sekai
184470,Official Site,INFO,Japanese,https://aipri.jp/anime/special/ring/
184470,Twitter,SOCIAL,Japanese,https://x.com/PrettySeriesPR
184470,YouTube,STREAMING,,https://www.youtube.com/@PrettySeriesPR
184470,Instagram,SOCIAL,Japanese,https://www.instagram.com/prettyseriespr/
184470,TikTok,SOCIAL,Japanese,https://www.tiktok.com/@prettyseries_pr
184470,Twitter,SOCIAL,Japanese,https://x.com/aipri_animepr
184470,Official Site,INFO,Japanese,https://aipri.jp/anime/series/himitsu/
184639,Official Site,INFO,Japanese,https://anime-ann-e.jp/
184639,Twitter,SOCIAL,Japanese,https://x.com/anime_ann_e
184639,Instagram,SOCIAL,Japanese,https://www.instagram.com/anime_ann_e/
184639,YouTube,STREAMING,,https://www.youtube.com/@anime-ann-e
184639,Crunchyroll,STREAMING,,https://www.crunchyroll.com/series/G8DHV78XM/anne-shirley
184639,YouTube,STREAMING,,https://www.youtube.com/playlist?list=PLxSscENEp7JiKIvoMCqXUFcRRIUiJzE-O
184639,TikTok,SOCIAL,Japanese,https://www.tiktok.com/@anime_ann_e
184762,Crunchyroll,STREAMING,,https://www.crunchyroll.com/watch/GWDU78G4K/the-outstretched-hand
184989,Official Site,INFO,Japanese,https://nazod-anime.com/
184989,Twitter,SOCIAL,Japanese,https://x.com/nazoD_anime
184989,Amazon Prime Video,STREAMING,,https://www.primevideo.com/detail/The-Dinner-Table-Detective/0TKRFV2FB8U18G5WS16GFOXNG2
185070,Official Site,INFO,Japanese,https://ucyujin-mumu.com/
185070,Twitter,SOCIAL,Japanese,https://x.com/ucyujinmu2
185070,YouTube,STREAMING,,https://www.youtube.com/@mumu-anime
185070,YouTube,STREAMING,,https://youtube.com/playlist?list=PLbuF5Onrcu9dhIa3sjAJXaf-xpupZwqva
185084,Twitter,SOCIAL,Japanese,https://x.com/lupin_anime
185084,Official Site,INFO,Japanese,https://lupinthe3rd.com/
185212,Twitter,SOCIAL,Japanese,https://x.com/conan_movie
185212,Official Site,INFO,Japanese,https://www.conan-movie.jp/2025
185212,Facebook,SOCIAL,Japanese,https://www.facebook.com/detective.conan.movie/
185212,TikTok,SOCIAL,Japanese,https://www.tiktok.com/@conan_pr_official
185212,Instagram,SOCIAL,Japanese,https://www.instagram.com/conan.official/
185212,YouTube,STREAMING,,https://www.youtube.com/@conan_anime
185213,Official Site,INFO,English,https://en.gundam.info/about-gundam/series-pages/gquuuuuux/
185213,Official Site,INFO,Japanese,https://www.gundam.info/feature/gquuuuuux/
185213,Twitter,SOCIAL,Japanese,https://x.com/g_gquuuuuux
185213,Amazon Prime Video,STREAMING,,https://www.amazon.com/dp/B0DMYC8F4V
185259,Twitter,SOCIAL,Japanese,https://x.com/gagmanga_biyori
185259,Official Site,INFO,Japanese,https://www.gagbi-go.com/
185259,Amazon Prime Video,STREAMING,,https://www.amazon.com/dp/B0DZY4DT8P
185259,YouTube,STREAMING,,https://www.youtube.com/playlist?list=PLhGamQZtJ7K_wUBnFgg62yC74_UUc_65A
185584,Twitter,SOCIAL,Japanese,https://x.com/ebuhosu_anime
185584,Official Site,INFO,Japanese,https://www.tv-tokyo.co.jp/anime/everydayhost/
185584,TikTok,SOCIAL,Japanese,https://www.tiktok.com/@ebuhosu_anime
185584,YouTube,STREAMING,,https://www.youtube.com/@ebuhosu_anime
185645,Official Site,INFO,Japanese,https://oshiri-tantei.com/
185646,Twitter,SOCIAL,Japanese,https://twitter.com/koupenchananime
185646,Official Site,INFO,Japanese,https://www.koupenchan-anime.jp/
185646,YouTube,STREAMING,,https://www.youtube.com/playlist?list=PLRj9zPfLhyY17a7iABkpz28-oamCLFUMQ
185715,Twitter,SOCIAL,Japanese,https://twitter.com/lovehachi_PR
185715,Official Site,INFO,Japanese,https://www.tv-tokyo.co.jp/anime/shibuya-hachi/
185716,Official Site,INFO,,https://s.mxtv.jp/anime/hyakusho_kizoku/
185716,Twitter,SOCIAL,Japanese,https://twitter.com/anime_hyakusho
185718,Twitter,SOCIAL,Japanese,https://twitter.com/saikyooh_anime
185718,Official Site,INFO,Japanese,https://saikyoohanime.com/
185718,YouTube,STREAMING,,https://www.youtube.com/@saikyooh_anime
185736,Twitter,SOCIAL,Japanese,https://x.com/vigilante_mha
185736,Instagram,SOCIAL,Japanese,https://www.instagram.com/vigilante_mha/
185736,TikTok,SOCIAL,Japanese,https://www.tiktok.com/@vigilante_mha
185736,Official Site,INFO,Japanese,https://vigilante-anime.com/
185736,Crunchyroll,STREAMING,,https://crunchyroll.com/series/G79H23ZQ3/my-hero-academia-vigilantes
185736,YouTube,STREAMING,,https://www.youtube.com/playlist?list=PLxSscENEp7Ji6xNpTPVde69l-VVcWyhVR
185736,Bilibili TV,STREAMING,,https://www.bilibili.tv/en/media/2125525
185736,iQ,STREAMING,,https://www.iq.com/album/284u94xx9dx
185736,Twitter,SOCIAL,English,https://x.com/MHAOfficial
185778,YouTube,STREAMING,,https://www.youtube.com/playlist?list=PLbuSQ8SJFnFE9MUdS7-Rw0Q7NTGCGM9Vh
185778,YouTube,STREAMING,,https://www.youtube.com/playlist?list=PLCUrmruTKw_Yie_ppFNtR_5_coID6jf1h
185939,Twitter,SOCIAL,Japanese,https://x.com/hibimeshi_anime
185939,Official Site,INFO,Japanese,https://hibimeshi.com/
185939,Crunchyroll,STREAMING,,https://www.crunchyroll.com/series/GJ0H7QGZM/food-for-the-soul
185939,Instagram,SOCIAL,Japanese,https://www.instagram.com/hibimeshi_anime/
185939,TikTok,SOCIAL,Japanese,https://www.tiktok.com/@hibimeshi.anime
186151,Official Site,INFO,English,https://www.konami.com/yugioh/thechronicles/en/
186151,Official Site,INFO,Japanese,https://www.konami.com/yugioh/thechronicles/ja/
186151,YouTube,STREAMING,,https://www.youtube.com/playlist?list=PL6roPjQtdsM7n71HGmWNiKTE0UcOa9DxV
186151,YouTube,STREAMING,,https://www.youtube.com/playlist?list=PL6roPjQtdsM5WlrIueld3oDzQ2kir_nO7
186151,YouTube,STREAMING,,https://www.youtube.com/playlist?list=PL6roPjQtdsM4NGo1cdZCHQlMfiZy98nO0
186151,YouTube,STREAMING,,https://www.youtube.com/playlist?list=PLdT-sRlu--dQ
186151,YouTube,STREAMING,,https://www.youtube.com/playlist?list=PL6roPjQtdsM5jMhcHTNPcd34s-_blTnNr
186313,Official Site,INFO,Japanese,https://nmeneko-anime.jp/
186313,Twitter,SOCIAL,Japanese,https://x.com/anime_nmeneko
186313,YouTube,STREAMING,,https://www.youtube.com/playlist?list=PLEo3kTfRhZSDioNBbwwb3RkAeiOZ_ifgv
186313,Instagram,SOCIAL,Japanese,https://www.instagram.com/anime_nmeneko/
186522,Official Site,INFO,Japanese,https://calcaldan.com/
186522,Instagram,SOCIAL,Japanese,https://www.instagram.com/calcaldan/
186522,Twitter,SOCIAL,Japanese,https://x.com/calcaldan
186522,TikTok,SOCIAL,Japanese,https://www.tiktok.com/@calcaldan
186542,Twitter,SOCIAL,Japanese,https://x.com/anpanman_movie
186542,Official Site,INFO,Japanese,https://anpan-movie.com/2025/
186716,Official Site,INFO,Japanese,https://pripri-anime.jp/
186716,Twitter,SOCIAL,Japanese,https://x.com/pripri_anime
186935,Official Site,INFO,Japanese,https://hs-movies.jp/dragon-heart/
186935,Official Site,INFO,English,https://dragonheart-movie.com/
187362,Official Site,INFO,Japanese,https://hicbc.com/tv/agaru-bl-night/
188131,Official Site,INFO,Japanese,https://chikuwa-anime.cycomi.com/
188239,Official Site,INFO,Japanese,https://tf.takaratomy.co.jp/tf_wild_king/anime/
188239,YouTube,STREAMING,,https://www.youtube.com/playlist?list=PLhWipIfRhqz3MYywnhTfB8PkbkGP0Ue8x
188239,Twitter,SOCIAL,Japanese,https://x.com/TF_pr
188394,Official Site,INFO,Japanese,https://www.toei-anim.co.jp/petitcure/
188394,YouTube,STREAMING,,https://www.youtube.com/@petitcure
188661,Official Site,INFO,Japanese,https://www.takaratomy.co.jp/products/tomica/sp/vehiclezoo/
188661,YouTube,STREAMING,,https://www.youtube.com/watch?v=AAidXzVD10Q&list=PLhWipIfRhqz366k5mW6fi13OmUHl0N6_T
188668,Official Site,INFO,Japanese,https://one-piece.com/op/koisuru/
188668,YouTube,STREAMING,,https://www.youtube.com/playlist?list=PL8Qeupd9V7bW7cPdjqBDIe3rXMyebYq3C
188668,Instagram,SOCIAL,Japanese,https://www.instagram.com/onepiece_staff/
188668,TikTok,SOCIAL,Japanese,https://www.tiktok.com/@onepiece.staff.official
188884,Twitter,SOCIAL,Japanese,https://x.com/sumikko_movie
188884,Official Site,INFO,Japanese,https://sumikkogurashi-movie.com/tvanime/
188884,Instagram,SOCIAL,Japanese,https://www.instagram.com/sumikkogurashi_official/
188884,YouTube,STREAMING,,https://youtu.be/8Xjo2jcwbJg?si=E40nMMapGkUnfwok
189513,Twitter,SOCIAL,Japanese,https://twitter.com/anime_frieren
189513,YouTube,STREAMING,,https://www.youtube.com/playlist?list=PLtdSPZNWT1AuEnWLElajRzm2DZhx1tVhd
189513,TikTok,SOCIAL,Japanese,https://www.tiktok.com/@anime_frieren
189513,Official Site,INFO,Japanese,https://frieren-anime.jp/special/dchara/
189602,Twitter,SOCIAL,Japanese,https://x.com/youtunya
189602,TikTok,SOCIAL,Japanese,https://www.tiktok.com/@youtunya
189602,Official Site,INFO,Japanese,https://youtunya.com/
189602,Instagram,SOCIAL,Japanese,https://www.instagram.com/youtunya/
189602,YouTube,STREAMING,,https://www.youtube.com/@youtunya
189602,YouTube,STREAMING,,https://www.youtube.com/playlist?list=PLt1RFRlgRnroTMyLN9XCNDxlrKS9V_X2c
189716,Official Site,INFO,Japanese,https://www.mellchan.com/
189716,YouTube,STREAMING,,https://www.youtube.com/@yurukawa_mellchan
189832,Official Site,INFO,Japanese,https://aiomodarkelf.deregula.com/
189832,Twitter,SOCIAL,Japanese,https://x.com/aiomodarkelf
189891,Twitter,SOCIAL,Japanese,https://x.com/kanchigai_pr
189891,YouTube,STREAMING,,https://www.youtube.com/playlist?list=PLr3xuwI8XWAmj3zQf9Ljfe-nBVtmGWduA
189892,YouTube,STREAMING,,https://www.youtube.com/playlist?list=PLhGamQZtJ7K9zCqlmDsrRvGo38kORSRMk
189892,Twitter,SOCIAL,Japanese,https://x.com/yourforma
189892,YouTube,STREAMING,,https://www.youtube.com/playlist?list=PLilzehFImKN52rOrZx_f_urZmGeHUWlO0
191370,Official Site,INFO,Japanese,https://junkworld-movie.com/
191370,Twitter,SOCIAL,Japanese,https://x.com/JUNKWORLD_movie
191370,TikTok,SOCIAL,Japanese,https://www.tiktok.com/@junkwvmipnc
191689,Twitter,SOCIAL,Japanese,https://x.com/uma_musu
191689,Official Site,INFO,Japanese,https://umamusume.jp/contents/anime/umayuru-prettygray/
191689,YouTube,STREAMING,,https://www.youtube.com/playlist?list=PLbRq7_wpPI8kzYThNy26kEXIamtQqYO5f
191884,Official Site,INFO,Japanese,https://www.lupin-3rd.net/zenigata-twolupins/
191884,Facebook,SOCIAL,Japanese,https://www.facebook.com/LupinNW
191884,Twitter,SOCIAL,Japanese,https://x.com/lupin_anime/
192809,Twitter,SOCIAL,Japanese,https://x.com/animejujutsu/
192809,Twitter,SOCIAL,English,https://x.com/Jujutsu_Kaisen_
192809,Official Site,INFO,Japanese,https://jujutsukaisen.jp/kaigyokugyokusetsu/
192809,Crunchyroll,STREAMING,,https://www.crunchyroll.com/watch/GE00365925JAJP/jujutsu-kaisen-hidden-inventory--premature-death--the-movie
192810,Twitter,SOCIAL,Japanese,https://x.com/animejujutsu/
192810,Official Site,INFO,Japanese,https://jujutsukaisen.jp/kaigyokugyokusetsu/
193242,Official Site,INFO,Japanese,https://chuzenji-anime.jp/special/category/ミニアニメ/
193413,YouTube,STREAMING,,https://www.youtube.com/playlist?list=PLvRmS87ezZfokQcDwYBXqUNJrDdbC3X9q
193613,Official Site,INFO,Japanese,https://www.tv-tokyo.co.jp/synapusyu_movie2025/
193613,TikTok,SOCIAL,Japanese,https://www.tiktok.com/@synapusyu_official
193613,YouTube,STREAMING,,https://www.youtube.com/@synapusyu
193613,Instagram,SOCIAL,Japanese,https://www.instagram.com/synapusyu/
193613,Twitter,SOCIAL,Japanese,https://x.com/synapusyu_movie
194706,YouTube,STREAMING,,https://www.youtube.com/watch?v=OKd-JftX9lo
194706,Official Site,INFO,,https://voliciamovie.com/
194879,Official Site,INFO,Japanese,https://mumei-no-jinsei.jp/
194879,YouTube,STREAMING,,https://www.youtube.com/watch?v=aEKyYTL8ptI&ab_channel=RyuyaSuzuki
194879,Twitter,SOCIAL,,https://x.com/mumeinojinsei
194889,Twitter,SOCIAL,,https://x.com/aikatsu_anime
194889,Official Site,INFO,,https://www.aikatsu.net/portal/memorial_stage/unitcup/
194889,YouTube,STREAMING,,https://www.youtube.com/@aikatsu_channel
204474,YouTube,STREAMING,,https://www.youtube.com/@TTYO
205601,Official Site,INFO,Japanese,https://fujiko-museum.com/
206349,YouTube,STREAMING,,https://www.youtube.com/playlist?list=PLtdSPZNWT1AtlB6oZ-OLqZKXwMdMnIDiC
213459,Official Site,INFO,Japanese,https://www.asahi.co.jp/sp/sorotani/
213459,YouTube,STREAMING,,https://www.youtube.com/playlist?list=PLoB47zOj5Db_ke8WXOxoHE4spvT8nd0Mc
151799,Twitter,SOCIAL,Japanese,https://x.com/NEWPSG_official
151799,Official Site,INFO,Japanese,https://newpsg.com/
151799,TikTok,SOCIAL,Japanese,https://www.tiktok.com/@newpsg_official
151799,Instagram,SOCIAL,Japanese,https://www.instagram.com/newpantyandstocking_official
151799,Amazon Prime Video,STREAMING,,https://www.amazon.com/dp/B0FCQSGGMM
154768,Official Site,INFO,Japanese,https://bisquedoll-anime.com/
154768,Twitter,SOCIAL,Japanese,https://twitter.com/kisekoi_anime
154768,Crunchyroll,STREAMING,,https://www.crunchyroll.com/series/GQWH0M9N8/my-dress-up-darling
154768,Bilibili TV,STREAMING,,https://www.bilibili.tv/en/media/2129492
154768,iQ,STREAMING,,https://www.iq.com/album/qpn7yuezv5
154768,TikTok,SOCIAL,Japanese,https://www.tiktok.com/@kisekoi_anime
155838,Twitter,SOCIAL,Japanese,https://twitter.com/tsuyosaga_pr
155838,Official Site,INFO,Japanese,https://tsuyosaga-pr.com/
155838,Crunchyroll,STREAMING,,https://www.crunchyroll.com/series/GVDHX859Q/new-saga
156395,Twitter,SOCIAL,Japanese,https://x.com/busunihanataba
156395,Official Site,INFO,Japanese,https://busunihanatabawo.com/
156395,Bilibili TV,STREAMING,,https://www.bilibili.tv/en/media/2142577
156395,iQ,STREAMING,,https://www.iq.com/album/nf91i9e92d
157960,Disney Plus,STREAMING,,https://www.disneyplus.com/browse/entity-52e7dbe7-b28a-428a-963e-acfaa81b4ba6
157960,Official Site,INFO,Japanese,https://bullet-bullet.com/
157960,Twitter,SOCIAL,Japanese,https://x.com/BULLETBULLET_PR
157960,Hulu,STREAMING,,https://www.hulu.com/series/bullet-bullet-4baef481-cf49-429f-99f4-78f8fc9d377b
159483,Official Site,INFO,Japanese,https://turkey-project.com/
159483,Twitter,SOCIAL,Japanese,https://twitter.com/Turkey_PJ
159483,Crunchyroll,STREAMING,,https://www.crunchyroll.com/series/GMEHME7GX/turkey-time-to-strike
166215,YouTube,STREAMING,,https://www.youtube.com/channel/UCRNn7u-Q4lRlszlNdGo2dAg
166215,Twitter,SOCIAL,Japanese,https://twitter.com/utamille
166215,Official Site,INFO,Japanese,https://utamille.com/
166215,Instagram,SOCIAL,Japanese,https://www.instagram.com/utamille/
166215,TikTok,SOCIAL,Japanese,https://www.tiktok.com/@utamille
169420,Twitter,SOCIAL,Japanese,https://x.com/watarikun_anime
169420,Official Site,INFO,Japanese,https://watarikunxx-anime.com/
169420,Crunchyroll,STREAMING,,https://www.crunchyroll.com/series/G0XHWM18X/watari-kuns--is-about-to-collapse
169440,Official Site,INFO,Japanese,https://jihanki-anime.com/
169440,Twitter,SOCIAL,Japanese,https://twitter.com/jihanki_anime/
169440,YouTube,STREAMING,,https://www.youtube.com/@jihankianime
169440,Crunchyroll,STREAMING,,https://www.crunchyroll.com/series/GVDHX8504/reborn-as-a-vending-machine-i-now-wander-the-dungeon
170113,Twitter,SOCIAL,Japanese,https://x.com/koujo_anime
170113,Official Site,INFO,Japanese,https://koujodenka-anime.com/
170113,Crunchyroll,STREAMING,,https://www.crunchyroll.com/series/GG5H5XQGQ/private-tutor-to-the-dukes-daughter
170113,Bilibili TV,STREAMING,,https://www.bilibili.tv/media/2140675
170113,iQ,STREAMING,,https://www.iq.com/album/14cgu9sf5pp
171046,Official Site,INFO,Japanese,https://ao-buta.com/santa/
171046,Twitter,SOCIAL,Japanese,https://twitter.com/aobuta_anime
171046,Official Site,INFO,English,https://rascaldoesnotdream.com/santaclaus/
171046,Crunchyroll,STREAMING,,https://www.crunchyroll.com/series/GYW4MG9G6/rascal-does-not-dream-of-bunny-girl-senpai
171046,Bilibili TV,STREAMING,,https://www.bilibili.tv/en/media/2142375
171046,Twitter,SOCIAL,English,https://x.com/rascalseries/
171046,Facebook,SOCIAL,English,https://www.facebook.com/rascaldoesnotdream
171046,Instagram,SOCIAL,English,https://www.instagram.com/rascalseries/
171046,TikTok,SOCIAL,Japanese,https://www.tiktok.com/@aobuta_official
171627,Official Site,INFO,Japanese,https://chainsawman.dog/movie_reze/
171627,Twitter,SOCIAL,Japanese,https://twitter.com/CHAINSAWMAN_PR
171627,Twitter,SOCIAL,English,https://twitter.com/Chainsaw_EN
171627,Twitter,SOCIAL,French,https://twitter.com/Chainsaw_FR
171627,Instagram,SOCIAL,English,https://www.instagram.com/chainsaw_en/
171627,Crunchyroll,STREAMING,,https://www.crunchyroll.com/series/GNVHKN92K/chainsaw-man--the-movie-reze-arc
171627,TikTok,SOCIAL,Japanese,https://www.tiktok.com/@chainsawman_pr
171627,TikTok,SOCIAL,English,https://www.tiktok.com/@chainsawman_en
171627,Official Site,INFO,English,https://chainsawman.movie/home/
171627,Facebook,SOCIAL,English,https://www.facebook.com/chainsawman.en
173335,Twitter,SOCIAL,Japanese,https://twitter.com/anm_kamitsubaki
173335,Official Site,INFO,Japanese,https://kamitsubaki-anime.jp/
173335,Crunchyroll,STREAMING,,https://www.crunchyroll.com/series/G3KHEVDGD/kamitsubaki-city-under-construction
173335,iQ,STREAMING,,https://www.iq.com/album/11za5779qd1
173780,Twitter,SOCIAL,Japanese,https://twitter.com/shieldheroanime
173780,Twitter,SOCIAL,English,https://twitter.com/ShieldHeroEN
173780,Official Site,INFO,Japanese,http://shieldhero-anime.jp/
173780,Crunchyroll,STREAMING,,https://www.crunchyroll.com/series/G6W4QKX0R/the-rising-of-the-shield-hero
173780,Bilibili TV,STREAMING,,https://www.bilibili.tv/en/media/2142229
175035,Netflix,STREAMING,,http://netflix.com/pokemonconcierge
175124,Twitter,SOCIAL,Japanese,https://twitter.com/nyailivi
175124,Official Site,INFO,Japanese,https://nyailivi.com
175124,Crunchyroll,STREAMING,,https://www.crunchyroll.com/series/GKEH2G0DN/nyaight-of-the-living-cat
175914,Twitter,SOCIAL,Japanese,https://twitter.com/yofukashi_pr
175914,Official Site,INFO,Japanese,https://yofukashi-no-uta.com/
175914,Instagram,SOCIAL,Japanese,https://www.instagram.com/yofukashi_pr/
175914,HIDIVE,STREAMING,,https://www.hidive.com/season/31574
175914,Amazon Prime Video,STREAMING,,https://www.primevideo.com/detail/0R6FDBMOY7ICNHGEQNII2RA941
177175,Twitter,SOCIAL,English,https://twitter.com/ArknightsEN
177175,Twitter,SOCIAL,Japanese,https://twitter.com/ArknightsStaff
177175,Official Site,INFO,Japanese,https://arknights-anime.jp
177175,Official Site,INFO,Chinese,https://ak.hypergryph.com/anime/
177175,Crunchyroll,STREAMING,,https://www.crunchyroll.com/series/GG5H5X3VN/arknights
177474,Official Site,INFO,Japanese,https://tougenanki-anime.com/
177474,YouTube,STREAMING,,https://www.youtube.com/@tougen_anki
177474,Twitter,SOCIAL,Japanese,https://twitter.com/tougenanki_anm
177474,TikTok,SOCIAL,Japanese,https://www.tiktok.com/@tougen_anki_project
177474,Official Site,INFO,English,https://tougenanki-anime-global.com
177474,Netflix,STREAMING,,https://www.netflix.com/title/81969861
177474,Crunchyroll,STREAMING,,https://www.crunchyroll.com/series/GP5HJ84D2/tougen-anki
177474,Bilibili TV,STREAMING,,https://www.bilibili.tv/en/media/2141466
177474,iQ,STREAMING,,https://www.iq.com/album/1s5482snjfl
177474,Amazon Prime Video,STREAMING,,https://www.amazon.com/dp/B0FG7S42LF
177474,YouTube,STREAMING,,https://www.youtube.com/playlist?list=PLhGamQZtJ7K_Y78fuGxz3K4CYG60q_oLK
177474,Tubi TV,STREAMING,,https://tubitv.com/series/300019230/tougen-anki
177518,YouTube,STREAMING,,https://www.youtube.com/@odekake-kozame
177518,Official Site,INFO,Japanese,https://odekake-kozame.com/cinema/
177518,Twitter,SOCIAL,Japanese,https://twitter.com/kozame_info
177518,TikTok,SOCIAL,Japanese,https://www.tiktok.com/@kozame_info
177687,Twitter,SOCIAL,Japanese,https://x.com/hyakuemu_anime
177687,Official Site,INFO,Japanese,https://hyakuemu-anime.com/
177687,Netflix,STREAMING,,https://www.netflix.com/title/81785821
177689,Twitter,SOCIAL,Japanese,https://x.com/hikanatsu_anime
177689,Official Site,INFO,Japanese,https://hikanatsu-anime.com/
177689,Netflix,STREAMING,,https://www.netflix.com/title/81948057
177689,Twitter,SOCIAL,English,https://x.com/hikaru_anime_en
177689,YouTube,STREAMING,,https://www.youtube.com/@hikaru_anime_en
177689,TikTok,SOCIAL,Japanese,https://www.tiktok.com/@hikanatsu_anime
177761,Official Site,INFO,Japanese,https://nine-anime.marv.jp/
177761,Twitter,SOCIAL,Japanese,https://x.com/info_9_nine_
177761,iQIYI,STREAMING,,https://www.iq.com/album/1hmxg63zke5
177880,Official Site,INFO,Japanese,https://osomatsusan.com/
177880,Twitter,SOCIAL,Japanese,https://twitter.com/osomatsu_PR
177880,TikTok,SOCIAL,Japanese,https://tiktok.com/@osomatsu_anime
177880,Crunchyroll,STREAMING,,https://www.crunchyroll.com/series/GYQ4Q3DP6/mr-osomatsu
177887,Netflix,STREAMING,,https://www.netflix.com/title/81152269
178025,Twitter,SOCIAL,Japanese,https://x.com/gachiakuta_PR/
178025,Official Site,INFO,Japanese,https://gachiakuta-anime.com/
178025,Instagram,SOCIAL,Japanese,https://www.instagram.com/gachiakuta_PR
178025,YouTube,STREAMING,,https://www.youtube.com/@gachiakuta_PR
178025,TikTok,SOCIAL,Japanese,https://www.tiktok.com/@gachiakuta_PR
178025,Crunchyroll,STREAMING,,https://www.crunchyroll.com/series/GP5HJ84P7/gachiakuta
178025,Official Site,INFO,English,https://gachiakuta-anime.com/en/
178025,iQ,STREAMING,,https://www.iq.com/album/gachiakuta-2025-1p2uspws3mp
178025,YouTube,STREAMING,,https://www.youtube.com/playlist?list=PLxSscENEp7JihSS6ypHUEKS1n_6afn-X0
178025,Bilibili TV,STREAMING,,https://www.bilibili.tv/en/media/2141581
178090,TikTok,SOCIAL,Japanese,https://www.tiktok.com/@dainanaoji_pro
178090,Official Site,INFO,Japanese,https://dainanaoji.com/
178090,Twitter,SOCIAL,Japanese,https://twitter.com/dainanaoji_pro
178090,Crunchyroll,STREAMING,,https://www.crunchyroll.com/series/GJ0H7QG4E/i-was-reincarnated-as-the-7th-prince-so-i-can-take-my-time-perfecting-my-magical-ability
178090,Bilibili TV,STREAMING,,https://www.bilibili.tv/en/media/2141353
178090,iQ,STREAMING,,https://www.iq.com/album/p416u0ysat
178433,Twitter,SOCIAL,Japanese,https://x.com/myap_GCofficial
178433,Official Site,INFO,Japanese,https://mynoghra-anime.com/
178433,Crunchyroll,STREAMING,,https://www.crunchyroll.com/series/G1XHJV0M7/apocalypse-bringer-mynoghra-world-conquest-starts-with-the-civilization-of-ruin
178433,iQ,STREAMING,,https://www.iq.com/album/1m8l8ex2cfp
178433,YouTube,STREAMING,,https://www.youtube.com/playlist?list=PLwLSw1_eDZl0ah79jTczH6CBPDr0uZcji
178433,Bilibili TV,STREAMING,,https://www.bilibili.tv/en/media/2129668
178675,Twitter,SOCIAL,Japanese,https://x.com/badgirl_anime
178675,Official Site,INFO,Japanese,https://badgirl-anime.com
178675,HIDIVE,STREAMING,,https://www.hidive.com/season/31577
178675,YouTube,STREAMING,,https://www.youtube.com/playlist?list=PLxSscENEp7JgjTpwufE53zual7_yHvdzA
178754,Official Site,INFO,Japanese,https://kaiju-no8.net/
178754,Twitter,SOCIAL,Japanese,https://twitter.com/KaijuNo8_O
178754,Crunchyroll,STREAMING,,https://www.crunchyroll.com/series/GG5H5XQ7D/kaiju-no-8
178754,Twitter,SOCIAL,English,https://twitter.com/KaijuNo8_O_EN
178754,Instagram,SOCIAL,Japanese,https://www.instagram.com/kaijuno8_pr/
178754,TikTok,SOCIAL,Japanese,https://www.tiktok.com/@kaijuno8_o
178754,Official Site,INFO,English,https://kaiju-no8.net/en/
178754,iQ,STREAMING,,https://www.iq.com/album/up88t85xyh
178754,Bilibili TV,STREAMING,,https://www.bilibili.tv/en/media/2141413
178754,YouTube,STREAMING,,https://www.youtube.com/playlist?list=PLxSscENEp7JjBFTyOmpLiobwouSY2fCJM
178788,Official Site,INFO,Japanese,https://kimetsu.com/anime/mugenjyohen_movie/
178788,Twitter,SOCIAL,Japanese,https://x.com/kimetsu_off
178788,Twitter,SOCIAL,English,https://x.com/demonslayerusa
178788,Facebook,SOCIAL,English,https://www.facebook.com/DemonSlayer.anime
178788,TikTok,SOCIAL,Japanese,https://www.tiktok.com/@anime_kimetsu_official
178788,Crunchyroll,STREAMING,,https://www.crunchyroll.com/series/G8DHV7809/demon-slayer-kimetsu-no-yaiba-infinity-castle-i
178869,Twitter,SOCIAL,Japanese,https://x.com/clevatess_anime
178869,Official Site,INFO,Japanese,https://clevatess.com/1st/
178869,Crunchyroll,STREAMING,,https://www.crunchyroll.com/series/G8DHV78ZM/clevatess
178869,Bilibili TV,STREAMING,,https://www.bilibili.tv/en/media/2141024
178869,YouTube,STREAMING,,https://www.youtube.com/playlist?list=PLxSscENEp7JiIImQMFiu9H2lp2NZgcKk2
178869,iQ,STREAMING,,https://www.iq.com/album/1jld4oslwhd
178886,Twitter,SOCIAL,Japanese,https://x.com/mikadono_anime
178886,Official Site,INFO,Japanese,https://mikadono.family/
178886,Crunchyroll,STREAMING,,https://www.crunchyroll.com/series/GVDHX8548/dealing-with-mikadono-sisters-is-a-breeze
178886,Bilibili TV,STREAMING,,https://www.bilibili.tv/en/media/2142430
179344,Twitter,SOCIAL,Japanese,https://x.com/kanokari_anime
179344,Official Site,INFO,Japanese,https://kanokari-official.com/
179344,Crunchyroll,STREAMING,,https://www.crunchyroll.com/series/G6QWV3976/rent-a-girlfriend
179678,Twitter,SOCIAL,Japanese,https://x.com/nube_ani/
179678,Official Site,INFO,,https://nube-anime-global.com
179678,Official Site,INFO,Japanese,https://nube-anime.com
179678,YouTube,STREAMING,,https://youtube.com/playlist?list=PLhGamQZtJ7K9NljzDXOMx02GwfyiCTy_b
179828,Twitter,SOCIAL,Japanese,https://x.com/cuckoo_anime
179828,Official Site,INFO,Japanese,https://cuckoos-anime.com/
179828,Crunchyroll,STREAMING,,https://www.crunchyroll.com/series/GXJHM39MP/a-couple-of-cuckoos
179828,Bilibili TV,STREAMING,,https://www.bilibili.tv/en/media/2142092
179879,Official Site,INFO,Japanese,https://zutaboro-anime.com/
179879,Crunchyroll,STREAMING,,https://www.crunchyroll.com/series/G9VHN9Q34/betrothed-to-my-sisters-ex
179879,Twitter,SOCIAL,,https://x.com/zutaboroanime_r
179879,Bilibili TV,STREAMING,,https://www.bilibili.tv/en/media/2141222
179879,YouTube,STREAMING,,https://www.youtube.com/playlist?list=PLbuF5Onrcu9ftTZbt03QMBHR3XIJkLRKO
179885,Official Site,INFO,Japanese,https://tsuiho-shiromadoshi.com/
179885,Twitter,SOCIAL,Japanese,https://x.com/tsuiho_anime
179885,Crunchyroll,STREAMING,,https://www.crunchyroll.com/series/G5PHNM9Q0/scooped-up-by-an-s-rank-adventurer
179885,YouTube,STREAMING,,https://www.youtube.com/playlist?list=PLxSscENEp7JiHRqg4JFdCEUGH8CyjRILm
179885,Bilibili TV,STREAMING,,https://www.bilibili.tv/en/media/2140899
179966,Twitter,SOCIAL,Japanese,https://x.com/SilentWitch_pr
179966,Official Site,INFO,Japanese,https://silentwitch.net/
179966,Crunchyroll,STREAMING,,https://www.crunchyroll.com/series/G9VHN9Q3G/secrets-of-the-silent-witch
179966,Bilibili TV,STREAMING,,https://www.bilibili.tv/en/media/2142833
180425,Twitter,SOCIAL,Japanese,https://x.com/amekimi_anime
180425,Official Site,INFO,Japanese,https://amekimi-anime.com/
180425,Crunchyroll,STREAMING,,https://www.crunchyroll.com/series/GW4HM7WDV/with-you-and-the-rain
180425,YouTube,STREAMING,,https://www.youtube.com/playlist?list=PLxSscENEp7Jgjhz1K7WlcDgf_12pg2ljB
180460,Official Site,INFO,Japanese,https://mattan-anime.com/
180460,Twitter,SOCIAL,Japanese,https://x.com/mattan_anime
180460,Crunchyroll,STREAMING,,https://www.crunchyroll.com/series/G79H23Z93/detectives-these-days-are-crazy
180460,YouTube,STREAMING,,https://www.youtube.com/playlist?list=PLxSscENEp7Jj6CNtTYBAGqNvm6KcSzAYU
180460,Bilibili TV,STREAMING,,https://www.bilibili.tv/en/media/2141863
180794,Official Site,INFO,Japanese,https://gacen-girl-anime.com/
180794,Twitter,SOCIAL,Japanese,https://x.com/GaCenGirl_Anime
180794,Crunchyroll,STREAMING,,https://www.crunchyroll.com/series/G4PH0WJ2G/cultural-exchange-with-a-game-centre-girl
180929,Twitter,SOCIAL,Japanese,https://x.com/rurinohouseki
180929,Official Site,INFO,Japanese,https://rurinohouseki.com
180929,Crunchyroll,STREAMING,,https://www.crunchyroll.com/series/G4PH0WJ2V/ruri-rocks
181444,Twitter,SOCIAL,Japanese,https://x.com/kaoruhana_anime
181444,Official Site,INFO,Japanese,http://kaoruhana-anime.com/
181444,Instagram,SOCIAL,Japanese,https://www.instagram.com/kaoruhana.anime
181444,TikTok,SOCIAL,Japanese,https://www.tiktok.com/@kaoruhana_anime
181444,Netflix,STREAMING,,https://www.netflix.com/title/82024665
181841,Official Site,INFO,Japanese,https://city-the-animation.com/
181841,Twitter,SOCIAL,Japanese,https://x.com/city_anime_info
181841,Instagram,SOCIAL,Japanese,https://www.instagram.com/city.anime.info
181841,TikTok,SOCIAL,Japanese,https://www.tiktok.com/@city_anime_info
181841,Twitter,SOCIAL,English,https://x.com/CITY_En_info
181841,Amazon Prime Video,STREAMING,,https://www.amazon.com/dp/B0DXT28D1V
181867,Official Site,INFO,Japanese,https://cryptoninja-sakuya.xyz/
181867,Twitter,SOCIAL,Japanese,https://twitter.com/CN_Sakuya_Anime
182309,Twitter,SOCIAL,Japanese,https://x.com/gb_anime
182309,Official Site,INFO,Japanese,https://grandblue-anime.com/
182309,Crunchyroll,STREAMING,,https://www.crunchyroll.com/series/GNVHKN94W/grand-blue-dreaming
182309,YouTube,STREAMING,,https://www.youtube.com/playlist?list=PLbuF5Onrcu9euvzKp4BbWaV1NJYw2PoDT
183127,Official Site,INFO,Japanese,https://karaoke-muchusa.com/
183127,Twitter,SOCIAL,Japanese,https://x.com/karaokemuchusa
183127,Crunchyroll,STREAMING,,https://www.crunchyroll.com/series/GJ0H7QGVM/lets-go-karaoke
183127,YouTube,STREAMING,,https://www.youtube.com/playlist?list=PLxSscENEp7Jj7H_29_-ZpnYRA0Gx-ESrI
183127,Bilibili TV,STREAMING,,https://www.bilibili.tv/en/media/2141683
183128,Official Site,INFO,Japanese,https://karaoke-muchusa.com/muchusa/
183128,Twitter,SOCIAL,Japanese,https://x.com/karaokemuchusa
183128,Crunchyroll,STREAMING,,https://www.crunchyroll.com/series/G1XHJV0M8/captivated-by-you
183128,YouTube,STREAMING,,https://www.youtube.com/channel/UC0wNSTMWIL3qaorLx0jie6A
183128,Bilibili TV,STREAMING,,https://www.bilibili.tv/en/media/2142992
183414,Twitter,SOCIAL,Japanese,https://x.com/precure_movie
183414,Official Site,INFO,Japanese,https://2025.precure-movie.com/
184034,Official Site,INFO,Japanese,https://hotel-inhumans.com/
184034,Twitter,SOCIAL,Japanese,https://x.com/HIH_PR
184034,Crunchyroll,STREAMING,,https://www.crunchyroll.com/series/GXJHM3G08/hotel-inhumans
184034,YouTube,STREAMING,,https://www.youtube.com/playlist?list=PLxSscENEp7JjWATZTieze6DkSUxWjo5dG
184237,Official Site,INFO,Japanese,https://sakamotodays.jp/
184237,Netflix,STREAMING,,https://www.netflix.com/title/81663325
184237,Twitter,SOCIAL,Japanese,https://twitter.com/SAKAMOTODAYS_PR
184237,TikTok,SOCIAL,Japanese,https://www.tiktok.com/@sakamotodays_pr
184574,Official Site,INFO,Japanese,https://dekinnomogura.com/
184574,Twitter,SOCIAL,Japanese,https://x.com/dekinnomogura
184574,Crunchyroll,STREAMING,,https://www.crunchyroll.com/series/GZJH3D8Z1/dekin-no-mogura-the-earthbound-mole
184574,YouTube,STREAMING,,https://www.youtube.com/playlist?list=PLxSscENEp7JjZvaBNSy675xLGi3IB9Oxb
184574,Bilibili TV,STREAMING,,https://www.bilibili.tv/en/media/2141965
184575,Twitter,SOCIAL,Japanese,https://x.com/busamen_gachi_f
184575,Official Site,INFO,Japanese,https://busamen-gachi-fighter.com/
184575,Crunchyroll,STREAMING,,https://www.crunchyroll.com/series/GNVHKN9VK/uglymug-epicfighter
184575,Bilibili TV,STREAMING,,https://www.bilibili.tv/en/media/2140736
184575,YouTube,STREAMING,,https://www.youtube.com/playlist?list=PLxSscENEp7Jj5kZUrOfRjfzRRfhLnih1J
184591,Official Site,INFO,Japanese,https://www.watanare-anime.com/
184591,Twitter,SOCIAL,Japanese,https://x.com/watanare_anime
184591,Bilibili TV,STREAMING,,https://www.bilibili.tv/en/media/2141768
184591,YouTube,STREAMING,,https://www.youtube.com/watch?v=wyyXL__Awlk&list=PLhGamQZtJ7K8yocPHbrtrYmX8NdN6hvOW
184591,Amazon Prime Video,STREAMING,,https://www.amazon.com/gp/video/detail/B0GGTPR5Z2/
184756,Official Site,INFO,Japanese,https://kinpri.com/
184756,Twitter,SOCIAL,Japanese,https://x.com/kinpri_PR
184756,YouTube,STREAMING,,https://www.youtube.com/@kinpri_PR
184756,TikTok,SOCIAL,Japanese,https://www.tiktok.com/@kinpri_pr
185407,Twitter,SOCIAL,Japanese,https://x.com/takopi_pr
185407,Official Site,INFO,Japanese,https://www.tbs.co.jp/anime/takopi_project/
185407,Crunchyroll,STREAMING,,https://www.crunchyroll.com/series/GKEH2G0X4/takopis-original-sin
185407,YouTube,STREAMING,,https://youtube.com/playlist?list=PLxSscENEp7JiXIF_XC3Q8zWzNLgWesqLY&si=RLVH4Sv9e3H4FsB0
185407,YouTube,STREAMING,,https://youtube.com/playlist?list=PLNAQymMf9eaYu8Plp4tLZ_sHrgAtvYH_q&si=_n3ORfaRXxZEHdNl
185407,iQ,STREAMING,,https://www.iq.com/album/14za0oug74p
185407,Netflix,STREAMING,,https://www.netflix.com/title/82040459
185407,YouTube,STREAMING,,https://youtube.com/playlist?list=PLhpMvmtHsuqLrFf_wGHlwVhw5GF6vdO2j
185505,Twitter,SOCIAL,Japanese,https://x.com/Necronomico_PR
185505,Official Site,INFO,Japanese,https://anime-necronomico.help/
185505,Crunchyroll,STREAMING,,https://www.crunchyroll.com/series/G0XHWM18P/necronomico-and-the-cosmic-horror-show
185519,Twitter,SOCIAL,Japanese,https://x.com/foodcourt_anime
185519,Official Site,INFO,Japanese,https://www.foodcourtjk-anime.com/
185519,Crunchyroll,STREAMING,,https://www.crunchyroll.com/series/GJ0H7QGEN/see-you-tomorrow-at-the-food-court
185519,YouTube,STREAMING,,https://www.youtube.com/playlist?list=PLxSscENEp7JhtKJCbR-BlQatFfQ8GGcNz
185537,Facebook,SOCIAL,Japanese,https://www.facebook.com/shinchan.japan
185537,Instagram,SOCIAL,Japanese,https://www.instagram.com/shinchan_movie/
185537,Official Site,INFO,Japanese,https://www.shinchan-movie.com/2025/
185537,Twitter,SOCIAL,Japanese,https://twitter.com/crayon_official
185537,TikTok,SOCIAL,Japanese,https://www.tiktok.com/@shinchan_movie
185537,YouTube,STREAMING,,https://www.youtube.com/channel/UCjHQX5oxY3dStuAp7N5s4IA
185537,iQ,STREAMING,,https://www.iq.com/album/crayon-shin-chan-the-movie-super-hot-the-spicy-kasukabe-dancers-2026-1lz7f7o5xpo
185544,Official Site,INFO,English,https://tsuihosha-shokudo.com/en/
185544,Official Site,INFO,Japanese,https://tsuihosha-shokudo.com/
185544,Twitter,SOCIAL,Japanese,https://x.com/tsuishoku_PR/
185544,Crunchyroll,STREAMING,,https://www.crunchyroll.com/series/GEXH3W2E9/welcome-to-the-outcasts-restaurant
185544,YouTube,STREAMING,,https://www.youtube.com/@tsuishoku_PR
185544,Bilibili TV,STREAMING,,https://www.bilibili.tv/en/media/2142708
185544,YouTube,STREAMING,,https://www.youtube.com/playlist?list=PLbuF5Onrcu9e5l4Gv5c7Knwsoxwy_3EJr
185660,Twitter,SOCIAL,Japanese,https://x.com/anime_dandadan
185660,Official Site,INFO,Japanese,https://anime-dandadan.com/
185660,Official Site,INFO,English,https://anime-dandadan.com/en/
185660,Twitter,SOCIAL,English,https://x.com/animeDANDADANen
185660,Netflix,STREAMING,,https://www.netflix.com/title/81736884
185660,Crunchyroll,STREAMING,,https://www.crunchyroll.com/series/GG5H5XQ0D/dan-da-dan
185660,Hulu,STREAMING,,https://www.hulu.com/series/bad0bb31-0fa5-4a69-b9a5-5e5ed5032a48
185660,iQ,STREAMING,,https://www.iq.com/album/bod8ogpabd
185660,Bilibili TV,STREAMING,,https://www.bilibili.tv/en/media/2129416
185660,YouTube,STREAMING,,https://youtube.com/playlist?list=PLwLSw1_eDZl2OF_CmbcBOUk_216rwS1wD&si=EsTy7nUmZUYeRwKf
185755,Official Site,INFO,Japanese,https://puniru-anime.com/
185755,Twitter,SOCIAL,Japanese,https://x.com/PUNIRUcorocoro
185755,TikTok,SOCIAL,Japanese,https://www.tiktok.com/@puniru_anime
185755,Netflix,STREAMING,,https://netflix.com/title/81975106
185755,Crunchyroll,STREAMING,,https://www.crunchyroll.com/series/GNVHKN9G2/puniru-is-a-kawaii-slime
185755,YouTube,STREAMING,,https://www.youtube.com/playlist?list=PLxSscENEp7JjtFfXR5xWKVCWwXXNzyVcb
185965,Twitter,SOCIAL,Japanese,https://x.com/2solocamp_anime
185965,Official Site,INFO,Japanese,https://2solocamp-anime.com/
185965,Crunchyroll,STREAMING,,https://www.crunchyroll.com/series/G3KHEVDZ8/solo-camping-for-two
185965,YouTube,STREAMING,,https://www.youtube.com/playlist?list=PLxSscENEp7JhZV6ibsaXk5Qy_0zVGKwu-
186003,Twitter,SOCIAL,Japanese,https://x.com/anime_fermat
186003,Official Site,INFO,Japanese,https://www.fermat-anime.com/
186003,YouTube,STREAMING,,https://www.youtube.com/playlist?list=PLxSscENEp7JjJXnFpYs7h4bERNq1zV3zZ
186003,Netflix,STREAMING,,https://www.netflix.com/title/82082002
186043,Netflix,STREAMING,,https://www.netflix.com/mymelody&kuromi
186043,Official Site,INFO,Japanese,https://www.sanrio.co.jp/specialsite/mymelody50kuromi20/
186052,Official Site,INFO,Japanese,https://mizuzokusei-anime.com/
186052,Twitter,SOCIAL,Japanese,https://x.com/anime_mizuzoku
186052,Crunchyroll,STREAMING,,https://www.crunchyroll.com/series/GG5H5XQG5/the-water-magician
186052,iQ,STREAMING,,https://www.iq.com/album/1wgr39q835x
186169,Twitter,SOCIAL,Japanese,https://x.com/chaomovie
186169,Official Site,INFO,Japanese,https://chao-movie.com/
186169,Instagram,SOCIAL,Japanese,https://www.instagram.com/ChaOmovie
186169,Netflix,STREAMING,,https://www.netflix.com/watch/82770654
186169,Hulu,STREAMING,,https://www.hulu.jp/watch/100246242
186181,Twitter,SOCIAL,Japanese,https://x.com/alice_movie2025
186181,Official Site,INFO,Japanese,https://sh-anime.shochiku.co.jp/alice-movie/
186561,Official Site,INFO,Japanese,https://kizetsuyusha-anime.com/
186561,Twitter,SOCIAL,Japanese,https://x.com/kzt_toto
186561,Crunchyroll,STREAMING,,https://www.crunchyroll.com/series/GXJHM3G0J/the-shy-hero-and-the-assassin-princesses
186561,Bilibili TV,STREAMING,,https://www.bilibili.tv/en/media/2129562
186561,YouTube,STREAMING,,https://www.youtube.com/channel/UCGbshtvS9t-8CW11W7TooQg
186561,iQ,STREAMING,,https://www.iq.com/album/1c4exe85vox
187317,Twitter,SOCIAL,Japanese,https://x.com/asone_movie
187317,Official Site,INFO,Japanese,https://gaga.ne.jp/asone/
187387,Official Site,INFO,Japanese,https://onmyo-kaiten.com/
187387,Twitter,SOCIAL,Japanese,https://x.com/onmyokaiten_pr/
187387,TikTok,SOCIAL,Japanese,https://www.tiktok.com/@onmyokaiten_pr
187387,Crunchyroll,STREAMING,,https://www.crunchyroll.com/series/GMEHME7VW/onmyo-kaiten-rebirth-verse
187387,YouTube,STREAMING,,https://www.youtube.com/playlist?list=PLxSscENEp7JjG44n8tKUhiWisNI-1dGhD
188138,Twitter,SOCIAL,Japanese,https://x.com/boueibu
188138,Official Site,INFO,Japanese,https://boueibu.com/hc/index.html
188653,Twitter,SOCIAL,Japanese,https://twitter.com/punirunes
188653,Instagram,SOCIAL,Japanese,https://www.instagram.com/punirunes_official/
188653,Official Site,INFO,Japanese,https://www.tv-tokyo.co.jp/anime/punirunes3/
189069,Instagram,SOCIAL,Japanese,https://www.instagram.com/milkygalacticuniverse/
189069,Twitter,SOCIAL,Japanese,https://x.com/MGUJapan
189069,YouTube,STREAMING,,https://www.youtube.com/@milkygalacticuniverse
189069,Official Site,INFO,Japanese,https://milkygalacticuniverse.com/
189069,Official Site,INFO,English,https://milkygalacticuniverse.com/en/
189069,YouTube,STREAMING,,https://www.youtube.com/playlist?list=PLc63ZeZBeagTL_O0F2vCUCkmzDOusD6Aq
189069,TikTok,SOCIAL,Japanese,https://www.tiktok.com/@milkygalacticuniverse
189069,Twitter,SOCIAL,English,https://x.com/MGU_Eng
189069,Niconico Video,STREAMING,,https://anime.nicovideo.jp/detail/milkygalacticuniverse/
189069,Amazon Prime Video,STREAMING,,https://www.amazon.co.jp/gp/video/detail/B0F9GD5T58/
189117,Twitter,SOCIAL,Japanese,https://twitter.com/stone_anime_off
189117,Instagram,SOCIAL,Japanese,https://www.instagram.com/dr.stone.anime.official
189117,Official Site,INFO,Japanese,https://dr-stone.jp/
189117,Instagram,SOCIAL,English,https://www.instagram.com/dr.stone.en/
189117,Twitter,SOCIAL,English,https://twitter.com/DrStone_EN
189117,Crunchyroll,STREAMING,,https://www.crunchyroll.com/series/GYEXQKJG6/dr-stone
189117,YouTube,STREAMING,,https://www.youtube.com/channel/UC0wNSTMWIL3qaorLx0jie6A
189117,Bilibili TV,STREAMING,,https://www.bilibili.tv/en/media/2123789
189117,TikTok,SOCIAL,Japanese,https://tiktok.com/@STONE_anime_off
189326,Twitter,SOCIAL,Japanese,https://x.com/hanakokun_info/
189326,Official Site,INFO,Japanese,https://www.hanakokun.com/2nd/
189326,TikTok,SOCIAL,Japanese,https://www.tiktok.com/@hanakokun_info
189326,Crunchyroll,STREAMING,,https://www.crunchyroll.com/series/G24H1N3ZP/toilet-bound-hanako-kun
189326,Hulu,STREAMING,,https://www.hulu.com/series/toilet-bound-hanako-kun-87b3d986-cbae-47ce-9076-0fe61fce06e3
191994,Official Site,INFO,Japanese,https://cf-vanguard.com/
191994,YouTube,STREAMING,,https://www.youtube.com/@VanguardCH
191994,Twitter,SOCIAL,Japanese,https://x.com/cfvanguard_PR
191994,YouTube,STREAMING,,https://www.youtube.com/@CARDFIGHTVanguard
192474,Official Site,INFO,Japanese,https://www.galverse.art/
192474,Instagram,SOCIAL,Japanese,https://www.instagram.com/shinsei.galverse/
192474,Twitter,SOCIAL,Japanese,https://x.com/GalverseAnimeJP
192474,YouTube,STREAMING,,https://www.youtube.com/@galverse
192474,YouTube,STREAMING,,https://youtu.be/Ix6oxwuc-rw
193238,YouTube,STREAMING,,https://www.youtube.com/@animegakkodeha
193238,Official Site,INFO,Japanese,https://gakkodeha-anime.com/
193238,Instagram,SOCIAL,Japanese,https://www.instagram.com/animegakkodeha/
193238,Twitter,SOCIAL,Japanese,https://x.com/anime_gakkodeha
193623,Official Site,INFO,Japanese,https://movie.toi-san.com/
193623,Twitter,SOCIAL,Japanese,https://x.com/jel_toi_san
193623,YouTube,STREAMING,,https://www.youtube.com/@jeltooi
193883,Official Site,INFO,,https://chibigodzilla.jp/
193883,TikTok,SOCIAL,,https://www.tiktok.com/@chibigodzi
193883,YouTube,STREAMING,,https://www.youtube.com/@GodzillaToho/
193883,Twitter,SOCIAL,,https://x.com/chibigodzi
193883,YouTube,STREAMING,,https://www.youtube.com/@chibigodzi_official
193883,Instagram,SOCIAL,,https://www.instagram.com/chibig_official/
194088,Official Site,INFO,Japanese,https://www.tv-tokyo.co.jp/anime/yamishibai15/
194088,Twitter,SOCIAL,Japanese,https://x.com/yamishibai_TX
194088,YouTube,STREAMING,,https://www.youtube.com/@yamishibai_ch
194088,TikTok,SOCIAL,Japanese,https://www.tiktok.com/@yamishibai_tx
194088,Crunchyroll,STREAMING,,https://www.crunchyroll.com/series/G6WEM1V36/theatre-of-darkness-yamishibai
195209,Official Site,INFO,Japanese,https://animationid.com/kizudarakeseijo/
195209,YouTube,STREAMING,,https://www.youtube.com/playlist?list=PLxSscENEp7JgdtigZEkHGWkyyke6ozCHe
195230,Official Site,INFO,Japanese,https://summerpockets-anime.jp/
195230,Twitter,SOCIAL,Japanese,https://x.com/samapoke_anime
195230,Crunchyroll,STREAMING,,https://www.crunchyroll.com/series/G0XHWM17X/
195494,YouTube,STREAMING,,https://www.youtube.com/channel/UCLPsWicxXysI1e7JRGK2LJg
195494,Instagram,SOCIAL,Japanese,https://www.instagram.com/baananimejp/
195494,Twitter,SOCIAL,,https://x.com/baananime
195494,YouTube,STREAMING,,https://www.youtube.com/watch?v=V-P3HWXGYm4
195517,YouTube,STREAMING,,https://www.youtube.com/watch?v=qidzapjAMVc
196063,YouTube,STREAMING,,https://www.youtube.com/channel/UC2gjaerGuS1kNmW_Pf-3nrA
196063,Twitter,SOCIAL,,"https://x.com/search?q=from:busunihanataba ""ミニアニメ""&src=typed_query&f=live"
196064,Twitter,SOCIAL,Japanese,https://x.com/tsuiho_anime
196227,Official Site,INFO,Japanese,https://www.takaratomy.co.jp/products/license/tomica_tom/anime/
196227,Twitter,SOCIAL,Japanese,https://x.com/Tomica_Tom
196227,YouTube,STREAMING,,https://www.youtube.com/playlist?list=PLhWipIfRhqz2phailO5D60Vbhp3FIHqak
196229,Official Site,INFO,Japanese,https://www.takaratomy.co.jp/products/tomica/jobraver/
196229,YouTube,STREAMING,,https://www.youtube.com/playlist?list=PLhWipIfRhqz3VqZCoHmSwd_qQKcTV2MF6
197094,Twitter,SOCIAL,Japanese,https://x.com/fgoproject/
197094,Official Site,INFO,Japanese,https://anime.fate-go.jp/nazomaru/
197094,YouTube,STREAMING,,https://www.youtube.com/playlist?list=PLkybqduWZGqtDqXo4rBp1M0jMfCOaS0cr
197094,Official Site,INFO,English,https://anime.fate-go.us/lostfujimaru/
197179,YouTube,STREAMING,,https://www.youtube.com/watch?v=DMAEZu4h4as
198033,YouTube,STREAMING,,https://www.youtube.com/playlist?list=PLV2TGHsmriLFseRTm9Iyy3Dc4c88ovuh2
198377,Official Site,INFO,English,https://www.kobelco.co.jp//english/120th/animation.html
198377,YouTube,STREAMING,,https://www.youtube.com/watch?v=o0wx52IybE0
198377,YouTube,STREAMING,,https://www.youtube.com/watch?v=bsmMlMFMqhw
198408,YouTube,STREAMING,,https://www.youtube.com/@earth-saver-latair
198408,Official Site,INFO,Japanese,https://latair.jp/
198408,Instagram,SOCIAL,Japanese,https://www.instagram.com/latair_earth_saver/
198408,Official Site,INFO,Japanese,https://www.nhk.jp/p/ts/ZN6X1VQ147/
198408,Twitter,SOCIAL,Japanese,https://x.com/latair_earth/
198726,Crunchyroll,STREAMING,,https://www.crunchyroll.com/series/GVDHX8QNW/chainsaw-man
198745,Twitter,SOCIAL,Japanese,https://twitter.com/Lanoani_PJ
198745,YouTube,STREAMING,,https://www.youtube.com/@Lanoani_PJ
198745,Official Site,INFO,Japanese,https://lightnovel-anime.com/
198745,TikTok,SOCIAL,Japanese,https://www.tiktok.com/@lanoani_pj
206609,Twitter,SOCIAL,Japanese,https://x.com/samapoke_anime
206609,Official Site,INFO,Japanese,https://summerpockets-anime.jp/
206609,Crunchyroll,STREAMING,,https://www.crunchyroll.com/series/G0XHWM17X/
206610,Twitter,SOCIAL,Japanese,https://x.com/samapoke_anime
206610,Official Site,INFO,Japanese,https://summerpockets-anime.jp/
206610,Crunchyroll,STREAMING,,https://www.crunchyroll.com/series/G0XHWM17X/
206611,Twitter,SOCIAL,Japanese,https://x.com/samapoke_anime
206611,Official Site,INFO,Japanese,https://summerpockets-anime.jp/
206611,Crunchyroll,STREAMING,,https://www.crunchyroll.com/series/G0XHWM17X/
206888,Crunchyroll,STREAMING,,https://www.crunchyroll.com/series/GKEH2GQ4V/musasi-no
208398,Twitter,SOCIAL,Japanese,https://x.com/PokemonSleepApp/status/1947053913540296843
208398,Twitter,SOCIAL,Japanese,https://x.com/PokemonSleepApp/status/1949590623205667263
208398,Twitter,SOCIAL,Japanese,https://x.com/PokemonSleepApp/status/1952127344509915173
208398,Twitter,SOCIAL,Japanese,https://x.com/PokemonSleepApp/status/1954664052099064247
208398,Twitter,SOCIAL,Japanese,https://x.com/pokemonsleepapp/status/1957200771784855713
208398,Twitter,SOCIAL,Japanese,https://x.com/PokemonSleepApp/status/1959737482766877163
129195,Twitter,SOCIAL,Japanese,https://twitter.com/imouza_PR
129195,Official Site,INFO,Japanese,https://www.imouza-animation.com/
129195,Crunchyroll,STREAMING,,https://www.crunchyroll.com/series/GT00364756/my-friends-little-sister-has-it-in-for-me
132776,Official Site,INFO,Japanese,https://peleliu-movie.jp/
132776,Facebook,SOCIAL,Japanese,https://www.facebook.com/peleliu.movie
132776,TikTok,SOCIAL,Japanese,https://www.tiktok.com/@peleliu_movie
132776,Twitter,SOCIAL,Japanese,https://x.com/peleliu_movie
132776,Instagram,SOCIAL,Japanese,https://www.instagram.com/peleliu_movie/
140291,Disney Plus,STREAMING,,https://www.disneyplus.com/browse/entity-dea589b3-2f6d-4991-a875-c67d625a4e37
140291,Official Site,INFO,Japanese,https://disneyplus.disney.co.jp/program/twisted-wonderland-the-animation
140291,Hulu,STREAMING,,https://www.hulu.com/series/disney-twisted-wonderland-the-animation-83e74fdb-91c4-49d2-99b7-cb89d545fe97
140337,Twitter,SOCIAL,Japanese,https://x.com/zombielandsaga
140337,Official Site,INFO,Japanese,https://zombielandsaga-movie.com
140337,Crunchyroll,STREAMING,,https://www.crunchyroll.com/series/GMTE00364754/zombie-land-saga-yumeginga-paradise
153800,Official Site,INFO,Japanese,https://onepunchman-anime.net/
153800,Twitter,SOCIAL,Japanese,https://twitter.com/opm_anime
153800,Instagram,SOCIAL,Japanese,https://www.instagram.com/opm_anime/
153800,Hulu,STREAMING,,https://www.hulu.com/onepunch-man
153800,Netflix,STREAMING,,https://netflix.com/title/80117291
153800,Disney Plus,STREAMING,,https://www.disneyplus.com/browse/entity-54a25fcf-a472-4d40-9968-13e2957e5abf
153800,Facebook,SOCIAL,Japanese,https://www.facebook.com/profile.php?id=61568942810803&mibextid=LQQJ4d
153800,Crunchyroll,STREAMING,,https://www.crunchyroll.com/series/G63K98PZ6
153800,Bilibili TV,STREAMING,,https://bilibili.tv/media/2246170
153800,Disney Plus,STREAMING,,https://disneyplus.com/browse/entity-62114046-aeac-442f-aa99-21ce55571bb2
153800,YouTube,STREAMING,,https://youtube.com/playlist?list=PLwLSw1_eDZl3oUZb_EHQopJ631it09D00&si=nAPdUF0utaiAtqHO
162669,Twitter,SOCIAL,English,https://twitter.com/EternityAnimeEN
162669,Official Site,INFO,Japanese,https://www.nhk-character.com/chara/fumetsu/
162669,Twitter,SOCIAL,Japanese,https://twitter.com/nep_fumetsu
162669,Crunchyroll,STREAMING,,https://www.crunchyroll.com/series/GG5H5XMWV/to-your-eternity
162669,Bilibili TV,STREAMING,,https://www.bilibili.tv/en/media/2247882
162669,YouTube,STREAMING,,https://www.youtube.com/playlist?list=PLxSscENEp7JjvqYOw9bukuV7llYmXF6zu
162890,Twitter,SOCIAL,Japanese,https://twitter.com/gintamamovie
162890,Official Site,INFO,Japanese,https://anime-gintama.com/ginpachi/
162890,TikTok,SOCIAL,Japanese,https://www.tiktok.com/@gintama_official
162890,YouTube,STREAMING,,https://www.youtube.com/channel/UCFyBWO9SUQfKpuV7uF8Rh5A
162890,YouTube,STREAMING,,https://www.youtube.com/playlist?list=PLxSscENEp7Jgh6cZEHDqpzMfQ3Owfs6ne
162890,Crunchyroll,STREAMING,,https://www.crunchyroll.com/series/GT00365105/gintama-mr-ginpachis-zany-class
162890,Hulu,STREAMING,,https://www.hulu.com/series/67757c50-057c-4503-ba0e-6a826590db65
162890,Bilibili TV,STREAMING,,https://www.bilibili.tv/en/media/2247821
162890,Official Site,INFO,English,https://www.anime.com/shows/3-nen-z-gumi-ginpachi-sensei
169969,Official Site,INFO,Japanese,https://mushoku-eiyu-anime.com/
169969,Twitter,SOCIAL,Japanese,https://x.com/mushoku_eiyu
169969,HIDIVE,STREAMING,,https://www.hidive.com/season/32819
169969,YouTube,STREAMING,,https://www.youtube.com/playlist?list=PLxSscENEp7Jg4B_E2Pp7_q0KZB1IKF_US
169969,iQ,STREAMING,,https://www.iq.com/album/1ts4iec2egd
169969,Bilibili TV,STREAMING,,https://www.bilibili.tv/en/media/2247104
170018,Official Site,INFO,Japanese,https://aooke-anime.com/
170018,Twitter,SOCIAL,Japanese,https://twitter.com/aooke_anime
170018,YouTube,STREAMING,,https://youtube.com/@aooke-anime
170577,Official Site,INFO,Japanese,https://tondemoskill-anime.com/
170577,Twitter,SOCIAL,Japanese,https://twitter.com/tonsuki_anime
170577,Crunchyroll,STREAMING,,https://www.crunchyroll.com/series/GG5H5X3EE/campfire-cooking-in-another-world-with-my-absurd-skill
170577,iQ,STREAMING,,https://www.iq.com/album/115qxfl987h
170577,YouTube,STREAMING,,https://www.youtube.com/playlist?list=PLwLSw1_eDZl0HK0kxwDBy96LKoNFa8Qnt
170577,Bilibili TV,STREAMING,,https://www.bilibili.tv/en/media/2245896
170577,TikTok,SOCIAL,Japanese,https://www.tiktok.com/@tondemo_skill
170936,Twitter,SOCIAL,Japanese,https://twitter.com/debulove_mx
170936,Official Site,INFO,Japanese,https://s.mxtv.jp/anime/debulove/
170936,TikTok,SOCIAL,Japanese,https://tiktok.com/@mx_dramania
170936,Crunchyroll,STREAMING,,https://www.crunchyroll.com/series/G9VHN9QGG/plus-sized-misadventures-in-love
173523,Official Site,INFO,Japanese,https://www.egatae.com/
173523,Twitter,SOCIAL,Japanese,https://x.com/egatae
173523,Crunchyroll,STREAMING,,https://www.crunchyroll.com/series/GT00361926/a-mangakas-weirdly-wonderful-workplace
173692,Official Site,INFO,Japanese,https://hahanoha-anime.com/
173692,Twitter,SOCIAL,Japanese,https://x.com/hahanoha_anime
173692,Crunchyroll,STREAMING,,https://www.crunchyroll.com/series/GT00364479/dad-is-a-hero-mom-is-a-spirit-im-a-reincarnator
173692,Bilibili TV,STREAMING,,https://www.bilibili.tv/en/media/2247557
173692,YouTube,STREAMING,,https://youtube.com/playlist?list=PLxSscENEp7Jiu6HlKwcOdoXw3VczOGSw-&si=4gcyqf0hzD_fix5W
174914,Twitter,SOCIAL,Japanese,https://twitter.com/tenkuro_PR
174914,Official Site,INFO,Japanese,https://tenkuro-pr.com/
174914,Crunchyroll,STREAMING,,https://www.crunchyroll.com/series/GG5H5XQZQ/the-dark-history-of-the-reincarnated-villainess
174914,Bilibili TV,STREAMING,,https://www.bilibili.tv/en/media/2246336
176298,Official Site,INFO,,https://talesofweddingrings-anime.jp/
176298,Twitter,SOCIAL,Japanese,https://x.com/weddingringsPR
176298,Crunchyroll,STREAMING,,https://www.crunchyroll.com/series/G79H23ZGP/tales-of-wedding-rings
176298,YouTube,STREAMING,,https://youtube.com/playlist?list=PLxSscENEp7JhiANaVNyhX1BNijjLOvdbC&si=lLqzKMOMOMpgKe-w
176298,Bilibili TV,STREAMING,,https://www.bilibili.tv/en/media/2246108
177271,Twitter,SOCIAL,Japanese,https://twitter.com/kakuriyo_anime
177271,Official Site,INFO,Japanese,https://kakuriyo-anime.com/
177271,Crunchyroll,STREAMING,,https://www.crunchyroll.com/series/G6MEK1ZGR/kakuriyo--bed--breakfast-for-spirits-
177271,YouTube,STREAMING,,https://www.youtube.com/playlist?list=PLbuF5Onrcu9ektyWPZsKVN3Nwvdh2vslk
177686,Official Site,INFO,Japanese,https://anime-housenka.com/
177686,Twitter,SOCIAL,Japanese,https://x.com/anime_housenka
177686,Instagram,SOCIAL,Japanese,https://www.instagram.com/anime_housenka/
177937,Official Site,INFO,Japanese,https://spy-family.net/tvseries/
177937,Instagram,SOCIAL,Japanese,https://www.instagram.com/spy_family_official/
177937,Twitter,SOCIAL,Japanese,https://x.com/spyfamily_anime
177937,TikTok,SOCIAL,Japanese,https://www.tiktok.com/@spyfamily_anime_official
177937,Crunchyroll,STREAMING,,https://www.crunchyroll.com/series/G4PH0WXVJ/spy-x-family
177937,Hulu,STREAMING,,https://www.hulu.com/series/65d158d4-443f-44c7-bd2c-eae39f6c60e9
177937,Bilibili TV,STREAMING,,https://www.bilibili.tv/en/media/2246006
177937,YouTube,STREAMING,,https://www.youtube.com/playlist?list=PLwLSw1_eDZl1wGMYg5oB3uEns0CZNl6sI
177937,iQ,STREAMING,,https://www.iq.com/album/1c33lict9th
179302,Official Site,INFO,Japanese,https://sanda.red/
179302,Twitter,SOCIAL,Japanese,https://x.com/sanda_anime
179302,Amazon Prime Video,STREAMING,,https://www.amazon.com/dp/B0FNMQ46XJ
179302,Prime Video,STREAMING,,https://www.primevideo.com/detail/0NJRC6FXX3XYO5MU42H5WC9XTN
179930,Twitter,SOCIAL,Japanese,https://x.com/undeadunluck_an
179930,Official Site,INFO,Japanese,https://undead-unluck.net/
179930,Hulu,STREAMING,,https://www.hulu.com/series/1e7b20f8-4f5c-46ab-8b24-fa2700a6c7a7
179992,Twitter,SOCIAL,Japanese,https://x.com/Mmarie_anime
179992,Official Site,INFO,Japanese,https://mechanicalmarie-anime.com/
179992,Crunchyroll,STREAMING,,https://www.crunchyroll.com/series/G79H23ZJ9/mechanical-marie
179992,YouTube,STREAMING,,https://www.youtube.com/playlist?list=PLxSscENEp7Jj3kkVKI2haLNIppBzxBXve
179992,Bilibili TV,STREAMING,,https://www.bilibili.tv/en/media/2247986
180082,Official Site,INFO,Japanese,https://chiramune.com/
180082,Twitter,SOCIAL,Japanese,https://x.com/anime_chiramune
180082,Crunchyroll,STREAMING,,https://www.crunchyroll.com/series/GT00364783/chitose-is-in-the-ramune-bottle
180082,Bilibili TV,STREAMING,,https://www.bilibili.tv/en/media/2247268
180082,YouTube,STREAMING,,https://www.youtube.com/playlist?list=PLxSscENEp7Jgz0nvNyM-z3UVzYpGY70Et
180436,Official Site,INFO,Japanese,https://wandance.asmik-ace.co.jp/
180436,TikTok,SOCIAL,Japanese,https://www.tiktok.com/@wandance_info
180436,Twitter,SOCIAL,Japanese,https://twitter.com/wandance_info
180436,Disney Plus,STREAMING,,https://www.disneyplus.com/browse/entity-8019edc8-5f73-4c70-88eb-02ea35f724d4
180436,Hulu,STREAMING,,https://www.hulu.com/series/3da4e677-9efe-4c21-b726-be734889b151
180523,Official Site,INFO,Japanese,https://lastboss-anime.com/
180523,Twitter,SOCIAL,Japanese,https://x.com/lastboss_anime
180523,Crunchyroll,STREAMING,,https://www.crunchyroll.com/series/GT00361955/a-wild-last-boss-appeared
180523,YouTube,STREAMING,,https://www.youtube.com/playlist?list=PLbuF5Onrcu9fs9Jo_IR9nZ7WrulQuDup-
181447,Official Site,INFO,Japanese,https://saihito-anime.com/
181447,Twitter,SOCIAL,Japanese,https://x.com/saihito_anime
181447,Crunchyroll,STREAMING,,https://www.crunchyroll.com/series/GW4HM7WQ5/may-i-ask-for-one-final-thing
181447,Bilibili TV,STREAMING,,https://www.bilibili.tv/en/media/2246667
182896,Twitter,SOCIAL,Japanese,https://twitter.com/heroaca_anime
182896,Instagram,SOCIAL,Japanese,https://www.instagram.com/heroaca_insta/
182896,Official Site,INFO,Japanese,https://heroaca.com/
182896,TikTok,SOCIAL,Japanese,https://www.tiktok.com/@heroaca_tiktok
182896,Crunchyroll,STREAMING,,https://www.crunchyroll.com/series/G6NQ5DWZ6/my-hero-academia
182896,Hulu,STREAMING,,https://www.hulu.com/series/my-hero-academia-b4859a95-39ba-4051-a550-256c42e70a1d
182896,YouTube,STREAMING,,https://www.youtube.com/playlist?list=PLxSscENEp7JhWoGB3CGCB6OpSkW5wqUAH
182896,Bilibili TV,STREAMING,,https://www.bilibili.tv/en/media/2247677
182896,iQ,STREAMING,,https://www.iq.com/album/11600g2xo29
183291,Twitter,SOCIAL,,https://x.com/akujiki_info
183291,Official Site,INFO,Japanese,https://www.tbs.co.jp/anime/akujiki/
183291,Crunchyroll,STREAMING,,https://www.crunchyroll.com/series/GT00364840/pass-the-monster-meat-milady
183291,YouTube,STREAMING,,https://youtube.com/playlist?list=PLxSscENEp7JgZpmko5qsi5T_jejRHCf9F&si=KSmZKHBHhhu_SjJl
183291,Bilibili TV,STREAMING,,https://www.bilibili.tv/en/media/2247196
183384,Official Site,INFO,Japanese,https://www.lovelive-anime.jp/nijigasaki/movie/
183384,Twitter,SOCIAL,Japanese,https://x.com/Nijigaku_movie
183385,Official Site,INFO,Japanese,https://wata-tabe.com/
183385,Twitter,SOCIAL,Japanese,https://x.com/wttb_tv
183385,Crunchyroll,STREAMING,,https://www.crunchyroll.com/series/GT00362279/this-monster-wants-to-eat-me
183385,YouTube,STREAMING,,https://youtube.com/playlist?list=PLxSscENEp7Jj08w5BqJ83bSeTd1DgtpxL
183965,Official Site,INFO,Japanese,http://yanokun-anime.com
183965,Twitter,SOCIAL,Japanese,https://x.com/yanokun3
183965,Crunchyroll,STREAMING,,https://www.crunchyroll.com/series/GT00362335/yano-kuns-ordinary-days
184322,Official Site,INFO,Japanese,https://mugengacha.com/
184322,Twitter,SOCIAL,Japanese,https://x.com/mugengacha9999
184322,HIDIVE,STREAMING,,https://www.hidive.com/season/33099
184322,Bilibili TV,STREAMING,,https://www.bilibili.tv/en/media/2246246
184322,YouTube,STREAMING,,https://www.youtube.com/playlist?list=PLwLSw1_eDZl1gBwBsgwk8WFIcWW_YatlT
184642,Disney Plus,STREAMING,,https://www.disneyplus.com/en-jp/browse/entity-38cebadb-e808-47aa-8223-181fc1416ec1
184642,Twitter,SOCIAL,English,https://x.com/starwars
184718,Disney Plus,STREAMING,,https://www.disneyplus.com/browse/entity-21240dd9-5fb4-4334-be13-687a6bd230f7
184718,Official Site,INFO,Japanese,https://catseye-anime.com/
184718,Twitter,SOCIAL,Japanese,https://x.com/CATS_EYE_Anime
184718,Hulu,STREAMING,,https://www.hulu.com/series/94d70c2e-5ded-45bc-907a-8eb6a654d7f3
184997,Twitter,SOCIAL,Japanese,https://x.com/shabake
184997,Official Site,INFO,Japanese,https://shabake-official.com/
184997,Crunchyroll,STREAMING,,https://www.crunchyroll.com/series/GT00362195/shabake
185116,Twitter,SOCIAL,Japanese,https://x.com/gnosia_off
185116,Official Site,INFO,Japanese,https://gnosia-anime.com/
185116,Crunchyroll,STREAMING,,https://www.crunchyroll.com/series/GT00365132/gnosia
185575,Twitter,SOCIAL,Japanese,https://x.com/bukiyou_anime
185575,Official Site,INFO,Japanese,https://bukiyouna-senpai.asmik-ace.co.jp/
185575,Crunchyroll,STREAMING,,https://www.crunchyroll.com/series/GT00365233/my-awkward-senpai
185694,Twitter,SOCIAL,Japanese,https://x.com/anime_hyakusho
185694,Official Site,INFO,Japanese,https://s.mxtv.jp/anime/hyakusho_kizoku/
185731,Twitter,SOCIAL,Japanese,https://x.com/ranma_pr
185731,Official Site,INFO,Japanese,https://ranma-pr.com/
185731,TikTok,SOCIAL,Japanese,https://www.tiktok.com/@ranma_pr
185731,Netflix,STREAMING,,https://www.netflix.com/title/81301833
185773,Twitter,SOCIAL,Japanese,https://x.com/studio_chizu
185773,Official Site,INFO,Japanese,https://scarlet-movie.jp/
185773,Official Site,INFO,English,https://scarlet.movie/
185773,Netflix,STREAMING,,https://www.netflix.com/title/82888057
185801,Official Site,INFO,Japanese,https://nageki-anime.com/
185801,Twitter,SOCIAL,Japanese,https://x.com/nageki_official
185801,Crunchyroll,STREAMING,,https://www.crunchyroll.com/series/GZJH3D8J9/let-this-grieving-soul-retire
185801,YouTube,STREAMING,,https://www.youtube.com/playlist?list=PLwLSw1_eDZl39ouByN0ujsTUV3jnaJVLu
185801,Bilibili TV,STREAMING,,https://www.bilibili.tv/en/media/2116038
185801,iQ,STREAMING,,https://www.iq.com/album/g2d8z3rip1
186161,Twitter,SOCIAL,Japanese,https://twitter.com/kimikoe_news
186161,Official Site,INFO,Japanese,https://www.kimikoe-anime.com/
186161,Crunchyroll,STREAMING,,https://www.crunchyroll.com/series/GT00362308/with-you-our-love-will-make-it-through
186190,Official Site,INFO,Japanese,https://alma-chan.com/
186190,Twitter,SOCIAL,Japanese,https://twitter.com/alma_chan_pr
186190,Crunchyroll,STREAMING,,https://www.crunchyroll.com/series/GXJHM3GZJ/alma-chan-wants-to-be-a-family
186524,Official Site,INFO,Japanese,https://www.kyuketsuki-chan.com/
186524,Twitter,SOCIAL,Japanese,https://x.com/kyuketsukichan_
186524,Crunchyroll,STREAMING,,https://www.crunchyroll.com/series/GT00362058/lil-miss-vampire-cant-suck-right
186524,Bilibili TV,STREAMING,,https://www.bilibili.tv/en/media/2246769
186621,Official Site,INFO,Japanese,https://tamahoshi-anime.com/
186621,Twitter,SOCIAL,Japanese,https://x.com/tamahoshi_anime
186621,Amazon Prime Video,STREAMING,,https://www.amazon.com/dp/B0FN3Y6LC2
186714,Twitter,SOCIAL,Japanese,https://x.com/girlsbandcry
186714,Instagram,SOCIAL,Japanese,https://www.instagram.com/toge0toge1/
186714,Official Site,INFO,Japanese,https://girls-band-cry.com/
186714,TikTok,SOCIAL,Japanese,https://www.tiktok.com/@girlsbandcry
186736,Official Site,INFO,Japanese,https://www.toei-anim.co.jp/tv/survival/
186736,Twitter,SOCIAL,Japanese,https://twitter.com/kagakusurvival/
186794,Twitter,SOCIAL,Japanese,https://x.com/sutetsuyo_an/
186794,Official Site,INFO,Japanese,https://sutetsuyo-anime.com/
186794,Crunchyroll,STREAMING,,https://www.crunchyroll.com/series/G0XHWM1JP/my-status-as-an-assassin-obviously-exceeds-the-heros
186794,Bilibili TV,STREAMING,,https://www.bilibili.tv/en/media/2246476
186794,YouTube,STREAMING,,https://www.youtube.com/playlist?list=PLwLSw1_eDZl0dSCBzzknNWxuXuMJ0xwmk
186914,Twitter,SOCIAL,Japanese,https://x.com/ningoku_anime
186914,Official Site,INFO,Japanese,https://www.ningoku-anime.com/
186914,Amazon Prime Video,STREAMING,,https://www.amazon.com/dp/B0FNV7LF55
186920,Official Site,INFO,Japanese,https://shumatsu-touring.jp/
186920,Twitter,SOCIAL,Japanese,https://x.com/shmts_touring
186920,Crunchyroll,STREAMING,,https://www.crunchyroll.com/series/GT00364667/touring-after-the-apocalypse
187166,Official Site,INFO,Japanese,https://anime.bang-dream.com/bandorichan/
187166,YouTube,STREAMING,,https://www.youtube.com/@bang_dream_official
187331,Twitter,SOCIAL,Japanese,https://x.com/kotesashi_anime
187331,Official Site,INFO,Japanese,https://kotesashikun.deregula.com/
187331,OceanVeil,STREAMING,,https://oceanveil.net/anime_titles/279
187331,Crunchyroll,STREAMING,,https://www.crunchyroll.com/series/GT00365079/hands-off-sawaranaide-kotesashi-kun
187331,Bilibili TV,STREAMING,,https://www.bilibili.tv/en/media/2246901
187464,Official Site,INFO,Japanese,https://tojima-rider.com/
187464,Twitter,SOCIAL,Japanese,https://x.com/tojima_rider
187464,Crunchyroll,STREAMING,,https://www.crunchyroll.com/series/GT00364945/tojima-wants-to-be-a-kamen-rider
187464,Bilibili TV,STREAMING,,https://www.bilibili.tv/en/media/2246609
187663,Twitter,SOCIAL,Japanese,https://x.com/sozaisaishu
187663,Official Site,INFO,Japanese,https://www.sozaisaishu-pr.com/
187663,Crunchyroll,STREAMING,,https://www.crunchyroll.com/series/G1XHJV0G7/a-gatherers-adventure-in-isekai
187663,YouTube,STREAMING,,https://www.youtube.com/playlist?list=PLwLSw1_eDZl15GuyNnaoSrjuBATA-sA3R
187663,Bilibili TV,STREAMING,,https://www.bilibili.tv/en/media/2247354
187663,iQ,STREAMING,,https://www.iq.com/album/qdnfd9rard
187860,Official Site,INFO,Japanese,https://www.shinchan-app.jp/hiroshi-hirumeshi-anime/
187860,Twitter,SOCIAL,Japanese,https://x.com/Hiroshi_LunchTV
187860,iQ,STREAMING,,https://www.iq.com/album/y3vh1mljd1
187860,Prime Video,STREAMING,,https://www.primevideo.com/detail/0TCBMWD27E6X7V06T3RBSONUWW
187921,Netflix,STREAMING,,https://www.netflix.com/RecordofRagnarok
187921,Twitter,SOCIAL,Japanese,https://x.com/ragnarok_pr
187921,Official Site,INFO,Japanese,https://ragnarok-official.com/
187921,Twitter,SOCIAL,English,https://x.com/ror_anime
187940,Official Site,INFO,Japanese,https://kashiwada-ohta.com/
187940,Twitter,SOCIAL,Japanese,https://x.com/kashiwada_ohta
187940,Crunchyroll,STREAMING,,https://www.crunchyroll.com/series/GT00362007/inexpressive-kashiwada-and-expressive-oota
188388,Official Site,INFO,Japanese,https://www.toei-anim.co.jp/tv/digimon_beatbreak/
188388,Twitter,SOCIAL,Japanese,https://x.com/digimon_tv
188388,Hulu,STREAMING,,https://www.hulu.com/series/4c47f9ab-f6b8-45ec-8fb9-fbd5ed1a5529
188388,Crunchyroll,STREAMING,,https://www.crunchyroll.com/series/GT00364378/digimon-beatbreak
188487,Official Site,INFO,Japanese,https://hojomaho.com/
188487,Twitter,SOCIAL,Japanese,https://x.com/hojomaho
188487,Crunchyroll,STREAMING,,https://www.crunchyroll.com/series/GT00364918/the-banished-court-magician-aims-to-become-the-strongest
188487,YouTube,STREAMING,,https://youtube.com/playlist?list=PLxSscENEp7JjE60E-VU9vG2WX5y73ONWG&si=hvN1TPwrFHs-drF5
188487,Bilibili TV,STREAMING,,https://www.bilibili.tv/en/media/2246848
188522,Twitter,SOCIAL,Japanese,https://x.com/sumikko_movie
188522,Instagram,SOCIAL,Japanese,https://www.instagram.com/sumikko_movie/
188522,Official Site,INFO,Japanese,https://sumikkogurashi-movie.com/
188529,Twitter,SOCIAL,Japanese,https://x.com/neko_mukashi_PR
188529,YouTube,STREAMING,,https://www.youtube.com/@neko_mukashi_PR
188529,Official Site,INFO,Japanese,https://neko-mukashibanashi.com/
188529,YouTube,STREAMING,,https://www.youtube.com/@AniOneAsia/
190840,Official Site,INFO,Japanese,https://kingdom-anime.com/
190840,Twitter,SOCIAL,Japanese,https://x.com/kingdom_animepr
190840,YouTube,STREAMING,,https://youtube.com/@kingdom-anime
190840,Crunchyroll,STREAMING,,https://www.crunchyroll.com/series/GRWE89KMR/kingdom
190840,TikTok,SOCIAL,Japanese,https://www.tiktok.com/@kingdom_animepr
191403,Official Site,INFO,Japanese,http://aikatsu-pripara-10movie.jp
191403,Twitter,SOCIAL,Japanese,https://x.com/a_p_10movie
193294,Official Site,INFO,Japanese,https://toritsukareotoko-movie.com/
193294,Twitter,SOCIAL,Japanese,https://x.com/toritsukare_mv
193294,Instagram,SOCIAL,Japanese,https://www.instagram.com/toritsukare_mv/
193294,TikTok,SOCIAL,Japanese,https://www.tiktok.com/@toritsukare_mv/
193923,Twitter,SOCIAL,Japanese,https://x.com/kononusu_anime
193923,Official Site,INFO,Japanese,https://kononusu.com/
193968,Official Site,INFO,Japanese,https://letsplay-anime.com
193968,Crunchyroll,STREAMING,,https://www.crunchyroll.com/series/GEXH3W2N9/lets-play
193968,Twitter,SOCIAL,Japanese,https://x.com/letsplay_anime
194389,Twitter,SOCIAL,Japanese,https://x.com/koalasdiary_PR
194389,Official Site,INFO,Japanese,https://koalas-dialy.com/
194389,YouTube,STREAMING,,https://www.youtube.com/channel/UCPTx35gchBwV2DL6Gf83AnQ
194389,Instagram,SOCIAL,Japanese,https://www.instagram.com/anime_koalas_diary/
194389,YouTube,STREAMING,,https://www.youtube.com/playlist?list=PLxSscENEp7Jg8-ovZUfZSZYidXFSwIpA9
194447,Official Site,INFO,Japanese,http://isekai-quartet.com/
194447,Twitter,SOCIAL,Japanese,https://twitter.com/isekai_quartet
194447,Crunchyroll,STREAMING,,https://www.crunchyroll.com/isekai-quartet
194447,YouTube,STREAMING,,https://youtube.com/playlist?list=PLwLSw1_eDZl2paQrjKK8zaSsIITW0pjMq&si=n5KH-oFL-aknjT0x
194832,Official Site,INFO,Japanese,https://oshiri-tantei.com/
194872,Twitter,SOCIAL,Japanese,https://x.com/kamuy_anime
194872,Official Site,INFO,Japanese,https://kamuy-anime.com/
194884,Twitter,SOCIAL,Japanese,https://x.com/anime_kaguya
194884,Official Site,INFO,Japanese,https://kaguya.love/
194884,Crunchyroll,STREAMING,,https://www.crunchyroll.com/watch/GWDU78X9N/chika-fujiwara-wants-to-surprise--miyuki-shirogane-wants-to-talk--kaguya-shinomiyas-impossible-task
195153,Official Site,INFO,,https://towanoyuugure.com/
195153,Twitter,SOCIAL,Japanese,https://x.com/towanoyuugure
195153,HIDIVE,STREAMING,,https://www.hidive.com/season/32844
195153,YouTube,STREAMING,,https://youtube.com/playlist?list=PLbuF5Onrcu9dnocvFWvfHkBTiOFA4X3Nw&si=QtSjoj12doQCPAqT
195173,Official Site,INFO,Japanese,https://www.tv-tokyo.co.jp/anime/shibuya-hachi/
195173,Twitter,SOCIAL,Japanese,https://twitter.com/lovehachi_PR
195240,Official Site,INFO,Japanese,https://anime-cinderellagray.com/
195240,Twitter,SOCIAL,Japanese,https://x.com/umamusu_animeCG
195240,YouTube,STREAMING,,https://www.youtube.com/playlist?list=PLhGamQZtJ7K9aElhFk89DyndS6JDvLh7z
195240,Netflix,STREAMING,,https://www.netflix.com/title/82030222
195240,Amazon Prime Video,STREAMING,,https://www.primevideo.com/detail/0K6S3ADL4O8MDCRV79NL5OOMVD
195383,Official Site,INFO,Japanese,https://muziktiger-anime.com/
195383,Official Site,INFO,English,https://muziktiger-anime.com/en/
195383,Twitter,SOCIAL,Japanese,https://x.com/muziktiger_JP
195383,Instagram,SOCIAL,Japanese,https://www.instagram.com/muziktiger_japan/
195383,Twitter,SOCIAL,Korean,https://x.com/muziktiger
195383,Official Site,INFO,Korean,https://muziktiger-anime.com/kr/
195383,Instagram,SOCIAL,Korean,https://www.instagram.com/muziktiger/
195383,YouTube,STREAMING,,https://www.youtube.com/@muziktiger_anime
195383,YouTube,STREAMING,,https://www.youtube.com/@muziktiger_JP
196230,Twitter,SOCIAL,Japanese,https://x.com/monst_animation
196230,YouTube,STREAMING,,https://www.youtube.com/@monst_animation
196230,Official Site,INFO,Japanese,https://anime.monster-strike.com/deadverse-reloaded/
196230,TikTok,SOCIAL,,https://www.tiktok.com/@monst_animation
196230,Amazon Prime Video,STREAMING,,https://www.amazon.com/dp/B0G3GXN2LS
196553,Twitter,SOCIAL,Japanese,https://x.com/sivis_official
196553,Official Site,INFO,Japanese,https://si-vis.live/
196553,Crunchyroll,STREAMING,,https://www.crunchyroll.com/series/G4PH0WJ8V/si-vis-the-sound-of-heroes
196553,Bilibili TV,STREAMING,,https://www.bilibili.tv/en/media/2247441
196553,TikTok,SOCIAL,Japanese,https://www.tiktok.com/@sivis_official
196553,YouTube,STREAMING,,https://www.youtube.com/playlist?list=PLUH30mfo5wJzVQ9h6XMc9d4O1NHlbS7MR
198117,Official Site,INFO,Japanese,https://ganglion-anime.com
198117,Twitter,SOCIAL,Japanese,https://x.com/ganglion_anime
198188,Twitter,SOCIAL,Japanese,https://x.com/17_26anime_PR
198188,Official Site,INFO,Japanese,https://fujimototatsuki17-26.com/
198188,Prime Video,STREAMING,,https://www.primevideo.com/detail/Tatsuki-Fujimoto-17-26/0O1YMOCTYRHW1QWHTGOS6YASPJ
198188,Amazon Prime Video,STREAMING,,https://www.amazon.com/gp/video/detail/B0FGHMF69K/
198312,Twitter,SOCIAL,Japanese,https://x.com/Heika_wasure_P
198312,Official Site,INFO,Japanese,https://honto.jp/anime/heika.html
198413,Official Site,INFO,Japanese,https://jochum.sanrio.co.jp/
198413,Instagram,SOCIAL,Japanese,https://www.instagram.com/jo1xsanrio/
198413,TikTok,SOCIAL,Japanese,https://www.tiktok.com/@sanrio_jochum
198413,Twitter,SOCIAL,Japanese,https://x.com/jo1xsanrio
198413,YouTube,STREAMING,,https://www.youtube.com/@sanrio_jochum
198561,Official Site,INFO,Japanese,https://animationid.com/potion/#
198561,YouTube,STREAMING,,https://www.youtube.com/playlist?list=PLxSscENEp7JikS8edJawSiM0R744Q9mpq
198921,Twitter,SOCIAL,Japanese,https://x.com/SylvanianJP
198921,Instagram,SOCIAL,Japanese,https://www.instagram.com/sylvanianfamilies_jp/
198921,Official Site,INFO,Japanese,https://www.sylvanianfamilies.com/ja-jp/special/tv/
198921,YouTube,STREAMING,,https://www.youtube.com/channel/UCzdyjqnPFyodXwcOfA5C8FQ
198921,TikTok,SOCIAL,Japanese,https://www.tiktok.com/@sylvanianjp_official
198921,Facebook,SOCIAL,Japanese,https://www.facebook.com/SylvanianFamilies.jp
198926,Facebook,SOCIAL,,https://www.facebook.com/chofutsu
198926,Official Site,INFO,Japanese,https://5th.chofutsu.com/
198926,YouTube,STREAMING,,https://www.youtube.com/playlist?list=PLjA4aVnZl7mi0Xdh8iH40w9CdAhN4pF5I
199008,Twitter,SOCIAL,Japanese,https://x.com/tomanto1010
199008,Official Site,INFO,Japanese,https://www.san-x.co.jp/tomanto/
199008,YouTube,STREAMING,,https://youtube.com/playlist?list=PLQHgyFFC_PG3jG-Ek2Q8mQLlyQ7xI9Tax&si=CRhVA9_2yo9C6DJD
199009,Official Site,INFO,Japanese,https://www.shusuisha.com/lp/info_nekonokuni
199009,Twitter,SOCIAL,Japanese,https://x.com/snack_works
199154,Official Site,INFO,Japanese,https://girls-band-cry.com/
199154,Twitter,SOCIAL,Japanese,https://x.com/girlsbandcry
199635,Official Site,INFO,,https://www.toei-anim.co.jp/petitcure/
199635,YouTube,STREAMING,,https://www.youtube.com/@petitcure
199812,Twitter,SOCIAL,Japanese,https://x.com/kotesashi_anime
199812,Official Site,INFO,Japanese,https://kotesashikun.deregula.com/
199812,OceanVeil,STREAMING,,https://oceanveil.net/anime_titles/279
199931,TikTok,SOCIAL,,https://www.tiktok.com/@sukima_anime
199931,Instagram,SOCIAL,Japanese,https://www.instagram.com/sukima_anime/
199931,Official Site,INFO,Japanese,https://www.sukiani.jp/
199931,YouTube,STREAMING,,https://www.youtube.com/@sukima_anime
199931,Twitter,SOCIAL,Japanese,https://twitter.com/sukima_anime
200374,YouTube,STREAMING,,https://www.youtube.com/@MechanicalMarie
200374,Twitter,SOCIAL,Japanese,https://x.com/Mmarie_anim
200375,YouTube,STREAMING,,https://www.youtube.com/@impulukun
200375,Twitter,SOCIAL,Korean,https://x.com/imp_boar
200375,Official Site,INFO,Japanese,https://inpurukun.com/
200642,Official Site,INFO,Japanese,https://studiodot-animation.com/btt
201151,YouTube,STREAMING,,https://www.youtube.com/playlist?list=PLylWpI-o9raXsnGg6ONA5CY--sI-wl9ez
202281,YouTube,STREAMING,,https://www.youtube.com/watch?v=V4DKW58NEyk
202281,Official Site,INFO,Japanese,https://roboken.sunrise-world.net/xbg-side-r/index.php
203146,YouTube,STREAMING,,https://www.youtube.com/playlist?list=PLgqRc8AjEjeMuTJc6M2DVdkfszyaUhh1j
203146,Twitter,SOCIAL,Japanese,https://x.com/atashinchimovie
203146,Official Site,INFO,Japanese,https://atashinchi30th-anime.shin-ei-animation.jp/
204066,Official Site,INFO,Japanese,https://jujutsukaisen.jp/shibuyashimetsu/
204066,Twitter,SOCIAL,Japanese,https://twitter.com/animejujutsu
204080,YouTube,STREAMING,,https://www.youtube.com/watch?v=o2rrJ7FDi-g
204080,Twitter,SOCIAL,Japanese,https://x.com/hachi_08/status/1999370773530837085
204621,YouTube,STREAMING,,https://www.youtube.com/playlist?list=PLWcHadqZmb9FHZSprzG1fccoIfTTiAJSu
204621,Official Site,INFO,Japanese,https://sustotena.koikeya.co.jp/
204628,Twitter,SOCIAL,Japanese,https://x.com/oshibuka_anime/
204628,Official Site,INFO,Japanese,https://lit.link/en/oshibuka_anime
204628,YouTube,STREAMING,,https://www.youtube.com/@oshibuka_anime
204696,Twitter,SOCIAL,,https://x.com/kikilala_sanrio
204696,YouTube,STREAMING,,https://www.youtube.com/watch?v=i6CyZqu7q3Q
204696,Official Site,INFO,Japanese,https://www.sanrio.co.jp/specialsite/kikilala/
207848,YouTube,STREAMING,,https://www.youtube.com/watch?v=rv_5S84U7fo
208055,Twitter,SOCIAL,Japanese,https://x.com/studio_car_No3
208055,Official Site,INFO,Japanese,https://loca-studio3.site/
208055,YouTube,STREAMING,,https://www.youtube.com/watch?v=5IyTktJRmlk
211271,YouTube,STREAMING,,https://www.youtube.com/watch?v=435qGphuP4k
213095,Official Site,INFO,Japanese,https://150th.doshisha.ed.jp/150th-event/iwakura-campus-festa/animation-movie/
213095,YouTube,STREAMING,,https://www.youtube.com/playlist?list=PLcVSTl8Sx_dbbFhPiLMkgTHSWYwFK6Kk-
213353,Crunchyroll,STREAMING,,https://www.crunchyroll.com/watch/GE00379411JAJP/moments-in-life
213353,Official Site,INFO,Japanese,https://given-anime.com
213353,Twitter,SOCIAL,Japanese,https://x.com/given_anime/
213460,Official Site,INFO,Japanese,https://www.asahi.co.jp/sp/sorotani/
213460,YouTube,STREAMING,,https://www.youtube.com/playlist?list=PLoB47zOj5Db_ke8WXOxoHE4spvT8nd0Mc
213509,YouTube,STREAMING,,https://www.youtube.com/shorts/zYLHtkHgUh4
213509,YouTube,STREAMING,,https://www.youtube.com/shorts/XvzWpqlUNrQ
213509,Twitter,SOCIAL,Japanese,https://x.com/oO0Eve0Oo/status/1999397412285350055
213509,Instagram,SOCIAL,Japanese,https://www.instagram.com/reels/DSKDMkQErm2/
