anilist_id,relation_type,target_anilist_id,target_mal_id,target_type,target_format,target_title,target_start_date
3786,PREQUEL,3785,3785,ANIME,MOVIE,Evangelion Shin Movie: Kyuu,2012-11-17
3786,OTHER,20947,28149,ANIME,ONA,Nihon Animator Mihonichi,2014-11-07
3786,OTHER,155399,53246,ANIME,OVA,EVANGELION:3.0 (-46h),2023-03-08
3786,OTHER,204270,63392,ANIME,SPECIAL,Evangelion: Housou 30 Shuunen Kinen Tokubetsu Kougyou,2026-02-21
21569,ALTERNATIVE,100266,100503,MANGA,MANGA,Alice in Deadly School,2013-10-26
21569,OTHER,124131,32455,ANIME,TV,Gekidol,2021-01-05
101595,PREQUEL,98505,35240,ANIME,TV,Princess Principal,2017-07-09
101595,SEQUEL,129759,41140,ANIME,MOVIE,Princess Principal: Crown Handler - Chapter 2,2021-09-23
101595,SIDE_STORY,135255,49138,ANIME,OVA,Princess Principal: Crown Handler - Chapter 1: BUSY EASY MONEY,2021-09-28
102498,PREQUEL,21665,32827,ANIME,ONA,B: The Beginning,2018-03-02
103632,SOURCE,86406,95012,MANGA,NOVEL,"Kumo desu ga, Nani ka?",2015-12-10
103632,ALTERNATIVE,86952,95353,MANGA,MANGA,"Kumo desu ga, Nani ka?",2015-12-22
103712,SOURCE,30092,92,MANGA,MANGA,Bishoujo Senshi Sailor Moon,1991-12-28
103712,PREQUEL,103713,40024,ANIME,MOVIE,Bishoujo Senshi Sailor Moon: Eternal - Zenpen,2021-01-08
103712,ALTERNATIVE,1239,1239,ANIME,TV,Bishoujo Senshi Sailor Moon SuperS,1995-03-04
103712,SEQUEL,148149,51716,ANIME,MOVIE,Bishoujo Senshi Sailor Moon: Cosmos - Zenpen,2023-06-09
103713,SEQUEL,103712,40429,ANIME,MOVIE,Bishoujo Senshi Sailor Moon: Eternal - Kouhen,2021-02-11
103713,SOURCE,30092,92,MANGA,MANGA,Bishoujo Senshi Sailor Moon,1991-12-28
103713,PREQUEL,21462,31733,ANIME,TV,Bishoujo Senshi Sailor Moon: Crystal - Death Busters-hen,2016-04-04
103713,ALTERNATIVE,1239,1239,ANIME,TV,Bishoujo Senshi Sailor Moon SuperS,1995-03-04
104329,OTHER,917,917,ANIME,OVA,Riding Bean,1989-02-22
104459,SOURCE,98351,94376,MANGA,MANGA,Yuru Camp△,2015-05-23
104459,PREQUEL,98444,34798,ANIME,TV,Yuru Camp△,2018-01-04
104459,SIDE_STORY,134413,49026,ANIME,OVA,Yuru Camp△ SEASON 2 OVA,2021-05-26
104459,SEQUEL,104460,38475,ANIME,MOVIE,Yuru Camp△ Movie,2022-07-01
104459,SEQUEL,155908,53410,ANIME,TV,Yuru Camp△ SEASON 3,2024-04-04
106503,SOURCE,104476,90014,MANGA,MANGA,EX-ARM,2015-02-18
108465,SOURCE,85470,70261,MANGA,NOVEL,Mushoku Tensei: Isekai Ittara Honki Dasu,2014-01-23
108465,ALTERNATIVE,85564,70259,MANGA,MANGA,Mushoku Tensei: Isekai Ittara Honki Dasu,2014-05-02
108465,SEQUEL,127720,45576,ANIME,TV,Mushoku Tensei: Isekai Ittara Honki Dasu Part 2,2021-10-04
108511,SOURCE,86355,87610,MANGA,NOVEL,Tensei Shitara Slime Datta Ken,2014-05-30
108511,SEQUEL,116742,41487,ANIME,TV,Tensei Shitara Slime Datta Ken 2nd Season Part 2,2021-07-06
108511,SOURCE,86399,87609,MANGA,MANGA,Tensei Shitara Slime Datta Ken,2015-03-26
108511,PREQUEL,161802,54565,ANIME,OVA,Tensei Shitara Slime Datta Ken: Coleus no Yume,2023-11-01
108631,PREQUEL,100977,37141,ANIME,TV,Hataraku Saibou,2018-07-08
108631,SOURCE,86778,91641,MANGA,MANGA,Hataraku Saibou,2015-01-26
108631,CHARACTER,130939,42593,ANIME,SPECIAL,Kesshouban: Eigakan e Iku,2020-09-05
108725,PREQUEL,101759,37779,ANIME,TV,Yakusoku no Neverland,2019-01-10
108725,SOURCE,87423,100128,MANGA,MANGA,Yakusoku no Neverland,2016-08-01
108725,OTHER,131047,45595,ANIME,MUSIC,BATEN KAITOS,2021-03-28
109010,OTHER,177432,41197,ANIME,MUSIC,Magical Love Potion!,2020-01-24
109261,SOURCE,100230,103851,MANGA,MANGA,Go-toubun no Hanayome,2017-08-09
109261,PREQUEL,103572,38101,ANIME,TV,Go-toubun no Hanayome,2019-01-11
109261,SEQUEL,163327,54915,ANIME,SPECIAL,Go-toubun no Hanayome∽,2023-09-02
109261,SIDE_STORY,211710,64105,ANIME,OVA,Go-toubun no Hanayome (Shinsaku OVA),
109403,SOURCE,47552,17552,MANGA,MANGA,Non Non Biyori,2009-09-26
109403,PREQUEL,20694,23623,ANIME,TV,Non Non Biyori: Repeat,2015-07-07
109403,SEQUEL,137337,49521,ANIME,OVA,Non Non Biyori: Nonstop - Bukatsu wo Ganbatta,2022-03-23
110277,PREQUEL,104578,38524,ANIME,TV,Shingeki no Kyojin Season 3 Part 2,2019-04-29
110277,SOURCE,53390,23390,MANGA,MANGA,Shingeki no Kyojin,2009-09-09
110277,SEQUEL,131681,48583,ANIME,TV,Shingeki no Kyojin: The Final Season Part 2,2022-01-10
110277,OTHER,139754,49627,ANIME,SPECIAL,Shingeki no Kyojin: Chimi Kyara Gekijou - Final,2021-07-07
112443,ALTERNATIVE,100807,111587,MANGA,MANGA,Jaku-Chara Tomozaki-kun Comic,2017-12-22
112443,SOURCE,99758,102702,MANGA,NOVEL,Jaku-Chara Tomozaki-kun,2016-05-18
112443,SIDE_STORY,127363,45604,ANIME,OVA,Jaku-Chara Tomozaki-kun OVA,2021-05-07
112443,SEQUEL,143866,50803,ANIME,TV,Jaku-Chara Tomozaki-kun 2nd STAGE,2024-01-03
112649,ALTERNATIVE,100311,109906,MANGA,MANGA,Tatoeba Last Dungeon Mae no Mura no Shounen ga Joban no Machi de Kurasu Youna Monogatari,2017-09-28
112649,SOURCE,100936,103176,MANGA,NOVEL,Tatoeba Last Dungeon Mae no Mura no Shounen ga Joban no Machi de Kurasu Youna Monogatari,2017-02-15
113231,ALTERNATIVE,120277,124162,MANGA,MANGA,2.43: Seiin Koukou Danshi Volley-bu,2018-07-27
113231,OTHER,128397,46000,ANIME,ONA,2.43 Mini Anime,2020-11-01
113231,OTHER,128527,46003,ANIME,ONA,2.43 Mini Anime: Fukui-ben Kouza,2021-01-07
113231,OTHER,128398,45585,ANIME,ONA,2.43 Mini Anime: Volleyball Kouza-hen,2020-11-29
113231,OTHER,128526,46004,ANIME,ONA,2.43 Mini Anime: inside story,2021-01-09
113476,PREQUEL,113470,40763,ANIME,TV,SHOW BY ROCK!! Mashumairesh!!,2020-01-09
113585,ADAPTATION,127348,,MANGA,MANGA,Skate-Leading☆Stars,2020-12-18
113595,SEQUEL,21732,33091,ANIME,ONA,planetarian: Chiisana Hoshi no Yume,2016-07-07
113595,SEQUEL,21771,33190,ANIME,MOVIE,planetarian: Hoshi no Hito,2016-09-03
113692,SOURCE,44110,14110,MANGA,MANGA,Seitokai Yakuindomo,2007-05-19
113692,PREQUEL,98240,34504,ANIME,MOVIE,Seitokai Yakuindomo Movie,2017-07-21
113814,ALTERNATIVE,120038,,MANGA,MANGA,IDOLY PRIDE: Stage of Asterism,2020-06-10
113814,SPIN_OFF,128149,,MANGA,MANGA,IDOLY PRIDE: Beginning of Lodestar,2020-10-30
113814,CHARACTER,142967,51379,ANIME,MUSIC,First Step,2020-11-28
113936,PREQUEL,105333,38691,ANIME,TV,Dr. STONE,2019-07-05
113936,SOURCE,98416,103897,MANGA,MANGA,Dr. STONE,2017-03-06
113936,OTHER,133514,55216,ANIME,MUSIC,Koe Dake ga,2021-03-09
113936,SEQUEL,142876,50612,ANIME,SPECIAL,Dr. STONE: Ryuusui,2022-07-10
114085,SOURCE,98466,104076,MANGA,MANGA,Kemono Jihen,2016-12-02
114087,SOURCE,78151,48151,MANGA,MANGA,World Trigger,2013-02-08
114087,PREQUEL,20729,24405,ANIME,TV,World Trigger,2014-10-05
114087,SEQUEL,127400,44940,ANIME,TV,World Trigger 3rd Season,2021-10-10
114129,SOURCE,30044,44,MANGA,MANGA,Gintama,2003-12-08
114129,PREQUEL,126819,44087,ANIME,SPECIAL,Gintama: THE SEMI-FINAL,2021-01-15
114194,PREQUEL,107660,39195,ANIME,TV,BEASTARS,2019-10-10
114194,SOURCE,98587,103701,MANGA,MANGA,BEASTARS,2016-09-08
114194,CHARACTER,131568,48554,ANIME,MUSIC,Yasashii Suisei,2021-03-25
114194,SEQUEL,136880,49469,ANIME,ONA,BEASTARS FINAL SEASON Part 1,2024-12-05
114301,ALTERNATIVE,116461,169394,MANGA,MANGA,Hortensia Saga,2020-03-27
114304,SOURCE,111771,110154,MANGA,MANGA,Shin Chuuka Ichiban!,1997-05-16
114304,PREQUEL,107666,39194,ANIME,TV,Shin Chuuka Ichiban!,2019-10-12
114473,PARENT,104159,38328,ANIME,TV,Azur Lane,2019-10-03
114473,SOURCE,108547,115955,MANGA,MANGA,Azur Lane: Bisoku Zenshin!,2018-04-23
114473,SIDE_STORY,139752,49487,ANIME,OVA,Azur Lane: Bisoku Zenshin! Hokorashiki Bokou ni Shukusai wo,2021-07-07
114473,SEQUEL,169080,56613,ANIME,TV_SHORT,Azur Lane: Bisoku Zenshin! Ni!!,2026-07-06
114862,PREQUEL,20671,23321,ANIME,TV,Log Horizon 2,2014-10-04
114862,SOURCE,76024,46024,MANGA,NOVEL,Log Horizon,2010-04-13
114862,ALTERNATIVE,75893,45893,MANGA,MANGA,Log Horizon,2012-05-18
116069,OTHER,96051,93214,MANGA,MANGA,Tokyo 7th Sisters Comic Anthology,2015-07-07
116069,CHARACTER,217786,34943,ANIME,MUSIC,t7s Longing for summer Again And Again: Harukaze,2017-04-09
116287,ALTERNATIVE,106176,110766,MANGA,MANGA,Ura Sekai Picnic,2018-02-10
116752,SOURCE,74485,44485,MANGA,MANGA,Nanatsu no Taizai,2012-10-10
116752,PREQUEL,108928,39701,ANIME,TV,Nanatsu no Taizai: Kamigami no Gekirin,2019-10-09
116752,CHARACTER,128535,45567,ANIME,ONA,Gekidan Nanatsu no Taizai,2020-12-24
116752,SEQUEL,128740,46420,ANIME,MOVIE,Nanatsu no Taizai: Hikari ni Norowareshi Mono-tachi,2021-07-02
116944,OTHER,20615,22273,ANIME,TV,selector infected WIXOSS,2014-04-04
117067,SOURCE,98889,107239,MANGA,MANGA,Maiko-san Chi no Makanai-san,2016-12-28
117085,PREQUEL,115651,41549,ANIME,OVA,Majutsushi Orphen Hagure Tabi: Tenjin no Isan,2020-04-07
117085,SOURCE,69745,39745,MANGA,NOVEL,Majutsushi Orphen,1994-05-01
117085,SEQUEL,155068,53162,ANIME,TV,Majutsushi Orphen Hagure Tabi: Urbanrama-hen,2023-01-18
117533,SOURCE,103586,114638,MANGA,MANGA,Hataraku Saibou BLACK,2018-06-07
117533,PARENT,100977,37141,ANIME,TV,Hataraku Saibou,2018-07-08
117556,SOURCE,30081,81,MANGA,MANGA,ARIA,2002-02-28
117556,PREQUEL,21043,29893,ANIME,SPECIAL,ARIA The AVVENIRE,2015-12-25
117556,SEQUEL,130558,48411,ANIME,MOVIE,ARIA The BENEDIZIONE,2021-12-03
117696,SOURCE,102879,111086,MANGA,MANGA,Tenchi Souzou Design-bu,2017-02-22
117696,SEQUEL,131866,46587,ANIME,ONA,Tenchi Souzou Design-bu: Tokubetsu-hen,2021-04-02
118375,ALTERNATIVE,103850,115029,MANGA,MANGA,Ore dake Haireru Kakushi Dungeon: Kossori Kitaete Sekai Saikyou,2018-05-02
118375,SOURCE,103851,108401,MANGA,NOVEL,Ore dake Haireru Kakushi Dungeon: Kossori Kitaete Sekai Saikyou,2017-08-02
118375,CHARACTER,128367,45658,ANIME,ONA,Doki Doki! Mini Mini! Kakushi Dungeon Gekijou,2021-01-09
118375,CHARACTER,131708,,ANIME,ONA,Doki Doki! Mini Mini! Kakushi Dungeon Gekijou Artist Collab,2021-03-26
119123,OTHER,12651,12651,ANIME,TV,Danball Senki W,2012-01-18
119123,OTHER,7081,7081,ANIME,TV,Danball Senki,2011-03-02
119123,OTHER,17917,17917,ANIME,TV,Danball Senki Wars,2013-04-03
119123,PARENT,176631,156258,MANGA,MANGA,Soukou Musume,2018
119661,PREQUEL,108632,39587,ANIME,TV,Re:Zero kara Hajimeru Isekai Seikatsu 2nd Season,2020-07-08
119661,SOURCE,85737,74697,MANGA,NOVEL,Re:Zero kara Hajimeru Isekai Seikatsu,2014-01-24
119661,ALTERNATIVE,112218,124470,MANGA,MANGA,Re:Zero kara Hajimeru Isekai Seikatsu: Dai-4 Shou - Seiiki to Gouyoku no Majo,2019-09-27
119661,SPIN_OFF,128306,,ANIME,ONA,Re:Zero kara Hajimeru Kyuukei Jikan (Break Time) 2nd Season Part 2,2021-01-08
119661,SEQUEL,163134,54857,ANIME,TV,Re:Zero kara Hajimeru Isekai Seikatsu 3rd Season,2024-10-02
120150,SOURCE,87401,98379,MANGA,MANGA,Bungou Stray Dogs Wan!,2015-12-20
120150,PARENT,21311,31478,ANIME,TV,Bungou Stray Dogs,2016-04-07
120150,SEQUEL,201667,62883,ANIME,TV_SHORT,Bungou Stray Dogs Wan! 2,2026-07-02
121026,PARENT,112748,40610,ANIME,TV,Healin' Good♥Precure,2020-02-02
121026,CHARACTER,3692,3692,ANIME,TV,Yes! Precure 5 GoGo!,2008-02-03
121026,OTHER,131045,46650,ANIME,MOVIE,Tropical-Rouge! Precure Petit Tobikome! Collabo♡Dance Party!,2021-03-20
121681,PREQUEL,112732,39987,ANIME,MOVIE,Strike Witches: 501 Butai Hasshin Shimasu! Movie,2019-10-04
121681,PARENT,20454,32866,ANIME,TV,Brave Witches,2016-10-06
123474,SEQUEL,137308,49522,ANIME,TV_SHORT,Toutotsu ni Egypt Shin 2,2023-01-11
123476,PREQUEL,140187,50099,ANIME,TV,Shin Tennis no Ouji-sama: U-17 WORLD CUP,2022-07-07
123779,SOURCE,123796,129659,MANGA,MANGA,Kai Byoui Ramune,2017-09-26
123785,CHARACTER,138862,132673,MANGA,MANGA,Project Scard: Kemono-tachi no Seigi,2020-09-17
124080,SOURCE,72451,42451,MANGA,MANGA,Horimiya,2011-10-18
124080,ALTERNATIVE,14753,14753,ANIME,OVA,Hori-san to Miyamura-kun,2012-09-26
124080,SIDE_STORY,163132,54856,ANIME,TV,Horimiya: piece,2023-07-01
124131,OTHER,21569,33839,ANIME,OVA,Alice in Deadly School,2021-03-03
124132,PARENT,97983,34591,ANIME,TV,Natsume Yuujinchou Roku,2017-04-12
124132,SOURCE,31859,1859,MANGA,MANGA,Natsume Yuujinchou,2003-06-10
124136,SOURCE,105121,116666,MANGA,MANGA,Otona no Bouguya-san,2017-09-14
124136,PREQUEL,104308,38395,ANIME,ONA,Otona no Bouguya-san,2018-10-09
124153,SPIN_OFF,129369,133274,MANGA,MANGA,SK∞: Chill Out!,2021-01-11
124153,ADAPTATION,129672,,MANGA,MANGA,SK∞,2021-03-05
124153,OTHER,136381,49363,ANIME,OVA,SK∞ Extra Part,2025-01-24
124153,SEQUEL,153676,52750,ANIME,TV,SK∞ 2nd Season,
124223,PREQUEL,98514,35249,ANIME,TV,Uma Musume: Pretty Derby,2018-04-02
124223,SEQUEL,145608,51225,ANIME,SPECIAL,Uma Musume: Pretty Derby - 1st Anniversary Special Animation,2022-02-22
124394,PREQUEL,110090,39960,ANIME,TV_SHORT,Yatogame-chan Kansatsu Nikki Nisatsume,2020-01-05
124394,SOURCE,102244,107935,MANGA,MANGA,Yatogame-chan Kansatsu Nikki,2016-05-28
124394,SEQUEL,142016,50438,ANIME,TV_SHORT,Yatogame-chan Kansatsu Nikki Yonsatsume,2022-04-09
124472,PARENT,102875,36945,ANIME,TV_SHORT,Himote House,2018-10-08
124612,SOURCE,104676,116284,MANGA,MANGA,Dogeza de Tanondemita,2018-03-02
124612,PREQUEL,122137,42571,ANIME,TV_SHORT,Dogeza de Tanondemita,2020-10-14
124845,SEQUEL,131773,48614,ANIME,SPECIAL,Wonder Egg Priority: Tokubetsu-hen,2021-06-30
125428,SOURCE,85388,63845,MANGA,MANGA,Tenkuu Shinpan,2013-12-05
126678,PREQUEL,109603,39836,ANIME,TV_SHORT,Yami Shibai 7,2019-07-08
126678,SEQUEL,135108,49110,ANIME,TV_SHORT,Yami Shibai 9,2021-07-12
126819,SEQUEL,114129,39486,ANIME,MOVIE,Gintama: THE FINAL,2021-01-08
126819,PREQUEL,101925,37491,ANIME,TV,Gintama.: Shirogane no Tamashii-hen - Kouhan-sen,2018-07-09
126819,SOURCE,30044,44,MANGA,MANGA,Gintama,2003-12-08
126905,ALTERNATIVE,5684,5684,ANIME,TV,Fresh Precure!,2009-02-01
126905,ALTERNATIVE,7645,7645,ANIME,TV,Heartcatch Precure!,2010-02-07
126905,ALTERNATIVE,1932,1932,ANIME,TV,Yes! Precure 5,2007-02-04
126905,ALTERNATIVE,3692,3692,ANIME,TV,Yes! Precure 5 GoGo!,2008-02-03
126905,ALTERNATIVE,12191,12191,ANIME,TV,Smile Precure!,2012-02-05
126905,ALTERNATIVE,98059,34290,ANIME,TV,Kirakira☆Precure a la Mode,2017-02-05
126905,ALTERNATIVE,105857,38578,ANIME,TV,Star☆Twinkle Precure,2019-02-03
126905,ALTERNATIVE,21506,31884,ANIME,TV,Mahoutsukai Precure!,2016-02-07
126905,ALTERNATIVE,21001,28669,ANIME,TV,Go! Princess Precure,2015-02-01
126905,ALTERNATIVE,603,603,ANIME,TV,Futari wa Precure,2004-02-01
126905,ALTERNATIVE,100661,36593,ANIME,TV,HUGtto! Precure,2018-02-04
126905,ALTERNATIVE,9893,9893,ANIME,TV,Suite Precure♪,2011-02-06
126905,ALTERNATIVE,1534,1534,ANIME,TV,Futari wa Precure: Splash☆Star,2006-02-05
126905,ALTERNATIVE,16419,16419,ANIME,TV,Dokidoki! Precure,2013-02-03
126905,ALTERNATIVE,20577,21407,ANIME,TV,HappinessCharge Precure!,2014-02-02
126905,ALTERNATIVE,112748,40610,ANIME,TV,Healin' Good♥Precure,2020-02-02
126905,ADAPTATION,127745,132282,MANGA,MANGA,Tropical-Rouge! Precure,2021-02-03
126905,CHARACTER,131045,46650,ANIME,MOVIE,Tropical-Rouge! Precure Petit Tobikome! Collabo♡Dance Party!,2021-03-20
126905,SIDE_STORY,135864,49426,ANIME,MOVIE,Tropical-Rouge! Precure: Yuki no Princess to Kiseki no Yubiwa!,2021-10-23
126905,ALTERNATIVE,142080,50281,ANIME,TV,Delicious Party♡Precure,2022-02-06
126905,CHARACTER,154678,53196,ANIME,SPECIAL,Watashi dake no Okosama Lunch,2022-09-23
126905,ALTERNATIVE,157883,53716,ANIME,TV,Hirogaru Sky! Precure,2023-02-05
126905,CHARACTER,159429,54650,ANIME,MOVIE,Precure All Stars F,2023-09-15
126905,ALTERNATIVE,171030,57390,ANIME,TV,Wonderful Precure!,2024-02-04
126905,ALTERNATIVE,185073,60407,ANIME,TV,Kimi to Idol Precure♪,2025-02-02
126905,CHARACTER,188394,61272,ANIME,ONA,PetitCure: Precure Fairies,2025-04-03
126905,ALTERNATIVE,202957,63042,ANIME,TV,Meitantei Precure!,2026-02-01
127536,SOURCE,127537,123492,MANGA,MANGA,Youjo Shachou,2019-04-26
127536,SEQUEL,154789,53079,ANIME,ONA,Youjo Shachou R,2023-07-01
127690,SEQUEL,150188,51986,ANIME,TV_SHORT,PUI PUI Molcar: DRIVING SCHOOL,2022-10-08
127690,SIDE_STORY,214973,,ANIME,SPECIAL,PUI PUI Molcar Special,
127863,PARENT,124896,43353,ANIME,ONA,Bear Bear Bear Kuma!,2020-10-10
128019,PREQUEL,122248,42500,ANIME,ONA,Tadaima! Chibigodzilla,2020-07-15
128306,PREQUEL,120700,42364,ANIME,ONA,Re:Zero kara Hajimeru Kyuukei Jikan (Break Time) 2nd Season,2020-07-10
128306,PARENT,119661,42203,ANIME,TV,Re:Zero kara Hajimeru Isekai Seikatsu 2nd Season Part 2,2021-01-06
128306,SEQUEL,182417,60012,ANIME,ONA,Re:Zero kara Hajimeru Kyuukei Jikan (Break Time) 3rd Season,2024-10-03
128367,CHARACTER,118375,41899,ANIME,TV,Ore dake Haireru Kakushi Dungeon,2021-01-09
128367,CHARACTER,131708,,ANIME,ONA,Doki Doki! Mini Mini! Kakushi Dungeon Gekijou Artist Collab,2021-03-26
128390,PARENT,105310,38671,ANIME,TV,Enen no Shouboutai,2019-07-06
128390,PARENT,114236,40956,ANIME,TV,Enen no Shouboutai: Ni no Shou,2020-07-04
128526,PARENT,113231,40679,ANIME,TV,2.43: Seiin Koukou Danshi Volley-bu,2021-01-08
128527,PARENT,113231,40679,ANIME,TV,2.43: Seiin Koukou Danshi Volley-bu,2021-01-08
128535,CHARACTER,116752,41491,ANIME,TV,Nanatsu no Taizai: Funnu no Shinpan,2021-01-13
128563,PARENT,115069,39681,ANIME,TV,D4DJ First Mix,2020-10-30
128872,ALTERNATIVE,15061,15061,ANIME,TV,Aikatsu!,2012-10-08
128872,ALTERNATIVE,111082,40266,ANIME,TV,Aikatsu on Parade!,2019-10-05
128872,ALTERNATIVE,101043,37204,ANIME,TV,Aikatsu Friends!,2018-04-05
128872,ALTERNATIVE,21648,32717,ANIME,TV,Aikatsu Stars!,2016-04-07
128872,SEQUEL,155525,52992,ANIME,MOVIE,Aikatsu Planet! Movie,2022-07-15
129123,PARENT,16381,16381,ANIME,MOVIE,Santa Company,2014-10-25
129627,CHARACTER,101922,38000,ANIME,TV,Kimetsu no Yaiba,2019-04-06
129627,SIDE_STORY,154541,48861,ANIME,SPECIAL,Chuukou Ikkan!! Kimetsu Gakuen Monogatari: Kimetsu no Utage Tokubetsu-hen,2020-08-26
130296,PREQUEL,176912,,ANIME,SPECIAL,Inou no AICis Dai-0-wa,2022-01-18
130402,ALTERNATIVE,111137,40267,ANIME,MOVIE,WAVE!! Surfing Yappe!!,2020-10-02
130439,PREQUEL,128738,44026,ANIME,TV_SHORT,Zannen na Ikimono Jiten (2019),2019-07-29
130439,SEQUEL,132804,49843,ANIME,MOVIE,Zannen na Ikimono Jiten The Movie,2022-07-08
130529,SEQUEL,146397,,ANIME,TV_SHORT,Cosmo Samurai 2,2022-02-20
130846,OTHER,136139,48575,ANIME,ONA,DELIVER POLICE: Nishitokyo-shi Deliver Keisatsutai,2021-03-26
130846,OTHER,136138,48576,ANIME,ONA,Hachimitsu Suicide Machine,2021-03-26
130846,OTHER,136140,48589,ANIME,ONA,Ryuusatsu no Kyoukotsu,2021-03-26
130911,PARENT,130915,,MANGA,MANGA,Yuusei Koukou Tenmon-bu,2018-07-05
131096,PREQUEL,116415,41405,ANIME,TV,Bakugan Armored Alliance,2020-04-03
131096,SEQUEL,146885,51263,ANIME,TV,Bakugan: Evolutions,2022-02-06
131770,SEQUEL,113653,39764,ANIME,MOVIE,Meitantei Conan: Hiiro no Dangan,2021-04-16
131770,PARENT,235,235,ANIME,TV,Meitantei Conan,1996-01-08
131971,PARENT,97861,23539,ANIME,TV_SHORT,Gudetama,2014-03-31
132061,PARENT,123494,42774,ANIME,TV,Sayonara Watashi no Cramer,2021-04-04
132417,PARENT,130556,,MANGA,MANGA,Bessatsu Kamen Rider Saber Manga: Kamen Rider Buster,2021-02-28
132634,SOURCE,30375,375,MANGA,MANGA,Initial D,1995-06-26
132634,PREQUEL,3931,3931,ANIME,OVA,Initial D BATTLE STAGE 2,2007-05-30
132634,PARENT,19613,22507,ANIME,TV,Initial D Final Stage,2014-05-16
132634,PARENT,15059,15059,ANIME,TV,Initial D Fifth Stage,2012-11-04
134222,SOURCE,174065,125330,MANGA,MANGA,Tasuuketsu,2013-09-11
134222,PARENT,174070,57945,ANIME,TV,Tasuuketsu,2024-07-03
136138,OTHER,130846,48577,ANIME,ONA,HOME!,2021-03-26
136138,OTHER,136139,48575,ANIME,ONA,DELIVER POLICE: Nishitokyo-shi Deliver Keisatsutai,2021-03-26
136138,OTHER,136140,48589,ANIME,ONA,Ryuusatsu no Kyoukotsu,2021-03-26
136139,OTHER,130846,48577,ANIME,ONA,HOME!,2021-03-26
136139,OTHER,136138,48576,ANIME,ONA,Hachimitsu Suicide Machine,2021-03-26
136139,OTHER,136140,48589,ANIME,ONA,Ryuusatsu no Kyoukotsu,2021-03-26
136140,OTHER,130846,48577,ANIME,ONA,HOME!,2021-03-26
136140,OTHER,136138,48576,ANIME,ONA,Hachimitsu Suicide Machine,2021-03-26
136140,OTHER,136139,48575,ANIME,ONA,DELIVER POLICE: Nishitokyo-shi Deliver Keisatsutai,2021-03-26
137097,PARENT,120851,42391,ANIME,TV,Osomatsu-san 3rd Season,2020-10-13
137106,PARENT,120851,42391,ANIME,TV,Osomatsu-san 3rd Season,2020-10-13
145553,PARENT,120851,42391,ANIME,TV,Osomatsu-san 3rd Season,2020-10-13
145800,PARENT,123903,42855,ANIME,ONA,Fudanshi Shoukan: Isekai de Shinjuu ni Hameraremashita Mini Anime,2020-09-10
145800,PARENT,123902,129769,MANGA,MANGA,Fudanshi Shoukan: Isekai de Shinjuu ni Hameraremashita,2019-12-10
149040,PREQUEL,149039,53651,ANIME,TV_SHORT,Ooya-san to Boku 2,2020-06-08
154978,PARENT,4081,4081,ANIME,TV,Natsume Yuujinchou,2008-07-08
154978,SOURCE,31859,1859,MANGA,MANGA,Natsume Yuujinchou,2003-06-10
162744,SEQUEL,162745,53861,ANIME,ONA,Ryuukyuu Timeline 2: Tedako no Machi Tanbou,2022-02-21
99730,PREQUEL,20762,24893,ANIME,TV,Sidonia no Kishi: Daikyuu Wakusei Seneki,2015-04-11
99900,SOURCE,105451,109222,MANGA,MANGA,Eiga Daisuki Pompo-san,2017-04-04
99900,CHARACTER,136297,51605,ANIME,MUSIC,Mado wo Akete,2021-06-28
101216,PREQUEL,20930,28221,ANIME,TV,Etotama,2015-04-09
101216,SIDE_STORY,157074,49495,ANIME,SPECIAL,Etotama: Nyankyaku Banrai - Etotama Pretty Gekijou,2021-07-28
103277,PREQUEL,103276,38085,ANIME,MOVIE,Fate/Grand Order: Shinsei Entaku Ryouiki Camelot - Wandering; Agateram,2020-12-05
103277,SEQUEL,103275,38084,ANIME,TV,Fate/Grand Order: Zettai Majuu Sensen Babylonia,2019-10-05
103277,CHARACTER,127149,44248,ANIME,OVA,Fate/Grand Carnival,2021-06-02
105595,SOURCE,35206,5206,MANGA,NOVEL,Kidou Senshi Gundam: Senkou no Hathaway,1989-02-13
105595,PREQUEL,101554,37764,ANIME,MOVIE,Kidou Senshi Gundam NT,2018-11-30
105595,SEQUEL,113971,38716,ANIME,MOVIE,Kidou Senshi Gundam: Senkou no Hathaway - Circe no Majo,2026-01-30
105595,ALTERNATIVE,132002,,MANGA,MANGA,Kidou Senshi Gundam: Senkou no Hathaway,2021-04-26
105595,CHARACTER,212323,64205,ANIME,ONA,Shounen to Gundam - Kidou Senshi Gundam 50-shuunen: Road to 50 - Prologue Movie,2026-05-15
109217,ADAPTATION,128674,173361,MANGA,MANGA,Eden,2021-02-16
110733,ADAPTATION,104714,116028,MANGA,MANGA,Zombie Land Saga,2018-10-08
110733,PREQUEL,103871,37976,ANIME,TV,Zombie Land Saga,2018-10-04
110733,SEQUEL,140337,50159,ANIME,MOVIE,Zombie Land Saga: Yume Ginga Paradise,2025-10-24
112376,SOURCE,99533,104522,MANGA,MANGA,"Dragon, Ie wo Kau.",2016-12-05
112608,SOURCE,100068,102667,MANGA,NOVEL,"Slime Taoshite 300-nen, Shiranai Uchi ni Level MAX ni Nattemashita",2017-01-13
112608,ALTERNATIVE,101069,110288,MANGA,MANGA,"Slime Taoshite 300-nen, Shiranai Uchi ni Level MAX ni Nattemashita",2017-06-29
112608,SEQUEL,143337,50738,ANIME,TV,"Slime Taoshite 300-nen, Shiranai Uchi ni Level MAX ni Nattemashita: Sono ni",2025-04-05
113024,PREQUEL,98658,35503,ANIME,TV,Shoujo☆Kageki Revue Starlight,2018-07-13
113024,PREQUEL,113023,40665,ANIME,MOVIE,Shoujo☆Kageki Revue Starlight: Rondo Rondo Rondo,2020-08-07
113024,OTHER,205962,63295,ANIME,,Starlight Project: Itsuka Dareka ni Todoku ■■■,
113359,PREQUEL,100298,36563,ANIME,TV,Megalo Box,2018-04-06
113359,PARENT,31303,1303,MANGA,MANGA,Ashita no Joe,1968-01-01
113359,PARENT,2402,2402,ANIME,TV,Ashita no Joe,1970-04-01
113359,CHARACTER,132904,48678,ANIME,SPECIAL,NOMAD: Megalo Box 2 - Hachidori to tabibito.,2021-07-28
113418,SOURCE,107319,122739,MANGA,NOVEL,Super Cub,2017-05-01
113418,ALTERNATIVE,107315,117780,MANGA,MANGA,Super Cub,2017-12-29
113428,ALTERNATIVE,103100,104584,MANGA,MANGA,Bishounen Tanteidan,2016-04-28
113428,CHARACTER,110415,117028,MANGA,NOVEL,Mazemonogatari,2019-02-06
113428,CHARACTER,100995,104170,MANGA,MANGA,Seishun Kijinden! Nishio Gakuen,2017-02-09
113653,PARENT,235,235,ANIME,TV,Meitantei Conan,1996-01-08
113653,PREQUEL,131770,47413,ANIME,MOVIE,Meitantei Conan: Hiiro no Fuzai Shoumei,2021-02-11
113950,PREQUEL,99424,35847,ANIME,TV,SSSS.GRIDMAN,2018-10-07
113950,CHARACTER,124082,55351,ANIME,SPECIAL,Azur Lane Anime PVs,2020-04-17
113950,SEQUEL,142684,50587,ANIME,MOVIE,GRIDMAN UNIVERSE,2023-03-24
113950,SPIN_OFF,155948,,MANGA,NOVEL,SSSS.DYNAZENON CHRONICLE,2022-01-19
113950,SUMMARY,158991,53851,ANIME,MOVIE,SSSS.DYNAZENON Movie,2023-03-10
114232,SOURCE,104505,116201,MANGA,NOVEL,Hige wo Soru. Soshite Joshikousei wo Hirou.,2018-02-01
114232,ALTERNATIVE,105791,116766,MANGA,MANGA,Hige wo Soru. Soshite Joshikousei wo Hirou.,2018-11-26
114535,SOURCE,97830,102343,MANGA,MANGA,Fumetsu no Anata e,2016-11-09
114535,SEQUEL,138565,49709,ANIME,TV,Fumetsu no Anata e Season 2,2022-10-23
114840,SOURCE,96866,96683,MANGA,MANGA,Koi to Yobu ni wa Kimochi Warui,2015-01-25
115183,ALTERNATIVE,115415,122191,MANGA,MANGA,MARS RED,2020-01-04
115183,SIDE_STORY,126874,44129,ANIME,ONA,MARS RED Mini Anime: Zero Kikan Nippou,2020-11-24
115895,PARENT,1960,1960,ANIME,TV,Sore Ike! Anpanman,1988-10-03
116338,PREQUEL,107693,39196,ANIME,TV,Mairimashita! Iruma-kun,2019-10-05
116338,SOURCE,99324,104241,MANGA,MANGA,Mairimashita! Iruma-kun,2017-03-02
116338,SOURCE,130735,134814,MANGA,MANGA,Mairimashita! Iruma-kun: Kalego Gaiden,2021-04-15
116338,SEQUEL,139092,49784,ANIME,TV,Mairimashita! Iruma-kun 3,2022-10-08
116588,SOURCE,101809,110045,MANGA,NOVEL,"Sentouin, Hakenshimasu!",2017-11-01
116588,ALTERNATIVE,101808,113549,MANGA,MANGA,"Sentouin, Hakenshimasu!",2018-03-27
116589,SOURCE,98610,104039,MANGA,NOVEL,86: Eighty Six,2017-02-10
116589,ALTERNATIVE,101606,112236,MANGA,MANGA,86: Eighty Six,2018-02-16
116589,SEQUEL,131586,48569,ANIME,TV,86: Eighty Six Part 2,2021-10-03
116589,SPIN_OFF,164583,,MANGA,MANGA,86: Eighty Six - Koushiki Deformed Manga,2021-07-11
116741,SOURCE,104822,117179,MANGA,MANGA,Tensura Nikki: Tensei Shitara Slime Datta Ken,2018-05-09
116741,PARENT,101280,37430,ANIME,TV,Tensei Shitara Slime Datta Ken,2018-10-02
116741,SIDE_STORY,163660,,MANGA,MANGA,Tensura Nikki: Tensei Shitara Slime Datta Ken,2021-06-25
117193,PREQUEL,104276,38408,ANIME,TV,Boku no Hero Academia 4,2019-10-12
117193,SOURCE,85486,75989,MANGA,MANGA,Boku no Hero Academia,2014-07-07
117193,SIDE_STORY,126659,44200,ANIME,MOVIE,Boku no Hero Academia THE MOVIE: World Heroes' Mission,2021-08-06
117193,SEQUEL,139630,49918,ANIME,TV,Boku no Hero Academia 6,2022-10-01
117193,SIDE_STORY,149073,51781,ANIME,ONA,Boku no Hero Academia 5 (ONA),2022-08-01
117193,SIDE_STORY,169402,56685,ANIME,OVA,Boku no Hero Academia: Yuuei Heroes Battle,2023-10-20
117448,PREQUEL,101004,37210,ANIME,TV,Isekai Maou to Shoukan Shoujo no Dorei Majutsu,2018-07-05
117448,ALTERNATIVE,86338,91714,MANGA,MANGA,Isekai Maou to Shoukan Shoujo no Dorei Majutsu,2015-06-24
117448,SOURCE,93368,83225,MANGA,NOVEL,Isekai Maou to Shoukan Shoujo no Dorei Majutsu,2014-12-02
117448,SIDE_STORY,131944,48615,ANIME,ONA,Isekai Maou to Shoukan Shoujo no Dorei Majutsu Ω Mini Anime,2021-03-14
117448,SEQUEL,210483,63912,ANIME,TV,Isekai Maou to Shoukan Shoujo no Dorei Majutsu ULT,
117763,OTHER,101634,37870,ANIME,TV,BanG Dream! 3rd Season,2020-01-23
117763,SEQUEL,117764,41781,ANIME,MOVIE,BanG Dream! Episode of Roselia II: Song I am.,2021-06-25
117763,ALTERNATIVE,102229,108614,MANGA,MANGA,BanG Dream!: Girls Band Party! - Roselia Stage,2017-02-10
119042,PARENT,20800,25519,ANIME,TV,Yuuki Yuuna wa Yuusha de Aru,2014-10-17
119042,CHARACTER,86519,83169,MANGA,NOVEL,Washio Sumi wa Yuusha de Aru,2014-04-30
119042,CHARACTER,99559,90810,MANGA,NOVEL,Nogi Wakaba wa Yuusha de Aru,2015-06-27
119042,CHARACTER,100676,108286,MANGA,NOVEL,Kusunoki Mebuki wa Yuusha de Aru,2017-06-30
119042,CHARACTER,100791,34284,ANIME,TV,Yuuki Yuuna wa Yuusha de Aru: Washio Sumi no Shou,2017-10-07
119675,ALTERNATIVE,154,154,ANIME,TV,Shaman King,2001-07-04
119675,SOURCE,42917,12917,MANGA,MANGA,Shaman King Kanzenban,2008-03-04
119675,SOURCE,30050,50,MANGA,MANGA,Shaman King,1998-06-30
119675,SEQUEL,147850,51673,ANIME,TV,SHAMAN KING: FLOWERS,2024-01-10
119675,SIDE_STORY,139079,49708,ANIME,ONA,Funbari Onsen Hanjouki,2021-08-02
119683,SOURCE,101860,114548,MANGA,MANGA,EDENS ZERO,2018-06-26
119683,CHARACTER,6702,6702,ANIME,TV,FAIRY TAIL,2009-10-12
119683,SEQUEL,144932,50002,ANIME,TV,EDENS ZERO 2nd Season,2023-04-02
119806,PREQUEL,99557,,ANIME,TV,Thunderbolt Fantasy: Touriken Yuuki 2,2018-10-01
119806,CHARACTER,131867,,ANIME,ONA,Fate/Grand Order × Thunderbolt Fantasy 3,2021-04-01
119806,SEQUEL,138522,,ANIME,TV,Thunderbolt Fantasy: Touriken Yuuki 4,2024-10-05
120120,SOURCE,102988,104565,MANGA,MANGA,Tokyo卍Revengers,2017-03-01
120120,SPIN_OFF,132467,48735,ANIME,ONA,Tokyo Revengers: Chibi Reve,2021-04-12
120120,SEQUEL,142853,50608,ANIME,TV,Tokyo Revengers: Seiya Kessen-hen,2023-01-08
120120,CHARACTER,214263,57751,ANIME,ONA,Coffee Kousou,2023-01-30
120376,ALTERNATIVE,37162,7162,MANGA,MANGA,Subarashiki Kono Sekai,2008
120534,PREQUEL,1186,1186,ANIME,TV,Battle Athletess Daiundoukai (TV),1997-10-03
120534,PREQUEL,1185,1185,ANIME,OVA,Battle Athletess Daiundoukai,1997-05-25
120534,ADAPTATION,128858,,MANGA,MANGA,Battle Athletess Daiundoukai: ReSTART! Prima Stella,2021-04-09
120534,ALTERNATIVE,123586,132156,MANGA,MANGA,Pale Blue Dot Battle Athletes Daiundoukai: ReSTART!,2020-06-26
120697,SOURCE,100664,110737,MANGA,MANGA,"Ijiranaide, Nagatoro-san",2017-11-07
120697,SEQUEL,140596,50197,ANIME,TV,"Ijiranaide, Nagatoro-san 2nd Attack",2023-01-08
120859,SOURCE,120860,105691,MANGA,MANGA,Shakunetsu Kabaddi,2015-07-02
121962,PARENT,9539,9539,ANIME,TV,Cardfight!! Vanguard,2011-01-08
121962,SEQUEL,128827,48862,ANIME,TV,Cardfight!! Vanguard: overDress Season 2,2021-10-05
121962,CHARACTER,207082,63336,ANIME,SPECIAL,Cardfight!! Vanguard 15 Shuunen Kinen PV,2026-01-11
121962,OTHER,214537,,ANIME,TV,Cardfight!! Vanguard (Shinsaku TV Anime),2027
122148,SOURCE,132897,,MANGA,MANGA,Yakunara Mug Cup Mo,2012-02-14
122148,SEQUEL,135939,49263,ANIME,TV_SHORT,Yakunara Mug Cup Mo: Niban Gama,2021-10-02
122148,SPIN_OFF,178125,58608,ANIME,ONA,Rokurou no Daibouken,2024-04-01
122348,SOURCE,53115,23115,MANGA,MANGA,Mashiro no Oto,2010-10-01
122348,OTHER,128675,46119,ANIME,ONA,Mashiro no Oto Mini,2021-01-15
123494,SOURCE,87440,98179,MANGA,MANGA,Sayonara Watashi no Cramer,2016-05-06
123494,PREQUEL,123645,42798,ANIME,MOVIE,Sayonara Watashi no Cramer: First Touch,2021-06-11
123494,OTHER,132061,48616,ANIME,ONA,Sayonara Watashi no Cramer Mini Anime,2021-03-16
123645,SOURCE,56491,26491,MANGA,MANGA,Sayonara Football,2009-06-20
123645,SEQUEL,123494,42774,ANIME,TV,Sayonara Watashi no Cramer,2021-04-04
123802,SOURCE,101502,111629,MANGA,NOVEL,Seijo no Maryoku wa Bannou desu,2017-02-10
123802,ALTERNATIVE,101503,111628,MANGA,MANGA,Seijo no Maryoku wa Bannou desu,2017-07-31
123802,SEQUEL,146206,51215,ANIME,TV,Seijo no Maryoku wa Bannou desu Season 2,2023-10-03
124115,PREQUEL,107208,38081,ANIME,MOVIE,Girls und Panzer: Saishuushou 2,2019-06-15
124115,SEQUEL,132420,39167,ANIME,MOVIE,Girls und Panzer: Saishuushou 4,2023-10-06
124115,SIDE_STORY,144803,49690,ANIME,OVA,Girls und Panzer: Daikon War!,2021-12-24
124194,SOURCE,30102,102,MANGA,MANGA,Fruits Basket,1998-07-18
124194,PREQUEL,111762,40417,ANIME,TV,Fruits Basket: 2nd Season,2020-04-07
124194,SEQUEL,136192,49310,ANIME,MOVIE,Fruits Basket: prelude,2022-02-18
124675,SOURCE,110461,122990,MANGA,NOVEL,Osananajimi ga Zettai ni Makenai Love Kome,2019-06-08
124675,ALTERNATIVE,114015,123198,MANGA,MANGA,Osananajimi ga Zettai ni Makenai Love Kome,2019-11-27
124786,CHARACTER,44160,14160,MANGA,MANGA,Godzilla,1985
124858,PREQUEL,114124,40911,ANIME,TV,Yuukoku no Moriarty,2020-10-11
124858,SOURCE,98544,100323,MANGA,MANGA,Yuukoku no Moriarty,2016-08-04
124858,SIDE_STORY,138700,49733,ANIME,OVA,Yuukoku no Moriarty OVA,2022-04-27
125038,SOURCE,104063,115730,MANGA,MANGA,Shadows House,2018-09-06
125038,SEQUEL,139093,49782,ANIME,TV,Shadows House 2nd Season,2022-07-09
125351,SOURCE,87123,80245,MANGA,MANGA,Hetalia World☆Stars,2014-09-22
125351,PARENT,5060,5060,ANIME,ONA,Hetalia Axis Powers,2009-01-24
125351,SEQUEL,136137,48627,ANIME,OVA,Hetalia World★Stars OVA,2021-07-28
125368,SOURCE,86635,90125,MANGA,MANGA,Kaguya-sama wa Kokurasetai: Tensaitachi no Renai Zunousen,2015-05-19
125368,PARENT,112641,40591,ANIME,TV,Kaguya-sama wa Kokurasetai?: Tensaitachi no Renai Zunousen,2020-04-11
125368,SOURCE,126244,,MANGA,MANGA,Kaguya-sama wa Kokurasetai Darkness,2017-05-18
125426,SOURCE,101233,112922,MANGA,MANGA,Gokushufudou,2018-02-23
125426,SEQUEL,132193,48707,ANIME,ONA,Gokushufudou Part 2,2021-10-07
125839,ADAPTATION,127579,136573,MANGA,MANGA,Bakuten!!,2021-01-22
125839,SEQUEL,136064,49283,ANIME,MOVIE,Bakuten!! Movie,2022-07-02
125867,SOURCE,47233,17233,MANGA,MANGA,Kento Ankokuden Cestvs,1997-10-01
126275,SEQUEL,112019,40389,ANIME,OVA,Uchuu Senkan Yamato 2205: Aratanaru Tabidachi,2021-10-08
126275,PARENT,21730,33064,ANIME,OVA,Uchuu Senkan Yamato 2202: Ai no Senshi-tachi,2017-02-25
126664,PREQUEL,108041,38715,ANIME,ONA,SD Gundam World Sangoku Soketsuden,2019-07-26
126791,SOURCE,126792,131723,MANGA,NOVEL,Kyuukyoku Shinka Shita Full Dive RPG ga Genjitsu yori mo Kusogee Dattara,2020-08-25
126791,ALTERNATIVE,127668,134039,MANGA,MANGA,Kyuukyoku Shinka Shita Full Dive RPG ga Genjitsu yori mo Kusogee Dattara,2021-01-27
126835,PREQUEL,116793,40045,ANIME,TV,Motto! Majime ni Fumajime Kaiketsu Zorori,2020-04-05
126835,SEQUEL,140787,50193,ANIME,TV,Motto! Majime ni Fumajime Kaiketsu Zorori 3rd Season,2022-04-06
127149,CHARACTER,101184,36064,ANIME,SPECIAL,Fate/Grand Order CMs,2014-12-27
127149,CHARACTER,97815,34321,ANIME,SPECIAL,Fate/Grand Order: First Order,2016-12-31
127149,CHARACTER,103276,38085,ANIME,MOVIE,Fate/Grand Order: Shinsei Entaku Ryouiki Camelot - Wandering; Agateram,2020-12-05
127149,CHARACTER,103275,38084,ANIME,TV,Fate/Grand Order: Zettai Majuu Sensen Babylonia,2019-10-05
127149,CHARACTER,110851,40206,ANIME,SPECIAL,Fate/Grand Order: Zettai Majuu Sensen Babylonia - Initium Iter,2019-08-03
127149,CHARACTER,106915,38958,ANIME,SPECIAL,Manga de Wakaru! Fate/Grand Order,2018-12-31
127149,CHARACTER,100728,36915,ANIME,SPECIAL,Fate/Grand Order: MOONLIGHT/LOSTROOM,2017-12-31
127149,CHARACTER,103277,38086,ANIME,MOVIE,Fate/Grand Order: Shinsei Entaku Ryouiki Camelot - Paladin; Agateram,2021-05-15
127149,CHARACTER,159569,54042,ANIME,TV_SHORT,Fate/Grand Order: Fujimaru Ritsuka wa Wakaranai,2023-02-04
127149,PARENT,10012,10012,ANIME,OVA,Carnival Phantasm,2011-08-14
127363,PARENT,112443,40530,ANIME,TV,Jaku-Chara Tomozaki-kun,2021-01-08
127368,PARENT,112124,40454,ANIME,TV,Dungeon ni Deai wo Motomeru no wa Machigatteiru Darou ka III,2020-10-03
127399,SOURCE,107098,110485,MANGA,MANGA,Shuumatsu no Valkyrie,2017-11-25
127399,SEQUEL,138056,49618,ANIME,ONA,Shuumatsu no Valkyrie II,2023-01-26
127399,SIDE_STORY,138106,49507,ANIME,ONA,Shuumatsu no Valkyrie Mini Anime,2021-07-27
127958,ALTERNATIVE,129199,133269,MANGA,MANGA,Gyokou no Nikuko-chan,2021-01-29
128394,SOURCE,128395,,MANGA,MANGA,Shikaruneko,2018-06-01
128546,ALTERNATIVE,130431,136733,MANGA,NOVEL,Vivy prototype,2021-04-30
128546,ADAPTATION,131940,135396,MANGA,MANGA,Vivy: Fluorite Eye’s Song,2021-04-10
128546,ALTERNATIVE,138345,49681,ANIME,SPECIAL,Vivy: Fluorite Eye’s Song - PILOT MOVIE,2021-08-21
128547,ADAPTATION,128564,136113,MANGA,MANGA,Odd Taxi,2021-01-15
128547,ALTERNATIVE,143080,50653,ANIME,MOVIE,Odd Taxi: In the Woods,2022-04-01
128547,SIDE_STORY,158676,53642,ANIME,SPECIAL,Odd Taxi Original Picture Drama,2022-03-30
128547,OTHER,177173,156491,MANGA,MANGA,RoOT/Route of Odd Taxi,2023-02-24
128737,PREQUEL,100620,36531,ANIME,TV,Shinkansen Henkei Robo Shinkalion THE ANIMATION,2018-01-06
128737,CHARACTER,30,30,ANIME,TV,Shin Seiki Evangelion,1995-10-03
128737,OTHER,172395,57798,ANIME,TV,Shinkalion: Change the World,2024-04-07
129046,CHARACTER,101387,37616,ANIME,MOVIE,Ten Count,
129046,SOURCE,33954,3954,MANGA,MANGA,ZE,2004-03-11
129046,SOURCE,85555,56857,MANGA,MANGA,Ten Count,2013-07-13
129046,SOURCE,87095,81189,MANGA,MANGA,Renai Rubi no Tadashii Furikata,2014-03-14
129046,SOURCE,90314,66001,MANGA,MANGA,Kuroneko Kareshi no Aishikata,2013-09-14
129046,SOURCE,49266,19266,MANGA,MANGA,Ameiro Paradox,2009-12-14
129046,SOURCE,33269,3269,MANGA,MANGA,Seitokaichou ni Chuukoku,2005-09-30
129046,CHARACTER,5774,5774,ANIME,OVA,Seitokaichou ni Chuukoku,2009-11-27
129814,SPIN_OFF,135381,48610,ANIME,ONA,Blue Reflection Ray!,2021-04-14
129814,OTHER,158625,55437,ANIME,MUSIC,Saishin,2021-04-17
129963,CHARACTER,118123,44042,ANIME,ONA,Holo no Graffiti,2019-05-05
129963,ALTERNATIVE,129967,141234,MANGA,MANGA,Holoearth Chronicles Side:E Yamato Kasou Kai Itan,2021-06-04
129963,ALTERNATIVE,182833,,MANGA,MANGA,Holoearth Days! A Tale Side:W Vesta de Cooking -Shiawase no Rusetto-,2024-10-19
129963,ALTERNATIVE,191405,61555,ANIME,SPECIAL,"Holoearth Anime PV: ""Saa, Anata no Mou Hitotsu no Sekai e""",2025-04-23
130253,PREQUEL,116786,41439,ANIME,ONA,Beyblade Burst Sparking,2020-04-03
130253,OTHER,288,288,ANIME,TV,Bakuten Shoot Beyblade,2001-01-08
130253,SEQUEL,166062,55231,ANIME,ONA,Beyblade Burst QuadStrike,2023-04-04
130445,PREQUEL,108767,39277,ANIME,TV,Youkai Watch!,2019-04-05
130445,SIDE_STORY,145705,,ANIME,ONA,dTV Original Anime: Youkai Watch ♪,2021-12-24
130445,SIDE_STORY,145958,50191,ANIME,MOVIE,"Youkai Watch ♪: Keita to Orecchi no Deai Hen da Nyan ♪ Wa, Watakushi mo ♪♪",2021-11-12
130445,SIDE_STORY,157638,53634,ANIME,MOVIE,Youkai Watch ♪: Jibanyan VS Komasan Monge Daikessen da Nyan,2023-01-13
130445,SEQUEL,101555,37324,ANIME,TV,Youkai Watch: Shadow Side,2018-04-13
130513,SOURCE,131663,,MANGA,MANGA,Aka-chan Honbuchou,2017-05-01
130513,SEQUEL,144852,51132,ANIME,TV_SHORT,Aka-chan Honbuchou 2nd Season,2022-01-09
130514,SEQUEL,151128,51839,ANIME,TV_SHORT,iii icecrin Double,2022-07-02
130515,OTHER,143553,50748,ANIME,MUSIC,AISOUZE!,2021-04-14
130584,PREQUEL,118630,41529,ANIME,TV,Duel Masters King,2020-04-05
130584,SEQUEL,146865,51037,ANIME,TV,Duel Masters King MAX,2022-04-03
130777,PREQUEL,111310,40327,ANIME,TV,Mewkledreamy,2020-04-05
131045,PARENT,121026,42422,ANIME,MOVIE,Healin' Good♥Precure: Yume no Machi de Kyun! Tto GoGo! Dai Henshin!!,2021-03-20
131045,CHARACTER,126905,44191,ANIME,TV,Tropical-Rouge! Precure,2021-02-28
131708,CHARACTER,118375,41899,ANIME,TV,Ore dake Haireru Kakushi Dungeon,2021-01-09
131708,CHARACTER,128367,45658,ANIME,ONA,Doki Doki! Mini Mini! Kakushi Dungeon Gekijou,2021-01-09
131773,PREQUEL,124845,43299,ANIME,TV,Wonder Egg Priority,2021-01-13
131866,PREQUEL,117696,41762,ANIME,TV,Tenchi Souzou Design-bu,2021-01-08
131866,SOURCE,102879,111086,MANGA,MANGA,Tenchi Souzou Design-bu,2017-02-22
131927,PREQUEL,131459,41522,ANIME,TV_SHORT,wasimo 8,2020-03-30
131927,OTHER,187219,52023,ANIME,SPECIAL,wasimo Special: Chikyuu no Mirai wo Sukue! Washimo vs Washija,2022-03-21
131930,ADAPTATION,136067,151884,MANGA,MANGA,Yasuke,2021-07-27
131944,PARENT,117448,41623,ANIME,TV,Isekai Maou to Shoukan Shoujo no Dorei Majutsu Ω,2021-04-09
132096,PARENT,107717,39247,ANIME,TV,Kobayashi-san Chi no Maidragon S,2021-07-08
132096,SEQUEL,137804,49483,ANIME,SPECIAL,Kobayashi-san Chi no Maidragon S: Mini Dra EX,2021-09-15
132467,PARENT,120120,42249,ANIME,TV,Tokyo Revengers,2021-04-11
132697,PREQUEL,132696,41778,ANIME,TV,Oshiri Tantei 4,2020-04-04
132697,SEQUEL,179870,50799,ANIME,TV,Oshiri Tantei 6,2022-04-09
133146,PREQUEL,127041,43712,ANIME,ONA,Monogatari wo kimi e. - Fukakai 2 Q1 Ending Animation,2020-10-10
133146,CHARACTER,136128,54678,ANIME,MUSIC,Dennou,2021-06-20
133340,CHARACTER,134786,55482,ANIME,MUSIC,Ontology,2020-10-23
133340,CHARACTER,124833,55487,ANIME,MUSIC,Sore Yuke! Gakkyuu Iinchou,2020-10-07
133340,CHARACTER,138530,50074,ANIME,MUSIC,Ashita wa Nichiyoubi,2021-08-07
133340,CHARACTER,140008,50123,ANIME,MUSIC,Uranomito,2021-08-11
133340,CHARACTER,141073,55443,ANIME,MUSIC,Viking,2021-11-03
133340,CHARACTER,143708,,ANIME,SPECIAL,ChroNoiR x vaultroom,2022-01-12
133340,CHARACTER,145919,55483,ANIME,MUSIC,Amagami,2022-02-25
133340,CHARACTER,151327,52275,ANIME,MUSIC,Shitteiru Tegami,2022-06-23
133340,CHARACTER,137897,160070,MANGA,MANGA,Nijisanji: Samba Carnival,2020-03-30
133340,CHARACTER,158908,56111,ANIME,ONA,ChroNoiR Episode.0,2023-07-28
133340,CHARACTER,160902,58034,ANIME,ONA,Ibrahim 3 Shuunen Kinen Animation,2023-02-01
133340,CHARACTER,165080,,MANGA,MANGA,Nijisanji,2023-04-15
133340,CHARACTER,180814,59748,ANIME,MUSIC,Violet!?,2024-09-03
133340,CHARACTER,185090,59097,ANIME,ONA,Page of Lambda,2024-06-15
133340,CHARACTER,189425,61388,ANIME,MUSIC,Lunatic Wars,2025-04-01
133340,CHARACTER,191308,61550,ANIME,MUSIC,Hitotte Tada no Tsutsujanai desu ka,2025-04-21
133340,CHARACTER,192609,62299,ANIME,MUSIC,Distortion to Houyou,2025-04-18
133340,CHARACTER,195187,62301,ANIME,MUSIC,Champagne Night Fever,2024-12-08
133340,CHARACTER,196568,,ANIME,MUSIC,Koiboshi Perico,2025-07-28
133425,SOURCE,133461,,MANGA,MANGA,Ningen Kaishuusha,2013-07-01
133849,CHARACTER,21512,32212,ANIME,TV,Ensemble Stars!,2019-07-07
134120,SPIN_OFF,145709,50515,ANIME,ONA,Artiswitch Picture Drama,2021-12-03
134120,SIDE_STORY,185463,57229,ANIME,ONA,Artiswitch: Ruru's Episodes of Memories,2023-11-20
134413,PARENT,104459,38474,ANIME,TV,Yuru Camp△ SEASON 2,2021-01-07
135381,PARENT,129814,47639,ANIME,TV,BLUE REFLECTION RAY,2021-04-10
135836,PARENT,6525,6525,ANIME,TV_SHORT,Peeping Life,2009-05-14
137333,ADAPTATION,140134,,MANGA,MANGA,Hyper Positive Yogoremon,2021-10-04
139682,SEQUEL,131880,48641,ANIME,ONA,Obey Me!,2021-07-16
140377,PREQUEL,117960,36016,ANIME,ONA,Cogimyun,2017-07-30
140377,CHARACTER,97861,23539,ANIME,TV_SHORT,Gudetama,2014-03-31
140377,CHARACTER,5848,5848,ANIME,MOVIE,Cinnamon the Movie,2007-12-22
151987,PARENT,114202,128721,MANGA,NOVEL,"Tantei wa mou, Shindeiru.",2019-11-25
151987,PARENT,128712,46471,ANIME,TV,"Tantei wa mou, Shindeiru.",2021-07-04
152001,PARENT,122441,42627,ANIME,TV,Peach Boy Riverside,2021-07-01
188619,PARENT,4081,4081,ANIME,TV,Natsume Yuujinchou,2008-07-08
213462,SEQUEL,213463,50052,ANIME,TV_SHORT,Neko Jockey Season 2,2021-11-04
107203,PREQUEL,101117,36704,ANIME,TV,Free!: Dive to the Future,2018-07-12
107203,SEQUEL,133124,48830,ANIME,MOVIE,Free!: the Final Stroke - Kouhen,2022-04-22
107625,ADAPTATION,117235,139141,MANGA,MANGA,Cider no You ni Kotoba ga Wakiagaru,2019-11-27
107717,SOURCE,86303,80119,MANGA,MANGA,Kobayashi-san Chi no Maidragon,2013-05-25
107717,PREQUEL,98580,35363,ANIME,OVA,"Kobayashi-san Chi no Maidragon: Valentine, Soshite Onsen! (Amari Kitai Shinaide Kudasai)",2017-09-20
107717,SIDE_STORY,132096,48590,ANIME,ONA,Kobayashi-san Chi no Maidragon S: Mini Dra,2021-04-07
107717,SIDE_STORY,137804,49483,ANIME,SPECIAL,Kobayashi-san Chi no Maidragon S: Mini Dra EX,2021-09-15
107717,SEQUEL,136436,49893,ANIME,OVA,Kobayashi-san Chi no Maidragon S: Nippon no Omotenashi (Attend wa Dragon desu),2022-01-19
112802,SOURCE,100704,109910,MANGA,MANGA,Uramichi Oniisan,2017-05-12
113254,PREQUEL,4053,4053,ANIME,OVA,Tennis no Ouji-sama: Zenkoku Taikai-hen Final,2008-04-25
113254,SEQUEL,11371,11371,ANIME,TV,Shin Tennis no Ouji-sama,2012-01-05
114065,SOURCE,105819,104281,MANGA,NOVEL,Bokutachi no Remake,2017-03-25
114065,ALTERNATIVE,105818,117032,MANGA,MANGA,Bokutachi no Remake,2018-11-23
114302,ALTERNATIVE,106820,117726,MANGA,MANGA,Cheat Kusushi no Slow Life: Isekai ni Tsukurou Drugstore,2018-12-25
114302,SOURCE,106819,103995,MANGA,NOVEL,Cheat Kusushi no Slow Life: Isekai ni Tsukurou Drugstore,2018-04-27
114979,ALTERNATIVE,15051,15051,ANIME,TV,Love Live! School idol project,2013-01-06
114979,CHARACTER,136141,50066,ANIME,MUSIC,Hajimari wa Kimi no Sora,2021-04-07
114979,ALTERNATIVE,21584,32526,ANIME,TV,Love Live! Sunshine!!,2016-07-02
114979,ALTERNATIVE,113970,40879,ANIME,TV,Love Live! Nijigasaki Gakuen School Idol Doukoukai,2020-10-03
114979,SIDE_STORY,139022,,MANGA,MANGA,Love Live! Superstar!!: Futari no Jikan! - Special times: Kanon & Ren Hen,2021-08-30
114979,SIDE_STORY,139409,49988,ANIME,TV_SHORT,Liella no Uta,2021-07-11
114979,SEQUEL,140642,50203,ANIME,TV,Love Live! Superstar!! 2nd Season,2022-07-17
114979,SEQUEL,145189,,MANGA,MANGA,Love Live! Superstar!! #12,2022-01-31
114979,SIDE_STORY,162401,,MANGA,MANGA,Love Live! Superstar!! Comic Book: 2-nin no Jikan! Special times,2021-09-30
114979,SPIN_OFF,164545,157440,MANGA,MANGA,Love Live! Superstar!! Chii-chan Buchou wa Yuunou desu!,2023-03-31
114979,ALTERNATIVE,194167,61806,ANIME,MOVIE,Love Live! Hasunosora Jogakuin School Idol Club: Bloom Garden Party,2026-05-08
116610,PREQUEL,108735,39619,ANIME,MOVIE,BanG Dream! FILM LIVE,2019-09-13
116610,PARENT,101634,37870,ANIME,TV,BanG Dream! 3rd Season,2020-01-23
116676,SOURCE,56036,26036,MANGA,MANGA,Kiniro Mosaic,2010-04-19
116676,PREQUEL,21753,33034,ANIME,OVA,Kiniro Mosaic: Pretty Days,2016-11-12
116740,SOURCE,116744,126399,MANGA,MANGA,100-nichi Go ni Shinu Wani,2019-12-12
116742,PREQUEL,108511,39551,ANIME,TV,Tensei Shitara Slime Datta Ken 2nd Season,2021-01-12
116742,SOURCE,86355,87610,MANGA,NOVEL,Tensei Shitara Slime Datta Ken,2014-05-30
116742,OTHER,139498,49877,ANIME,MOVIE,Tensei Shitara Slime Datta Ken: Guren no Kizuna-hen,2022-11-25
116742,SOURCE,86399,87609,MANGA,MANGA,Tensei Shitara Slime Datta Ken,2015-03-26
116742,SEQUEL,156822,53580,ANIME,TV,Tensei Shitara Slime Datta Ken 3rd Season,2024-04-05
116742,CHARACTER,166381,55720,ANIME,ONA,Genjitsu no Rimuru: SUNSHINE in the SLIME,2023-06-21
116756,PREQUEL,103275,38084,ANIME,TV,Fate/Grand Order: Zettai Majuu Sensen Babylonia,2019-10-05
116756,SEQUEL,100728,36915,ANIME,SPECIAL,Fate/Grand Order: MOONLIGHT/LOSTROOM,2017-12-31
117002,PREQUEL,104051,38256,ANIME,TV,Magia Record: Mahou Shoujo Madoka☆Magica Gaiden,2020-01-05
117002,ALTERNATIVE,104273,115774,MANGA,MANGA,Magia Record: Mahou Shoujo Madoka☆Magica Gaiden,2018-08-24
117002,SEQUEL,136080,49291,ANIME,TV,Magia Record: Mahou Shoujo Madoka☆Magica Gaiden Final SEASON - Asaki Yume no Akatsuki,2022-04-03
117002,OTHER,140076,50029,ANIME,MUSIC,Careless,2021-08-21
117612,SOURCE,97752,107884,MANGA,NOVEL,Genjitsu Shugi Yuusha no Oukoku Saikenki,2016-05-25
117612,ALTERNATIVE,98171,107795,MANGA,MANGA,Genjitsu Shugi Yuusha no Oukoku Saikenki,2017-07-10
117612,SEQUEL,139648,49930,ANIME,TV,Genjitsu Shugi Yuusha no Oukoku Saikenki Part 2,2022-01-09
117764,PREQUEL,117763,41780,ANIME,MOVIE,BanG Dream! Episode of Roselia I: Yakusoku,2021-04-23
117764,OTHER,101634,37870,ANIME,TV,BanG Dream! 3rd Season,2020-01-23
117764,OTHER,142963,49669,ANIME,MUSIC,Sprechchor,2021-07-21
117989,SOURCE,101188,111769,MANGA,MANGA,Megami-ryou no Ryoubo-kun.,2017-12-26
118743,SOURCE,66131,36131,MANGA,MANGA,Fate/kaleid liner Prisma☆Illya 3rei!!,2012-05-26
118743,PREQUEL,97757,34100,ANIME,MOVIE,Fate/kaleid liner Prisma☆Illya: Sekka no Chikai,2017-08-26
118743,CHARACTER,138119,49633,ANIME,ONA,Fate/kaleid liner Prisma☆Illya: Licht - Namae no Nai Shoujo Special Mini Anime,2021-08-20
118743,SEQUEL,138511,49703,ANIME,TV,Fate/kaleid liner Prisma☆Illya: FINALE,2027
118743,CHARACTER,139044,55394,ANIME,SPECIAL,Jongtama PV,2020-06-22
120209,SOURCE,100559,103925,MANGA,NOVEL,Otome Game no Hametsu Flag shika Nai Akuyaku Reijou ni Tensei shiteshimatta...,2015-08-20
120209,PREQUEL,104647,38555,ANIME,TV,Otome Game no Hametsu Flag shika Nai Akuyaku Reijou ni Tensei shiteshimatta…,2020-04-05
120209,ALTERNATIVE,100560,107566,MANGA,MANGA,Otome Game no Hametsu Flag shika Nai Akuyaku Reijou ni Tensei shiteshimatta...,2017-08-28
120209,SEQUEL,139359,49842,ANIME,MOVIE,Otome Game no Hametsu Flag shika Nai Akuyaku Reijou ni Tensei shiteshimatta… Movie,2023-12-08
120209,SIDE_STORY,136829,49457,ANIME,OVA,Otome Game no Hametsu Flag shika Nai Akuyaku Reijou ni Tensei shiteshimatta… X: Unmei no Hito ni Deatte Shimatta...,2021-09-30
120209,OTHER,148002,49501,ANIME,ONA,Katarina Nounai Kaigi X,2021-06-21
120608,SOURCE,99802,103001,MANGA,MANGA,Meikyuu Black Company,2016-12-05
120608,OTHER,140079,50048,ANIME,MUSIC,Shimi,2021-07-12
122434,SOURCE,113449,115806,MANGA,MANGA,Heion Sedai no Idaten-tachi,2018-08-24
122441,SOURCE,95895,92609,MANGA,MANGA,Peach Boy Riverside,2015-08-20
122441,OTHER,152001,49214,ANIME,ONA,Peach Boy Riverside Mini Anime,2021-05-25
125206,SOURCE,87224,90118,MANGA,NOVEL,Tsuki ga Michibiku Isekai Douchuu,2013-05-28
125206,ALTERNATIVE,87225,90117,MANGA,MANGA,Tsuki ga Michibiku Isekai Douchuu,2015-06-10
125206,SEQUEL,139518,49889,ANIME,TV,Tsuki ga Michibiku Isekai Douchuu 2nd Season,2024-01-08
125446,SOURCE,93901,86204,MANGA,MANGA,Kageki Shoujo!,2012-05-10
125446,SOURCE,96360,94251,MANGA,MANGA,Kageki Shoujo!!,2015-02-28
125640,SOURCE,45359,15359,MANGA,MANGA,Getter Robo Arc,2001-07-19
125640,PREQUEL,3579,3579,ANIME,TV,Getter Robo,1974-04-04
125868,ALTERNATIVE,1243,1243,ANIME,TV,NIGHT HEAD GENESIS,2006-06-17
125868,ADAPTATION,137331,,MANGA,MANGA,NIGHT HEAD 2041,2021-04-28
125868,OTHER,131047,45595,ANIME,MUSIC,BATEN KAITOS,2021-03-28
125909,PREQUEL,97904,34474,ANIME,TV,TSUKIPRO THE ANIMATION,2017-10-04
126047,SOURCE,101437,102690,MANGA,MANGA,Deatte 5-byou de Battle,2015-08-11
126186,PARENT,144188,50871,ANIME,TV,Alice Gear Aegis Expansion,2023-04-03
126192,SOURCE,116266,124940,MANGA,MANGA,Kanojo mo Kanojo,2020-03-04
126192,SEQUEL,154692,53040,ANIME,TV,Kanojo mo Kanojo Season 2,2023-10-07
126546,ALTERNATIVE,99587,108306,MANGA,MANGA,Seirei Gensouki,2017-07-07
126546,SOURCE,86774,93314,MANGA,NOVEL,Seirei Gensouki,2015-10-01
126546,SEQUEL,141182,50306,ANIME,TV,Seirei Gensouki 2,2024-10-08
126546,SIDE_STORY,136946,49215,ANIME,ONA,Celia-sensei no Wakuwaku Magical Kyoushitsu,2021-05-25
126659,PARENT,117193,41587,ANIME,TV,Boku no Hero Academia 5,2021-03-27
126659,PREQUEL,137509,138751,MANGA,ONE_SHOT,Boku no Hero Academia: Endeavor's Mission,2021-08-02
126659,ADAPTATION,141522,,MANGA,NOVEL,Boku no Hero Academia THE MOVIE: World Heroes' Mission,2021-08-06
126659,SIDE_STORY,142411,50532,ANIME,OVA,Boku no Hero Academia THE MOVIE: World Heroes' Mission - Tabidachi,2022-02-16
127227,SOURCE,97603,94169,MANGA,MANGA,Kakushigoto,2015-12-04
127227,ALTERNATIVE,113311,40716,ANIME,TV,Kakushigoto,2020-04-02
127227,PARENT,113311,40716,ANIME,TV,Kakushigoto,2020-04-02
127331,PARENT,966,966,ANIME,TV,Crayon Shin-chan,1992-04-13
127331,PREQUEL,111312,40329,ANIME,MOVIE,Crayon Shin-chan: Gekitotsu! Rakuga Kingdom to Hobo Yonin no Yuusha,2020-09-11
127331,SEQUEL,142549,50562,ANIME,MOVIE,Crayon Shin-chan: Mononoke Ninja Chinpuuden,2022-04-22
127366,SOURCE,97371,99449,MANGA,MANGA,100-man no Inochi no Ue ni Ore wa Tatteiru,2016-06-09
127366,PREQUEL,116242,41380,ANIME,TV,100-man no Inochi no Ue ni Ore wa Tatteiru,2020-10-02
127371,PREQUEL,116267,41389,ANIME,TV,Tonikaku Kawaii,2020-10-03
127371,SOURCE,101177,112589,MANGA,MANGA,Tonikaku Kawaii,2018-02-14
127371,SEQUEL,141212,51533,ANIME,SPECIAL,Tonikaku Kawaii: Seifuku,2022-11-22
127688,PARENT,20458,20785,ANIME,TV,Mahouka Koukou no Rettousei,2014-04-06
127688,SOURCE,71539,41539,MANGA,MANGA,Mahouka Koukou no Yuutousei,2012-04-27
127721,PREQUEL,103110,37962,ANIME,TV,IDOLiSH7: Second BEAT!,2020-04-05
127721,SEQUEL,128890,46654,ANIME,TV,IDOLiSH7: Third BEAT! Part 2,2022-10-02
127721,CHARACTER,148816,51741,ANIME,MUSIC,Period Color,2022-04-14
127721,CHARACTER,150848,52042,ANIME,MUSIC,HELLO CALLiNG,2022-06-08
127721,CHARACTER,155841,53071,ANIME,MUSIC,Hidden Region,2022-09-18
127721,CHARACTER,155843,53396,ANIME,MUSIC,THE POLiCY,2022-10-19
127721,CHARACTER,114922,40967,ANIME,MUSIC,Bang!Bang!Bang!,2019-12-16
127721,CHARACTER,186586,52948,ANIME,MUSIC,"NEVER LOSE, MY RULE",2022-08-30
128545,ADAPTATION,136806,144938,MANGA,MANGA,Shiroi Suna no Aquatope,2021-08-01
128545,SIDE_STORY,136474,49410,ANIME,ONA,Shiroi Suna no Aquatope Mini,2021-07-06
128545,OTHER,207886,62843,ANIME,SPECIAL,Run Run Lantern,2025-10-19
128703,CHARACTER,112479,40550,ANIME,TV,Assault Lily: BOUQUET,2020-10-02
128712,SOURCE,114202,128721,MANGA,NOVEL,"Tantei wa mou, Shindeiru.",2019-11-25
128712,ALTERNATIVE,119752,132613,MANGA,MANGA,"Tantei wa mou, Shindeiru.",2020-05-27
128712,OTHER,151987,49510,ANIME,ONA,"Tantei wa mou, Shindeiru. Mini Anime",2021-05-21
128712,SEQUEL,152677,52480,ANIME,TV,"Tantei wa mou, Shindeiru. Season 2",2026-10-07
128740,PREQUEL,116752,41491,ANIME,TV,Nanatsu no Taizai: Funnu no Shinpan,2021-01-13
128740,SPIN_OFF,141352,50315,ANIME,ONA,Nanatsu no Taizai: Ensa no Edinburgh - Zenpen,2022-12-20
128740,SOURCE,74485,44485,MANGA,MANGA,Nanatsu no Taizai,2012-10-10
128740,SEQUEL,148862,51794,ANIME,TV,Nanatsu no Taizai: Mokushiroku no Yonkishi,2023-10-08
129277,SOURCE,100293,110029,MANGA,MANGA,Shinigami Bocchan to Kuro Maid,2017-10-03
129277,SEQUEL,139435,49858,ANIME,TV,Shinigami Bocchan to Kuro Maid 2nd Season,2023-07-09
130392,SOURCE,130290,163546,MANGA,MANGA,"Ore, Tsushima",2017-07
130392,SIDE_STORY,136512,49392,ANIME,ONA,"Ore, Tsushima (ONA)",2021-07-04
130713,SOURCE,85435,61189,MANGA,MANGA,Mahoutsukai no Yome,2013-11-30
130713,PREQUEL,98436,35062,ANIME,TV,Mahoutsukai no Yome,2017-10-08
130713,SEQUEL,154364,52955,ANIME,TV,Mahoutsukai no Yome SEASON 2,2023-04-06
131149,PREQUEL,114446,41006,ANIME,TV,Higurashi no Naku Koro ni Gou,2020-10-01
131149,ALTERNATIVE,124652,130251,MANGA,MANGA,Higurashi no Naku Koro ni: Gou,2020-10-02
131149,ALTERNATIVE,139623,140581,MANGA,MANGA,Higurashi no Naku Koro ni: Meguri,2021-10-15
131149,OTHER,213396,64449,ANIME,TV,Higurashi no Naku Koro ni (Shin Anime),
131646,SOURCE,86568,93753,MANGA,MANGA,Vanitas no Carte,2015-12-22
131646,SEQUEL,135136,49114,ANIME,TV,Vanitas no Carte Part 2,2022-01-15
131880,PREQUEL,139682,49755,ANIME,SPECIAL,Obey Me! Special Anime: Makai Dai Ryokou!,2021-04-02
131880,ALTERNATIVE,141204,143656,MANGA,MANGA,Obey Me! The Comic,2021-11-01
131880,SEQUEL,150697,52045,ANIME,ONA,Obey Me! The Anime Season 2,2022-07-22
131880,ALTERNATIVE,163688,,MANGA,MANGA,Shitagae! Obey Me,2020-09-15
132324,PREQUEL,114334,40890,ANIME,MOVIE,Gundam: G no Reconguista II - Bellri Gekishin,2020-02-21
132324,SEQUEL,146631,43205,ANIME,MOVIE,Gundam: G no Reconguista IV - Gekitou Ni Sakebu Ai,2022-07-22
132444,PREQUEL,131367,41734,ANIME,MOVIE,Jintai no Survival!,2020-07-31
132444,PARENT,174913,58137,ANIME,TV,Kagaku×Bouken Survival!,2024-10-05
132456,SOURCE,100207,109234,MANGA,MANGA,Jahy-sama wa Kujikenai!,2017-08-22
132698,PARENT,100790,35656,ANIME,TV,Oshiri Tantei,2018-05-03
132904,CHARACTER,113359,40729,ANIME,TV,NOMAD: Megalo Box 2,2021-04-04
135108,PREQUEL,126678,44208,ANIME,TV_SHORT,Yami Shibai 8,2021-01-11
135108,OTHER,139588,50046,ANIME,SPECIAL,Yami Shibai 9 Special,2021-08-14
135108,SEQUEL,142826,50599,ANIME,TV_SHORT,Yami Shibai 10,2022-01-10
135255,PARENT,101595,37807,ANIME,MOVIE,Princess Principal: Crown Handler - Chapter 1,2021-02-11
135866,PARENT,21613,32615,ANIME,TV,Youjo Senki,2017-01-06
135866,SEQUEL,100878,37055,ANIME,MOVIE,Youjo Senki Movie,2019-02-08
136137,PREQUEL,125351,43591,ANIME,ONA,Hetalia World★Stars,2021-04-01
136137,SOURCE,87123,80245,MANGA,MANGA,Hetalia World☆Stars,2014-09-22
136137,SEQUEL,216645,64861,ANIME,ONA,Hetalia World★Stars (2026),2026-09-05
136206,CHARACTER,98107,34787,ANIME,TV,Idol Time PriPara,2017-04-04
136206,CHARACTER,12863,12863,ANIME,TV,Pretty Rhythm: Dear My Future,2012-04-07
136206,CHARACTER,101097,37178,ANIME,TV,Kiratto Pri☆Chan,2018-04-08
136206,CHARACTER,20742,23135,ANIME,TV,PriPara,2014-07-05
136206,CHARACTER,17249,17249,ANIME,TV,Pretty Rhythm: Rainbow Live,2013-04-06
136206,CHARACTER,10257,10257,ANIME,TV,Pretty Rhythm: Aurora Dream,2011-04-09
136263,SOURCE,88505,57821,MANGA,NOVEL,Isekai Cheat Magician,2013-06-28
136263,ALTERNATIVE,99763,104284,MANGA,MANGA,Isekai Cheat Magician,2016-12-26
136263,PREQUEL,101547,37744,ANIME,TV,Isekai Cheat Magician,2019-07-10
136474,PARENT,128545,46093,ANIME,TV,Shiroi Suna no Aquatope,2021-07-09
136512,SOURCE,130290,163546,MANGA,MANGA,"Ore, Tsushima",2017-07
136512,PARENT,130392,48252,ANIME,TV_SHORT,"Ore, Tsushima",2021-07-03
136512,SIDE_STORY,145852,51299,ANIME,ONA,"Ore, Tsushima × Na Mo Naki Nezumi",2022-02-01
136517,PREQUEL,21344,31410,ANIME,TV_SHORT,Mini Van 2,2015-10-10
136946,SEQUEL,167990,56178,ANIME,ONA,Celia-sensei no Wakuwaku Magical Kyoushitsu season2,2023-08-04
136946,PARENT,126546,44203,ANIME,TV,Seirei Gensouki,2021-07-06
137075,CHARACTER,10278,10278,ANIME,TV,THE IDOLM@STER,2011-07-08
137075,CHARACTER,98310,34915,ANIME,TV,The Idolm@ster SideM,2017-09-30
137075,CHARACTER,20693,23587,ANIME,TV,THE IDOLM@STER Cinderella Girls,2015-01-10
137075,CHARACTER,120755,42385,ANIME,TV,The IDOLM@STER Million Live!,2023-10-08
137075,CHARACTER,162889,54758,ANIME,TV,The iDOLM@STER: Shiny Colors,2024-04-05
137102,CHARACTER,100783,121523,MANGA,MANGA,Fire Emblem Heroes: Eiyuutachi no Nichijou,2017-11-15
137537,PARENT,150103,,ANIME,TV,Rick and Morty: The Anime,2024-08-16
137804,PREQUEL,132096,48590,ANIME,ONA,Kobayashi-san Chi no Maidragon S: Mini Dra,2021-04-07
137804,PARENT,107717,39247,ANIME,TV,Kobayashi-san Chi no Maidragon S,2021-07-08
137898,CHARACTER,129190,47159,ANIME,TV,Tensai Ouji no Akaji Kokka Saisei Jutsu,2022-01-11
137898,SEQUEL,144336,50905,ANIME,SPECIAL,Tensai Ouji no Akaji Kokka Saisei Jutsu: Short Drama Specials,2022-03-30
138106,SEQUEL,163943,54990,ANIME,ONA,Shuumatsu no Valkyrie II Mini Anime,2023-04-13
138106,PARENT,127399,44942,ANIME,ONA,Shuumatsu no Valkyrie,2021-06-17
138119,CHARACTER,118743,42030,ANIME,MOVIE,Fate/kaleid liner Prisma☆Illya: Licht - Namae no Nai Shoujo,2021-08-27
139079,PARENT,119675,42205,ANIME,TV,SHAMAN KING (2021),2021-04-01
139342,CHARACTER,118123,44042,ANIME,ONA,Holo no Graffiti,2019-05-05
139342,CHARACTER,153348,53076,ANIME,ONA,hololive Summer 2022,2022-08-05
139342,SEQUEL,154688,53075,ANIME,MUSIC,Ryuuutto Kite Kyuuu!!!,2022-08-28
139409,PARENT,114979,41169,ANIME,TV,Love Live! Superstar!!,2021-07-11
139409,SEQUEL,152633,52745,ANIME,TV_SHORT,Liella no Uta 2,2022-07-17
139588,PARENT,135108,49110,ANIME,TV_SHORT,Yami Shibai 9,2021-07-12
139752,SOURCE,108547,115955,MANGA,MANGA,Azur Lane: Bisoku Zenshin!,2018-04-23
139752,PARENT,114473,40930,ANIME,TV_SHORT,Azur Lane: Bisoku Zenshin!,2021-01-12
139754,PARENT,110277,40028,ANIME,TV,Shingeki no Kyojin: The Final Season,2020-12-07
139754,PREQUEL,120257,,ANIME,SPECIAL,Shingeki no Kyojin: Chimi Kyara Gekijou - Rivai-han Part 2,2019-07-24
139813,PREQUEL,104989,38091,ANIME,TV,Hachigatsu no Cinderella Nine,2019-04-08
139813,CHARACTER,146471,51482,ANIME,MUSIC,Generic Riot!!,2022-03-15
140099,CHARACTER,122673,131524,MANGA,MANGA,Ryza no Atelier: Tokoyami no Joou to Himitsu no Kakurega,2020-09-17
140099,CHARACTER,124082,55351,ANIME,SPECIAL,Azur Lane Anime PVs,2020-04-17
140099,CHARACTER,162893,54760,ANIME,TV,Ryza no Atelier: Tokoyami no Joou to Himitsu no Kakurega,2023-07-02
148002,PARENT,120209,42282,ANIME,TV,Otome Game no Hametsu Flag shika Nai Akuyaku Reijou ni Tensei shiteshimatta… X,2021-07-03
148002,PREQUEL,116922,41399,ANIME,ONA,Katarina Nounai Kaigi,2020-02-29
157074,PARENT,101216,37346,ANIME,ONA,Etotama: Nyankyaku Banrai,2021-05-26
169746,SEQUEL,170013,56059,ANIME,ONA,Penetrate Blue: Vapor Trail Another Age 2824,2022-02-13
87502,SEQUEL,142541,50559,ANIME,TV,Megaton-kyuu Musashi Season 2,2022-10-07
87502,ALTERNATIVE,177443,50526,ANIME,ONA,Megaton-kyuu Musashi Pilot,2016-07-27
98471,PREQUEL,98470,35135,ANIME,MOVIE,ANEMONE: Koukyoushihen Eureka Seven Hi-Evolution,2018-11-10
105119,ADAPTATION,126628,133631,MANGA,MANGA,Shikizakura,2020-12-25
105931,SIDE_STORY,100168,36308,ANIME,ONA,Blade Runner: Black Out 2022,2017-09-26
108987,ALTERNATIVE,137880,152284,MANGA,MANGA,Sakugan!!,2021-08-14
108987,OTHER,108992,63802,ANIME,TV,Mebius Dust,2026-07-09
108987,OTHER,107372,58173,ANIME,TV,Mahoutsukai ni Narenakatta Onnanoko no Hanashi.,2024-10-05
109745,ALTERNATIVE,5833,5833,ANIME,TV,Tondemo Senshi Muteking,1980-09-07
112019,PREQUEL,21730,33064,ANIME,OVA,Uchuu Senkan Yamato 2202: Ai no Senshi-tachi,2017-02-25
112019,PREQUEL,126275,40554,ANIME,MOVIE,"""Uchuu Senkan Yamato"" to Iu Jidai: Seireki 2202-nen no Sentaku",2021-06-11
112019,SEQUEL,144779,50855,ANIME,OVA,Yamato yo Towa ni: REBEL3199,2024-07-19
112716,SIDE_STORY,11021,11021,ANIME,TV,Muv-Luv Alternative: Total Eclipse,2012-07-02
112716,ALTERNATIVE,47365,17365,MANGA,MANGA,Muv-Luv Alternative,2007-10-27
112716,SIDE_STORY,21201,30806,ANIME,TV,Schwarzesmarken,2016-01-11
112716,CHARACTER,138192,,MANGA,MANGA,SutoFuro 4-koma,2016-06-08
112716,OTHER,141329,54748,ANIME,MUSIC,Rinne,2021-11-03
112716,SEQUEL,142985,50638,ANIME,TV,Muv-Luv Alternative 2nd Season,2022-10-06
112716,CHARACTER,147,147,ANIME,TV,Kimi ga Nozomu Eien,2003-10-05
112716,CHARACTER,151936,,MANGA,NOVEL,Kimi ga Nozomu Eien,2004-03-01
112716,OTHER,151935,,MANGA,NOVEL,"Owarinaki Natsu, Towa Naru Shirabe",2009-12-25
112716,CHARACTER,153090,,MANGA,MANGA,Muv-Luv Official Comic Anthology,2013-03-27
112716,CHARACTER,158922,,MANGA,MANGA,Muv-Luv Comic Anthology,2003-07
112716,CHARACTER,158924,,MANGA,MANGA,Muv-Luv: Game Comic,2003-06
112716,CHARACTER,158953,,MANGA,MANGA,Muv-Luv Anthology Comic,2003-08-06
112716,CHARACTER,159130,,MANGA,MANGA,Muv-Luv Anthology Comics,2003-07-30
112716,CHARACTER,136033,,MANGA,MANGA,MUV-LUV EXTRA: Meiya to! Chokotto After,2012-11-30
112716,ALTERNATIVE,114482,78337,MANGA,NOVEL,Muv-Luv,2006-10-25
113363,OTHER,198663,,ANIME,,KAIJU DECODE: Aidara no Yubiwa,
113717,SOURCE,114388,121544,MANGA,MANGA,Ousama Ranking,2017-05-20
113717,CHARACTER,145893,50324,ANIME,MUSIC,Oz.,2021-10-22
113717,SEQUEL,153452,52657,ANIME,TV,Ousama Ranking: Yuuki no Takarabako,2023-04-14
113717,OTHER,166457,55744,ANIME,MOVIE,Ousama Ranking Movie,
118103,SOURCE,100572,113400,MANGA,MANGA,Kyuuketsuki Sugu Shinu,2015-06-25
118103,SEQUEL,142914,50287,ANIME,TV,Kyuuketsuki Sugu Shinu 2,2023-01-09
118126,PREQUEL,20680,28013,ANIME,TV,Macross Δ,2016-04-03
118126,PREQUEL,101126,36077,ANIME,MOVIE,Macross Δ: Gekijou no Walküre,2018-02-09
118126,OTHER,165831,55571,ANIME,,Macross (Shinsaku Animation),
118126,OTHER,129549,47409,ANIME,MOVIE,Macross Frontier: Toki no Meikyuu,2021-10-08
120646,SOURCE,103111,113560,MANGA,MANGA,Senpai ga Uzai Kouhai no Hanashi,2017-09-17
122292,PREQUEL,97769,34445,ANIME,TV,Yuuki Yuuna wa Yuusha de Aru: Yuusha no Shou,2017-11-25
122292,SOURCE,100676,108286,MANGA,NOVEL,Kusunoki Mebuki wa Yuusha de Aru,2017-06-30
122292,SOURCE,99559,90810,MANGA,NOVEL,Nogi Wakaba wa Yuusha de Aru,2015-06-27
123899,ADAPTATION,136030,143303,MANGA,MANGA,Ai no Utagoe wo Kikasete,2021-06-24
124140,SOURCE,73921,43921,MANGA,NOVEL,Sword Art Online: Progressive,2012-10-10
124140,ALTERNATIVE,11757,11757,ANIME,TV,Sword Art Online,2012-07-08
124140,ALTERNATIVE,82277,52277,MANGA,MANGA,Sword Art Online: Progressive,2013-06-29
124140,SEQUEL,140999,50275,ANIME,MOVIE,Sword Art Online: Progressive - Kuraki Yuuyami no Scherzo,2022-10-22
124195,PREQUEL,108522,39555,ANIME,ONA,Baki: Dai Raitaisai-hen,2020-06-04
124195,SOURCE,37760,7760,MANGA,MANGA,Hanma Baki,2005-12-01
124195,SEQUEL,146646,51318,ANIME,ONA,Hanma Baki Season 2,2023-07-26
124195,CHARACTER,156571,53443,ANIME,SPECIAL,Dongitsune Season 2,2022-09-28
124195,CHARACTER,176287,58510,ANIME,ONA,Hanma Baki VS Kengan Ashura,2024-06-06
125841,ADAPTATION,129601,141500,MANGA,MANGA,Hula Fulla Dance,2021-01-27
125931,PREQUEL,111905,39250,ANIME,MOVIE,Sumikko Gurashi Movie: Tobidasu Ehon to Himitsu no Ko,2019-11-08
125931,SEQUEL,169296,53936,ANIME,MOVIE,Sumikko Gurashi Movie: Tsugihagi Koujou no Fushigina Ko,2023-11-03
126213,SOURCE,104475,114279,MANGA,NOVEL,"Shin no Nakama ja Nai to Yuusha no Party wo Oidasareta node, Henkyou de Slow Life Suru Koto ni Shimashita",2017-10-21
126213,ALTERNATIVE,103294,114175,MANGA,MANGA,"Shin no Nakama ja Nai to Yuusha no Party wo Oidasareta node, Henkyou de Slow Life Suru Koto ni Shimashita",2018-05-26
126213,SEQUEL,156131,53488,ANIME,TV,"Shin no Nakama ja Nai to Yuusha no Party wo Oidasareta node, Henkyou de Slow Life suru Koto ni shimashita 2nd",2024-01-07
126790,ALTERNATIVE,140444,,MANGA,MANGA,SELECTION PROJECT,2021-07-11
126790,OTHER,148293,50882,ANIME,ONA,Selepro-chan! Gekijou,2021-09-29
126793,PREQUEL,142297,,MANGA,MANGA,Puraore!: PRIDE OF ORANGE Preseason - Nusamaibashi​,2021-10-06
126897,SOURCE,90766,68025,MANGA,MANGA,Sankaku Mado no Sotogawa wa Yoru,2013-03-07
127400,PREQUEL,114087,40907,ANIME,TV,World Trigger 2nd Season,2021-01-10
127400,SOURCE,78151,48151,MANGA,MANGA,World Trigger,2013-02-08
127401,SOURCE,86526,93180,MANGA,MANGA,Platinum End,2015-11-04
127401,OTHER,140687,50964,ANIME,MUSIC,Koufukuron,2021-10-22
127412,SOURCE,96754,96044,MANGA,MANGA,Taishou Otome Otogibanashi,2015-07-04
127619,PREQUEL,110857,40215,ANIME,ONA,Aggressive Retsuko Season 3,2020-08-27
127619,SEQUEL,154983,50598,ANIME,ONA,Aggressive Retsuko Season 5,2023-02-16
127720,PREQUEL,108465,39535,ANIME,TV,Mushoku Tensei: Isekai Ittara Honki Dasu,2021-01-11
127720,SOURCE,85470,70261,MANGA,NOVEL,Mushoku Tensei: Isekai Ittara Honki Dasu,2014-01-23
127720,ALTERNATIVE,85564,70259,MANGA,MANGA,Mushoku Tensei: Isekai Ittara Honki Dasu,2014-05-02
127720,SIDE_STORY,141534,50360,ANIME,SPECIAL,Mushoku Tensei: Isekai Ittara Honki Dasu Part 2 - Eris no Goblin Toubatsu,2022-03-16
127720,SEQUEL,146065,51179,ANIME,TV,Mushoku Tensei II: Isekai Ittara Honki Dasu,2023-07-03
128705,SOURCE,107237,107931,MANGA,MANGA,Blue Period,2017-06-24
128827,PREQUEL,121962,42516,ANIME,TV,Cardfight!! Vanguard: overDress,2021-04-03
128827,SEQUEL,139212,49819,ANIME,TV,Cardfight!! Vanguard: will+Dress,2022-07-05
129068,SOURCE,86333,88045,MANGA,NOVEL,Shinka no Mi: Shiranai Uchi ni Kachigumi Jinsei,2014-09-30
129068,ALTERNATIVE,102150,110232,MANGA,MANGA,Shinka no Mi: Shiranai Uchi ni Kachigumi Jinsei,2017-09-26
129068,SEQUEL,146954,51495,ANIME,TV,Shin Shinka no Mi: Shiranai Uchi ni Kachigumi Jinsei,2023-01-14
129549,OTHER,118126,38373,ANIME,MOVIE,Macross Δ: Zettai LIVE!!!!!!,2021-10-08
129549,PREQUEL,7222,7222,ANIME,MOVIE,Macross Frontier: Sayonara no Tsubasa,2011-02-26
129759,PREQUEL,101595,37807,ANIME,MOVIE,Princess Principal: Crown Handler - Chapter 1,2021-02-11
129759,SEQUEL,137612,41141,ANIME,MOVIE,Princess Principal: Crown Handler - Chapter 3,2023-04-07
129759,SIDE_STORY,143202,50919,ANIME,OVA,Princess Principal: Crown Handler - Chapter 2: Revealing Reviews,2022-03-29
129874,SOURCE,87216,96792,MANGA,MANGA,Kimetsu no Yaiba,2016-02-15
129874,PREQUEL,101922,38000,ANIME,TV,Kimetsu no Yaiba,2019-04-06
129874,ALTERNATIVE,112151,40456,ANIME,MOVIE,Kimetsu no Yaiba: Mugen Ressha-hen,2020-10-16
129874,SEQUEL,142329,47778,ANIME,TV,Kimetsu no Yaiba: Yuukaku-hen,2021-12-05
129898,SOURCE,107604,120548,MANGA,NOVEL,"Sekai Saikou no Ansatsusha, Isekai Kizoku ni Tensei suru",2019-02-01
129898,ALTERNATIVE,107603,117886,MANGA,MANGA,"Sekai Saikou no Ansatsusha, Isekai Kizoku ni Tensei suru",2019-01-28
129898,SEQUEL,169579,56732,ANIME,TV,"Sekai Saikou no Ansatsusha, Isekai Kizoku ni Tensei suru 2nd Season",2027-01
130050,OTHER,130046,48177,ANIME,ONA,Ichiban Chikakute Tooi Hoshi,2021-08-24
130050,ADAPTATION,140118,144804,MANGA,MANGA,Summer Ghost,2021-10-08
130558,PREQUEL,117556,41674,ANIME,MOVIE,ARIA The CREPUSCOLO,2021-03-05
130558,SOURCE,30081,81,MANGA,MANGA,ARIA,2002-02-28
130962,SEQUEL,170659,53320,ANIME,TV_SHORT,Chickip Dancers 2nd Season,2022-09-27
131005,SEQUEL,143203,50678,ANIME,TV,Kyoukai Senki Part 2,2022-04-12
131005,SPIN_OFF,161647,54495,ANIME,ONA,Kyoukai Senki: Kyokkou no Souki,2023-08-10
131019,SOURCE,111676,102850,MANGA,NOVEL,Tsuki to Laika to Nosferatu,2016-12-20
131019,ALTERNATIVE,131038,120864,MANGA,MANGA,Tsuki to Laika to Nosferatu,2018-03-08
131019,OTHER,140162,50091,ANIME,MUSIC,Arifureta Itsuka,2021-10-03
131083,SOURCE,105097,116790,MANGA,MANGA,Mieruko-chan,2018-11-02
131264,PREQUEL,118399,41911,ANIME,TV,Hanyou no Yashahime,2020-10-03
131565,ADAPTATION,151578,153896,MANGA,MANGA,takt op.Destiny: Haruka Tsuioku no Anna - Harmony of Hope,2022-08-26
131565,SPIN_OFF,167997,,MANGA,MANGA,takt op. Bara no Kuchizuke de Ute!,2023-07-27
131573,SEQUEL,113415,40748,ANIME,TV,Jujutsu Kaisen,2020-10-03
131573,SOURCE,105469,115710,MANGA,MANGA,Jujutsu Kaisen 0: Tokyo Toritsu Jujutsu Koutou Senmon Gakkou,2017-04-28
131586,PREQUEL,116589,41457,ANIME,TV,86: Eighty Six,2021-04-11
131586,SOURCE,98610,104039,MANGA,NOVEL,86: Eighty Six,2017-02-10
131586,OTHER,140168,50098,ANIME,MUSIC,Kyoukaisen,2021-10-10
131586,ALTERNATIVE,128949,137940,MANGA,MANGA,86: Eighty Six - Run Through The Battlefront,2021-01-24
131878,ADAPTATION,145267,,MANGA,MANGA,Gyakuten Sekai no Denchi Shoujo,2021-10-12
131942,PREQUEL,102883,37991,ANIME,TV,JoJo no Kimyou na Bouken: Ougon no Kaze,2018-10-06
131942,SOURCE,33009,3009,MANGA,MANGA,JoJo no Kimyou na Bouken: Stone Ocean,1999-12-07
131942,SEQUEL,146722,51367,ANIME,ONA,JoJo no Kimyou na Bouken: Stone Ocean Part 2,2022-09-01
132071,SOURCE,128286,132532,MANGA,MANGA,Tesla Note,2021-01-06
132071,OTHER,141325,50639,ANIME,MUSIC,Sanbunteki LIFE,2021-11-03
132071,OTHER,145840,50258,ANIME,ONA,Tesla Note: Mickey to Oliver no Agent Yousei Kouza,2021-09-29
132193,PREQUEL,125426,43692,ANIME,ONA,Gokushufudou,2021-04-08
132193,SOURCE,101233,112922,MANGA,MANGA,Gokushufudou,2018-02-23
132193,SEQUEL,154982,53148,ANIME,ONA,Gokushufudou Season 2,2023-01-01
132300,PARENT,130741,35372,ANIME,TV_SHORT,Otoppe,2017-04-03
132473,SOURCE,97450,99815,MANGA,NOVEL,Saihate no Paladin,2016-03-24
132473,ALTERNATIVE,101521,109339,MANGA,MANGA,Saihate no Paladin,2017-09-25
132473,SEQUEL,143085,50664,ANIME,TV,Saihate no Paladin: Tetsusabi no Yama no Ou,2023-10-07
132525,SEQUEL,132526,48777,ANIME,TV,Build Divide: Code White,2022-04-03
132528,CHARACTER,13655,13655,ANIME,TV,Little Busters!,2012-10-06
132528,CHARACTER,21382,31716,ANIME,TV,Rewrite,2016-07-02
132528,CHARACTER,2167,2167,ANIME,TV,CLANNAD,2007-10-05
132528,CHARACTER,101,101,ANIME,TV,AIR,2005-01-07
132528,CHARACTER,144,144,ANIME,TV,Kanon,2002-01-31
132528,CHARACTER,1530,1530,ANIME,TV,Kanon (2006),2006-10-05
132528,CHARACTER,4181,4181,ANIME,TV,CLANNAD: After Story,2008-10-03
132528,CHARACTER,21732,33091,ANIME,ONA,planetarian: Chiisana Hoshi no Yume,2016-07-07
132528,CHARACTER,656,656,ANIME,SPECIAL,AIR in Summer,2005-08-28
132528,SEQUEL,143150,50685,ANIME,TV_SHORT,Kaginado Season 2,2022-04-13
132545,PREQUEL,101381,37597,ANIME,TV,Dakaretai Otoko 1-i ni Odosarete Imasu.,2018-10-06
132545,SOURCE,90765,68021,MANGA,MANGA,Dakaretai Otoko 1-i ni Odosarete Imasu.,2014-07-31
132679,PREQUEL,98107,34787,ANIME,TV,Idol Time PriPara,2017-04-04
132679,SPIN_OFF,186530,178581,MANGA,MANGA,Shikyouin Hibiki no Kareinaru Oasobi,2023-11-29
132679,CHARACTER,176275,63877,ANIME,MOVIE,KING OF PRISM -Dramatic PRISM.1-,2024-08-16
132679,CHARACTER,184756,61120,ANIME,MOVIE,KING OF PRISM -Your Endless Call- Minna Kirameke! Prism☆Tours,2025-06-27
132806,PREQUEL,97617,34012,ANIME,TV,Isekai Shokudou,2017-07-04
132806,SOURCE,98910,86591,MANGA,NOVEL,Isekai Shokudou,2015-02-28
132893,PREQUEL,114943,41137,ANIME,ONA,Battle Spirits: Kakumei no Gallet,2020-08-28
133510,SEQUEL,160173,54216,ANIME,TV,GUNMACHAN Season 2,2023-04-08
133965,SOURCE,97852,99007,MANGA,MANGA,"Komi-san wa, Komyushou desu.",2016-05-18
133965,OTHER,141055,50288,ANIME,MUSIC,Cinderella,2021-11-01
133965,SEQUEL,142984,50631,ANIME,TV,"Komi-san wa, Komyushou desu. 2",2022-04-07
134623,PREQUEL,100957,35857,ANIME,TV,Lupin III: PART 5,2018-04-04
134710,SOURCE,87347,79085,MANGA,MANGA,Given,2013-04-30
134710,PARENT,111734,40421,ANIME,MOVIE,Given Movie,2020-08-22
135171,PREQUEL,113906,40854,ANIME,TV_SHORT,BanG Dream! Garupa☆Pico: Oomori,2020-05-07
135645,PARENT,80,80,ANIME,TV,Kidou Senshi Gundam,1979-04-07
135864,PARENT,126905,44191,ANIME,TV,Tropical-Rouge! Precure,2021-02-28
135864,CHARACTER,7645,7645,ANIME,TV,Heartcatch Precure!,2010-02-07
135864,CHARACTER,112748,40610,ANIME,TV,Healin' Good♥Precure,2020-02-02
135939,SOURCE,132897,,MANGA,MANGA,Yakunara Mug Cup Mo,2012-02-14
135939,PREQUEL,122148,42568,ANIME,TV_SHORT,Yakunara Mug Cup Mo,2021-04-03
135939,SPIN_OFF,178125,58608,ANIME,ONA,Rokurou no Daibouken,2024-04-01
136119,ALTERNATIVE,10257,10257,ANIME,TV,Pretty Rhythm: Aurora Dream,2011-04-09
136119,ALTERNATIVE,17249,17249,ANIME,TV,Pretty Rhythm: Rainbow Live,2013-04-06
136119,ALTERNATIVE,20742,23135,ANIME,TV,PriPara,2014-07-05
136119,ALTERNATIVE,101097,37178,ANIME,TV,Kiratto Pri☆Chan,2018-04-08
136119,ALTERNATIVE,171080,57946,ANIME,TV,Himitsu no AiPri,2024-04-07
136119,CHARACTER,176275,63877,ANIME,MOVIE,KING OF PRISM -Dramatic PRISM.1-,2024-08-16
136119,CHARACTER,184756,61120,ANIME,MOVIE,KING OF PRISM -Your Endless Call- Minna Kirameke! Prism☆Tours,2025-06-27
136344,SOURCE,87197,85437,MANGA,NOVEL,Lord El-Melloi II-sei no Jikenbo,2014-12-30
136344,PREQUEL,106918,38959,ANIME,TV,"Lord El-Melloi II-sei no Jikenbo: ""Rail Zeppelin"" Grace note",2019-07-07
136829,SOURCE,100559,103925,MANGA,NOVEL,Otome Game no Hametsu Flag shika Nai Akuyaku Reijou ni Tensei shiteshimatta...,2015-08-20
136829,PARENT,120209,42282,ANIME,TV,Otome Game no Hametsu Flag shika Nai Akuyaku Reijou ni Tensei shiteshimatta… X,2021-07-03
136947,PREQUEL,114366,125140,MANGA,MANGA,Deep Insanity: NIRVANA,2020-01-24
137227,CHARACTER,141959,56253,ANIME,MUSIC,Otogibanashi no Youna Kiseki,2021-11-11
137227,ADAPTATION,148233,161729,MANGA,MANGA,Deji Meets Girl,2021-09-30
137309,PARENT,552,552,ANIME,TV,Digimon Adventure,1999-03-07
137309,OTHER,159052,53265,ANIME,MUSIC,Monster Disco,2022-08-17
137309,OTHER,165978,54282,ANIME,MUSIC,Datte Kyou made Koiwazurai,2022-01-12
137877,SOURCE,117785,133362,MANGA,MANGA,"Ganbare, Douki-chan",2020-03-29
137877,SIDE_STORY,139451,49869,ANIME,SPECIAL,"Ganbare, Douki-chan Special",2021-12-24
138060,ADAPTATION,148967,154395,MANGA,MANGA,Star Wars: Visions,2022-05-25
138060,OTHER,34814,4814,MANGA,MANGA,STAR WARS: Arata naru Kibou,1997-07-10
138060,SEQUEL,184642,60336,ANIME,ONA,Star Wars: Visions Volume 3,2025-10-29
138060,SEQUEL,213847,61546,ANIME,ONA,Star Wars: Visions - Kyuuninme no Jedi,2026-08-05
138699,ALTERNATIVE,527,527,ANIME,TV,Pocket Monsters,1997-04-01
138899,SEQUEL,117756,41750,ANIME,ONA,Koukaku Kidoutai: SAC_2045 Season 2,2022-05-23
138899,ALTERNATIVE,106154,38799,ANIME,ONA,Koukaku Kidoutai: SAC_2045,2020-04-23
138899,SEQUEL,163143,54860,ANIME,MOVIE,Koukaku Kidoutai: SAC_2045 - Saigo no Ningen,2023-11-23
139386,ALTERNATIVE,6895,6895,ANIME,TV,Hakuouki,2010-04-04
139449,PREQUEL,98060,34481,ANIME,SPECIAL,Getsuyoubi no Tawawa Specials,2016-12-29
139449,SOURCE,98282,,MANGA,MANGA,Getsuyoubi no Tawawa,2015-12-31
139449,SEQUEL,139466,49866,ANIME,SPECIAL,Getsuyoubi no Tawawa 2 Special,2021-12-24
139451,SOURCE,117785,133362,MANGA,MANGA,"Ganbare, Douki-chan",2020-03-29
139451,PARENT,137877,49605,ANIME,ONA,"Ganbare, Douki-chan",2021-09-20
139466,SOURCE,98282,,MANGA,MANGA,Getsuyoubi no Tawawa,2015-12-31
139466,PREQUEL,139449,49854,ANIME,ONA,Getsuyoubi no Tawawa 2,2021-09-20
140700,ALTERNATIVE,174596,58066,ANIME,TV,Sora-iro Utility (TV),2025-01-04
144803,PARENT,124115,39166,ANIME,MOVIE,Girls und Panzer: Saishuushou 3,2021-03-26
144811,CHARACTER,100783,121523,MANGA,MANGA,Fire Emblem Heroes: Eiyuutachi no Nichijou,2017-11-15
145555,PARENT,120851,42391,ANIME,TV,Osomatsu-san 3rd Season,2020-10-13
145705,PARENT,130445,48365,ANIME,TV,Youkai Watch ♪,2021-04-09
145709,PARENT,134120,49066,ANIME,ONA,Artiswitch,2021-05-28
145799,PREQUEL,123903,42855,ANIME,ONA,Fudanshi Shoukan: Isekai de Shinjuu ni Hameraremashita Mini Anime,2020-09-10
145799,PARENT,123902,129769,MANGA,MANGA,Fudanshi Shoukan: Isekai de Shinjuu ni Hameraremashita,2019-12-10
145799,SEQUEL,154540,52355,ANIME,ONA,Fudanshi Shoukan: Isekai de Shinjuu ni Hameraremashita Mini Anime 3rd Season,2022-07-08
145840,PARENT,132071,48680,ANIME,TV,Tesla Note,2021-10-03
145840,SEQUEL,145841,,ANIME,SPECIAL,Tesla Note: Mickey to Oliver no Agent Yousei Kouza: Tsuika Kouza,2022-03-29
145898,OTHER,133353,44752,ANIME,MUSIC,Chinzei Hachirou Tametomo,2020-12-10
145958,PARENT,19157,19157,ANIME,TV,Youkai Watch,2014-01-08
145958,PARENT,130445,48365,ANIME,TV,Youkai Watch ♪,2021-04-09
148293,PARENT,126790,44275,ANIME,TV,SELECTION PROJECT,2021-10-01
148820,SOURCE,132601,135875,MANGA,MANGA,Oni no Hanayome wa Taberaretai,2020-03-01
154198,SEQUEL,154081,52006,ANIME,ONA,Jashin-chan Dropkick X Mame Anime,2022-04-06
154198,PARENT,124641,42994,ANIME,TV,Jashin-chan Dropkick X,2022-07-06
154386,PARENT,108941,38835,ANIME,TV_SHORT,Umayon,2020-07-07
154386,SOURCE,116943,38835,MANGA,MANGA,Umayon,2018-03-30
154974,PARENT,113051,40677,ANIME,TV,ARGONAVIS from BanG Dream!,2020-04-11
165557,PARENT,125367,43608,ANIME,TV,Kaguya-sama wa Kokurasetai: Ultra Romantic,2022-04-09
165557,SOURCE,86635,90125,MANGA,MANGA,Kaguya-sama wa Kokurasetai: Tensaitachi no Renai Zunousen,2015-05-19
169404,PARENT,112153,40351,ANIME,TV,Pocket Monsters (2019),2019-11-17
177230,PREQUEL,177229,,ANIME,ONA,Ponkotsu Quest: Maou to Haken no Mamono-tachi Season 6,2019-10-09
177230,SEQUEL,177231,,ANIME,ONA,Ponkotsu Quest: Maou to Haken no Mamono-tachi Season 8,2024-04-25
204616,SEQUEL,204617,62557,ANIME,TV_SHORT,Koikeya SDGs Gekijou Suss to Tina Season 2,2022-04-03
213463,PREQUEL,213462,48790,ANIME,TV_SHORT,Neko Jockey,2021-05-06
101705,ADAPTATION,144554,144061,MANGA,NOVEL,Chikyuugai Shounen Shoujo,2022-02-18
101705,ADAPTATION,175385,158848,MANGA,MANGA,Chikyuugai Shounen Shoujo,2023-05-12
102891,ALTERNATIVE,143360,139017,MANGA,MANGA,Shika no Ou: Yuna to Yakusoku no Tabi,2021-07-26
109820,ALTERNATIVE,107333,120139,MANGA,MANGA,Sabiiro no Armor,2019-01-15
109820,ALTERNATIVE,132391,,MANGA,MANGA,Sabiiro no Armor: Reimei,2021-05-14
112323,ALTERNATIVE,96834,96528,MANGA,MANGA,Arifureta Shokugyou de Sekai Saikyou,2016-02-06
112323,SOURCE,86274,88923,MANGA,NOVEL,Arifureta Shokugyou de Sekai Saikyou,2015-06-25
112323,PREQUEL,100668,36882,ANIME,TV,Arifureta Shokugyou de Sekai Saikyou,2019-07-08
112323,SIDE_STORY,146921,51473,ANIME,OVA,Arifureta Shokugyou de Sekai Saikyou: Maboroshi no Bouken to Kiseki no Kaigou,2022-09-25
112323,SEQUEL,154473,52995,ANIME,TV,Arifureta Shokugyou de Sekai Saikyou 3rd season,2024-10-14
112323,SIDE_STORY,143846,50916,ANIME,SPECIAL,Arifureta Shokugyou de Sekai Saikyou 2nd season Special,2022-03-23
112719,SIDE_STORY,153322,52551,ANIME,SPECIAL,Futsal Boys!!!!! Short Anime,2022-09-28
112719,SIDE_STORY,194305,,MANGA,MANGA,Yonkoma Salvo!!!!!,2020-01-04
113345,ALTERNATIVE,105916,,MANGA,NOVEL,DEEMO: Last Dream,2015-12-03
113345,ADAPTATION,148494,159103,MANGA,MANGA,DEEMO: Sakura Note,2022-03-28
117765,PREQUEL,101634,37870,ANIME,TV,BanG Dream! 3rd Season,2020-01-23
117765,SEQUEL,163571,54959,ANIME,TV,BanG Dream! It's MyGO!!!!!,2023-06-29
119056,SOURCE,91885,73823,MANGA,NOVEL,Kenja no Deshi wo Nanoru Kenja,2014-06-30
119056,ALTERNATIVE,97529,100377,MANGA,MANGA,Kenja no Deshi wo Nanoru Kenja THE COMIC,2016-07-28
122808,PREQUEL,107871,39292,ANIME,TV,Princess Connect! Re:Dive,2020-04-07
122808,ALTERNATIVE,123911,138997,MANGA,MANGA,Princess Connect! Re:Dive,2018-02-18
122808,SIDE_STORY,187236,60987,ANIME,ONA,Princess Connect! Michibiki no Hatsuhana: Fiore Storia,2025-02-28
123752,ALTERNATIVE,4524,4524,ANIME,MOVIE,Shenmue: The Movie,2001-09-08
124060,SOURCE,85296,61097,MANGA,MANGA,Baraou no Souretsu,2013-10-04
125682,OTHER,148821,51684,ANIME,SPECIAL,CUE! Short Anime,2022-03-16
126288,SOURCE,98370,101396,MANGA,MANGA,Sasaki to Miyano,2016-02-26
126288,SIDE_STORY,143082,50672,ANIME,OVA,Sasaki to Miyano: Koi ni Kizuku Mae no Chottoshita Hanashi.,2022-07-27
126288,SEQUEL,146743,51440,ANIME,MOVIE,Sasaki to Miyano: Sotsugyou-hen,2023-02-17
126783,ALTERNATIVE,2669,2669,ANIME,MOVIE,Doraemon: Nobita no Little Star Wars,1985-03-15
126783,PARENT,2471,2471,ANIME,TV_SHORT,Doraemon (1979),1979-04-02
126783,PARENT,8687,8687,ANIME,TV,Doraemon (2005),2005-04-15
127050,SOURCE,99435,104710,MANGA,MANGA,Koroshi Ai,2015-10-15
127549,SOURCE,108633,118269,MANGA,MANGA,Slow Loop,2018-09-22
127549,CHARACTER,130003,47917,ANIME,TV,Bocchi the Rock!,2022-10-09
128034,SOURCE,101873,113644,MANGA,MANGA,ORIENT,2018-05-30
128034,SEQUEL,146637,51368,ANIME,TV,ORIENT: Awajishima Gekitou-hen,2022-07-12
128400,SOURCE,30510,510,MANGA,MANGA,Saiyuuki RELOAD,2002-03-28
128400,SEQUEL,87498,33726,ANIME,TV,Saiyuuki RELOAD BLAST,2017-07-05
128828,OTHER,110521,40151,ANIME,ONA,Shaonü Qianxian: Renxing Xiaojuchang,2019-07-28
128828,ALTERNATIVE,108061,,MANGA,MANGA,Shaonü Qianxian: Renxing Zhi Ge,2018-11-23
129190,SOURCE,111631,121466,MANGA,NOVEL,"Tensai Ouji no Akaji Kokka Saisei Jutsu: Souda, Baikoku shiyou",2018-05-12
129190,ALTERNATIVE,124374,121335,MANGA,MANGA,"Souda, Baikoku shiyou: Tensai Ouji no Akaji Kokka Saisei Jutsu",2019-10-08
129190,CHARACTER,137898,49592,ANIME,ONA,Tensai Ouji no Akaji Kokka Saisei Jutsu: Short Drama,2021-08-11
129190,CHARACTER,144336,50905,ANIME,SPECIAL,Tensai Ouji no Akaji Kokka Saisei Jutsu: Short Drama Specials,2022-03-30
129191,ALTERNATIVE,99931,107118,MANGA,MANGA,Shikkakumon no Saikyou Kenja: Sekai Saikyou no Kenja ga Sarani Tsuyoku Naru Tame ni Tensei Shimashita,2017-06-27
129191,SOURCE,99930,106106,MANGA,NOVEL,Shikkakumon no Saikyou Kenja: Sekai Saikyou no Kenja ga Sarani Tsuyoku Naru Tame ni Tensei Shimashita,2016-12-12
130166,SOURCE,119352,122887,MANGA,NOVEL,Leadale no Daichi nite,2019-01-30
130166,ALTERNATIVE,119353,130793,MANGA,MANGA,Leadale no Daichi nite,2019-08-23
130389,ALTERNATIVE,85460,60977,MANGA,MANGA,Mahouka Koukou no Rettousei: Tsuioku-hen,2014-02-27
130389,SOURCE,64127,34127,MANGA,NOVEL,Mahouka Koukou no Rettousei,2011-07-10
130389,SEQUEL,20458,20785,ANIME,TV,Mahouka Koukou no Rettousei,2014-04-06
130550,PREQUEL,108354,39495,ANIME,OVA,Totsukuni no Shoujo,2019-09-10
130550,SOURCE,86770,93972,MANGA,MANGA,Totsukuni no Shoujo,2015-09-05
130591,SOURCE,110567,116777,MANGA,NOVEL,Sabikui Bisco,2018-03-10
130591,ALTERNATIVE,111620,119373,MANGA,MANGA,Sabikui Bisco,2019-04-10
130591,ALTERNATIVE,141772,143423,MANGA,MANGA,Sabikui Bisco 2,2021-12-15
130591,SEQUEL,167151,56008,ANIME,TV,Sabikui Bisco 2nd Season,
131548,SOURCE,98305,101851,MANGA,MANGA,Akebi-chan no Sailor Fuku,2016-08-02
131681,PREQUEL,110277,40028,ANIME,TV,Shingeki no Kyojin: The Final Season,2020-12-07
131681,SOURCE,53390,23390,MANGA,MANGA,Shingeki no Kyojin,2009-09-09
131681,SEQUEL,146984,51535,ANIME,SPECIAL,Shingeki no Kyojin: The Final Season - Kanketsu-hen Zenpen,2023-03-04
132405,SOURCE,101583,112268,MANGA,MANGA,Sono Bisque Doll wa Koi wo Suru,2018-01-19
132405,SEQUEL,154768,53065,ANIME,TV,Sono Bisque Doll wa Koi wo Suru Season 2,2025-07-06
134252,SOURCE,113802,123093,MANGA,MANGA,Fantasy Bishoujo Juniku Ojisan to,2019-11-18
135136,SOURCE,86568,93753,MANGA,MANGA,Vanitas no Carte,2015-12-22
135136,PREQUEL,131646,48580,ANIME,TV,Vanitas no Carte,2021-07-03
136192,SOURCE,30102,102,MANGA,MANGA,Fruits Basket,1998-07-18
136192,SOURCE,147825,,MANGA,MANGA,Fruits Basket: prelude - Special Comics,2022-02-18
136192,PREQUEL,124194,42938,ANIME,TV,Fruits Basket: The Final,2021-04-06
136302,ADAPTATION,144017,143364,MANGA,MANGA,"Goodbye, DonGlees!",2021-10-15
136428,SOURCE,128442,138485,MANGA,MANGA,Kaijin Kaihatsubu no Kuroitsu-san,2020-10-07
136436,SOURCE,86303,80119,MANGA,MANGA,Kobayashi-san Chi no Maidragon,2013-05-25
136436,PREQUEL,107717,39247,ANIME,TV,Kobayashi-san Chi no Maidragon S,2021-07-08
136436,SEQUEL,181839,59897,ANIME,MOVIE,Kobayashi-san Chi no Maidragon: Samishigariya no Ryuu,2025-06-27
137312,SOURCE,114732,111356,MANGA,MANGA,Hakozume: Kouban Joshi no Gyakushuu,2017-11-22
137337,PREQUEL,109403,39808,ANIME,TV,Non Non Biyori: Nonstop,2021-01-11
137337,SOURCE,134719,139166,MANGA,MANGA,Non Non Biyori Remember,2021-05-27
138379,SOURCE,105869,92932,MANGA,MANGA,Blue Thermal: Aonagi Daigaku Taiikukai Koukuu-bu,2015-04-21
138424,PREQUEL,107068,38993,ANIME,TV,Karakai Jouzu no Takagi-san 2,2019-07-07
138424,SOURCE,85533,78537,MANGA,MANGA,Karakai Jouzu no Takagi-san,2012-06-12
138424,SOURCE,87142,97699,MANGA,MANGA,Ashita wa Doyoubi,2014-11-07
138424,SEQUEL,138425,49722,ANIME,MOVIE,Karakai Jouzu no Takagi-san Movie,2022-06-10
138424,SOURCE,110167,,MANGA,MANGA,Nishikata-chan,2019-06-17
138717,PREQUEL,9988,9988,ANIME,OVA,Otome wa Boku ni Koishiteru: Futari no Elder,2012-07-30
138717,ALTERNATIVE,146742,51594,ANIME,OVA,Otome wa Boku ni Koishiteru: Mittsu no Kiraboshi - The Animation (2022),2022-06-24
138912,SOURCE,138926,,MANGA,MANGA,Atasha Kawashiri Kodama da yo: Dangerous Lifehacker no Tadareta Seikatsu,2020-09-08
139589,SOURCE,130035,117954,MANGA,MANGA,Kotarou wa Hitorigurashi,2015-03-13
139648,ALTERNATIVE,98171,107795,MANGA,MANGA,Genjitsu Shugi Yuusha no Oukoku Saikenki,2017-07-10
139648,SOURCE,97752,107884,MANGA,NOVEL,Genjitsu Shugi Yuusha no Oukoku Saikenki,2016-05-25
139648,PREQUEL,117612,41710,ANIME,TV,Genjitsu Shugi Yuusha no Oukoku Saikenki,2021-07-04
139675,CHARACTER,170505,56830,ANIME,ONA,Journey to Bloom,2023-09-30
139675,CHARACTER,179878,59419,ANIME,MOVIE,Project Sekai: Kowareta SEKAI to Utaenai MIKU,2025-01-17
139675,CHARACTER,186850,,MANGA,MANGA,Sekai no 4-koma,2020-09-30
139675,CHARACTER,142582,143204,MANGA,MANGA,Project Sekai Colorful Stage! feat. Hatsune Miku Comic Anthology,2021-11-25
140502,SPIN_OFF,170024,,MANGA,MANGA,Ryman's Club: BadRyman Report,2022-10-28
140950,CHARACTER,102484,31300,ANIME,MUSIC,Change Our MIRAI!,2015-07-18
141063,SOURCE,107030,,MANGA,MANGA,"On Air Dekinai! Onna AD Mafuneko (23), TV Bangumi Tsukuttemasu",2017
141534,PARENT,127720,45576,ANIME,TV,Mushoku Tensei: Isekai Ittara Honki Dasu Part 2,2021-10-04
141534,SOURCE,85470,70261,MANGA,NOVEL,Mushoku Tensei: Isekai Ittara Honki Dasu,2014-01-23
141534,ALTERNATIVE,85564,70259,MANGA,MANGA,Mushoku Tensei: Isekai Ittara Honki Dasu,2014-05-02
141907,PREQUEL,21512,32212,ANIME,TV,Ensemble Stars!,2019-07-07
141907,OTHER,144916,50970,ANIME,SPECIAL,Bukusuta The WORLD,2022-03-04
142080,ALTERNATIVE,112748,40610,ANIME,TV,Healin' Good♥Precure,2020-02-02
142080,ALTERNATIVE,98059,34290,ANIME,TV,Kirakira☆Precure a la Mode,2017-02-05
142080,ALTERNATIVE,126905,44191,ANIME,TV,Tropical-Rouge! Precure,2021-02-28
142080,ALTERNATIVE,105857,38578,ANIME,TV,Star☆Twinkle Precure,2019-02-03
142080,ALTERNATIVE,100661,36593,ANIME,TV,HUGtto! Precure,2018-02-04
142080,ALTERNATIVE,21001,28669,ANIME,TV,Go! Princess Precure,2015-02-01
142080,ALTERNATIVE,21506,31884,ANIME,TV,Mahoutsukai Precure!,2016-02-07
142080,ALTERNATIVE,20577,21407,ANIME,TV,HappinessCharge Precure!,2014-02-02
142080,ALTERNATIVE,12191,12191,ANIME,TV,Smile Precure!,2012-02-05
142080,ALTERNATIVE,16419,16419,ANIME,TV,Dokidoki! Precure,2013-02-03
142080,ALTERNATIVE,7645,7645,ANIME,TV,Heartcatch Precure!,2010-02-07
142080,ALTERNATIVE,5684,5684,ANIME,TV,Fresh Precure!,2009-02-01
142080,ALTERNATIVE,9893,9893,ANIME,TV,Suite Precure♪,2011-02-06
142080,ALTERNATIVE,1932,1932,ANIME,TV,Yes! Precure 5,2007-02-04
142080,ALTERNATIVE,1534,1534,ANIME,TV,Futari wa Precure: Splash☆Star,2006-02-05
142080,ALTERNATIVE,603,603,ANIME,TV,Futari wa Precure,2004-02-01
142080,ADAPTATION,143176,170787,MANGA,MANGA,Delicious Party♡Precure,2022-02-03
142080,OTHER,144687,50963,ANIME,MOVIE,Delicious Party♡Precure: Yumemiru♡Okosama Lunch!,2022-09-23
142080,SIDE_STORY,154678,53196,ANIME,SPECIAL,Watashi dake no Okosama Lunch,2022-09-23
142080,ALTERNATIVE,157883,53716,ANIME,TV,Hirogaru Sky! Precure,2023-02-05
142080,CHARACTER,159429,54650,ANIME,MOVIE,Precure All Stars F,2023-09-15
142080,ALTERNATIVE,171030,57390,ANIME,TV,Wonderful Precure!,2024-02-04
142080,ALTERNATIVE,185073,60407,ANIME,TV,Kimi to Idol Precure♪,2025-02-02
142080,ALTERNATIVE,202957,63042,ANIME,TV,Meitantei Precure!,2026-02-01
142216,PREQUEL,116248,41381,ANIME,TV_SHORT,Garugaku.: Sei Girls Square Gakuin,2020-04-06
142274,ALTERNATIVE,118308,165723,MANGA,MANGA,Ninjala,2020-05-15
142274,CHARACTER,123778,42658,ANIME,ONA,Ninjala Cartoon Anime,2020-06-23
142329,SOURCE,87216,96792,MANGA,MANGA,Kimetsu no Yaiba,2016-02-15
142329,PREQUEL,129874,49926,ANIME,TV,Kimetsu no Yaiba: Mugen Ressha-hen (TV),2021-10-10
142329,PREQUEL,112151,40456,ANIME,MOVIE,Kimetsu no Yaiba: Mugen Ressha-hen,2020-10-16
142329,SEQUEL,145139,51019,ANIME,TV,Kimetsu no Yaiba: Katanakaji no Sato-hen,2023-04-09
142411,SOURCE,141101,156510,MANGA,ONE_SHOT,Hawks: SOOTHE,2021-08-06
142411,PARENT,126659,44200,ANIME,MOVIE,Boku no Hero Academia THE MOVIE: World Heroes' Mission,2021-08-06
142794,PARENT,112153,40351,ANIME,TV,Pocket Monsters (2019),2019-11-17
142826,PREQUEL,135108,49110,ANIME,TV_SHORT,Yami Shibai 9,2021-07-12
142826,SEQUEL,166829,55166,ANIME,TV_SHORT,Yami Shibai 11,2023-07-10
143415,SOURCE,141744,,MANGA,MANGA,Ohiru no Shocker-san,2021-11-11
143415,OTHER,169383,55602,ANIME,MOVIE,Ohiru no Shocker-san: The Movie,2022-07-22
143485,PREQUEL,115908,40568,ANIME,ONA,Onmyoji: Heian Monogatari 2,2019-08-17
143612,ALTERNATIVE,144184,,MANGA,ONE_SHOT,Kimi ga Kizukasete Kureta Koto,2022-01-18
143846,SOURCE,86274,88923,MANGA,NOVEL,Arifureta Shokugyou de Sekai Saikyou,2015-06-25
143846,ALTERNATIVE,96834,96528,MANGA,MANGA,Arifureta Shokugyou de Sekai Saikyou,2016-02-06
143846,PARENT,112323,40507,ANIME,TV,Arifureta Shokugyou de Sekai Saikyou 2nd season,2022-01-13
144451,PARENT,118123,44042,ANIME,ONA,Holo no Graffiti,2019-05-05
144852,SOURCE,131663,,MANGA,MANGA,Aka-chan Honbuchou,2017-05-01
144852,PREQUEL,130513,48495,ANIME,TV_SHORT,Aka-chan Honbuchou,2021-03-29
144916,SOURCE,123905,,MANGA,MANGA,Ensembukubu Stars!,2020-08-26
144916,OTHER,141907,50414,ANIME,MOVIE,Ensemble Stars!!: Road to Show!!,2022-03-04
144992,PARENT,138882,49776,ANIME,TV,Kumichou Musume to Sewagakari,2022-07-07
145059,CHARACTER,527,527,ANIME,TV,Pocket Monsters,1997-04-01
145063,SOURCE,82343,52343,MANGA,MANGA,Jun: Shotaro no Fantasy World,1966-12-20
145405,ALTERNATIVE,20842,19613,ANIME,MOVIE,New Initial D Movie: Legend 1 - Kakusei,2014-08-24
145405,ALTERNATIVE,20990,28881,ANIME,MOVIE,New Initial D Movie: Legend 2 - Dokusou,2015-05-23
145405,ALTERNATIVE,21289,30952,ANIME,MOVIE,New Initial D Movie: Legend 3 - Mugen,2016-02-07
145405,SOURCE,30375,375,MANGA,MANGA,Initial D,1995-06-26
145478,PARENT,118123,44042,ANIME,ONA,Holo no Graffiti,2019-05-05
145608,PREQUEL,124223,42941,ANIME,TV,Uma Musume: Pretty Derby Season 2,2021-01-05
145608,SEQUEL,156632,53526,ANIME,TV,Uma Musume: Pretty Derby Season 3,2023-10-05
145841,PREQUEL,145840,50258,ANIME,ONA,Tesla Note: Mickey to Oliver no Agent Yousei Kouza,2021-09-29
145852,PARENT,136512,49392,ANIME,ONA,"Ore, Tsushima (ONA)",2021-07-04
145852,SOURCE,130290,163546,MANGA,MANGA,"Ore, Tsushima",2017-07
145895,OTHER,504,504,ANIME,MOVIE,Garou Densetsu: THE MOTION PICTURE,1994-07-16
145994,PREQUEL,113302,40755,ANIME,ONA,Machikado Mazoku Mini,2019-06-24
145994,PARENT,123330,42745,ANIME,TV,Machikado Mazoku: 2-Choume,2022-04-08
145994,SOURCE,107462,108566,MANGA,MANGA,Machikado Mazoku,2014-06-28
145994,CHARACTER,149098,,ANIME,ONA,Mahoutsukai Reimeiki × Machikado Mazoku 2-Choume Collab Mini Anime,2022-04-07
146004,CHARACTER,118123,44042,ANIME,ONA,Holo no Graffiti,2019-05-05
146140,PARENT,101634,37870,ANIME,TV,BanG Dream! 3rd Season,2020-01-23
146397,PREQUEL,130529,,ANIME,TV_SHORT,Cosmo Samurai,2021-02-06
146503,PARENT,101280,37430,ANIME,TV,Tensei Shitara Slime Datta Ken,2018-10-02
146885,PREQUEL,131096,48555,ANIME,TV,Bakugan: Geogan Rising,2021-01-24
146885,SEQUEL,169826,54637,ANIME,ONA,Bakugan: Legends,2023-03-31
151985,PARENT,138459,49692,ANIME,TV,Heroine Tarumono!: Kiraware Heroine to Naisho no Oshigoto,2022-04-07
152005,PREQUEL,113828,40894,ANIME,ONA,Kyokou Suiri Mini Anime,2019-11-15
152005,PARENT,126529,44204,ANIME,TV,Kyokou Suiri Season 2,2023-01-09
153843,CHARACTER,150102,155727,MANGA,MANGA,Inuyama Tamaki Channel! Bokutachi no Naisho no Hanashi,2021-12-23
154041,SEQUEL,158643,53408,ANIME,TV_SHORT,I Love Me Part 2,2022-10-23
155913,OTHER,155736,51414,ANIME,ONA,Uchuu Camper Chichi,2022-03-30
155913,OTHER,155910,51412,ANIME,ONA,Tenjin,2022-03-30
155913,OTHER,155911,49844,ANIME,ONA,Kirakira Kirari☆,2022-03-30
158676,PARENT,128547,46102,ANIME,TV,Odd Taxi,2021-04-06
162745,PREQUEL,162744,53860,ANIME,ONA,Ryuukyuu Timeline: Mirai Shoujo to Inishie no Ou,2021-03-08
169794,PARENT,3638,3638,ANIME,TV,Kaiketsu Zorori,2004-02-01
170013,SEQUEL,169375,55640,ANIME,MOVIE,Bousei no Volicia,2023-07-03
170013,PREQUEL,169746,53598,ANIME,MOVIE,Vapor Trail,2021-08-30
172973,PARENT,18941,18941,ANIME,TV_SHORT,Shimajirou no Wow!,2012-04-02
176912,SEQUEL,130296,47537,ANIME,ONA,Inou no AICis - ESP & HIGH SCHOOL DETECTIVE,2021-02-13
189068,SEQUEL,189069,61274,ANIME,TV_SHORT,Ginga Tokkyuu Milky☆Subway,2025-07-03
189068,ADAPTATION,201610,188768,MANGA,MANGA,Ginga Tokkyuu Milky☆Subway,2025-09-18
189068,SEQUEL,204949,62518,ANIME,MOVIE,Ginga Tokkyuu Milky☆Subway: Kakueki Teisha Gekijou Yuki,2026-02-06
195934,SOURCE,91462,71699,MANGA,MANGA,Shiyakusho,2013-09-21
200647,PARENT,4459,4459,ANIME,TV_SHORT,Ojarumaru,1998-10-05
108353,SOURCE,31705,1705,MANGA,MANGA,SPRIGGAN,1989-02-08
108353,ALTERNATIVE,420,420,ANIME,MOVIE,SPRIGGAN,1998-09-05
109911,PREQUEL,100663,36871,ANIME,ONA,ULTRAMAN,2019-04-01
109911,SOURCE,62913,32913,MANGA,MANGA,ULTRAMAN,2011-11-01
109911,SEQUEL,147729,51653,ANIME,ONA,ULTRAMAN FINAL,2023-05-11
111321,PREQUEL,99263,35790,ANIME,TV,Tate no Yuusha no Nariagari,2019-01-09
111321,SOURCE,85743,67617,MANGA,NOVEL,Tate no Yuusha no Nariagari,2013-08-23
111321,SEQUEL,111322,40357,ANIME,TV,Tate no Yuusha no Nariagari Season 3,2023-10-06
111321,ALTERNATIVE,85442,67615,MANGA,MANGA,Tate no Yuusha no Nariagari,2014-02-05
113689,ALTERNATIVE,6008,6008,ANIME,TV,Jewelpet,2009-04-05
113689,ALTERNATIVE,8217,8217,ANIME,TV,Jewelpet Twinkle☆,2010-04-03
113689,ALTERNATIVE,10359,10359,ANIME,TV,Jewelpet Sunshine,2011-04-09
113689,ALTERNATIVE,12963,12963,ANIME,TV,Jewelpet Kira☆Deco!,2012-04-07
113689,ALTERNATIVE,17497,17497,ANIME,TV,Jewelpet Happiness,2013-04-06
113689,ALTERNATIVE,20784,22693,ANIME,TV,Lady Jewelpet,2014-04-05
113689,ALTERNATIVE,21134,30030,ANIME,TV,Jewelpet Magical Change,2015-04-04
116605,PREQUEL,100722,36633,ANIME,TV,Date A Live III,2019-01-11
116605,SOURCE,67523,37523,MANGA,NOVEL,Date A Live,2011-03-19
116605,SEQUEL,151380,52196,ANIME,TV,Date A Live V,2024-04-10
117074,PREQUEL,110178,39988,ANIME,TV_SHORT,Isekai Quartet 2,2020-01-15
117074,CHARACTER,21613,32615,ANIME,TV,Youjo Senki,2017-01-06
117074,CHARACTER,99263,35790,ANIME,TV,Tate no Yuusha no Nariagari,2019-01-09
117074,CHARACTER,20832,29803,ANIME,TV,Overlord,2015-07-07
117074,CHARACTER,21202,30831,ANIME,TV,Kono Subarashii Sekai ni Shukufuku wo!,2016-01-14
117074,CHARACTER,21355,31240,ANIME,TV,Re:Zero kara Hajimeru Isekai Seikatsu,2016-04-04
117074,SEQUEL,194447,61851,ANIME,TV_SHORT,Isekai Quartet 3,2025-10-13
117197,PREQUEL,12017,12017,ANIME,MOVIE,TIGER & BUNNY: The Rising,2014-02-08
117197,ADAPTATION,146313,154838,MANGA,MANGA,TIGER & BUNNY 2 THE COMIC,2022-04-15
117197,SEQUEL,151803,52291,ANIME,ONA,TIGER & BUNNY 2 Part 2,2022-10-07
117756,PREQUEL,106154,38799,ANIME,ONA,Koukaku Kidoutai: SAC_2045,2020-04-23
117756,PREQUEL,138899,49402,ANIME,MOVIE,Koukaku Kidoutai: SAC_2045 - Jizoku Kanou Sensou,2021-11-12
117756,ALTERNATIVE,163143,54860,ANIME,MOVIE,Koukaku Kidoutai: SAC_2045 - Saigo no Ningen,2023-11-23
121176,PREQUEL,113693,40815,ANIME,TV,Honzuki no Gekokujou: Shisho ni Naru Tame ni wa Shudan wo Erandeiraremasen 2nd Season,2020-04-05
121176,ALTERNATIVE,110804,122830,MANGA,MANGA,Honzuki no Gekokujou: Shisho ni Naru Tame ni wa Shudan wo Erandeiraremasen Dai 2-bu - Hon no Tamenara Miko ni Naru!,2018-09-24
121176,SOURCE,110800,,MANGA,NOVEL,Honzuki no Gekokujou: Shisho ni Naru Tame ni wa Shudan wo Erandeiraremasen Dai 2-bu - Shinden no Miko Minarai,2015-09-25
121176,SEQUEL,171110,57466,ANIME,TV,Honzuki no Gekokujou: Ryoushu no Youjo,2026-04-04
123330,SOURCE,107462,108566,MANGA,MANGA,Machikado Mazoku,2014-06-28
123330,PREQUEL,107490,39071,ANIME,TV,Machikado Mazoku,2019-07-12
123330,SIDE_STORY,145994,51543,ANIME,ONA,Machikado Mazoku: 2-Choume Mini,2022-02-14
124032,PREQUEL,100780,36369,ANIME,ONA,Ginga Eiyuu Densetsu: Die Neue These - Seiran,2019-09-26
124032,ALTERNATIVE,41941,11941,MANGA,MANGA,Ginga Eiyuu Densetsu,1986-08-01
124032,ALTERNATIVE,820,820,ANIME,OVA,Ginga Eiyuu Densetsu,1988-01-08
124032,SEQUEL,148970,51805,ANIME,ONA,Ginga Eiyuu Densetsu: Die Neue These - Sakubou,2022-09-30
125124,SOURCE,87377,99528,MANGA,MANGA,Rikei ga Koi ni Ochita no de Shoumei shitemita.,2016-03-16
125124,PREQUEL,107067,38992,ANIME,ONA,Rikei ga Koi ni Ochita no de Shoumei shitemita.,2020-01-11
125367,SOURCE,86635,90125,MANGA,MANGA,Kaguya-sama wa Kokurasetai: Tensaitachi no Renai Zunousen,2015-05-19
125367,PREQUEL,112641,40591,ANIME,TV,Kaguya-sama wa Kokurasetai?: Tensaitachi no Renai Zunousen,2020-04-11
125367,SEQUEL,151384,52198,ANIME,TV,Kaguya-sama wa Kokurasetai: First Kiss wa Owaranai,2023-04-01
125367,SIDE_STORY,165557,50325,ANIME,ONA,Kaguya-sama wa Kokurasetai: Ultra Romantic 3rd Season Teaser PV - Ishigami Yuu wa Kataritai,2021-10-21
125447,SOURCE,50647,20647,MANGA,MANGA,Thermae Romae,2008-01-12
125447,ALTERNATIVE,12321,12321,ANIME,TV,Thermae Romae,2012-01-13
127911,SOURCE,107282,118196,MANGA,MANGA,Kawaii dake ja Nai Shikimori-san,2018-09-08
129193,SOURCE,110683,120855,MANGA,NOVEL,Shokei Shoujo no Virgin Road,2019-07-12
129193,ALTERNATIVE,119857,131176,MANGA,MANGA,Shokei Shoujo no Virgin Road,2020-06-05
129201,SOURCE,102989,110031,MANGA,MANGA,Summer Time Render,2017-10-23
130305,PREQUEL,98520,34863,ANIME,TV,Zoku Touken Ranbu: Hanamaru,2018-01-08
130305,ADAPTATION,103810,107676,MANGA,MANGA,Touken Ranbu: Hanamaru,2016-12-10
130305,ADAPTATION,177133,,MANGA,MANGA,Toku: Touken Ranbu - Hanamaru - Setsugetsuka,2023-05-24
130319,SOURCE,130320,134223,MANGA,MANGA,RPG Fudousan,2018-07-27
130586,SOURCE,113484,123082,MANGA,NOVEL,"Shijou Saikyou no Daimaou, Murabito A ni Tensei suru",2018-06-19
130586,ALTERNATIVE,108441,129245,MANGA,MANGA,"Shijou Saikyou no Daimaou, Murabito A ni Tensei suru",2019-02-25
131520,SOURCE,100230,103851,MANGA,MANGA,Go-toubun no Hanayome,2017-08-09
131520,PREQUEL,163327,54915,ANIME,SPECIAL,Go-toubun no Hanayome∽,2023-09-02
131520,SEQUEL,177191,58755,ANIME,SPECIAL,Go-toubun no Hanayome *,2024-09-20
131520,SIDE_STORY,211709,64104,ANIME,TV,Go-toubun no Hanayome: Shunkashuutou,
132010,SOURCE,111390,123362,MANGA,MANGA,Koi wa Sekai Seifuku no Ato de,2019-10-04
132052,SOURCE,114383,123602,MANGA,MANGA,Kakkou no Iinazuke,2020-01-29
132052,SIDE_STORY,148295,51738,ANIME,ONA,Kakkou no Iikagen!,2022-04-28
132052,SEQUEL,179828,59402,ANIME,TV,Kakkou no Iinazuke Season 2,2025-07-08
132171,SOURCE,112905,97063,MANGA,MANGA,Dance Dance Danseur,2015-09-14
132232,ALTERNATIVE,10721,10721,ANIME,TV,Mawaru Penguindrum,2011-07-08
132232,SEQUEL,148179,,ANIME,MOVIE,RE:cycle of the PENGUINDRUM: Kouhen - Boku wa Kimi wo Aishiteru,2022-07-22
132351,SOURCE,116091,125180,MANGA,MANGA,"Kono Healer, Mendokusai",2020-02-21
132474,ALTERNATIVE,98900,105328,MANGA,MANGA,"Gaikotsu Kishi-sama, Tadaima Isekai e Odekakechuu",2017-02-10
132474,SOURCE,87239,90467,MANGA,NOVEL,"Gaikotsu Kishi-sama, Tadaima Isekai e Odekakechuu",2015-06-25
132474,SEQUEL,185542,60522,ANIME,TV,"Gaikotsu Kishi-sama, Tadaima Isekai e Odekakechuu II",2026-07-04
132526,PREQUEL,132525,48776,ANIME,TV,Build Divide: Code Black,2021-10-10
132532,SOURCE,105142,103008,MANGA,MANGA,Deaimon,2016-05-02
133124,PREQUEL,107203,38400,ANIME,MOVIE,Free!: the Final Stroke - Zenpen,2021-09-17
133175,SOURCE,114478,133273,MANGA,NOVEL,Mahoutsukai Reimeiki,2018-08-31
133175,ALTERNATIVE,114429,121489,MANGA,MANGA,Mahoutsukai Reimeiki,2019-07-26
133175,PARENT,97682,34176,ANIME,TV,Zero kara Hajimeru Mahou no Sho,2017-04-10
133175,SIDE_STORY,149099,51349,ANIME,ONA,Mahoutsukai Reimeiki Mini Anime,2022-03-19
133412,SPIN_OFF,148087,148006,MANGA,MANGA,Healer Girl: espressivo,2022-05-26
133891,PREQUEL,113970,40879,ANIME,TV,Love Live! Nijigasaki Gakuen School Idol Doukoukai,2020-10-03
133891,CHARACTER,106923,39944,ANIME,MUSIC,TOKIMEKI Runners,2018-11-21
133891,SEQUEL,157654,53671,ANIME,OVA,Love Live! Nijigasaki Gakuen School Idol Doukoukai: NEXT SKY,2023-06-23
133898,ADAPTATION,155024,,MANGA,NOVEL,Gekijouban Dragon Ball Super: Super Hero,2022-06-14
133898,ADAPTATION,86508,89734,MANGA,MANGA,Dragon Ball Super,2015-06-20
133898,PREQUEL,206812,63368,ANIME,,Dragon Ball Super: Ginga Patrol,
134732,SOURCE,107279,102256,MANGA,MANGA,Aoashi,2015-01-05
134732,SEQUEL,191788,61603,ANIME,TV,Aoashi 2nd Season,2026-10-04
135384,SOURCE,108923,121793,MANGA,MANGA,Shachiku-san wa Youjo Yuurei ni Iyasaretai.,2019-02-02
136080,PREQUEL,117002,41530,ANIME,TV,Magia Record: Mahou Shoujo Madoka☆Magica Gaiden 2nd SEASON - Kakusei Zenya,2021-08-01
136080,ALTERNATIVE,104273,115774,MANGA,MANGA,Magia Record: Mahou Shoujo Madoka☆Magica Gaiden,2018-08-24
136226,PREQUEL,112296,40485,ANIME,OVA,Strike the Blood IV,2020-04-08
136226,SOURCE,71021,41021,MANGA,NOVEL,Strike the Blood,2011-05-10
136303,SOURCE,97504,100193,MANGA,MANGA,Shin Ikkitousen,2015-11-30
136303,PREQUEL,105391,38425,ANIME,OVA,Ikkitousen: Western Wolves,2019-01-03
137281,SOURCE,98686,103939,MANGA,MANGA,Aharen-san wa Hakarenai,2017-01-29
137281,SIDE_STORY,147728,51243,ANIME,ONA,Aharen-san wa Hakarenai Mini,2022-03-11
137281,SEQUEL,179979,59466,ANIME,TV,Aharen-san wa Hakarenai Season 2,2025-04-07
137633,ADAPTATION,150501,145731,MANGA,MANGA,Love All Play,2022-04-08
137734,PREQUEL,120046,42238,ANIME,ONA,Ani ni Tsukeru Kusuri wa Nai! 4,2020-08-05
137734,SOURCE,98808,104937,MANGA,MANGA,Kuai Ba Wo Ge Dai Zou,2016-01-25
138425,PREQUEL,138424,49721,ANIME,TV,Karakai Jouzu no Takagi-san 3,2022-01-08
138459,CHARACTER,21296,31245,ANIME,MOVIE,Zutto Mae kara Suki deshita.: Kokuhaku Jikkou Iinkai,2016-04-23
138459,CHARACTER,123434,42750,ANIME,MOVIE,Kono Sekai no Tanoshimikata: Secret Story Film,2020-12-25
138459,CHARACTER,139300,,ANIME,MUSIC,Jinsei wa Saikou no Himatsubushi,2021-04-24
138459,OTHER,151985,51439,ANIME,ONA,Heroine Tarumono!: Kiraware Heroine to Naisho no Oshigoto Mini Anime,2022-03-22
138459,CHARACTER,174749,57593,ANIME,OVA,Hajimete no Futarikkiri Ryokou,2024-03-13
138700,PARENT,124858,43325,ANIME,TV,Yuukoku no Moriarty Part 2,2021-04-04
139273,PARENT,80,80,ANIME,TV,Kidou Senshi Gundam,1979-04-07
139273,PREQUEL,151442,161565,MANGA,ONE_SHOT,Kidou Senshi Gundam: Cucuruz Doan no Shima -Doan to Rolland-,2022-06-24
139273,PREQUEL,152641,,MANGA,ONE_SHOT,Assualt on CasaBlanca,2022-06-24
139303,CHARACTER,12079,12079,ANIME,MUSIC,Black★Rock Shooter,2008-06-13
139303,CHARACTER,56292,26292,MANGA,MANGA,Black★Rock Shooter: Innocent Soul,2011-06-04
140002,PARENT,235,235,ANIME,TV,Meitantei Conan,1996-01-08
140002,SOURCE,102750,114379,MANGA,MANGA,Meitantei Conan: Zero no Tea Time,2018-04-09
140085,ALTERNATIVE,126304,109268,MANGA,MANGA,Shadowverse: Dengeki Comic Anthology,2017-03-27
140085,SPIN_OFF,141814,,MANGA,MANGA,Shadowverse Flame: Digifre Nikki,2021-11-15
140085,PREQUEL,112325,40506,ANIME,TV,Shadowverse,2020-04-07
140085,SEQUEL,163136,54854,ANIME,TV,Shadowverse Flame: Seven Shadows-hen,2023-07-08
140350,SOURCE,46765,16765,MANGA,MANGA,Kingdom,2006-01-26
140350,PREQUEL,113108,40682,ANIME,TV,Kingdom 3rd Season,2020-04-06
140350,SEQUEL,155227,53223,ANIME,TV,Kingdom 5th Season,2024-01-14
140457,SOURCE,111761,115500,MANGA,NOVEL,"Yuusha, Yamemasu: Tsugi no Shokuba wa Maoujou",2017-12-10
140457,ALTERNATIVE,102861,115501,MANGA,MANGA,"Yuusha, Yamemasu",2018-05-31
140457,SIDE_STORY,151126,51562,ANIME,OVA,"Yuusha, Yamemasu: Kenshuu Ryokou wa Mokuteki wo Miushinau na",2022-06-24
140457,OTHER,154178,52977,ANIME,ONA,"Yuusha, Yamemasu Puchi Hiroma",2022-05-23
140765,PARENT,33675,3675,MANGA,MANGA,Meitantei Yumemizu Kiyoshirou Jiken Note,2004-08-03
140765,SEQUEL,162682,54705,ANIME,MOVIE,Kaitou Queen no Yuuga na Vacances,2025-05-23
140787,PREQUEL,126835,43778,ANIME,TV,Motto! Majime ni Fumajime Kaiketsu Zorori 2nd Season,2021-04-02
140830,SEQUEL,151606,52229,ANIME,TV,BIRDIE WING: Golf Girls' Story Season 2,2023-04-08
140830,CHARACTER,189893,60984,ANIME,ONA,Sora-iro Utility × BIRDIE WING: Golf Girls' Story Mini Anime,2025-02-12
140842,SOURCE,140855,141466,MANGA,MANGA,Chiikawa: Nanka Chiisakute Kawaii Yatsu,2020-01-19
140842,CHARACTER,171203,57586,ANIME,MUSIC,Santa Tell Me,2023-12-04
140842,SIDE_STORY,202717,63011,ANIME,MOVIE,Chiikawa: Ningyo no Shima no Himitsu,2026-07-24
140960,SOURCE,108556,119161,MANGA,MANGA,SPY×FAMILY,2019-03-25
140960,SEQUEL,142838,50602,ANIME,TV,SPY×FAMILY Part 2,2022-10-01
141014,SOURCE,85911,62795,MANGA,MANGA,Tomodachi Game,2013-12-09
141350,SOURCE,100930,112089,MANGA,MANGA,Kunoichi Tsubaki no Mune no Uchi,2018-01-12
141774,SOURCE,123034,137109,MANGA,MANGA,Paripi Koumei,2019-12-31
141774,SUMMARY,171026,57369,ANIME,MOVIE,Paripi Koumei: Road To Summer Sonia,2024-03-01
141774,OTHER,207886,62843,ANIME,SPECIAL,Run Run Lantern,2025-10-19
142016,SOURCE,102244,107935,MANGA,MANGA,Yatogame-chan Kansatsu Nikki,2016-05-28
142016,PREQUEL,124394,42959,ANIME,TV_SHORT,Yatogame-chan Kansatsu Nikki Sansatsume,2021-01-10
142074,ALTERNATIVE,104503,116157,MANGA,MANGA,Otomege Sekai wa Mob ni Kibishii Sekai desu,2018-10-09
142074,SOURCE,104504,116557,MANGA,NOVEL,Otomege Sekai wa Mob ni Kibishii Sekai desu,2018-05-30
142074,SEQUEL,159309,54000,ANIME,TV,Otomege Sekai wa Mob ni Kibishii Sekai desu 2,2026-07-08
142219,PARENT,235,235,ANIME,TV,Meitantei Conan,1996-01-08
142219,ADAPTATION,216453,167474,MANGA,MANGA,Meitantei Conan: Halloween no Hanayome,2023-06-23
142455,ADAPTATION,146480,146649,MANGA,MANGA,Bubble,2022-04-22
142549,PREQUEL,127331,44616,ANIME,MOVIE,Crayon Shin-chan: Nazo Meki! Hana no Tenkasu Gakuen,2021-07-30
142549,PARENT,966,966,ANIME,TV,Crayon Shin-chan,1992-04-13
142549,SOURCE,32435,2435,MANGA,MANGA,Crayon Shin-chan,1990-08
142549,SEQUEL,158595,53810,ANIME,MOVIE,Shin Jigen! Crayon Shin-chan THE MOVIE: Chounouryoku Daikessen - Tobe Tobe Temakizushi,2023-08-04
142806,PARENT,100790,35656,ANIME,TV,Oshiri Tantei,2018-05-03
142842,OTHER,10015,10015,ANIME,TV,Yu☆Gi☆Oh! ZEXAL,2011-04-11
142842,OTHER,482,482,ANIME,TV,Yu☆Gi☆Oh! Duel Monsters GX,2004-10-06
142842,OTHER,114072,40145,ANIME,TV,Yu☆Gi☆Oh! SEVENS,2020-04-04
142842,OTHER,98231,34866,ANIME,TV,Yu☆Gi☆Oh! VRAINS,2017-05-10
142842,OTHER,15489,15489,ANIME,TV,Yu☆Gi☆Oh! ZEXAL II,2012-10-07
142842,OTHER,3972,3972,ANIME,TV,Yu☆Gi☆Oh! 5D's,2008-04-02
142842,OTHER,20552,21639,ANIME,TV,Yu☆Gi☆Oh! ARC-V,2014-04-06
142842,ADAPTATION,158311,152972,MANGA,MANGA,Yu☆Gi☆Oh! Go Rush!!,2022-04-04
142842,OTHER,481,481,ANIME,TV,Yu☆Gi☆Oh! Duel Monsters,2000-04-18
142984,PREQUEL,133965,48926,ANIME,TV,"Komi-san wa, Komyushou desu.",2021-10-07
142984,SOURCE,97852,99007,MANGA,MANGA,"Komi-san wa, Komyushou desu.",2016-05-18
142984,OTHER,172423,57650,ANIME,MUSIC,Koshaberi Biyori,2023-03-07
143080,ALTERNATIVE,128547,46102,ANIME,TV,Odd Taxi,2021-04-06
143150,PREQUEL,132528,48775,ANIME,TV_SHORT,Kaginado,2021-10-13
143150,CHARACTER,144,144,ANIME,TV,Kanon,2002-01-31
143150,CHARACTER,4181,4181,ANIME,TV,CLANNAD: After Story,2008-10-03
143150,CHARACTER,21732,33091,ANIME,ONA,planetarian: Chiisana Hoshi no Yume,2016-07-07
143150,CHARACTER,656,656,ANIME,SPECIAL,AIR in Summer,2005-08-28
143150,CHARACTER,13655,13655,ANIME,TV,Little Busters!,2012-10-06
143150,CHARACTER,21382,31716,ANIME,TV,Rewrite,2016-07-02
143150,CHARACTER,2167,2167,ANIME,TV,CLANNAD,2007-10-05
143150,CHARACTER,1530,1530,ANIME,TV,Kanon (2006),2006-10-05
143150,CHARACTER,101,101,ANIME,TV,AIR,2005-01-07
143150,CHARACTER,6547,6547,ANIME,TV,Angel Beats!,2010-04-03
143202,PARENT,129759,41140,ANIME,MOVIE,Princess Principal: Crown Handler - Chapter 2,2021-09-23
143203,PREQUEL,131005,48466,ANIME,TV,Kyoukai Senki,2021-10-05
143289,SEQUEL,144770,54793,ANIME,MOVIE,BLOODY ESCAPE: Jigoku no Tousou Geki,2024-01-05
143455,CHARACTER,139044,55394,ANIME,SPECIAL,Jongtama PV,2020-06-22
143455,SIDE_STORY,146866,51465,ANIME,ONA,Jongtama PONG☆Hai,2022-03-28
143455,SIDE_STORY,151067,53766,ANIME,SPECIAL,Jongtama PONG☆ Special,2022-10-26
143455,SEQUEL,172964,57753,ANIME,ONA,Jongtama Kan!!,2024-04-25
144336,CHARACTER,129190,47159,ANIME,TV,Tensai Ouji no Akaji Kokka Saisei Jutsu,2022-01-11
144336,PREQUEL,137898,49592,ANIME,ONA,Tensai Ouji no Akaji Kokka Saisei Jutsu: Short Drama,2021-08-11
144853,SEQUEL,183162,60127,ANIME,ONA,Insect Land (ONA),2024-04-26
145813,PARENT,112153,40351,ANIME,TV,Pocket Monsters (2019),2019-11-17
145968,PREQUEL,126650,42890,ANIME,ONA,Cap Kakumei Bottleman,2020-10-09
145968,SIDE_STORY,177458,52867,ANIME,ONA,Cap Kakumei Bottleman DX: Side Story,2022-08-21
146488,PARENT,2581,2581,ANIME,TV,Kidou Senshi Gundam 00,2007-10-06
146488,PARENT,3927,3927,ANIME,TV,Kidou Senshi Gundam 00 2nd Season,2008-10-05
146865,PREQUEL,130584,46652,ANIME,TV,DUEL MASTERS King!,2021-04-04
146865,SEQUEL,153412,52460,ANIME,TV,Duel Masters WIN,2022-09-04
146866,PARENT,143455,50789,ANIME,TV_SHORT,Jongtama PONG☆,2022-04-02
146866,CHARACTER,153278,,ANIME,MUSIC,Knock on the new world,2022-07-28
147728,PARENT,137281,49520,ANIME,TV,Aharen-san wa Hakarenai,2022-04-02
148295,PARENT,132052,48675,ANIME,TV,Kakkou no Iinazuke,2022-04-24
148821,PARENT,125682,43735,ANIME,TV,CUE!,2022-01-08
149098,CHARACTER,149099,51349,ANIME,ONA,Mahoutsukai Reimeiki Mini Anime,2022-03-19
149098,CHARACTER,145994,51543,ANIME,ONA,Machikado Mazoku: 2-Choume Mini,2022-02-14
149099,PARENT,133175,48842,ANIME,TV,Mahoutsukai Reimeiki,2022-04-08
149099,CHARACTER,149098,,ANIME,ONA,Mahoutsukai Reimeiki × Machikado Mazoku 2-Choume Collab Mini Anime,2022-04-07
150583,PARENT,141391,50346,ANIME,TV,Yofukashi no Uta,2022-07-08
154081,PARENT,124641,42994,ANIME,TV,Jashin-chan Dropkick X,2022-07-06
154081,PREQUEL,154198,,ANIME,ONA,Jashin-chan Dropkick Mame Anime,2021-10-28
154178,PARENT,140457,50175,ANIME,TV,"Yuusha, Yamemasu",2022-04-05
154178,SOURCE,111761,115500,MANGA,NOVEL,"Yuusha, Yamemasu: Tsugi no Shokuba wa Maoujou",2017-12-10
155736,OTHER,155910,51412,ANIME,ONA,Tenjin,2022-03-30
155736,OTHER,155911,49844,ANIME,ONA,Kirakira Kirari☆,2022-03-30
155736,OTHER,155913,51413,ANIME,ONA,Rock'n Oyone,2022-03-30
172896,ALTERNATIVE,196229,62046,ANIME,TV_SHORT,Tomica Heroes Jobraver: Tokusou Gattai Robo (TV),2025-07-06
172896,OTHER,98077,34741,ANIME,TV,Tomica Hyper Rescue Drive Head Kidou Kyuukyuu Keisatsu,2017-04-15
179870,PREQUEL,132697,48486,ANIME,TV,Oshiri Tantei 5,2021-04-03
179870,SEQUEL,179871,53514,ANIME,TV,Oshiri Tantei 7,2023-04-08
183474,PREQUEL,142480,49991,ANIME,ONA,Yankee Hamster 2,2019-03-29
183474,SEQUEL,183475,56622,ANIME,ONA,Yankee Hamster Season 4,2023-10-06
187219,PARENT,131927,48539,ANIME,TV_SHORT,wasimo 9,2021-03-30
204617,PREQUEL,204616,62556,ANIME,TV_SHORT,Koikeya SDGs Gekijou Suss to Tina,2021-10-03
204617,SEQUEL,204618,62558,ANIME,TV_SHORT,Koikeya SDGs Gekijou Suss to Tina Season 3,2022-10-02
207211,OTHER,140642,50203,ANIME,TV,Love Live! Superstar!! 2nd Season,2022-07-17
207211,OTHER,152633,52745,ANIME,TV_SHORT,Liella no Uta 2,2022-07-17
214077,PARENT,113469,40129,ANIME,TV_SHORT,Rebirth,2020-01-05
98577,PREQUEL,20949,27927,ANIME,TV_SHORT,Urawa no Usagi-chan,2015-04-10
98577,SEQUEL,206888,62320,ANIME,ONA,Musashino! Bonus,2025-08-18
103118,OTHER,3667,3667,ANIME,TV,Strike Witches,2008-07-04
104460,PREQUEL,104459,38474,ANIME,TV,Yuru Camp△ SEASON 2,2021-01-07
112640,PREQUEL,21218,30901,ANIME,TV,Utawarerumono: Itsuwari no Kamen,2015-10-04
114745,PREQUEL,100643,36862,ANIME,MOVIE,Made in Abyss: Fukaki Tamashii no Reimei,2020-01-17
114745,SOURCE,86551,91941,MANGA,MANGA,Made in Abyss,2012-10-20
114745,SIDE_STORY,153791,52149,ANIME,SPECIAL,Made in Abyss: Retsujitsu no Ougonkyou - Papa to Issho,2022-10-26
114745,CHARACTER,143086,50663,ANIME,TV,Poputepipikku 2,2022-10-02
114745,SEQUEL,160275,54250,ANIME,MOVIE,Made in Abyss: Mezameru Shinpi,2026-10-23
117196,ALTERNATIVE,687,687,ANIME,TV,Tokyo Mew Mew,2002-04-06
117196,SOURCE,30554,554,MANGA,MANGA,Tokyo Mew Mew,2000-09-01
117196,SEQUEL,154876,53097,ANIME,TV,Tokyo Mew Mew New~♡ 2nd Season,2023-04-05
117196,SIDE_STORY,153765,52612,ANIME,ONA,Petit! Tokyo Mew Mew New~♡,2022-06-30
120377,CHARACTER,154591,53013,ANIME,MUSIC,Let You Down,2022-09-12
120377,PREQUEL,185521,177083,MANGA,MANGA,Cyberpunk: Edgerunners MADNESS,2024-12-14
120377,OTHER,195539,61990,ANIME,ONA,Cyberpunk: Edgerunners 2,2026-10-20
124410,SOURCE,99943,108407,MANGA,MANGA,"Kanojo, Okarishimasu",2017-07-12
124410,PREQUEL,113813,40839,ANIME,TV,"Kanojo, Okarishimasu",2020-07-11
124410,OTHER,154176,52289,ANIME,ONA,"Kanojo, Okarishimasu 2nd Season: Date Movie",2022-05-25
124410,OTHER,154385,52562,ANIME,ONA,"Kanojo, Okarishimasu 2nd Season Petit",2022-07-05
124410,SEQUEL,154745,53050,ANIME,TV,"Kanojo, Okarishimasu 3rd Season",2023-07-08
124641,SOURCE,74279,44279,MANGA,MANGA,Jashin-chan Dropkick,2012-04-25
124641,PREQUEL,107294,39049,ANIME,ONA,Jashin-chan Dropkick’,2020-04-06
124641,OTHER,154081,52006,ANIME,ONA,Jashin-chan Dropkick X Mame Anime,2022-04-06
124641,SIDE_STORY,154198,,ANIME,ONA,Jashin-chan Dropkick Mame Anime,2021-10-28
124641,SIDE_STORY,164551,55237,ANIME,SPECIAL,Jashin-chan Dropkick [Seikimatsu-hen],2023-12-27
125261,PARENT,100402,36653,ANIME,TV,Tsurune: Kazemai Koukou Kyuudou-bu,2018-10-22
125261,SOURCE,102830,114744,MANGA,NOVEL,Tsurune: Kazemai Koukou Kyuudou-bu,2016-12-26
125440,PREQUEL,99230,35777,ANIME,ONA,Rilakkuma to Kaoru-san,2019-04-19
125440,CHARACTER,155631,53316,ANIME,MUSIC,Pocket no Naka,2022-08-24
125440,CHARACTER,183231,60153,ANIME,TV_SHORT,Rilakkuma,2026-04-04
128223,SOURCE,108105,119216,MANGA,MANGA,Soredemo Ayumu wa Yosetekuru,2019-03-06
129192,SOURCE,106145,115923,MANGA,NOVEL,"Tensei Kenja no Isekai Life: Daini no Shokugyou wo Ete, Sekai Saikyou ni Narimashita",2018-05-17
129192,ALTERNATIVE,106144,115917,MANGA,MANGA,"Tensei Kenja no Isekai Life: Daini no Shokugyo wo Ete, Sekai Saikyou ni Narimashita",2018-06-29
129196,SOURCE,85162,56743,MANGA,NOVEL,Dungeon ni Deai wo Motomeru no wa Machigatteiru Darou ka,2013-01-15
129196,PREQUEL,112124,40454,ANIME,TV,Dungeon ni Deai wo Motomeru no wa Machigatteiru Darou ka III,2020-10-03
129196,SEQUEL,155211,53111,ANIME,TV,Dungeon ni Deai wo Motomeru no wa Machigatteiru Darou ka IV: Shin Shou Yakusai-hen,2023-01-05
130592,SOURCE,66719,36719,MANGA,NOVEL,Hataraku Maou-sama!,2011-02-10
130592,PREQUEL,15809,15809,ANIME,TV,Hataraku Maou-sama!,2013-04-04
130592,SEQUEL,155168,53200,ANIME,TV,Hataraku Maou-sama!! 2nd Season,2023-07-13
130592,SIDE_STORY,154539,52970,ANIME,ONA,Chiichai! Maou-sama!!,2022-07-17
131912,SOURCE,99779,110074,MANGA,MANGA,Fuuto Tantei,2017-08-07
131912,SEQUEL,178774,59186,ANIME,MOVIE,Fuuto Tantei: Kamen Rider Skull no Shouzou,2024-11-08
132055,PREQUEL,153146,52573,ANIME,SPECIAL,Uta no☆Prince-sama♪ Maji LOVE ST☆RISH Tours: Tabi no Hajimari,2022-07-31
132055,SEQUEL,172393,57622,ANIME,MOVIE,Uta no☆Prince-sama♪ TABOO NIGHT XXXX,2025-05-09
132804,PREQUEL,130439,52052,ANIME,TV_SHORT,Zannen na Ikimono Jiten (2021),2021-01-31
133844,SOURCE,85976,81669,MANGA,NOVEL,Overlord,2012-06-30
133844,PREQUEL,101474,37675,ANIME,TV,Overlord III,2018-07-10
133844,SEQUEL,133845,48896,ANIME,MOVIE,Overlord: Sei Oukoku-hen,2024-09-20
133844,SIDE_STORY,151898,48897,ANIME,ONA,Overlord: Ple Ple Pleiades 4,2022-07-05
135177,PARENT,21261,31174,ANIME,TV,Osomatsu-san,2015-10-06
135177,PARENT,120851,42391,ANIME,TV,Osomatsu-san 3rd Season,2020-10-13
135177,SEQUEL,135178,49120,ANIME,MOVIE,Osomatsu-san: Tamashii no Takoyaki Party to Densetsu no Otomari-kai,2023-07-21
135806,SOURCE,104617,120177,MANGA,MANGA,Isekai Oji-san,2018-06-29
136064,PREQUEL,125839,43756,ANIME,TV,Bakuten!!,2021-04-09
136707,SOURCE,97314,99039,MANGA,NOVEL,Isekai Yakkyoku,2016-01-25
136707,ALTERNATIVE,99024,103320,MANGA,MANGA,Isekai Yakkyoku,2016-11-19
136934,ALTERNATIVE,110342,122649,MANGA,MANGA,Mamahaha no Tsurego ga Motokano datta,2019-05-03
136934,SOURCE,109422,132874,MANGA,NOVEL,Mamahaha no Tsurego ga Motokano datta,2018-12-01
137621,SOURCE,125524,,MANGA,MANGA,Hanabi-chan wa Okure-gachi,2019-11-21
137819,PARENT,7785,7785,ANIME,TV,Yojouhan Shinwa Taikei,2010-04-23
138882,SOURCE,107896,121615,MANGA,MANGA,Kumichou Musume to Sewagakari,2018-06-05
138882,OTHER,144992,50930,ANIME,ONA,Kumichou Musume to Sewagakari Picture Drama,2022-01-28
139093,PREQUEL,125038,43439,ANIME,TV,Shadows House,2021-04-11
139093,SOURCE,104063,115730,MANGA,MANGA,Shadows House,2018-09-06
139212,PREQUEL,128827,48862,ANIME,TV,Cardfight!! Vanguard: overDress Season 2,2021-10-05
139212,SEQUEL,139213,49820,ANIME,TV,Cardfight!! Vanguard: will+Dress Season 2,2023-01-14
139643,CHARACTER,154895,53335,ANIME,MUSIC,Natsugare,2022-09-15
140187,SOURCE,42965,12965,MANGA,MANGA,Shin Tennis no Ouji-sama,2009-03-04
140187,PREQUEL,20941,21755,ANIME,OVA,Shin Tennis no Ouji-sama OVA vs. Genius 10,2014-10-29
140187,SEQUEL,123476,41842,ANIME,ONA,Shin Tennis no Ouji-sama: Hyoutei vs Rikkai - Game of Future,2021-02-13
140187,SEQUEL,165810,55570,ANIME,TV,Shin Tennis no Ouji-sama: U-17 WORLD CUP SEMIFINAL,2024-10-03
140642,PREQUEL,114979,41169,ANIME,TV,Love Live! Superstar!!,2021-07-11
140642,SIDE_STORY,152633,52745,ANIME,TV_SHORT,Liella no Uta 2,2022-07-17
140642,SEQUEL,155502,53287,ANIME,TV,Love Live! Superstar!! 3rd Season,2024-10-06
140642,SPIN_OFF,162400,,MANGA,MANGA,Love Live! Superstar!! Liella! Kila2 Life Comic,2022-12-22
140642,CHARACTER,193705,61745,ANIME,MUSIC,Ai♡Scream!,2025-05-29
140642,OTHER,207211,56140,ANIME,ONA,Renzoku Liella Shousetsu: Ren-chan,2022-04-01
140753,ALTERNATIVE,144645,148287,MANGA,MANGA,SHINE POST,2022-01-27
140753,ALTERNATIVE,144646,141422,MANGA,NOVEL,"SHINE POST Nee Shitteta?: Watashi wo Zettai Idol ni Suru tame no, Goku Futsuu de Atarimae na, Tobikkiri no Mahou",2021-10-08
140753,OTHER,169825,56793,ANIME,MUSIC,Be Your Light!!,2021-10-26
140753,OTHER,169884,56814,ANIME,MUSIC,GYB!!,2022-04-23
141351,SOURCE,96626,95347,MANGA,MANGA,Kakegurui Twin,2015-09-19
141351,PARENT,98314,34933,ANIME,TV,Kakegurui,2017-07-01
141391,SOURCE,111233,121480,MANGA,MANGA,Yofukashi no Uta,2019-08-28
141391,SIDE_STORY,150583,52015,ANIME,ONA,Yofukashi no Uta Mini,2022-06-06
141391,SEQUEL,175914,58390,ANIME,TV,Yofukashi no Uta Season 2,2025-07-04
141775,PREQUEL,53692,23692,MANGA,MANGA,Shoot!: Arata Naru Densetsu,2000-03-08
141775,PREQUEL,2682,2682,ANIME,MOVIE,Aoki Densetsu Shoot! (Movie),1994-12-04
141902,PARENT,21,21,ANIME,TV,ONE PIECE,1999-10-20
141902,CHARACTER,153959,52832,ANIME,MUSIC,Shin Jidai,2022-06-15
141902,CHARACTER,153964,52871,ANIME,MUSIC,Watashi wa Saikyou,2022-06-22
141902,CHARACTER,153966,52847,ANIME,MUSIC,Gyakkou,2022-07-06
141902,CHARACTER,153973,52872,ANIME,MUSIC,Utakata Lullaby,2022-08-06
141902,CHARACTER,153982,52873,ANIME,MUSIC,Sekai no Tsuzuki,2022-08-10
141902,CHARACTER,153986,52846,ANIME,MUSIC,Tot Musica,2022-08-17
141902,OTHER,154001,52893,ANIME,MUSIC,Kaze no Yukue,2022-08-24
142095,SOURCE,110968,114620,MANGA,MANGA,Kami Kuzu☆Idol,2017-12-28
142173,PARENT,20693,23587,ANIME,TV,THE IDOLM@STER Cinderella Girls,2015-01-10
142769,SOURCE,117853,138406,MANGA,NOVEL,"Natsu e no Tunnel, Sayonara no Deguchi",2019-07-18
142769,ALTERNATIVE,136320,138407,MANGA,MANGA,"Natsu e no Tunnel, Sayonara no Deguchi: Gunjou",2020-07-18
142876,SEQUEL,131518,48549,ANIME,TV,Dr. STONE: NEW WORLD,2023-04-06
142876,PREQUEL,113936,40852,ANIME,TV,Dr. STONE: STONE WARS,2021-01-14
142876,SOURCE,98416,103897,MANGA,MANGA,Dr. STONE,2017-03-06
143082,PARENT,126288,44055,ANIME,TV,Sasaki to Miyano,2022-01-10
143270,ADAPTATION,151808,150973,MANGA,MANGA,Lycoris Recoil,2022-09-05
143270,SIDE_STORY,151809,151431,MANGA,NOVEL,Lycoris Recoil: Ordinary days,2022-09-09
143270,SPIN_OFF,155071,153383,MANGA,MANGA,Lycoris Recoil Recollect,2022-10-28
143270,SPIN_OFF,155976,154401,MANGA,MANGA,Lycoris Recoil Koushiki Comic Anthology: Reload,2022-12-22
143270,SPIN_OFF,157671,155639,MANGA,MANGA,Lycoris Recoil Koushiki Comic Anthology: Repeat,2022-12-22
143270,SPIN_OFF,158111,155640,MANGA,MANGA,Lycoris Recoil Koushiki Comic Anthology: React,2022-12-22
143270,OTHER,161410,54440,ANIME,,Lycoris Recoil (Shinsaku Animation),
143270,SIDE_STORY,179706,59369,ANIME,ONA,Lycoris Recoil: Friends are thieves of time.,2025-04-16
143270,SPIN_OFF,189607,151431,MANGA,NOVEL,Lycoris Recoil: Recovery days,2024-03-08
143270,SPIN_OFF,203175,,MANGA,NOVEL,Lycoris Recoil: Gluttony days,2026-01-09
143417,SOURCE,128869,143030,MANGA,MANGA,Teppen!!!,2021-01-08
144323,SOURCE,40552,10552,MANGA,MANGA,Hoshi no Samidare,2005-06-30
144509,SPIN_OFF,161176,,MANGA,MANGA,Prima Doll: New Order,2022-07-15
144509,SPIN_OFF,162040,,MANGA,MANGA,Prima Doll: Youkoso Kuro Nekotei e,2022-08-12
144677,SOURCE,30611,611,MANGA,MANGA,BASTARD!!: Ankoku no Hakaishin,1988-03-14
144677,ALTERNATIVE,404,404,ANIME,OVA,BASTARD!!: Ankoku no Hakaishin,1992-08-25
144677,SOURCE,132181,,MANGA,ONE_SHOT,WIZARD!! Bakuen no Seifukusha,1987-11-02
144677,SEQUEL,159926,54141,ANIME,ONA,BASTARD!!: Ankoku no Hakaishin - Jigoku no Chinkonka-hen,2023-07-31
144687,PARENT,142080,50281,ANIME,TV,Delicious Party♡Precure,2022-02-06
144687,OTHER,154678,53196,ANIME,SPECIAL,Watashi dake no Okosama Lunch,2022-09-23
145260,ALTERNATIVE,101746,112121,MANGA,MANGA,Kuro no Shoukanshi,2018-01-18
145260,SOURCE,101810,99059,MANGA,NOVEL,Kuro no Shoukanshi,2016-06-25
145545,ALTERNATIVE,96798,96371,MANGA,MANGA,Youkoso Jitsuryoku Shijou Shugi no Kyoushitsu e,2016-01-27
145545,SOURCE,94970,89357,MANGA,NOVEL,Youkoso Jitsuryoku Shijou Shugi no Kyoushitsu e,2015-05-25
145545,PREQUEL,98659,35507,ANIME,TV,Youkoso Jitsuryoku Shijou Shugi no Kyoushitsu e,2017-07-12
145545,SEQUEL,146066,51180,ANIME,TV,Youkoso Jitsuryoku Shijou Shugi no Kyoushitsu e 3rd Season,2024-01-03
146210,SOURCE,118741,120582,MANGA,MANGA,Kinsou no Vermeil: Gakeppuchi Majutsushi wa Saikyou no Yakusai to Mahou Sekai wo Tsukisusumu,2018-08-10
146321,PREQUEL,115069,39681,ANIME,TV,D4DJ First Mix,2020-10-30
146321,SEQUEL,147216,51586,ANIME,TV,D4DJ All Mix,2023-01-08
146501,PARENT,101634,37870,ANIME,TV,BanG Dream! 3rd Season,2020-01-23
146501,CHARACTER,116210,41377,ANIME,MUSIC,Daylight,2020-03-01
146501,CHARACTER,141904,50169,ANIME,MUSIC,fly with the night,2021-10-18
146501,CHARACTER,154961,53330,ANIME,MUSIC,The Circle Of Butterflies,2022-09-24
146625,ALTERNATIVE,151789,,MANGA,MANGA,Engage Kiss,2022-07-02
146631,PREQUEL,132324,43204,ANIME,MOVIE,Gundam: G no Reconguista III - Uchuu kara no Isan,2021-07-22
146631,SEQUEL,146632,43206,ANIME,MOVIE,Gundam: G no Reconguista V - Shisen wo Koete,2022-08-05
146632,PREQUEL,146631,43205,ANIME,MOVIE,Gundam: G no Reconguista IV - Gekitou Ni Sakebu Ai,2022-07-22
146637,PREQUEL,128034,45560,ANIME,TV,ORIENT,2022-01-06
146637,SOURCE,101873,113644,MANGA,MANGA,ORIENT,2018-05-30
146650,SPIN_OFF,162439,,MANGA,MANGA,Pucchigire!,2022-04-14
146668,CHARACTER,86560,93675,MANGA,MANGA,RWBY,2015-11-19
146668,CHARACTER,106453,,MANGA,MANGA,RWBY: The Official Manga,2018-11-19
146668,CHARACTER,101745,107982,MANGA,MANGA,RWBY: Official Manga Anthology,2017-05-19
146668,ADAPTATION,146829,145374,MANGA,MANGA,RWBY: Hyousetsu Teikoku THE COMIC,2022-06-27
146722,SOURCE,33009,3009,MANGA,MANGA,JoJo no Kimyou na Bouken: Stone Ocean,1999-12-07
146722,PREQUEL,131942,48661,ANIME,ONA,JoJo no Kimyou na Bouken: Stone Ocean,2021-12-01
146722,SEQUEL,190327,61469,ANIME,ONA,JoJo no Kimyou na Bouken: Steel Ball Run - 1st STAGE,2026-03-19
146921,SOURCE,86274,88923,MANGA,NOVEL,Arifureta Shokugyou de Sekai Saikyou,2015-06-25
146921,SOURCE,124787,125234,MANGA,NOVEL,Arifureta Shokugyou de Sekai Saikyou Shouhenshuu,2019-09-25
146921,PARENT,112323,40507,ANIME,TV,Arifureta Shokugyou de Sekai Saikyou 2nd season,2022-01-13
146922,SEQUEL,139274,49828,ANIME,TV,Kidou Senshi Gundam: Suisei no Majo,2022-10-02
146922,SEQUEL,163179,157604,MANGA,MANGA,Kidou Senshi Gundam: Suisei no Majo - Vanadis Heart,2023-03-25
148042,SOURCE,132604,142014,MANGA,MANGA,Yoru wa Neko to Issho,2019-12-23
148042,SEQUEL,160088,54198,ANIME,ONA,Yoru wa Neko to Issho Season 2,2023-03-08
148179,PREQUEL,132232,48624,ANIME,MOVIE,RE:cycle of the PENGUINDRUM: Zenpen - Kimi no Ressha wa Seizon Senryaku,2022-04-29
148179,ALTERNATIVE,10721,10721,ANIME,TV,Mawaru Penguindrum,2011-07-08
148492,SEQUEL,155291,53231,ANIME,TV_SHORT,KJ File 2nd Season,2023-01-09
148960,PREQUEL,21307,,ANIME,TV,Aikatsu! 4,2015-10-01
148960,OTHER,155525,52992,ANIME,MOVIE,Aikatsu Planet! Movie,2022-07-15
148960,SEQUEL,155738,53499,ANIME,MOVIE,Aikatsu! 10th STORY: Mirai e no STARWAY (2023),2023-01-20
149073,PARENT,117193,41587,ANIME,TV,Boku no Hero Academia 5,2021-03-27
149326,SOURCE,114917,123450,MANGA,MANGA,Saikin Yatotta Maid ga Ayashii,2020-01-22
149874,ALTERNATIVE,154992,152503,MANGA,MANGA,Warau Arsnotoria Sun!,2022-06-09
149874,SIDE_STORY,154993,,MANGA,NOVEL,Warau Arsnotoria Sun! Kotou no Mahou Koubutsugaku Jishuu,2022-07-29
150575,SOURCE,105658,116765,MANGA,MANGA,Sekai no Owari ni Shiba Inu to,2017-11-27
150697,PREQUEL,131880,48641,ANIME,ONA,Obey Me!,2021-07-16
150697,ALTERNATIVE,141204,143656,MANGA,MANGA,Obey Me! The Comic,2021-11-01
150909,ALTERNATIVE,113335,50938,ANIME,SPECIAL,Minna no Tonio-chan: FUCK THE WORLD,2004
150909,SOURCE,110231,,MANGA,MANGA,Minna no Tonio-chan,1999
150909,OTHER,158562,55461,ANIME,MUSIC,TIME,2022-09-14
150909,SEQUEL,182434,60029,ANIME,TV,5-Oku-nen Button Part 2,2024-09-30
151126,PARENT,140457,50175,ANIME,TV,"Yuusha, Yamemasu",2022-04-05
151128,PREQUEL,130514,44848,ANIME,TV_SHORT,iii icecrin,2021-04-06
151659,SOURCE,31045,1045,MANGA,MANGA,Saint Seiya,1985-12-03
151659,ALTERNATIVE,1254,1254,ANIME,TV,Saint Seiya,1986-10-11
151659,PREQUEL,114448,36040,ANIME,ONA,Saint Seiya: Knights of the Zodiac Part 2,2020-01-23
151659,ALTERNATIVE,10687,10687,ANIME,MOVIE,Saint Seiya: LEGEND of SANCTUARY,2014-07-01
151659,SEQUEL,158988,53748,ANIME,ONA,Saint Seiya: Knights of the Zodiac Battle Sanctuary Part 2,2024-04-01
151898,PREQUEL,103209,37781,ANIME,ONA,Overlord: Ple Ple Pleiades 3,2018-07-10
151898,SOURCE,85976,81669,MANGA,NOVEL,Overlord,2012-06-30
151898,PARENT,133844,48895,ANIME,TV,Overlord IV,2022-07-05
151898,OTHER,170620,57034,ANIME,ONA,Ple Ple Pleiades × Kage-Jitsu!,2023-10-31
152633,PREQUEL,139409,49988,ANIME,TV_SHORT,Liella no Uta,2021-07-11
152633,PARENT,140642,50203,ANIME,TV,Love Live! Superstar!! 2nd Season,2022-07-17
152633,SEQUEL,183383,60062,ANIME,TV_SHORT,Love Live! Superstar!! Season 3 NHK E Tokubetsu Part,2024-10-06
152633,OTHER,207211,56140,ANIME,ONA,Renzoku Liella Shousetsu: Ren-chan,2022-04-01
152636,CHARACTER,138416,48824,ANIME,SPECIAL,Blue Archive Anime PVs,2021-01-25
152636,CHARACTER,157653,53670,ANIME,ONA,beautiful day dreamer,2022-11-22
152636,CHARACTER,160589,54309,ANIME,TV,Blue Archive The Animation,2024-04-07
153146,SEQUEL,132055,48573,ANIME,MOVIE,Uta no☆Prince-sama♪ Maji LOVE ST☆RISH Tours,2022-09-02
153146,PREQUEL,107252,35645,ANIME,MOVIE,Uta no☆Prince-sama♪ Maji LOVE Kingdom,2019-06-14
153322,PARENT,112719,40488,ANIME,TV,Futsal Boys!!!!!,2022-01-09
153348,CHARACTER,118123,44042,ANIME,ONA,Holo no Graffiti,2019-05-05
153348,CHARACTER,139342,49860,ANIME,ONA,UMISEA,2021-09-15
153348,CHARACTER,156165,153092,MANGA,MANGA,holoX MEETing!,2022-11-01
153348,CHARACTER,166614,55826,ANIME,MUSIC,Seishun Archive,2023-07-01
153412,PREQUEL,146865,51037,ANIME,TV,Duel Masters King MAX,2022-04-03
153412,ALTERNATIVE,154679,166342,MANGA,MANGA,Duel Masters WIN,2022-08-12
153412,SEQUEL,163256,54762,ANIME,TV,Duel Masters WIN: Duel Wars,2023-04-02
153412,CHARACTER,176634,,ANIME,SPECIAL,Duel Masters Special Movie: DO-KA,2024-03-31
153765,PARENT,117196,41589,ANIME,TV,Tokyo Mew Mew New~♡,2022-07-06
153765,PARENT,154876,53097,ANIME,TV,Tokyo Mew Mew New~♡ 2nd Season,2023-04-05
153840,PREQUEL,3550,3550,ANIME,TV,Midori no Makibao,1996-03-09
153840,SOURCE,56125,26125,MANGA,MANGA,Midori no Makibao,1994-11-15
153906,CHARACTER,134311,,MANGA,MANGA,Tekken,1998-02
153906,CHARACTER,537,537,ANIME,OVA,Tekken,1998-01-21
153906,CHARACTER,10702,10702,ANIME,MOVIE,Tekken: BLOOD VENGEANCE,2011-07-26
154176,PARENT,124410,42963,ANIME,TV,"Kanojo, Okarishimasu 2nd Season",2022-07-02
154176,PREQUEL,162800,51135,ANIME,ONA,"Kanojo, Okarishimasu: Date Movie",2020-06-13
154385,PREQUEL,123901,42867,ANIME,ONA,"Kanojo, Okarishimasu Petit",2020-07-17
154385,PARENT,124410,42963,ANIME,TV,"Kanojo, Okarishimasu 2nd Season",2022-07-02
154385,SEQUEL,169748,56740,ANIME,ONA,"Kanojo, Okarishimasu 3rd Season Petit",2023-09-19
154539,PARENT,130592,48413,ANIME,TV,Hataraku Maou-sama!!,2022-07-14
154539,PARENT,155168,53200,ANIME,TV,Hataraku Maou-sama!! 2nd Season,2023-07-13
154540,PREQUEL,145799,50290,ANIME,ONA,Fudanshi Shoukan: Isekai de Shinjuu ni Hameraremashita Mini Anime 2nd Season,2021-11-03
154540,PARENT,123902,129769,MANGA,MANGA,Fudanshi Shoukan: Isekai de Shinjuu ni Hameraremashita,2019-12-10
154540,SEQUEL,165645,55278,ANIME,ONA,Fudanshi Shoukan: Isekai de Shinjuu ni Hameraremashita Mini Anime 4th Season,2022-12-09
154678,CHARACTER,105857,38578,ANIME,TV,Star☆Twinkle Precure,2019-02-03
154678,CHARACTER,112748,40610,ANIME,TV,Healin' Good♥Precure,2020-02-02
154678,CHARACTER,126905,44191,ANIME,TV,Tropical-Rouge! Precure,2021-02-28
154678,PARENT,144687,50963,ANIME,MOVIE,Delicious Party♡Precure: Yumemiru♡Okosama Lunch!,2022-09-23
154955,PARENT,139820,49979,ANIME,ONA,Akuyaku Reijou nano de Last Boss wo Kattemimashita,2022-09-24
155525,PREQUEL,128872,42653,ANIME,TV,Aikatsu Planet!,2021-01-10
155525,OTHER,148960,52993,ANIME,MOVIE,Aikatsu! 10th STORY: Mirai e no STARWAY,2022-07-15
156061,SEQUEL,185642,56105,ANIME,ONA,Nanashi Kaidan 2nd Season,2023-08-07
158639,SEQUEL,158640,54848,ANIME,TV_SHORT,Sakuretsu! Amabie-hime. Season2,2023-04-09
160856,PARENT,1960,1960,ANIME,TV,Sore Ike! Anpanman,1988-10-03
182545,PARENT,21727,32956,ANIME,TV_SHORT,Aware! Meisaku-kun,2016-04-08
193414,PARENT,163571,54959,ANIME,TV,BanG Dream! It's MyGO!!!!!,2023-06-29
21294,PREQUEL,20553,21511,ANIME,TV,Kantai Collection: KanColle,2015-01-08
114842,PARENT,21268,31251,ANIME,TV,Kidou Senshi Gundam: Tekketsu no Orphans,2015-10-04
116674,SOURCE,30012,12,MANGA,MANGA,BLEACH,2001-08-07
116674,PREQUEL,269,269,ANIME,TV,BLEACH,2004-10-05
116674,OTHER,142033,51060,ANIME,MUSIC,Rapport,2021-11-23
116674,SEQUEL,159322,53998,ANIME,TV,BLEACH: Sennen Kessen-hen - Ketsubetsu-tan,2023-07-08
124395,SOURCE,101724,114417,MANGA,MANGA,Uzaki-chan wa Asobitai!,2017-12-04
124395,PREQUEL,115113,41226,ANIME,TV,Uzaki-chan wa Asobitai!,2020-07-10
125910,PARENT,97904,34474,ANIME,TV,TSUKIPRO THE ANIMATION,2017-10-04
125910,CHARACTER,105244,38669,ANIME,TV,Tsukiuta. THE ANIMATION 2,2020-10-07
126425,SOURCE,102841,106175,MANGA,MANGA,Watashi ni Tenshi ga Maiorita!,2016-11-18
126425,PARENT,102680,37993,ANIME,TV,Watashi ni Tenshi ga Maiorita!,2019-01-08
127230,SOURCE,105778,116778,MANGA,MANGA,Chainsaw Man,2018-12-03
127230,OTHER,155884,53405,ANIME,MUSIC,Zanki,2022-10-20
127230,OTHER,156809,53640,ANIME,MUSIC,Jouzai,2022-11-07
127230,OTHER,157173,53581,ANIME,MUSIC,In the Back Room,2022-11-09
127230,OTHER,157349,53641,ANIME,MUSIC,Dainouteki na Rendezvous,2022-11-16
127230,OTHER,159110,54026,ANIME,MUSIC,Fight Song,2022-12-28
127230,SEQUEL,171627,57555,ANIME,MOVIE,Chainsaw Man: Reze-hen,2025-09-19
127230,SIDE_STORY,198726,,ANIME,ONA,Chainsaw Biyori,2025-09-05
128207,SOURCE,30051,51,MANGA,MANGA,SLAM DUNK,1990-09-18
128207,OTHER,170,170,ANIME,TV,SLAM DUNK,1993-10-16
128890,PREQUEL,127721,45577,ANIME,TV,IDOLiSH7: Third BEAT!,2021-07-04
128890,CHARACTER,155276,53242,ANIME,MUSIC,WONDER LiGHT,2022-10-02
128890,CHARACTER,155843,53396,ANIME,MUSIC,THE POLiCY,2022-10-19
128890,OTHER,161440,54118,ANIME,MOVIE,IDOLiSH7: LIVE 4bit - BEYOND THE PERiOD DAY 1,2023-05-20
128890,OTHER,170087,,ANIME,MOVIE,IDOLiSH7: LIVE 4bit - BEYOND THE PERiOD DAY 2,2023-05-21
128890,CHARACTER,178402,62292,ANIME,SPECIAL,#Mugen ni Tomaranai,2024-06-22
128890,SEQUEL,186336,60829,ANIME,TV,IDOLiSH7 4th Season,
128890,CHARACTER,191361,60479,ANIME,MUSIC,Crz Love,2024-12-07
130003,SOURCE,111258,118568,MANGA,MANGA,Bocchi the Rock!,2018-03-19
130003,CHARACTER,127549,45425,ANIME,TV,Slow Loop,2022-01-07
130003,SUMMARY,165253,55357,ANIME,MOVIE,Bocchi the Rock! Re:,2024-06-07
130003,SUMMARY,171099,,ANIME,MOVIE,Bocchi the Rock! Re:Re:,2024-08-09
130003,SEQUEL,186712,61006,ANIME,TV,Bocchi the Rock! 2nd Season,
130298,SOURCE,108428,115922,MANGA,NOVEL,Kage no Jitsuryokusha ni Naritakute!,2018-11-05
130298,ALTERNATIVE,106758,119022,MANGA,MANGA,Kage no Jitsuryokusha ni Naritakute!,2018-12-26
130298,SIDE_STORY,156001,53406,ANIME,ONA,Kage-Jitsu!,2022-10-26
130298,SEQUEL,161964,54595,ANIME,TV,Kage no Jitsuryokusha ni Naritakute! 2nd season,2023-10-04
130298,CHARACTER,194447,61851,ANIME,TV_SHORT,Isekai Quartet 3,2025-10-13
131182,SOURCE,71049,41049,MANGA,MANGA,Yama no Susume,2011-08-12
131182,PREQUEL,98866,35672,ANIME,TV_SHORT,Yama no Susume: Third Season,2018-07-03
131516,ADAPTATION,156717,161179,MANGA,MANGA,Do It Yourself!!,2022-10-04
135515,ALTERNATIVE,293,293,ANIME,TV_SHORT,Di Gi Charat,1999-11-30
136150,ALTERNATIVE,31305,1305,MANGA,MANGA,Seiken Densetsu: Legend of Mana,2000-04-01
137341,SOURCE,107013,117988,MANGA,MANGA,Uchi no Shishou wa Shippo ga Nai,2019-01-07
137822,SOURCE,106130,114745,MANGA,MANGA,Blue Lock,2018-08-01
137822,SEQUEL,163146,54865,ANIME,TV,Blue Lock VS. U-20 JAPAN,2024-10-05
137822,SIDE_STORY,163147,54866,ANIME,MOVIE,Blue Lock: EPISODE Nagi,2024-04-19
138565,PREQUEL,114535,41025,ANIME,TV,Fumetsu no Anata e,2021-04-12
138565,SOURCE,97830,102343,MANGA,MANGA,Fumetsu no Anata e,2016-11-09
138565,SEQUEL,162669,54703,ANIME,TV,Fumetsu no Anata e Season 3,2025-10-04
139092,PREQUEL,116338,41402,ANIME,TV,Mairimashita! Iruma-kun 2,2021-04-17
139092,SOURCE,99324,104241,MANGA,MANGA,Mairimashita! Iruma-kun,2017-03-02
139092,SEQUEL,184492,60310,ANIME,TV,Mairimashita! Iruma-kun 4,2026-04-04
139274,PARENT,80,80,ANIME,TV,Kidou Senshi Gundam,1979-04-07
139274,PREQUEL,146922,52168,ANIME,SPECIAL,Kidou Senshi Gundam: Suisei no Majo - PROLOGUE,2022-07-14
139274,SEQUEL,155158,53199,ANIME,TV,Kidou Senshi Gundam: Suisei no Majo Season 2,2023-04-09
139274,CHARACTER,162271,53286,ANIME,MUSIC,Shukufuku,2022-10-02
139274,PREQUEL,163179,157604,MANGA,MANGA,Kidou Senshi Gundam: Suisei no Majo - Vanadis Heart,2023-03-25
139274,SPIN_OFF,185872,177442,MANGA,MANGA,Kidou Senshi Gundam: Suisei no Majo - Seishun Frontier,2025-05-23
139274,CHARACTER,212323,64205,ANIME,ONA,Shounen to Gundam - Kidou Senshi Gundam 50-shuunen: Road to 50 - Prologue Movie,2026-05-15
139310,OTHER,139311,49835,ANIME,MOVIE,Kimi wo Aishita Hitori no Boku e,2022-10-07
139310,OTHER,155634,53355,ANIME,MUSIC,Kumo wo Kou,2022-10-07
139311,OTHER,139310,49834,ANIME,MOVIE,Boku ga Aishita Subete no Kimi e,2022-10-07
139369,SOURCE,139370,140399,MANGA,NOVEL,Shinmai Renkinjutsushi no Tenpo Keiei,2019-09-20
139369,ALTERNATIVE,139489,140400,MANGA,MANGA,Shinmai Renkinjutsushi no Tenpo Keiei,2020-12-11
139369,SIDE_STORY,155496,53248,ANIME,ONA,Shinmai Renkinjutsushi no Tenpo Keiei Mini Anime,2022-09-30
139369,SIDE_STORY,160089,54218,ANIME,SPECIAL,Shinmai Renkinjutsushi no Tenpo Keiei Mini Anime: Onsen,2022-12-23
139498,PARENT,116742,41487,ANIME,TV,Tensei Shitara Slime Datta Ken 2nd Season Part 2,2021-07-06
139498,PREQUEL,176083,,MANGA,MANGA,Tensei Shitara Slime Datta Ken: Guren no Kizuna-hen,2022-11-25
139498,PARENT,182206,59971,ANIME,MOVIE,Tensei Shitara Slime Datta Ken: Soukai no Namida-hen,2026-02-27
139587,SOURCE,97466,99891,MANGA,NOVEL,Tensei Shitara Ken Deshita,2016-07-30
139587,ALTERNATIVE,98014,103144,MANGA,MANGA,Tensei Shitara Ken Deshita,2016-12-09
139587,SEQUEL,159042,53913,ANIME,ONA,Tensei Shitara Ken Deshita 2nd Season,2026-10-01
139587,SIDE_STORY,164246,,MANGA,MANGA,TenKen 4-koma Gekijou: Fran to Shishou no Nichijou,2022-08-10
139630,SOURCE,85486,75989,MANGA,MANGA,Boku no Hero Academia,2014-07-07
139630,PREQUEL,117193,41587,ANIME,TV,Boku no Hero Academia 5,2021-03-27
139630,OTHER,161981,54624,ANIME,MUSIC,Bokurano (Music),2023-02-24
139630,SEQUEL,163139,54789,ANIME,TV,Boku no Hero Academia 7,2024-05-04
139630,SIDE_STORY,169402,56685,ANIME,OVA,Boku no Hero Academia: Yuuei Heroes Battle,2023-10-20
139806,PARENT,16157,16157,ANIME,TV,Choujigen Game Neptune THE ANIMATION,2013-06-22
139806,PREQUEL,108758,39638,ANIME,OVA,Choujigen Game Neptune THE ANIMATION: Nepu no Natsuyasumi,2019-07-08
139806,SEQUEL,143766,,ANIME,OVA,Choujigen Game Neptune THE ANIMATION: Hidamari no Little Purple,2023-04-26
139820,ALTERNATIVE,108258,118732,MANGA,MANGA,Akuyaku Reijou nano de Last Boss wo Kattemimashita,2018-06-26
139820,SOURCE,110779,128006,MANGA,NOVEL,Akuyaku Reijou nano de Last Boss wo Kattemimashita,2017-09-01
139820,SIDE_STORY,154955,53085,ANIME,ONA,Akuyaku Reijou nano de Last Boss wo Kattemimashita Mini,2022-09-17
140005,SOURCE,106015,112744,MANGA,MANGA,Meitantei Conan: Hannin no Hanzawa-san,2017-05-25
140005,PARENT,235,235,ANIME,TV,Meitantei Conan,1996-01-08
140439,PREQUEL,101338,37510,ANIME,TV,Mob Psycho 100 II,2019-01-07
140439,SOURCE,85189,60783,MANGA,MANGA,Mob Psycho 100,2012-04-18
140439,SIDE_STORY,214031,64597,ANIME,SPECIAL,Mob Psycho 100: 10 Shuunen Kinen Tokubetsu Eizou,2026-07-12
140660,OTHER,119080,42163,ANIME,SPECIAL,Arknights Anime PVs,2020-01-07
140660,SEQUEL,158895,53881,ANIME,TV,Arknights: Touin Kiro,2023-10-07
140660,OTHER,131969,55371,ANIME,MUSIC,Last Of Me,2020-07-26
140660,OTHER,131967,55372,ANIME,MUSIC,End Like This,2021-01-09
140660,OTHER,145904,53365,ANIME,MUSIC,Untitled World,2020-07-01
140660,OTHER,128850,149042,MANGA,MANGA,Arknights: Operators!,2021-01-22
140660,OTHER,120267,138573,MANGA,MANGA,Arknights Comic Anthology,2020-06-25
140660,OTHER,138554,48994,ANIME,ONA,Closure no Kimitsu File,2021-05-16
140660,OTHER,174748,,MANGA,MANGA,Yiqi Chi Ge Fan Ba,2024-02-09
140660,OTHER,140665,53852,ANIME,ONA,Lee Shi Zhentan Shiwusuo,2022-12-23
140660,OTHER,164205,55288,ANIME,MUSIC,Day By Day,2023-01-16
140660,OTHER,156065,53445,ANIME,MUSIC,Running In The Dark,2022-10-23
140660,OTHER,177177,58751,ANIME,SPECIAL,Arknights: 2024 Tebie Jinian Donghua,2024-04-27
140660,OTHER,127957,45574,ANIME,SPECIAL,Holy Knight Light,2020-12-25
140660,OTHER,186845,,MANGA,MANGA,Xuyan Zuqu: Jiu Chuang,2024-10-28
140660,OTHER,170749,,MANGA,MANGA,Xuyan Zuqu: Wuju Zouyin,2023-06-21
140660,OTHER,164810,,MANGA,MANGA,Xinshi Angelina Manyou Shouji,2023-04-29
140660,OTHER,177124,57996,ANIME,ONA,Arknights Xin​chun Hui: Lili Kurong,2024-01-28
140660,OTHER,149568,158492,MANGA,MANGA,Luode Dao Yuan Shi Jishi: Lai Yin Shengming,2022-06-16
140660,OTHER,149800,149038,MANGA,MANGA,Luode Chufang: Huigan,2022-05-20
140660,OTHER,152178,,MANGA,MANGA,123 Luode Dao!?,2022-01-13
140660,OTHER,147471,149040,MANGA,MANGA,Luode Dao Yuan Shi Jishi: Hei Gang,2021-07-08
140660,OTHER,187591,,ANIME,ONA,Arknights Xin​chun Hui: Zao Li Qian​kun,2025-01-19
140660,OTHER,147337,55364,ANIME,MUSIC,Ain't Seen Nothing Like This,2022-01-21
140660,OTHER,148314,,MANGA,MANGA,A1 Xingdong Yubei Zu,2022-04-23
140660,OTHER,173645,,MANGA,MANGA,Xuyan Zuqu: Li Jian Yin Feng,2023-11-29
140660,OTHER,162526,54168,ANIME,MUSIC,Egao no Hanataba,2023-01-08
140660,OTHER,204746,,MANGA,MANGA,Jing​ying Ganyuan: Qicheng,2025-09-29
140660,OTHER,213810,,MANGA,MANGA,Luode Dao Xianguang Bu,2021-05-14
140660,OTHER,179715,59354,ANIME,ONA,Shi Dao Zhe,2024-04-27
140660,OTHER,185233,,MANGA,MANGA,Cecelia de An Hun Xun Lü,2024-07-12
140660,OTHER,195039,,MANGA,MANGA,Xuyan Zuqu: Xinghong Xue Zuan,2025-05-28
140660,OTHER,185780,60611,ANIME,ONA,2024 Arknights Yinlu Lian Jue - Bumi Langchen Xiandao Yugao,2024-03-29
140660,OTHER,170498,56994,ANIME,MUSIC,Ashen,2023-10-22
140660,OTHER,211397,,MANGA,MANGA,Xuntu Manlu: Wangquan Jinbi,2026-03-20
140660,OTHER,169932,55072,ANIME,ONA,Xiaoke de Huatu Xie Hua,2023-12-01
140660,OTHER,185778,60200,ANIME,ONA,Terra Live,2025-05-16
140999,ALTERNATIVE,114614,125771,MANGA,MANGA,Sword Art Online: Progressive - Kuraki Yuuyami no Scherzo,2020-01-30
140999,SOURCE,73921,43921,MANGA,NOVEL,Sword Art Online: Progressive,2012-10-10
140999,PREQUEL,124140,42916,ANIME,MOVIE,Sword Art Online: Progressive - Hoshinaki Yoru no Aria,2021-10-30
141212,SOURCE,101177,112589,MANGA,MANGA,Tonikaku Kawaii,2018-02-14
141212,PREQUEL,127371,44931,ANIME,OVA,Tonikaku Kawaii: SNS,2021-08-18
141212,SEQUEL,141208,50307,ANIME,TV,Tonikaku Kawaii Season 2,2023-04-08
141212,OTHER,157800,53703,ANIME,MUSIC,Tsukasa's♪Kitchen,2022-09-11
141212,CHARACTER,2026,2026,ANIME,TV,Hayate no Gotoku!,2007-04-01
141352,PARENT,128740,46420,ANIME,MOVIE,Nanatsu no Taizai: Hikari ni Norowareshi Mono-tachi,2021-07-02
141352,SEQUEL,162291,53911,ANIME,ONA,Nanatsu no Taizai: Ensa no Edinburgh - Kouhen,2023-08-08
141400,PREQUEL,111965,40436,ANIME,TV_SHORT,Peter Grill to Kenja no Jikan,2020-07-11
141400,SOURCE,100143,109840,MANGA,MANGA,Peter Grill to Kenja no Jikan,2017-08-25
141949,SOURCE,105011,115848,MANGA,MANGA,"Fuufu Ijou, Koibito Miman.",2018-03-02
142343,PREQUEL,110355,40059,ANIME,TV,Golden Kamuy 3rd Season,2020-10-05
142343,SOURCE,86559,85968,MANGA,MANGA,Golden Kamuy,2014-08-21
142343,SPIN_OFF,106506,37755,ANIME,ONA,Golden Kamuy: Golden Douga Gekijou,2018-04-16
142343,SIDE_STORY,194872,61834,ANIME,OVA,Golden Kamuy: Inazuma Goutou to Mamushi no Ogin/Shimaenaga,2025-10-17
142343,SEQUEL,166521,55772,ANIME,TV,Golden Kamuy: Saishuushou,2026-01-05
142481,SOURCE,53627,23627,MANGA,MANGA,Yowamushi Pedal,2008-02-07
142481,PREQUEL,99476,35789,ANIME,TV,Yowamushi Pedal: GLORY LINE,2018-01-09
142541,PREQUEL,87502,33737,ANIME,TV,Megaton-kyuu Musashi,2021-10-01
142701,SOURCE,113567,145695,MANGA,NOVEL,Koukyuu no Karasu,2018-04-20
142770,ADAPTATION,156544,152974,MANGA,MANGA,Suzume no Tojimari,2022-10-25
142770,CHARACTER,166058,53731,ANIME,SPECIAL,"Big Mac® to, Susume!",2022-11-11
142838,SOURCE,108556,119161,MANGA,MANGA,SPY×FAMILY,2019-03-25
142838,PREQUEL,140960,50265,ANIME,TV,SPY×FAMILY,2022-04-09
142838,SEQUEL,158927,53887,ANIME,TV,SPY×FAMILY Season 2,2023-10-07
142985,PREQUEL,112716,40608,ANIME,TV,Muv-Luv Alternative,2021-10-07
142985,ALTERNATIVE,47365,17365,MANGA,MANGA,Muv-Luv Alternative,2007-10-27
142985,OTHER,159107,54749,ANIME,MUSIC,saikai,2022-12-21
143086,PREQUEL,98549,35330,ANIME,TV,Poputepipikku,2018-01-07
143086,SOURCE,87005,95016,MANGA,MANGA,Poputepipikku,2014-08-29
143086,CHARACTER,114745,41084,ANIME,TV,Made in Abyss: Retsujitsu no Ougonkyou,2022-07-06
143277,ALTERNATIVE,1293,1293,ANIME,TV,Urusei Yatsura,1981-10-14
143277,SOURCE,30304,304,MANGA,MANGA,Urusei Yatsura,1978-08-30
143277,SEQUEL,155645,54829,ANIME,TV,Urusei Yatsura (2022) 2nd Season,2024-01-12
143277,CHARACTER,175347,53402,ANIME,ONA,Onitsuka Tiger × Urusei Yatsura to Collaboration Anime,2022-10-19
144533,ALTERNATIVE,110504,120083,MANGA,MANGA,Mushikaburi-hime,2018-08-28
144533,SOURCE,110505,99566,MANGA,NOVEL,Mushikaburi-hime,2016-07-01
145739,ALTERNATIVE,110009,120658,MANGA,MANGA,Kagami no Kojou,2019-06-19
145739,SEQUEL,183885,58628,ANIME,SPECIAL,Kagami no Kojou no Mae to Ato,2023-05-26
145815,SOURCE,145758,144427,MANGA,NOVEL,Noumin Kanren no Skill Bakka Agetetara Naze ka Tsuyoku Natta.,2017-05-30
145815,ALTERNATIVE,108957,119442,MANGA,MANGA,Noumin Kanren no Skill Bakka Agetetara Naze ka Tsuyoku Natta.,2018-04-10
146233,SOURCE,99933,109298,MANGA,MANGA,Futoku no Guild,2017-06-12
146438,SEQUEL,162993,54796,ANIME,MOVIE,Eikyuu Shounen: Eternal Boys - NEXT STAGE,2023-06-09
146438,ADAPTATION,198825,,MANGA,MANGA,Eternal Boys,2022-04-15
146489,SOURCE,70839,40839,MANGA,MANGA,Bokura no Yoake,2011-01-25
146676,ADAPTATION,150751,148586,MANGA,MANGA,Renai Flops,2022-06-24
146962,SOURCE,117746,138458,MANGA,MANGA,4-nin wa Sorezore Uso wo Tsuku,2020-04-09
147885,SOURCE,114531,122615,MANGA,MANGA,Cool Doji Danshi,2019-06-22
147885,OTHER,156759,53560,ANIME,MUSIC,Seishun Kippu,2022-11-08
147885,SIDE_STORY,162716,54718,ANIME,ONA,Puchi Cool Doji Danshi no Hito Koma,2023-03-21
148401,SEQUEL,191689,61579,ANIME,ONA,Umayuru: Pretty Gray,2025-04-30
148401,PARENT,98514,35249,ANIME,TV,Uma Musume: Pretty Derby,2018-04-02
148970,PREQUEL,124032,42886,ANIME,ONA,Ginga Eiyuu Densetsu: Die Neue These - Gekitotsu,2022-03-17
148970,ALTERNATIVE,820,820,ANIME,OVA,Ginga Eiyuu Densetsu,1988-01-08
148970,SEQUEL,170816,57071,ANIME,,Ginga Eiyuu Densetsu: Die Neue These (Zoku-hen),
150188,PREQUEL,127690,44235,ANIME,TV_SHORT,PUI PUI Molcar,2021-01-05
150188,SEQUEL,173884,57910,ANIME,MOVIE,PUI PUI Molcar the Movie MOLMAX,2024-11-29
150695,SOURCE,117640,147926,MANGA,NOVEL,"Yuusha Party wo Tsuihou Sareta Beast Tamer, Saikyoushu no Nekomimi Shoujo to Deau",2019-04-26
150695,ALTERNATIVE,108115,126103,MANGA,MANGA,"Yuusha Party wo Tsuihou Sareta Beast Tamer, Saikyoushu no Nekomimi Shoujo to Deau",2019-01-29
151067,PARENT,143455,50789,ANIME,TV_SHORT,Jongtama PONG☆,2022-04-02
151379,SIDE_STORY,168676,,MANGA,MANGA,Meido Jinsei (Maid Life!),2022-10-10
151379,OTHER,207886,62843,ANIME,SPECIAL,Run Run Lantern,2025-10-19
151803,PREQUEL,117197,41595,ANIME,ONA,TIGER & BUNNY 2,2022-04-08
153431,SOURCE,124964,131443,MANGA,MANGA,Onna no Sono no Hoshi,2020-01-08
153791,PARENT,114745,41084,ANIME,TV,Made in Abyss: Retsujitsu no Ougonkyou,2022-07-06
153930,SOURCE,113531,127138,MANGA,MANGA,Romantic Killer,2019-07-30
154672,SEQUEL,164441,55195,ANIME,TV_SHORT,Mamekichi Mameko NEET no Nichijou 2,2023-05-17
155011,SOURCE,30002,2,MANGA,MANGA,Berserk,1989-08-25
155011,ALTERNATIVE,33,33,ANIME,TV,Kenpuu Denki Berserk,1997-10-07
155011,ALTERNATIVE,10218,10218,ANIME,MOVIE,Berserk: Ougon Jidai-hen I - Haou no Tamago,2012-02-04
155011,ALTERNATIVE,12113,12113,ANIME,MOVIE,Berserk: Ougon Jidai-hen II - Doldrey Kouryaku,2012-06-23
155011,ALTERNATIVE,12115,12115,ANIME,MOVIE,Berserk: Ougon Jidai-hen III - Kourin,2013-02-01
155011,SEQUEL,21560,32379,ANIME,TV,Berserk,2016-07-01
155348,SOURCE,30011,11,MANGA,MANGA,NARUTO,1999-09-21
155348,PARENT,20,20,ANIME,TV,NARUTO,2002-10-03
155348,PARENT,1735,1735,ANIME,TV,NARUTO: Shippuuden,2007-02-15
155348,OTHER,162561,54688,ANIME,TV,NARUTO (2026),
155496,PARENT,139369,49849,ANIME,TV,Shinmai Renkinjutsushi no Tenpo Keiei,2022-10-03
155496,SEQUEL,160089,54218,ANIME,SPECIAL,Shinmai Renkinjutsushi no Tenpo Keiei Mini Anime: Onsen,2022-12-23
155526,SEQUEL,179292,59512,ANIME,TV_SHORT,Punirunes Puni 2,2024-10-06
155925,SOURCE,30438,438,MANGA,MANGA,Lupin III,1967-08-10
155925,SEQUEL,1412,1412,ANIME,TV,Lupin III,1971-10-24
156001,PARENT,130298,48316,ANIME,TV,Kage no Jitsuryokusha ni Naritakute!,2022-10-05
156001,SEQUEL,169929,56842,ANIME,TV_SHORT,Kage-Jitsu! 2nd,2023-10-05
157058,CHARACTER,11757,11757,ANIME,TV,Sword Art Online,2012-07-08
157287,PARENT,146954,51495,ANIME,TV,Shin Shinka no Mi: Shiranai Uchi ni Kachigumi Jinsei,2023-01-14
157287,SEQUEL,169516,56638,ANIME,SPECIAL,Shin Shinka no Mi Gekijou: Tokubetsu-hen,2023-05-26
157294,OTHER,125647,43727,ANIME,ONA,"Eiyuu-ou, Bu wo Kiwameru Tame Tenseisu: Soshite, Sekai Saikyou no Minarai Kishi♀ Mini",2020-11-07
157294,PARENT,142193,50481,ANIME,TV,"Eiyuu-ou, Bu wo Kiwameru Tame Tenseisu: Soshite, Sekai Saikyou no Minarai Kishi♀",2023-01-10
157653,CHARACTER,138416,48824,ANIME,SPECIAL,Blue Archive Anime PVs,2021-01-25
157653,CHARACTER,152636,52420,ANIME,SPECIAL,Blue Archive: 1.5 Shuunen Kinen Short Animation,2022-07-16
157653,CHARACTER,160589,54309,ANIME,TV,Blue Archive The Animation,2024-04-07
157653,CHARACTER,172598,165754,MANGA,MANGA,Blue Archive: Game Kaihatsubu Daibouken!,2023-12-31
158570,PREQUEL,116259,41383,ANIME,TV_SHORT,Obake Zukan,2020-07-01
158643,PREQUEL,154041,51154,ANIME,TV_SHORT,I Love Me,2022-03-28
158869,PARENT,112153,40351,ANIME,TV,Pocket Monsters (2019),2019-11-17
159454,CHARACTER,206919,63696,ANIME,MOVIE,Mao he Lao Shu: Xing Pan qi Yuan,2025-08-02
159454,OTHER,212557,64079,ANIME,TV_SHORT,Looney Tunes Gokko,2026-04-30
162726,PARENT,154969,53132,ANIME,TV,UniteUp!,2023-01-07
165645,PREQUEL,154540,52355,ANIME,ONA,Fudanshi Shoukan: Isekai de Shinjuu ni Hameraremashita Mini Anime 3rd Season,2022-07-08
165645,SEQUEL,165647,55279,ANIME,ONA,Fudanshi Shoukan: Isekai de Shinjuu ni Hameraremashita Mini Anime 5th Season,2023-05-10
165645,PARENT,123902,129769,MANGA,MANGA,Fudanshi Shoukan: Isekai de Shinjuu ni Hameraremashita,2019-12-10
165931,PARENT,128715,46422,ANIME,TV,Niehime to Kemono no Ou,2023-04-20
168559,SEQUEL,170220,55948,ANIME,TV_SHORT,Sylvanian Families: Freya no Go for Dream!,2023-07-06
168559,PARENT,8644,8644,ANIME,OVA,Sylvanian Families,2007-06-20
169384,SOURCE,147108,154711,MANGA,MANGA,Fate/Grand Order: Fujimaru Ritsuka wa Wakaranai,2020-06-01
169384,SEQUEL,159569,54042,ANIME,TV_SHORT,Fate/Grand Order: Fujimaru Ritsuka wa Wakaranai,2023-02-04
170659,PREQUEL,130962,47623,ANIME,TV_SHORT,Chickip Dancers,2021-10-05
170659,SEQUEL,170660,56504,ANIME,TV_SHORT,Chickip Dancers 3rd Season,2023-09-25
204618,PREQUEL,204617,62557,ANIME,TV_SHORT,Koikeya SDGs Gekijou Suss to Tina Season 2,2022-04-03
204618,SEQUEL,204619,62559,ANIME,TV_SHORT,Koikeya SDGs Gekijou Suss to Tina Season 4,2023-07-06
205873,CHARACTER,173244,60221,ANIME,ONA,ELEMON,2023-09-28
205873,ALTERNATIVE,184761,,ANIME,ONA,"Ryan's World Anime ""Nangoku Daibouken""",2023-02-11
116867,SOURCE,103852,109105,MANGA,NOVEL,Itai no wa Iya nano de Bougyoryoku ni Kyokufuri Shitai to Omoimasu.,2016-06-28
116867,PREQUEL,106479,38790,ANIME,TV,Itai no wa Iya nano de Bougyoryoku ni Kyokufuri Shitai to Omoimasu.,2020-01-08
116867,ALTERNATIVE,103853,114794,MANGA,MANGA,Itai no wa Iya nano de Bougyoryoku ni Kyokufuri Shitai to Omoimasu.,2018-07-22
125869,SEQUEL,162842,54754,ANIME,TV,Hikari no Ou 2nd Season,2024-01-14
126529,PREQUEL,107201,39017,ANIME,TV,Kyokou Suiri,2020-01-12
126529,SIDE_STORY,152005,51542,ANIME,ONA,Kyokou Suiri Mini Anime Season 2,2022-02-11
126529,ALTERNATIVE,86199,89049,MANGA,MANGA,Kyokou Suiri,2015-04-20
128344,PARENT,113051,40677,ANIME,TV,ARGONAVIS from BanG Dream!,2020-04-11
130588,ALTERNATIVE,106601,115438,MANGA,MANGA,"Maou Gakuin no Futekigousha: Shijou Saikyou no Maou no Shiso, Tensei shite Shison-tachi no Gakkou e Kayou",2018-07-04
130588,PREQUEL,112301,40496,ANIME,TV,"Maou Gakuin no Futekigousha: Shijou Saikyou no Maou no Shiso, Tensei shite Shison-tachi no Gakkou e Kayou",2020-07-04
130588,SOURCE,106599,115437,MANGA,NOVEL,"Maou Gakuin no Futekigousha: Shijou Saikyou no Maou no Shiso, Tensei shite Shison-tachi no Gakkou e Kayou",2018-03-10
130588,SEQUEL,130590,48418,ANIME,TV,"Maou Gakuin no Futekigousha: Shijou Saikyou no Maou no Shiso, Tensei shite Shison-tachi no Gakkou e Kayou II Part 2",2024-04-12
130696,ALTERNATIVE,96695,95697,MANGA,MANGA,Eiyuu Densetsu: Sen no Kiseki,2014-09-30
135102,SOURCE,101794,109505,MANGA,NOVEL,Kamitachi ni Hirowareta Otoko,2017-09-22
135102,PREQUEL,115740,41312,ANIME,TV,Kamitachi ni Hirowareta Otoko,2020-10-04
135102,ALTERNATIVE,101793,111228,MANGA,MANGA,Kamitachi ni Hirowareta Otoko,2017-11-29
135102,SIDE_STORY,158983,53955,ANIME,ONA,Slimetachi no Idobata Kaigi 2,2022-12-19
135778,ADAPTATION,161651,152668,MANGA,MANGA,HIGH CARD: ♢9 No Mercy,2022-08-31
135778,SEQUEL,163151,54869,ANIME,TV,HIGH CARD season 2,2024-01-08
136430,SOURCE,30642,642,MANGA,MANGA,Vinland Saga,2005-04-27
136430,PREQUEL,101348,37521,ANIME,TV,VINLAND SAGA,2019-07-08
136430,SIDE_STORY,161923,54463,ANIME,ONA,VINLAND SAGA SEASON 2: Drowning in the Shadow,2023-02-14
136430,SIDE_STORY,165056,55272,ANIME,ONA,VINLAND SAGA SEASON 2: Same old story,2023-05-12
136435,SOURCE,104640,129451,MANGA,MANGA,Mou Ippon!,2018-10-18
137308,PREQUEL,123474,41688,ANIME,ONA,Toutotsu ni Egypt Shin,2020-12-07
137639,OTHER,168577,56719,ANIME,MUSIC,Hoshi wo Miru Hito,2023-05-07
137909,ALTERNATIVE,114627,125530,MANGA,MANGA,Ningen Fushin no Boukensha-tachi ga Sekai wo Sukuu you desu,2019-09-25
137909,SOURCE,137910,139551,MANGA,NOVEL,Ningen Fushin no Boukensha-tachi ga Sekai wo Sukuu you desu,2019-09-25
137909,OTHER,160789,55187,ANIME,MUSIC,Never Fear,2023-01-17
138056,SOURCE,107098,110485,MANGA,MANGA,Shuumatsu no Valkyrie,2017-11-25
138056,PREQUEL,127399,44942,ANIME,ONA,Shuumatsu no Valkyrie,2021-06-17
138056,OTHER,160728,54339,ANIME,MUSIC,RUDE LOSE DANCE,2023-01-27
138056,SIDE_STORY,163943,54990,ANIME,ONA,Shuumatsu no Valkyrie II Mini Anime,2023-04-13
138056,SEQUEL,165356,55454,ANIME,ONA,Shuumatsu no Valkyrie II Part 2,2023-07-12
139213,PREQUEL,139212,49819,ANIME,TV,Cardfight!! Vanguard: will+Dress,2022-07-05
139213,SEQUEL,150970,52079,ANIME,TV,Cardfight!! Vanguard: will+Dress Season 3,2023-07-08
139821,ALTERNATIVE,75968,45968,MANGA,MANGA,Ginzatoushi to Kuro no Yousei: Sugar Apple Fairy Tale,2012-11-09
139821,SOURCE,75966,45966,MANGA,NOVEL,Sugar Apple Fairy Tale: Ginzatoushi to Kuro no Yousei,2010-04-01
139821,ALTERNATIVE,139836,141486,MANGA,MANGA,Sugar Apple Fairy Tale,2021-11-04
139821,SOURCE,146446,,MANGA,NOVEL,Sugar Apple Fairy Tale: Ginzatoushi to Ao no Koushaku,2010-07-31
139821,SOURCE,146447,,MANGA,NOVEL,Sugar Apple Fairy Tale: Ginzatoushi to Shiro no Kikoushi,2010-11-30
139821,SEQUEL,163079,54842,ANIME,TV,Sugar Apple Fairy Tale Part 2,2023-07-07
140499,SOURCE,86890,85719,MANGA,MANGA,BLUE GIANT,2013-05-10
140596,PREQUEL,120697,42361,ANIME,TV,"Ijiranaide, Nagatoro-san",2021-04-11
140596,SOURCE,100664,110737,MANGA,MANGA,"Ijiranaide, Nagatoro-san",2017-11-07
140596,SIDE_STORY,160054,54133,ANIME,ONA,"Ijiranaide, Nagatoro-san 2nd Attack Mini Anime",2023-01-08
141062,ALTERNATIVE,162331,,MANGA,MANGA,TECHNOROID: OVERMIND,2023-01-05
141249,PREQUEL,103223,38003,ANIME,TV,Bungou Stray Dogs 3rd Season,2019-04-12
141249,SOURCE,85307,56529,MANGA,MANGA,Bungou Stray Dogs,2012-12-04
141249,SOURCE,123118,,MANGA,NOVEL,Bungou Stray Dogs: Tanteisha Setsuritsu Hiwa,2015-05-01
141249,SEQUEL,163263,54898,ANIME,TV,Bungou Stray Dogs 5th Season,2023-07-12
141785,SOURCE,91222,70663,MANGA,MANGA,Mononogatari,2014-04-15
141785,SEQUEL,163205,54883,ANIME,TV,Mononogatari 2nd Season,2023-07-04
142193,ALTERNATIVE,116380,125039,MANGA,MANGA,"Eiyuu-ou, Bu wo Kiwameru Tame Tenseisu: Soshite, Sekai Saikyou no Minarai Kishi♀",2019-12-06
142193,SOURCE,122737,125038,MANGA,NOVEL,"Eiyuu-ou, Bu wo Kiwameru Tame Tenseisu: Soshite, Sekai Saikyou no Minarai Kishi♀",2019-11-30
142193,SIDE_STORY,157294,53619,ANIME,ONA,"Eiyuu-ou, Bu wo Kiwameru Tame Tenseisu Mini Anime",2022-10-22
142684,PREQUEL,113950,40870,ANIME,TV,SSSS.DYNAZENON,2021-04-02
142684,PREQUEL,158991,53851,ANIME,MOVIE,SSSS.DYNAZENON Movie,2023-03-10
142684,ADAPTATION,166765,,MANGA,NOVEL,GRIDMAN UNIVERSE,2023-04-19
142849,SOURCE,119493,127545,MANGA,MANGA,Ayakashi Triangle,2020-06-15
142853,SOURCE,102988,104565,MANGA,MANGA,Tokyo卍Revengers,2017-03-01
142853,PREQUEL,120120,42249,ANIME,TV,Tokyo Revengers,2021-04-11
142853,OTHER,162529,54932,ANIME,MUSIC,"Kizutsukedo, Aishiteru.",2023-03-04
142853,SEQUEL,163329,54918,ANIME,TV,Tokyo Revengers: Tenjiku-hen,2023-10-04
142914,SOURCE,100572,113400,MANGA,MANGA,Kyuuketsuki Sugu Shinu,2015-06-25
142914,PREQUEL,118103,41833,ANIME,TV,Kyuuketsuki Sugu Shinu,2021-10-04
143064,SOURCE,117229,134989,MANGA,NOVEL,Tsundere Akuyaku Reijou Liselotte to Jikkyou no Endou-kun to Kaisetsu no Kobayashi-san,2019-04-10
143064,ALTERNATIVE,111303,120908,MANGA,MANGA,Tsundere Akuyaku Reijou Liselotte to Jikkyou no Endou-kun to Kaisetsu no Kobayashi-san,2019-06-05
143064,SIDE_STORY,162284,53958,ANIME,ONA,Kobayashi-san no Tsundere Kouza,2022-12-23
143064,SIDE_STORY,162285,,ANIME,ONA,Tsunlise Mini,2023-01-08
143064,ALTERNATIVE,214365,195151,MANGA,MANGA,Tsunlise: Tsundere Akuyaku Reijou Liselotte to Jikkyou no Endou-kun to Kaisetsu no Kobayashi-san,2026-02-03
143201,SEQUEL,17080,17080,ANIME,TV,Soukyuu no Fafner: EXODUS,2015-01-09
143201,PREQUEL,8098,8098,ANIME,MOVIE,Soukyuu no Fafner: Dead Aggressor - Heaven and Earth,2010-12-25
143201,PARENT,130033,41814,ANIME,MOVIE,Soukyuu no Fafner: Dead Aggressor - THE BEYOND Part 4,2021-11-05
143338,ALTERNATIVE,122337,130934,MANGA,MANGA,Otonari no Tenshi-sama ni Itsunomanika Dame Ningen ni Sareteita Ken,2022-01-06
143338,SOURCE,113533,123649,MANGA,NOVEL,Otonari no Tenshi-sama ni Itsunomanika Dame Ningen ni Sareteita Ken,2019-06-14
143338,SEQUEL,170019,56876,ANIME,TV,Otonari no Tenshi-sama ni Itsunomanika Dame Ningen ni Sareteita Ken 2nd Season,2026-04-03
144092,SOURCE,104730,116301,MANGA,MANGA,"Benriya Saitou-san, Isekai ni Iku",2018-10-12
144144,ADAPTATION,144319,144449,MANGA,MANGA,Ooyukiumi no Kaina,2022-02-26
144144,SEQUEL,159886,54122,ANIME,MOVIE,Ooyukiumi no Kaina: Hoshi no Kenja,2023-10-13
144144,OTHER,160962,55306,ANIME,MUSIC,Telepath,2023-02-01
144553,SOURCE,123085,143701,MANGA,NOVEL,Saikyou Onmyouji no Isekai Tenseiki: Geboku no Youkaidomo ni Kurabete Monster ga Yowai Sugirundaga,2019-07-30
144553,ALTERNATIVE,123544,131025,MANGA,MANGA,Saikyou Onmyouji no Isekai Tenseiki: Geboku no Youkaidomo ni Kurabete Monster ga Yowai Sugirundaga @comic,2020-06-26
144553,SIDE_STORY,162802,54683,ANIME,ONA,Saikyou Onmyouji Mini,2022-12-26
145665,ALTERNATIVE,101853,108495,MANGA,NOVEL,NieR:Automata: Nagai Hanashi,2017-08-05
145665,ALTERNATIVE,127809,133622,MANGA,MANGA,Yorha: Shinjuwan Kouka Sakusen Kiroku,2020-12-26
145665,SEQUEL,167420,56063,ANIME,TV,NieR:Automata Ver1.1a 2nd Season,2024-07-05
146323,ALTERNATIVE,119746,125341,MANGA,MANGA,Spy Kyoushitsu,2020-05-27
146323,SOURCE,115935,125340,MANGA,NOVEL,Spy Kyoushitsu,2020-01-18
146323,ALTERNATIVE,159146,175665,MANGA,MANGA,Spy Kyoushitsu 2-bu: Manamusume,2022-06-27
146323,SEQUEL,163542,54947,ANIME,TV,Spy Kyoushitsu 2nd season,2023-07-13
146323,SOURCE,162424,152941,MANGA,NOVEL,Spy Kyoushitsu: Tanpenshuu,2021-03-19
146346,SOURCE,122364,128634,MANGA,MANGA,Inu ni Nattara Suki na Hito ni Hirowareta.,2020-08-02
146346,SIDE_STORY,159807,54225,ANIME,OVA,Inu ni Nattara Suki na Hito ni Hirowareta. OVA,2023-03-29
146743,PREQUEL,126288,44055,ANIME,TV,Sasaki to Miyano,2022-01-10
146743,SOURCE,98370,101396,MANGA,MANGA,Sasaki to Miyano,2016-02-26
146743,OTHER,152122,52364,ANIME,SPECIAL,Hirano to Kagiura,2023-02-17
146850,ALTERNATIVE,100456,110460,MANGA,MANGA,Isekai Nonbiri Nouka,2017-11-09
146850,SOURCE,100461,110087,MANGA,NOVEL,Isekai Nonbiri Nouka,2017-10-30
146850,SEQUEL,197824,62146,ANIME,TV,Isekai Nonbiri Nouka 2,2026-04-06
146954,SOURCE,86333,88045,MANGA,NOVEL,Shinka no Mi: Shiranai Uchi ni Kachigumi Jinsei,2014-09-30
146954,PREQUEL,129068,46985,ANIME,TV,Shinka no Mi: Shiranai Uchi ni Kachigumi Jinsei,2021-10-05
146954,ALTERNATIVE,102150,110232,MANGA,MANGA,Shinka no Mi: Shiranai Uchi ni Kachigumi Jinsei,2017-09-26
146954,SIDE_STORY,157287,53595,ANIME,ONA,Shin Shinka no Mi Gekijou,2022-11-04
146984,PREQUEL,131681,48583,ANIME,TV,Shingeki no Kyojin: The Final Season Part 2,2022-01-10
146984,SOURCE,53390,23390,MANGA,MANGA,Shingeki no Kyojin,2009-09-09
146984,SEQUEL,162314,,ANIME,SPECIAL,Shingeki no Kyojin: The Final Season - Kanketsu-hen Kouhen,2023-11-05
147216,PREQUEL,146321,51251,ANIME,SPECIAL,D4DJ Double Mix,2022-08-19
147216,CHARACTER,163328,55391,ANIME,MUSIC,Nyochio ga Yattekuru☆Yaa☆Yaa☆Yaa☆,2023-04-01
147864,SOURCE,100080,112592,MANGA,MANGA,Onii-chan wa Oshimai!,2017-06-27
147864,SIDE_STORY,186599,,MANGA,MANGA,Onii-chan wa Oshimai! Kaki Oroshi Comic,2023-04-19
148116,SOURCE,122680,135542,MANGA,NOVEL,"Hyouken no Majutsushi ga Sekai wo Suberu: Sekai Saikyou no Majutsushi de Aru Shounen wa, Majutsu Gakuin ni Nyuugaku Suru",2020-06-30
148116,ALTERNATIVE,123093,127854,MANGA,MANGA,"Hyouken no Majutsushi ga Sekai wo Suberu: Sekai Saikyou no Majutsushi de Aru Shounen wa, Majutsu Gakuin ni Nyuugaku Suru",2020-06-24
148116,SEQUEL,212503,64254,ANIME,TV,Hyouken no Majutsushi ga Sekai wo Suberu II,2026-10-09
148969,SOURCE,112981,122448,MANGA,MANGA,Kubo-san wa Mob wo Yurusanai,2019-10-24
150117,SOURCE,119499,128085,MANGA,MANGA,Boku to Roboco,2020-07-06
150117,SEQUEL,166249,55709,ANIME,MOVIE,Boku to Roboco Movie,2025-04-18
150653,SOURCE,145235,,MANGA,MANGA,Itou Junji Kyoufu Manga Collection,1997-10
150653,ALTERNATIVE,99940,36124,ANIME,TV,Itou Junji: Collection,2018-01-05
150653,ALTERNATIVE,101016,36992,ANIME,OVA,Itou Junji: Collection - Tomie,2018-04-27
150653,SOURCE,100758,136793,MANGA,MANGA,Itou Junji Jisen Kessakushuu,2015-10-07
150653,SOURCE,30912,912,MANGA,MANGA,Tomie,1987-02-01
150653,ALTERNATIVE,195486,62194,ANIME,TV,Itou Junji: Crimson,
151040,ALTERNATIVE,6,6,ANIME,TV,TRIGUN,1998-04-01
151040,SOURCE,30703,703,MANGA,MANGA,Trigun,1995-04-22
151040,SEQUEL,163144,54863,ANIME,TV,TRIGUN STARGAZE,2026-01-10
151040,SOURCE,30704,704,MANGA,MANGA,Trigun Maximum,1997-10-31
151252,SOURCE,109728,119082,MANGA,MANGA,Koori Zokusei Danshi to Cool na Douryou Joshi,2018-08-03
151300,SOURCE,100317,91148,MANGA,MANGA,"Kin no Kuni, Mizu no Kuni",2014-10-28
151679,SOURCE,110934,132120,MANGA,MANGA,Nokemono-tachi no Yoru,2019-08-07
151806,SOURCE,86300,92149,MANGA,MANGA,Tomo-chan wa Onnanoko!,2015-04-07
151806,OTHER,163339,54925,ANIME,MUSIC,Kurae! Telepathy,2023-03-24
151896,PARENT,8687,8687,ANIME,TV,Doraemon (2005),2005-04-15
151896,SEQUEL,166976,55874,ANIME,MOVIE,Doraemon: Nobita no Chikyuu Symphony,2024-03-01
152122,SOURCE,108027,119279,MANGA,MANGA,Hirano to Kagiura,2019-03-15
152122,OTHER,146743,51440,ANIME,MOVIE,Sasaki to Miyano: Sotsugyou-hen,2023-02-17
152523,SOURCE,116839,125087,MANGA,NOVEL,Kaiko sareta Ankoku Heishi (30-dai) no Slow na Second Life,2019-08-02
152523,ALTERNATIVE,113647,121485,MANGA,MANGA,Kaiko sareta Ankoku Heishi (30-dai) no Slow na Second Life,2019-08-06
152523,SIDE_STORY,159690,54084,ANIME,ONA,Kaiko sareta Ankoku Heishi (30-dai) no Slow na Second Life SD Mini Anime,2023-01-03
152765,SOURCE,101716,108034,MANGA,NOVEL,Rougo ni Sonaete Isekai de 8-manmai no Kinka wo Tamemasu,2017-06-30
152765,ALTERNATIVE,101715,111466,MANGA,MANGA,Rougo ni Sonaete Isekai de 8-manmai no Kinka wo Tamemasu,2017-06-14
153629,ALTERNATIVE,122344,130893,MANGA,MANGA,Tensei Oujo to Tensai Reijou no Mahou Kakumei,2020-07-27
153629,SOURCE,114920,138744,MANGA,NOVEL,Tensei Oujo to Tensai Reijou no Mahou Kakumei,2020-01-18
153841,SOURCE,102830,114744,MANGA,NOVEL,Tsurune: Kazemai Koukou Kyuudou-bu,2016-12-26
153841,PREQUEL,107506,38921,ANIME,OVA,Tsurune: Kazemai Koukou Kyuudou-bu - Yabai,2019-03-03
154785,SOURCE,125178,130167,MANGA,MANGA,Nijiyon: Love Live! Nijigasaki Gakuen School Idol Doukoukai Yonkoma,2019-04-30
154785,PARENT,113970,40879,ANIME,TV,Love Live! Nijigasaki Gakuen School Idol Doukoukai,2020-10-03
154785,SEQUEL,159839,54117,ANIME,SPECIAL,NIJIYON ANIMATION: Shinsaku Animation,2023-03-29
154924,PARENT,2043,2043,ANIME,TV,Cat's♥Eye,1983-07-11
154924,PARENT,1412,1412,ANIME,TV,Lupin III,1971-10-24
154969,SIDE_STORY,162726,,ANIME,ONA,UniteUp! Mini Drama,2022-11-30
154969,SEQUEL,167742,56135,ANIME,TV,UniteUp!: Uni:Birth,2025-01-11
154969,ADAPTATION,175976,,MANGA,MANGA,Yuyukomi: UniteUp! the comic,2023-11-24
154982,SOURCE,101233,112922,MANGA,MANGA,Gokushufudou,2018-02-23
154982,PREQUEL,132193,48707,ANIME,ONA,Gokushufudou Part 2,2021-10-07
154983,PREQUEL,127619,45489,ANIME,ONA,Aggressive Retsuko Season 4,2021-12-16
155068,PREQUEL,117085,41573,ANIME,TV,Majutsushi Orphen Hagure Tabi: Kimluck-hen,2021-01-20
155068,SOURCE,69745,39745,MANGA,NOVEL,Majutsushi Orphen,1994-05-01
155068,SEQUEL,163417,54738,ANIME,TV,Majutsushi Orphen Hagure Tabi: Seiiki-hen,2023-04-12
155202,ADAPTATION,175846,155246,MANGA,MANGA,REVENGER,2023-01-18
155211,PREQUEL,129196,47164,ANIME,TV,Dungeon ni Deai wo Motomeru no wa Machigatteiru Darou ka IV: Shin Shou Meikyuu-hen,2022-07-21
155211,SOURCE,85162,56743,MANGA,NOVEL,Dungeon ni Deai wo Motomeru no wa Machigatteiru Darou ka,2013-01-15
155211,SEQUEL,170732,57066,ANIME,ONA,Dungeon ni Deai wo Motomeru no wa Machigatteiru Darou ka V: Houjou no Megami-hen,2024-10-03
155291,PREQUEL,148492,51773,ANIME,TV_SHORT,KJ File,2022-07-11
155399,PARENT,3785,3785,ANIME,MOVIE,Evangelion Shin Movie: Kyuu,2012-11-17
155399,OTHER,3786,3786,ANIME,MOVIE,Shin Evangelion Movie:||,2021-03-08
155738,PREQUEL,148960,52993,ANIME,MOVIE,Aikatsu! 10th STORY: Mirai e no STARWAY,2022-07-15
155907,CHARACTER,160963,54375,ANIME,MUSIC,SHOCK!,2023-02-03
155907,OTHER,207886,62843,ANIME,SPECIAL,Run Run Lantern,2025-10-19
156059,ALTERNATIVE,191025,55143,ANIME,MOVIE,HIDARI,
156067,SOURCE,99049,101877,MANGA,NOVEL,Tondemo Skill de Isekai Hourou Meshi,2016-11-25
156067,ALTERNATIVE,98608,105747,MANGA,MANGA,Tondemo Skill de Isekai Hourou Meshi,2017-03-24
156067,SEQUEL,170577,57025,ANIME,TV,Tondemo Skill de Isekai Hourou Meshi 2,2025-10-08
157553,SOURCE,98640,99701,MANGA,MANGA,Yomawari Neko,2015
157638,PARENT,130445,48365,ANIME,TV,Youkai Watch ♪,2021-04-09
157693,CHARACTER,161927,,ANIME,MUSIC,Pole Princess!!: Pole Dance Show Movie,2022-12-28
157693,SEQUEL,163363,54923,ANIME,MOVIE,Pole Princess!! Movie,2023-11-23
157883,ALTERNATIVE,5684,5684,ANIME,TV,Fresh Precure!,2009-02-01
157883,ALTERNATIVE,9893,9893,ANIME,TV,Suite Precure♪,2011-02-06
157883,ALTERNATIVE,7645,7645,ANIME,TV,Heartcatch Precure!,2010-02-07
157883,ALTERNATIVE,603,603,ANIME,TV,Futari wa Precure,2004-02-01
157883,ALTERNATIVE,100661,36593,ANIME,TV,HUGtto! Precure,2018-02-04
157883,ALTERNATIVE,1534,1534,ANIME,TV,Futari wa Precure: Splash☆Star,2006-02-05
157883,ALTERNATIVE,105857,38578,ANIME,TV,Star☆Twinkle Precure,2019-02-03
157883,ALTERNATIVE,1932,1932,ANIME,TV,Yes! Precure 5,2007-02-04
157883,ALTERNATIVE,16419,16419,ANIME,TV,Dokidoki! Precure,2013-02-03
157883,ALTERNATIVE,21001,28669,ANIME,TV,Go! Princess Precure,2015-02-01
157883,ALTERNATIVE,112748,40610,ANIME,TV,Healin' Good♥Precure,2020-02-02
157883,ALTERNATIVE,126905,44191,ANIME,TV,Tropical-Rouge! Precure,2021-02-28
157883,ALTERNATIVE,142080,50281,ANIME,TV,Delicious Party♡Precure,2022-02-06
157883,ALTERNATIVE,98059,34290,ANIME,TV,Kirakira☆Precure a la Mode,2017-02-05
157883,ALTERNATIVE,20577,21407,ANIME,TV,HappinessCharge Precure!,2014-02-02
157883,ALTERNATIVE,12191,12191,ANIME,TV,Smile Precure!,2012-02-05
157883,ALTERNATIVE,21506,31884,ANIME,TV,Mahoutsukai Precure!,2016-02-07
157883,ADAPTATION,159430,166366,MANGA,MANGA,Hirogaru Sky! Precure,2023-02-03
157883,CHARACTER,159429,54650,ANIME,MOVIE,Precure All Stars F,2023-09-15
157883,ALTERNATIVE,171030,57390,ANIME,TV,Wonderful Precure!,2024-02-04
157883,CHARACTER,169403,58462,ANIME,MOVIE,Wonderful Precure! The Movie! Dokidoki♡Game no Sekai de Daibouken!,2024-09-13
157883,ALTERNATIVE,185073,60407,ANIME,TV,Kimi to Idol Precure♪,2025-02-02
157883,CHARACTER,188394,61272,ANIME,ONA,PetitCure: Precure Fairies,2025-04-03
157883,CHARACTER,183414,60773,ANIME,MOVIE,Kimi to Idol Precure♪ Omatase! Kimi ni Todokeru KirakkiLive!,2025-09-12
157883,ALTERNATIVE,202957,63042,ANIME,TV,Meitantei Precure!,2026-02-01
158870,PREQUEL,112153,40351,ANIME,TV,Pocket Monsters (2019),2019-11-17
158870,OTHER,158871,53876,ANIME,TV,Pocket Monsters (2023),2023-04-14
158870,SIDE_STORY,152282,,MANGA,MANGA,#AniPoke After Story,2020-04-04
158870,OTHER,169824,54646,ANIME,ONA,Tong Meng Zhi Lu,2023-02-28
158983,PREQUEL,124668,44591,ANIME,ONA,Slimetachi no Idobata Kaigi,2020-08-21
158983,PARENT,135102,49109,ANIME,TV,Kamitachi ni Hirowareta Otoko 2,2023-01-08
158990,PARENT,99424,35847,ANIME,TV,SSSS.GRIDMAN,2018-10-07
158990,SEQUEL,158991,53851,ANIME,MOVIE,SSSS.DYNAZENON Movie,2023-03-10
158991,PARENT,113950,40870,ANIME,TV,SSSS.DYNAZENON,2021-04-02
158991,SEQUEL,142684,50587,ANIME,MOVIE,GRIDMAN UNIVERSE,2023-03-24
158991,PREQUEL,158990,53850,ANIME,MOVIE,SSSS.GRIDMAN Movie,2023-01-20
158997,SEQUEL,156841,53540,ANIME,MOVIE,Meitantei Conan: Kurogane no Submarine,2023-04-14
158997,PARENT,235,235,ANIME,TV,Meitantei Conan,1996-01-08
159569,SOURCE,147108,154711,MANGA,MANGA,Fate/Grand Order: Fujimaru Ritsuka wa Wakaranai,2020-06-01
159569,CHARACTER,127149,44248,ANIME,OVA,Fate/Grand Carnival,2021-06-02
159569,CHARACTER,97815,34321,ANIME,SPECIAL,Fate/Grand Order: First Order,2016-12-31
159569,PREQUEL,169384,54976,ANIME,SPECIAL,Fate/Grand Order: Fujimaru Ritsuka wa Wakaranai - Nenmatsu Special,2022-12-31
159569,SEQUEL,171029,57691,ANIME,SPECIAL,Fate/Grand Order: Fujimaru Ritsuka wa Wakaranai - Dai Bounen Otanoshimikai 2023,2023-12-31
159690,PARENT,152523,52446,ANIME,TV,Kaiko sareta Ankoku Heishi (30-dai) no Slow na Second Life,2023-01-07
159726,OTHER,159727,54809,ANIME,ONA,Neko to Wakai se na,2023-03-22
159726,OTHER,159728,54810,ANIME,ONA,Detarame na Sekai no Melodrama,2023-03-23
159726,OTHER,159730,54005,ANIME,ONA,COLORs,2023-03-24
159726,OTHER,159731,54009,ANIME,ONA,Tentai Kansoku,2023-03-20
159727,OTHER,159726,54725,ANIME,ONA,Himitsu no Hana no Niwa,2023-03-21
159727,OTHER,159728,54810,ANIME,ONA,Detarame na Sekai no Melodrama,2023-03-23
159727,OTHER,159730,54005,ANIME,ONA,COLORs,2023-03-24
159727,OTHER,159731,54009,ANIME,ONA,Tentai Kansoku,2023-03-20
159728,OTHER,159726,54725,ANIME,ONA,Himitsu no Hana no Niwa,2023-03-21
159728,OTHER,159727,54809,ANIME,ONA,Neko to Wakai se na,2023-03-22
159728,OTHER,159730,54005,ANIME,ONA,COLORs,2023-03-24
159728,OTHER,159731,54009,ANIME,ONA,Tentai Kansoku,2023-03-20
159730,OTHER,159728,54810,ANIME,ONA,Detarame na Sekai no Melodrama,2023-03-23
159730,OTHER,159726,54725,ANIME,ONA,Himitsu no Hana no Niwa,2023-03-21
159730,OTHER,159727,54809,ANIME,ONA,Neko to Wakai se na,2023-03-22
159730,OTHER,159731,54009,ANIME,ONA,Tentai Kansoku,2023-03-20
159731,OTHER,159728,54810,ANIME,ONA,Detarame na Sekai no Melodrama,2023-03-23
159731,OTHER,159730,54005,ANIME,ONA,COLORs,2023-03-24
159731,OTHER,159727,54809,ANIME,ONA,Neko to Wakai se na,2023-03-22
159731,OTHER,159726,54725,ANIME,ONA,Himitsu no Hana no Niwa,2023-03-21
160054,PARENT,140596,50197,ANIME,TV,"Ijiranaide, Nagatoro-san 2nd Attack",2023-01-08
160089,PREQUEL,155496,53248,ANIME,ONA,Shinmai Renkinjutsushi no Tenpo Keiei Mini Anime,2022-09-30
160089,PARENT,139369,49849,ANIME,TV,Shinmai Renkinjutsushi no Tenpo Keiei,2022-10-03
161505,OTHER,154364,52955,ANIME,TV,Mahoutsukai no Yome SEASON 2,2023-04-06
161632,CHARACTER,2489,2489,ANIME,TV,Onegai My Melody,2005-04-03
161632,SEQUEL,183471,60185,ANIME,ONA,KUROMI'S PRETTY JOURNEY: Hacha Mecha! Multiverse Daidasshutsu!,2024-10-31
161632,CHARACTER,186043,60726,ANIME,ONA,My Melody & Kuromi,2025-07-24
161923,PARENT,136430,49387,ANIME,TV,VINLAND SAGA SEASON 2,2023-01-10
162284,PARENT,143064,50652,ANIME,TV,Tsundere Akuyaku Reijou Liselotte to Jikkyou no Endou-kun to Kaisetsu no Kobayashi-san,2023-01-07
162284,SIDE_STORY,162285,,ANIME,ONA,Tsunlise Mini,2023-01-08
162285,SIDE_STORY,162284,53958,ANIME,ONA,Kobayashi-san no Tsundere Kouza,2022-12-23
162285,PARENT,143064,50652,ANIME,TV,Tsundere Akuyaku Reijou Liselotte to Jikkyou no Endou-kun to Kaisetsu no Kobayashi-san,2023-01-07
162716,PARENT,147885,51680,ANIME,TV_SHORT,Cool Doji Danshi,2022-10-11
162802,PARENT,144553,50932,ANIME,TV,Saikyou Onmyouji no Isekai Tenseiki,2023-01-08
166060,PARENT,235,235,ANIME,TV,Meitantei Conan,1996-01-08
166060,SOURCE,112094,121951,MANGA,MANGA,Meitantei Conan: Keisatsu Gakkou-hen - Wild Police Story,2019-10-02
169542,SOURCE,182672,168663,MANGA,MANGA,Shitasaki kara Koi,2022-01-21
169910,PARENT,141879,50421,ANIME,ONA,Shicao Lao Long Bei Guanyi E Long Zhi Ming,2022-07-30
176881,OTHER,184757,55299,ANIME,ONA,NICO/AGONY,2023-03-31
176881,OTHER,184758,55300,ANIME,ONA,WANDER BURABURA BAKKAMU,2023-03-31
176881,OTHER,191981,55301,ANIME,ONA,Moshi Meta: Moshi Joshikousei ga Metaverse de Miko ni Nattara,2023-03-31
184757,OTHER,184758,55300,ANIME,ONA,WANDER BURABURA BAKKAMU,2023-03-31
184757,OTHER,176881,55302,ANIME,ONA,Tsuru ga Mau Yoru ni,2023-03-31
184757,OTHER,191981,55301,ANIME,ONA,Moshi Meta: Moshi Joshikousei ga Metaverse de Miko ni Nattara,2023-03-31
184761,CHARACTER,173244,60221,ANIME,ONA,ELEMON,2023-09-28
184761,ALTERNATIVE,205873,,ANIME,ONA,"Ryan's World Anime ""Hokkyoku Daibouken""",2022-11-13
186198,PARENT,100790,35656,ANIME,TV,Oshiri Tantei,2018-05-03
204544,OTHER,103376,27693,ANIME,TV_SHORT,Heart Cocktail,1986-10-03
204544,SEQUEL,204545,57186,ANIME,TV_SHORT,Heart Cocktail Colorful: Natsu-hen,2023-07-31
109821,ALTERNATIVE,198595,,MANGA,MANGA,Collar×Malice Koushiki Anthology Comic,2023-12-25
114606,SEQUEL,104330,34974,ANIME,MOVIE,Aragne no Mushikago,2018-08-18
114606,OTHER,173311,57797,ANIME,MOVIE,Karabi Yau no Sukima,
127550,ALTERNATIVE,101449,113752,MANGA,MANGA,Kuma Kuma Kuma Bear,2018-03-28
127550,PREQUEL,114340,40974,ANIME,TV,Kuma Kuma Kuma Bear,2020-10-07
127550,SOURCE,97929,100512,MANGA,NOVEL,Kuma Kuma Kuma Bear,2015-05-29
127550,SIDE_STORY,164538,55225,ANIME,ONA,Bear Bear Bear Kuma Punch!,2023-05-03
128643,SOURCE,70171,40171,MANGA,NOVEL,Yahari Ore no Seishun Love Come wa Machigatteiru.,2011-03-23
128643,PREQUEL,108489,39547,ANIME,TV,Yahari Ore no Seishun Love Come wa Machigatteiru. Kan,2020-07-10
128715,SOURCE,87384,95920,MANGA,MANGA,Niehime to Kemono no Ou,2015-11-05
128715,SIDE_STORY,165931,54210,ANIME,ONA,Niehime to Kemono no Ou Mini Anime,2022-11-21
128893,SOURCE,100994,112318,MANGA,MANGA,Jigokuraku,2018-01-23
128893,SOURCE,111643,134557,MANGA,NOVEL,Jigokuraku: Utakata no Yume,2019-09-04
128893,SEQUEL,166613,55825,ANIME,TV,Jigokuraku 2nd Season,2026-01-11
131518,SOURCE,98416,103897,MANGA,MANGA,Dr. STONE,2017-03-06
131518,PREQUEL,142876,50612,ANIME,SPECIAL,Dr. STONE: Ryuusui,2022-07-10
131518,SEQUEL,162670,55644,ANIME,TV,Dr. STONE: NEW WORLD Part 2,2023-10-12
131680,PARENT,97940,34572,ANIME,TV,Black Clover,2017-10-03
133892,PARENT,104158,38331,ANIME,TV,Stand My Heroes: PIECE OF TRUTH,2019-10-07
133892,CHARACTER,161439,,MANGA,MANGA,Stand My Heroes Comic Anthology,2018-01-22
134131,CHARACTER,165559,,ANIME,ONA,MagidesKAI: Mahou Shoujo Magical Destroyers PV,2023-03-07
137612,PREQUEL,129759,41140,ANIME,MOVIE,Princess Principal: Crown Handler - Chapter 2,2021-09-23
137612,SIDE_STORY,166977,57167,ANIME,OVA,Princess Principal: Crown Handler - Chapter 3: Cost for Custom Cars,2023-11-22
137612,SEQUEL,186716,57093,ANIME,MOVIE,Princess Principal: Crown Handler - Chapter 4,2025-05-23
140754,SOURCE,99686,101226,MANGA,NOVEL,Isekai Shoukan wa Nidome desu,2015-12-04
140754,ALTERNATIVE,103308,115310,MANGA,MANGA,Isekai Shoukan wa Nidome desu,2018-07-02
141208,SOURCE,101177,112589,MANGA,MANGA,Tonikaku Kawaii,2018-02-14
141208,PREQUEL,141212,51533,ANIME,SPECIAL,Tonikaku Kawaii: Seifuku,2022-11-22
141208,CHARACTER,235,235,ANIME,TV,Meitantei Conan,1996-01-08
141208,SEQUEL,166104,55651,ANIME,ONA,Tonikaku Kawaii: Joshikou-hen,2023-07-12
141208,CHARACTER,165790,55887,ANIME,TV,"Kekkon Suru tte, Hontou desu ka",2024-10-03
141911,SOURCE,109285,118289,MANGA,MANGA,Skip to Loafer,2018-08-25
141911,OTHER,168565,55089,ANIME,MUSIC,Mellow,2023-04-11
141911,SEQUEL,185657,60548,ANIME,TV,Skip to Loafer 2nd Season,2027-04
141911,OTHER,207886,62843,ANIME,SPECIAL,Run Run Lantern,2025-10-19
143653,SOURCE,110473,121213,MANGA,MANGA,Kimi wa Houkago Insomnia,2019-05-20
143653,OTHER,160205,52822,ANIME,SPECIAL,Kimi wa Houkago Insomnia Special Animation PV,2021-10-28
143766,PREQUEL,139806,,ANIME,OVA,Choujigen Game Neptune THE ANIMATION: Nepu Nepu Darake no Festival,2022-10-26
143766,PARENT,16157,16157,ANIME,TV,Choujigen Game Neptune THE ANIMATION,2013-06-22
144188,OTHER,126186,43506,ANIME,OVA,Alice Gear Aegis: Doki! Actress Darake no Mermaid Grand Prix ♥,2021-09-15
144932,PREQUEL,119683,42192,ANIME,TV,EDENS ZERO,2021-04-11
144932,SOURCE,101860,114548,MANGA,MANGA,EDENS ZERO,2018-06-26
145139,SOURCE,87216,96792,MANGA,MANGA,Kimetsu no Yaiba,2016-02-15
145139,PREQUEL,142329,47778,ANIME,TV,Kimetsu no Yaiba: Yuukaku-hen,2021-12-05
145139,SEQUEL,166240,55701,ANIME,TV,Kimetsu no Yaiba: Hashira Geiko-hen,2024-05-12
146234,ALTERNATIVE,117851,125512,MANGA,MANGA,Isekai One Turn Kill Nee-san: Ane Douhan no Isekai Seikatsu Hajimemashita,2020-03-06
146975,SOURCE,103849,106803,MANGA,MANGA,THE iDOLM@STER Cinderella Girls: U149,2016-10-15
146975,PARENT,20693,23587,ANIME,TV,THE IDOLM@STER Cinderella Girls,2015-01-10
146975,SIDE_STORY,166532,55802,ANIME,OVA,THE iDOLM@STER Cinderella Girls: U149 OVA,2023-10-25
147369,SOURCE,101831,106937,MANGA,MANGA,Ao no Orchestra,2017-04-25
147369,SIDE_STORY,166059,,ANIME,TV_SHORT,Ao no Orchestra 5-bu de Tanoshii Kurashikku,2023-03-20
147369,SEQUEL,170018,56877,ANIME,TV,Ao no Orchestra Season 2,2025-10-05
147571,PREQUEL,98491,35203,ANIME,TV,Isekai wa Smartphone to Tomo ni.,2017-07-11
147571,SOURCE,87174,88467,MANGA,NOVEL,Isekai wa Smartphone to Tomo ni.,2015-05-22
147571,ALTERNATIVE,99465,105645,MANGA,MANGA,Isekai wa Smartphone to Tomo ni.,2016-11-26
147729,SOURCE,62913,32913,MANGA,MANGA,ULTRAMAN,2011-11-01
147729,PREQUEL,109911,39935,ANIME,ONA,ULTRAMAN Season 2,2022-04-14
148048,SOURCE,130965,127128,MANGA,MANGA,Kaminaki Sekai no Kamisama Katsudou,2019-05-01
148098,SOURCE,116411,130641,MANGA,MANGA,Otonari ni Ginga,2020-04-07
148109,SOURCE,85952,85941,MANGA,MANGA,Yuusha ga Shinda! Murabito no Ore ga Hotta Otoshiana ni Yuusha ga Ochita Kekka.,2014-12-09
148149,SOURCE,30092,92,MANGA,MANGA,Bishoujo Senshi Sailor Moon,1991-12-28
148149,PREQUEL,103712,40429,ANIME,MOVIE,Bishoujo Senshi Sailor Moon: Eternal - Kouhen,2021-02-11
148149,ALTERNATIVE,996,996,ANIME,TV,Bishoujo Senshi Sailor Moon: Sailor Stars,1996-03-09
148149,SEQUEL,160850,,ANIME,MOVIE,Bishoujo Senshi Sailor Moon: Cosmos - Kouhen,2023-06-30
148149,OTHER,166110,55637,ANIME,MUSIC,Tsuki no Hana,2023-06-13
148370,ALTERNATIVE,176299,58517,ANIME,MOVIE,Uma Musume: Pretty Derby - ROAD TO THE TOP Movie,2024-05-10
148370,SEQUEL,172420,57647,ANIME,MOVIE,Uma Musume: Pretty Derby - Shin Jidai no Tobira,2024-05-24
148370,PARENT,98514,35249,ANIME,TV,Uma Musume: Pretty Derby,2018-04-02
149028,SOURCE,101120,104862,MANGA,MANGA,Watashi no Yuri wa Oshigoto desu!,2016-11-18
150075,SOURCE,100147,89768,MANGA,NOVEL,Kono Subarashii Sekai ni Shukufuku wo! Spin-off: Kono Subarashii Sekai ni Bakuen wo!,2014-07-01
150075,ALTERNATIVE,97080,97722,MANGA,MANGA,Kono Subarashii Sekai ni Bakuen wo!,2016-04-27
150075,PARENT,21202,30831,ANIME,TV,Kono Subarashii Sekai ni Shukufuku wo!,2016-01-14
150672,SOURCE,117195,126146,MANGA,MANGA,[Oshi no Ko],2020-04-23
150672,CHARACTER,164117,55016,ANIME,MUSIC,Idol,2023-04-12
150672,SEQUEL,166531,55791,ANIME,TV,[Oshi no Ko] 2nd Season,2024-07-03
150957,SOURCE,110049,125137,MANGA,MANGA,Edomae Elf,2019-06-17
150957,OTHER,164193,55183,ANIME,MUSIC,Kien Romance,2023-04-21
151189,SOURCE,108196,108032,MANGA,MANGA,My Home Hero,2017-05-29
151384,SOURCE,86635,90125,MANGA,MANGA,Kaguya-sama wa Kokurasetai: Tensaitachi no Renai Zunousen,2015-05-19
151384,PREQUEL,125367,43608,ANIME,TV,Kaguya-sama wa Kokurasetai: Ultra Romantic,2022-04-09
151384,SEQUEL,194884,61903,ANIME,SPECIAL,Kaguya-sama wa Kokurasetai: Otona e no Kaidan,2025-12-31
151606,PREQUEL,140830,50248,ANIME,TV,BIRDIE WING: Golf Girls' Story,2022-04-06
151801,SOURCE,114960,124085,MANGA,MANGA,MASHLE,2020-01-27
151801,SEQUEL,166610,55813,ANIME,TV,MASHLE: Kami Shinkakusha Kouho Senbatsu Shiken-hen,2024-01-06
151847,SOURCE,104973,118646,MANGA,MANGA,Geunyeoga Gongjakjeoro Gaya Haetdeon Sajeong,2017-09-03
153152,SOURCE,101557,112807,MANGA,MANGA,Boku no Kokoro no Yabai Yatsu,2018-03-08
153152,OTHER,165066,55277,ANIME,MUSIC,Shayou (Music),2023-05-10
153152,SEQUEL,166216,55690,ANIME,TV,Boku no Kokoro no Yabai Yatsu 2nd Season,2024-01-07
153152,SIDE_STORY,170221,56948,ANIME,ONA,Boku no Kokoro no Yabai Yatsu: Twi-Yaba,2023-12-10
153152,SUMMARY,182317,59985,ANIME,MOVIE,Boku no Kokoro no Yabai Yatsu Movie,2026-02-13
153332,SOURCE,106944,120424,MANGA,NOVEL,Tensei Kizoku no Isekai Boukenroku: Jichou wo Shiranai Kamigami no Shito,2017-06-15
153332,ALTERNATIVE,103238,114843,MANGA,MANGA,Tensei Kizoku no Isekai Boukenroku: Jichou wo Shiranai Kamigami no Shito,2018-03-26
153344,PREQUEL,103555,38098,ANIME,TV,MIX: MEISEI STORY,2019-04-06
153344,SOURCE,67815,37815,MANGA,MANGA,MIX,2012-05-12
153452,SOURCE,114388,121544,MANGA,MANGA,Ousama Ranking,2017-05-20
153452,PREQUEL,113717,40834,ANIME,TV,Ousama Ranking,2021-10-15
153452,OTHER,166457,55744,ANIME,MOVIE,Ousama Ranking Movie,
153687,PREQUEL,104990,37442,ANIME,MOVIE,PSYCHO-PASS Sinners of the System Case 3: Onshuu no Kanata ni ____,2019-03-08
153687,SEQUEL,108307,39491,ANIME,TV,PSYCHO-PASS 3,2019-10-24
153845,ALTERNATIVE,116062,124912,MANGA,MANGA,"Isekai de Cheat Skill wo Te ni Shita Ore wa, Genjitsu Sekai wo mo Musou Suru: Level Up wa Jinsei wo Kaeta",2019-12-13
153845,SOURCE,116063,126908,MANGA,NOVEL,"Isekai de Cheat Skill wo Te ni Shita Ore wa, Genjitsu Sekai wo mo Musou Suru: Level Up wa Jinsei wo Kaeta",2018-12-20
153845,SEQUEL,170110,56906,ANIME,SPECIAL,"Isekai de Cheat Skill wo Te ni Shita Ore wa, Genjitsu Sekai wo mo Musou Suru: Level Up wa Jinsei wo Kaeta",2026-03-30
154364,SOURCE,85435,61189,MANGA,MANGA,Mahoutsukai no Yome,2013-11-30
154364,PREQUEL,130713,48438,ANIME,OVA,Mahoutsukai no Yome: Nishi no Shounen to Seiran no Kishi,2021-09-10
154364,OTHER,161505,54767,ANIME,ONA,Fuyu no Okurimono,2023-03-18
154364,SEQUEL,166452,55742,ANIME,TV,Mahoutsukai no Yome SEASON 2 Part 2,2023-10-05
154412,SOURCE,129694,133696,MANGA,MANGA,Megami no Café Terrace,2021-02-17
154412,OTHER,164197,55750,ANIME,MUSIC,Unmei Kyoudoutai!,2023-04-22
154412,SEQUEL,166477,55749,ANIME,TV,Megami no Café Terrace 2nd Season,2024-07-05
154876,PREQUEL,117196,41589,ANIME,TV,Tokyo Mew Mew New~♡,2022-07-06
154876,SOURCE,30554,554,MANGA,MANGA,Tokyo Mew Mew,2000-09-01
154876,SIDE_STORY,153765,52612,ANIME,ONA,Petit! Tokyo Mew Mew New~♡,2022-06-30
154965,SOURCE,109501,125052,MANGA,MANGA,Yamada-kun to Lv999 no Koi wo Suru,2019-03-07
154967,SOURCE,145165,,MANGA,NOVEL,Seishun Buta Yarou wa Odekake Sister no Yume wo Minai,2018-04-10
154967,PREQUEL,104157,38329,ANIME,MOVIE,Seishun Buta Yarou wa Yumemiru Shoujo no Yume wo Minai,2019-06-15
154967,SEQUEL,161474,54870,ANIME,MOVIE,Seishun Buta Yarou wa Randoseru Girl no Yume wo Minai,2023-12-01
155070,SOURCE,112586,122854,MANGA,MANGA,Kawaisugi Crisis,2019-10-04
155158,PREQUEL,139274,49828,ANIME,TV,Kidou Senshi Gundam: Suisei no Majo,2022-10-02
155158,OTHER,165285,55404,ANIME,MUSIC,slash,2023-05-22
155783,SOURCE,101942,111745,MANGA,MANGA,Tengoku Daimakyou,2018-01-25
155783,ALTERNATIVE,186540,55527,ANIME,ONA,Tengoku Daimakyou PV,2018-07-23
156841,PARENT,235,235,ANIME,TV,Meitantei Conan,1996-01-08
156841,PREQUEL,158997,53780,ANIME,MOVIE,Meitantei Conan: Haibara Ai Monogatari - Kurogane no Mystery Train,2023-01-06
156841,ADAPTATION,216457,189412,MANGA,MANGA,Meitantei Conan: Kurogane no Submarine,2024-10-25
156896,CHARACTER,129380,130286,MANGA,MANGA,Virtual YouTuber Kizuna Ai Koushiki Comic Anthology: Tomodachi wo Tsukurou Hen,2018-06-30
156896,CHARACTER,101500,37438,ANIME,ONA,Ingress,2018-10-18
156896,SEQUEL,166523,55775,ANIME,TV,Kizuna no Allele Season 2,2023-10-05
157198,SOURCE,100868,110301,MANGA,MANGA,Dead Mount Death Play,2017-10-20
157198,SEQUEL,162803,54743,ANIME,TV,Dead Mount Death Play Part 2,2023-10-10
157198,OTHER,163621,55472,ANIME,MUSIC,Nero,2023-04-09
157295,SOURCE,104778,115694,MANGA,MANGA,Jijou wo Shiranai Tenkousei ga Guigui Kuru.,2018-05-22
157654,PREQUEL,133891,48916,ANIME,TV,Love Live! Nijigasaki Gakuen School Idol Doukoukai 2,2022-04-02
157654,SEQUEL,166476,55748,ANIME,MOVIE,Love Live! Nijigasaki Gakuen School Idol Doukoukai: Kanketsu-hen 1,2024-09-06
157765,OTHER,170690,,MANGA,MANGA,World Dai Star: Encore!,2023-04-02
158640,PREQUEL,158639,52337,ANIME,TV_SHORT,Sakuretsu! Amabie-hime.,2022-07-02
158640,SEQUEL,173647,57881,ANIME,TV_SHORT,Sakuretsu! Amabie-hime. Season3,2024-01-14
158871,OTHER,158870,53874,ANIME,TV,Pocket Monsters: Mezase Pokémon Master,2023-01-13
158871,OTHER,162147,54633,ANIME,ONA,Pokémon Concierge,2023-12-28
158871,OTHER,163619,54648,ANIME,ONA,Marujanai Shima no Shikaku na Pokémon!?,2023-04-09
158871,ADAPTATION,164498,,MANGA,MANGA,Anime Pocket Monsters: Liko to Roy no Bouken,2023-03-15
158871,ADAPTATION,164378,157491,MANGA,MANGA,Pocket Monsters: Liko no Takaramono,2023-04-03
158871,OTHER,166698,,MANGA,MANGA,Kabigon no Yume Gourmet,2024-01-19
158871,OTHER,167418,56064,ANIME,SPECIAL,Kimi ni Aeta!,2023-07-23
158871,OTHER,168092,56218,ANIME,ONA,Houkago no Breath,2023-09-06
158871,OTHER,169451,56712,ANIME,MUSIC,Ghost Dive,2023-09-20
158871,OTHER,170535,57003,ANIME,ONA,Meitantei Pikachu: Kareinaru Morning Routine,2023-10-25
158871,OTHER,170983,57199,ANIME,MUSIC,Biri-Biri,2023-11-18
158871,OTHER,171346,57488,ANIME,ONA,Kabigon to Karakara,2023-12-08
158871,OTHER,172250,,ANIME,MUSIC,JUVENILE,2023-12-22
158871,OTHER,174975,,ANIME,MUSIC,Hyu~dorodoro,2024-02-09
158871,OTHER,175353,58244,ANIME,MUSIC,POKÉDANCE,2024-02-27
158871,OTHER,175867,,ANIME,MUSIC,Glorious Day,2024-03-09
158871,OTHER,176471,58140,ANIME,MUSIC,Kabigon Neterun Kai!,2024-02-16
158871,OTHER,176495,58248,ANIME,ONA,Pokémon Masters EX 4.5 Shuunen Kinen,2024-02-27
158871,OTHER,177547,,ANIME,MUSIC,After Epochs,2024-05-10
158871,OTHER,177688,58912,ANIME,MUSIC,Lucky (feat. UMI),2024-05-24
158871,OTHER,177495,58012,ANIME,ONA,Liangchen you meng,2024-02-05
158871,OTHER,182386,59944,ANIME,ONA,POKÉTOON (2024),2024-09-18
158871,ADAPTATION,183961,,MANGA,MANGA,Pocket Monsters: Pucchigumi SP,2023-04-28
158871,SPIN_OFF,183962,165039,MANGA,MANGA,Pocket Monsters: Yorimichi Volteccers!!,2023-08-03
158871,OTHER,185648,60537,ANIME,ONA,Monpoké,2025-02-19
158871,OTHER,183487,,ANIME,MUSIC,Pocket no Monster,2023-10-20
158871,OTHER,185970,60674,ANIME,SPECIAL,9-tsu no Bouken,2024-11-21
158871,OTHER,186559,60946,ANIME,ONA,Kairyuu to Yuubinya-san,2025-02-27
158871,SPIN_OFF,194071,,MANGA,ONE_SHOT,Anime Pocket Monsters Rising 4-koma Volteccers,2025-03-13
158871,OTHER,186406,,MANGA,MANGA,Ame Nochi Numera,2024-11-06
158871,OTHER,201262,62863,ANIME,ONA,POKÉTOON (2025),2025-10-03
158871,OTHER,207414,,ANIME,MUSIC,Tabidachi no Uta,2026-01-28
158871,OTHER,208398,,ANIME,ONA,PokéOki,2025-07-21
158871,OTHER,209018,,ANIME,MUSIC,Crossroad,2026-03-09
158871,OTHER,212517,62885,ANIME,MUSIC,Iolite,2025-11-01
158871,OTHER,215761,,ANIME,ONA,POKÉTOON (2026),2026-08-12
159807,PARENT,146346,51265,ANIME,TV_SHORT,Inu ni Nattara Suki na Hito ni Hirowareta.,2023-01-06
159807,SOURCE,122364,128634,MANGA,MANGA,Inu ni Nattara Suki na Hito ni Hirowareta.,2020-08-02
159839,PREQUEL,154785,53077,ANIME,TV_SHORT,NIJIYON ANIMATION,2023-01-06
159839,SOURCE,125178,130167,MANGA,MANGA,Nijiyon: Love Live! Nijigasaki Gakuen School Idol Doukoukai Yonkoma,2019-04-30
159839,SEQUEL,172242,57623,ANIME,TV_SHORT,NIJIYON ANIMATION 2,2024-04-05
160088,PREQUEL,148042,51692,ANIME,TV_SHORT,Yoru wa Neko to Issho,2022-08-04
160088,SOURCE,132604,142014,MANGA,MANGA,Yoru wa Neko to Issho,2019-12-23
160088,SIDE_STORY,168962,56562,ANIME,ONA,Yoru wa Neko to Issho × GAMERA: Rebirth,2023-09-06
160088,SEQUEL,175137,58199,ANIME,ONA,Yoru wa Neko to Issho Season 3,2024-12-04
160173,PREQUEL,133510,49184,ANIME,TV,GUNMACHAN,2021-10-03
160442,SOURCE,98382,103206,MANGA,MANGA,Rokudou no Onna-tachi,2016-06-23
160829,PARENT,21512,32212,ANIME,TV,Ensemble Stars!,2019-07-07
161440,PARENT,128890,46654,ANIME,TV,IDOLiSH7: Third BEAT! Part 2,2022-10-02
161440,ALTERNATIVE,170087,,ANIME,MOVIE,IDOLiSH7: LIVE 4bit - BEYOND THE PERiOD DAY 2,2023-05-21
162312,SIDE_STORY,122248,42500,ANIME,ONA,Tadaima! Chibigodzilla,2020-07-15
162312,SEQUEL,175869,58351,ANIME,TV_SHORT,Chibi Godzilla no Gyakushuu 2,2024-04-03
162312,PARENT,44160,14160,MANGA,MANGA,Godzilla,1985
162717,SEQUEL,176635,58602,ANIME,TV_SHORT,YouTuNya 2,2024-04-02
162993,PREQUEL,146438,51293,ANIME,TV_SHORT,Eikyuu Shounen: Eternal Boys,2022-10-11
163137,SOURCE,34423,4423,MANGA,MANGA,Oooku,2004-06-28
163256,PREQUEL,153412,52460,ANIME,TV,Duel Masters WIN,2022-09-04
163256,ALTERNATIVE,154679,166342,MANGA,MANGA,Duel Masters WIN,2022-08-12
163256,SEQUEL,175473,58275,ANIME,ONA,Duel Masters LOST:  Tsuioku no Suishou,2024-10-04
163417,SOURCE,69745,39745,MANGA,NOVEL,Majutsushi Orphen,1994-05-01
163417,PREQUEL,155068,53162,ANIME,TV,Majutsushi Orphen Hagure Tabi: Urbanrama-hen,2023-01-18
163619,PARENT,158871,53876,ANIME,TV,Pocket Monsters (2023),2023-04-14
163943,PREQUEL,138106,49507,ANIME,ONA,Shuumatsu no Valkyrie Mini Anime,2021-07-27
163943,PARENT,138056,49618,ANIME,ONA,Shuumatsu no Valkyrie II,2023-01-26
164441,PREQUEL,154672,53011,ANIME,TV_SHORT,Mamekichi Mameko NEET no Nichijou,2022-10-03
164538,PREQUEL,124896,43353,ANIME,ONA,Bear Bear Bear Kuma!,2020-10-10
164538,PARENT,127550,45486,ANIME,TV,Kuma Kuma Kuma Bear Punch!,2023-04-03
164538,SIDE_STORY,166369,56106,ANIME,SPECIAL,Bear Bear Bear Kuma Punch!! Daiundoukai-hen,2023-07-26
165056,PARENT,136430,49387,ANIME,TV,VINLAND SAGA SEASON 2,2023-01-10
165647,PREQUEL,165645,55278,ANIME,ONA,Fudanshi Shoukan: Isekai de Shinjuu ni Hameraremashita Mini Anime 4th Season,2022-12-09
165647,PARENT,123902,129769,MANGA,MANGA,Fudanshi Shoukan: Isekai de Shinjuu ni Hameraremashita,2019-12-10
165647,SEQUEL,171130,57489,ANIME,ONA,Fudanshi Shoukan: Isekai de Shinjuu ni Hameraremashita Mini Anime 6th Season,2023-12-08
165749,OTHER,1133,1133,ANIME,TV,Tenchi Muyou! GXP,2002-04-02
165749,PREQUEL,21429,31861,ANIME,OVA,Tenchi Muyou! Ryououki Dai 4-ki,2016-11-30
165749,SEQUEL,114442,40097,ANIME,OVA,Tenchi Muyou! Ryououki Dai 5-ki,2020-02-28
166050,PREQUEL,104979,38163,ANIME,ONA,Iya na Kao sare nagara Opantsu Misete Moraitai 2,2019-11-23
166050,SEQUEL,196840,62155,ANIME,ONA,Iya na Kao sare nagara Opantsu Misete Moraitai Returns,2026-04-30
166059,PARENT,147369,51614,ANIME,TV,Ao no Orchestra,2023-04-09
166062,PREQUEL,130253,48455,ANIME,ONA,Beyblade Burst DB,2021-04-02
166062,OTHER,288,288,ANIME,TV,Bakuten Shoot Beyblade,2001-01-08
166381,CHARACTER,151513,52214,ANIME,TV,Genjitsu no Yohane: SUNSHINE in the MIRROR,2023-06-25
166381,CHARACTER,101280,37430,ANIME,TV,Tensei Shitara Slime Datta Ken,2018-10-02
167247,CHARACTER,174710,,MANGA,MANGA,Gokkan No Rita Ousama Sentai King-Ohger,2023-11-11
168001,SEQUEL,189736,61310,ANIME,ONA,Go! Go! Vehicle Zoo (ONA),2024-06-19
168555,SEQUEL,177160,,ANIME,TV_SHORT,Bouken Tairiku Ania Kingdom: Densetsu no Guardian-hen,2024-06-28
169516,PREQUEL,157287,53595,ANIME,ONA,Shin Shinka no Mi Gekijou,2022-11-04
169826,PREQUEL,146885,51263,ANIME,TV,Bakugan: Evolutions,2022-02-06
170087,ALTERNATIVE,161440,54118,ANIME,MOVIE,IDOLiSH7: LIVE 4bit - BEYOND THE PERiOD DAY 1,2023-05-20
170087,PARENT,128890,46654,ANIME,TV,IDOLiSH7: Third BEAT! Part 2,2022-10-02
179760,SEQUEL,193613,62108,ANIME,MOVIE,Synapusyu THE MOVIE: Pushu Hoppe Dancing PARTY,2025-05-16
179871,PREQUEL,179870,50799,ANIME,TV,Oshiri Tantei 6,2022-04-09
179871,SEQUEL,179872,58630,ANIME,TV,Oshiri Tantei 7 Part 2,2023-10-07
183885,PREQUEL,145739,51116,ANIME,MOVIE,Kagami no Kojou,2022-12-23
191981,OTHER,184757,55299,ANIME,ONA,NICO/AGONY,2023-03-31
191981,OTHER,184758,55300,ANIME,ONA,WANDER BURABURA BAKKAMU,2023-03-31
191981,OTHER,176881,55302,ANIME,ONA,Tsuru ga Mau Yoru ni,2023-03-31
213634,PARENT,181826,25615,ANIME,TV_SHORT,Genki Genki Nontan (2006),2006-10-02
109979,OTHER,108431,111183,MANGA,MANGA,Kimitachi wa Dou Ikiru ka,2017-08-24
131863,ALTERNATIVE,111265,124128,MANGA,MANGA,Liar Liar,2019-08-27
131863,SOURCE,115906,133594,MANGA,NOVEL,Liar Liar: Usotsuki Tenkousei wa Ikasama Cheat chan to Game wo Seisuru sou desu,2019-04-25
135178,PREQUEL,135177,49119,ANIME,MOVIE,Osomatsu-san: Hipipo-Zoku to Kagayaku Kajitsu,2022-07-08
135178,PARENT,21261,31174,ANIME,TV,Osomatsu-san,2015-10-06
135178,PARENT,120851,42391,ANIME,TV,Osomatsu-san 3rd Season,2020-10-13
139435,PREQUEL,129277,47257,ANIME,TV,Shinigami Bocchan to Kuro Maid,2021-07-04
139435,SOURCE,100293,110029,MANGA,MANGA,Shinigami Bocchan to Kuro Maid,2017-10-03
139435,SEQUEL,169584,56738,ANIME,TV,Shinigami Bocchan to Kuro Maid 3rd Season,2024-04-07
139606,SOURCE,86081,83875,MANGA,NOVEL,Eiyuu Kyoushitsu,2015-01-23
139606,ALTERNATIVE,100193,103866,MANGA,MANGA,Eiyuu Kyoushitsu,2016-09-12
139606,SIDE_STORY,167140,55806,ANIME,OVA,Eiyuu Kyoushitsu OVA,2024-01-26
142598,SOURCE,107135,122975,MANGA,NOVEL,Nanatsu no Maken ga Shihai Suru,2018-09-07
142598,ALTERNATIVE,107134,126232,MANGA,MANGA,Nanatsu no Maken ga Shihai Suru,2019-05-25
142598,SIDE_STORY,166973,55804,ANIME,ONA,Kimberly Mahou Gakkou no Yukai na Nichijou,2023-06-28
142598,SIDE_STORY,169322,,ANIME,ONA,Kimberly Mahou Gakkou Tsuushin,2023-07-08
142877,SOURCE,30022,22,MANGA,MANGA,Rurouni Kenshin: Meiji Kenkaku Romantan,1994-04-05
142877,ALTERNATIVE,45,45,ANIME,TV,Rurouni Kenshin: Meiji Kenkaku Romantan,1996-01-10
142877,OTHER,169447,56621,ANIME,MUSIC,Hiten,2023-08-17
142877,SOURCE,67303,37303,MANGA,MANGA,Rurouni Kenshin: Tokuhitsu-ban,2012-05-02
142877,SEQUEL,171637,57554,ANIME,TV,Rurouni Kenshin: Meiji Kenkaku Romantan - Kyoto Douran,2024-10-04
142877,ALTERNATIVE,34795,4795,MANGA,NOVEL,Rurouni Kenshin: Meiji Kenkaku Romantan,1996-10-04
145064,PREQUEL,113415,40748,ANIME,TV,Jujutsu Kaisen,2020-10-03
145064,SOURCE,101517,113138,MANGA,MANGA,Jujutsu Kaisen,2018-03-05
145064,SEQUEL,172463,57658,ANIME,TV,Jujutsu Kaisen: Shimetsu Kaiyuu - Zenpen,2026-01-09
145064,ALTERNATIVE,192809,59654,ANIME,MOVIE,Jujutsu Kaisen: Kaigyoku・Gyokusetsu,2025-05-30
145064,SUMMARY,204066,62392,ANIME,MOVIE,Jujutsu Kaisen: Shibuya Jihen Tokubetsu Henshuu-ban × Shimetsu Kaiyuu Senkou Jouei,2025-11-07
145140,SOURCE,86720,77637,MANGA,MANGA,Helck,2014-05-05
146065,PREQUEL,127720,45576,ANIME,TV,Mushoku Tensei: Isekai Ittara Honki Dasu Part 2,2021-10-04
146065,SOURCE,85470,70261,MANGA,NOVEL,Mushoku Tensei: Isekai Ittara Honki Dasu,2014-01-23
146065,ALTERNATIVE,142989,142765,MANGA,MANGA,Mushoku Tensei: Isekai Ittara Honki Dasu - Shitsui no Majutsushi-hen,2021-12-20
146065,ALTERNATIVE,85564,70259,MANGA,MANGA,Mushoku Tensei: Isekai Ittara Honki Dasu,2014-05-02
146065,SEQUEL,166873,55888,ANIME,TV,Mushoku Tensei II: Isekai Ittara Honki Dasu Part 2,2024-04-08
146472,PREQUEL,21748,35842,ANIME,TV,FLCL Alternative,2018-09-08
146472,SEQUEL,146473,51305,ANIME,TV,FLCL: Shoegaze,2023-10-01
146638,SOURCE,86265,72025,MANGA,MANGA,Kengan Ashura,2012-04-18
146638,PREQUEL,111048,40269,ANIME,ONA,Kengan Ashura Part 2,2019-10-31
146638,SEQUEL,169692,56704,ANIME,ONA,Kengan Ashura Season 2 Part 2,2024-08-15
146646,PREQUEL,124195,42940,ANIME,ONA,Hanma Baki,2021-09-30
146646,SOURCE,37760,7760,MANGA,MANGA,Hanma Baki,2005-12-01
146646,SEQUEL,176509,58573,ANIME,ONA,BAKI-DOU,2026-02-26
146836,SOURCE,130631,137055,MANGA,MANGA,Lv1 Maou to One Room Yuusha,2019-03-01
146953,SOURCE,76716,46716,MANGA,MANGA,Masamune-kun no Revenge,2012-10-27
146953,PREQUEL,21857,33487,ANIME,TV,Masamune-kun no Revenge,2017-01-05
147103,SOURCE,125444,138148,MANGA,NOVEL,Watashi no Shiawase na Kekkon,2019-01-15
147103,ALTERNATIVE,106531,118232,MANGA,MANGA,Watashi no Shiawase na Kekkon,2018-12-20
147103,SEQUEL,167486,55889,ANIME,OVA,Watashi no Shiawase na Katachi,2024-03-15
147189,PARENT,1470,1470,ANIME,TV,City Hunter,1987-04-06
147189,CHARACTER,2043,2043,ANIME,TV,Cat's♥Eye,1983-07-11
147189,CHARACTER,1412,1412,ANIME,TV,Lupin III,1971-10-24
147189,PREQUEL,101345,37516,ANIME,MOVIE,City Hunter: Shinjuku Private Eyes,2019-02-08
147189,SOURCE,30792,792,MANGA,MANGA,City Hunter,1985-02-26
148465,ALTERNATIVE,103737,119625,MANGA,MANGA,Level 1 dakedo Unique Skill de Saikyou desu,2018-06-01
148465,SOURCE,100646,109204,MANGA,NOVEL,Level 1 dakedo Unique Skill de Saikyou desu,2017-09-01
149883,SOURCE,122117,137041,MANGA,MANGA,Dekiru Neko wa Kyou mo Yuuutsu,2018-10-20
150429,PREQUEL,101992,35678,ANIME,MOVIE,Hibike! Euphonium: Chikai no Finale,2019-04-19
150429,SEQUEL,109731,39894,ANIME,TV,Hibike! Euphonium 3,2024-04-07
150429,PREQUEL,100178,35677,ANIME,MOVIE,Liz to Aoi Tori,2018-04-21
150970,PREQUEL,139213,49820,ANIME,TV,Cardfight!! Vanguard: will+Dress Season 2,2023-01-14
150970,SEQUEL,164204,54142,ANIME,TV,Cardfight!! Vanguard: Divinez,2024-01-13
150970,SEQUEL,186367,167668,MANGA,MANGA,Cardfight!! Vanguard: will+Dress D2,2023-11-03
150972,SOURCE,107112,106615,MANGA,MANGA,Shiro Seijo to Kuro Bokushi,2017-04-20
150972,OTHER,167647,,ANIME,MUSIC,Tokosiesta,2023-07-26
151513,OTHER,147034,155545,MANGA,MANGA,Genjitsu no Yohane: Unpolarized Reflexion,2022-02-27
151513,PARENT,21584,32526,ANIME,TV,Love Live! Sunshine!!,2016-07-02
151513,CHARACTER,166381,55720,ANIME,ONA,Genjitsu no Rimuru: SUNSHINE in the SLIME,2023-06-21
151513,SUMMARY,178782,59190,ANIME,MOVIE,Genjitsu no Yohane: SUNSHINE in the MIRROR Movie,2024-11-29
152802,SOURCE,109608,118668,MANGA,MANGA,Dark Gathering,2019-03-04
152802,SEQUEL,201388,62865,ANIME,TV,Dark Gathering 2nd Season,2027
153339,SOURCE,123847,150114,MANGA,NOVEL,Okashi na Tensei,2015-10-20
153339,ALTERNATIVE,109107,119640,MANGA,MANGA,Okashi na Tensei: Saikyou Pâtissier Isekai Kourin,2017-12-25
153339,SIDE_STORY,166988,55753,ANIME,ONA,Okashi na Tensei Mini Anime,2023-06-23
153360,ALTERNATIVE,138436,139032,MANGA,MANGA,Jidou Hanbaiki ni Umarekawatta Ore wa Meikyuu wo Samayou,2021-08-27
153360,SOURCE,97406,99627,MANGA,NOVEL,Jidou Hanbaiki ni Umarekawatta Ore wa Meikyuu wo Samayou,2016-08-01
153360,SEQUEL,169440,56700,ANIME,TV,Jidou Hanbaiki ni Umarekawatta Ore wa Meikyuu wo Samayou 2nd Season,2025-07-02
154391,ALTERNATIVE,110769,123783,MANGA,MANGA,"Jitsu wa Ore, Saikyou Deshita?",2019-04-03
154391,SOURCE,110770,134941,MANGA,NOVEL,"Jitsu wa Ore, Saikyou Deshita?",2019-05-31
154525,SOURCE,104971,115616,MANGA,MANGA,Azur Lane: Queen's Orders,2018-10-26
154525,PARENT,104159,38328,ANIME,TV,Azur Lane,2019-10-03
154643,SPIN_OFF,167828,161397,MANGA,MANGA,SYNDUALITY ELLIE,2023-07-27
154643,SIDE_STORY,169363,55939,ANIME,ONA,SYNDUALITY: Kagaku Kouza,2023-07-11
154643,SEQUEL,169559,56731,ANIME,TV,SYNDUALITY Noir Part 2,2024-01-09
154643,SPIN_OFF,171143,,MANGA,NOVEL,SYNDUALITY ELLIE,2023-09-25
154745,PREQUEL,124410,42963,ANIME,TV,"Kanojo, Okarishimasu 2nd Season",2022-07-02
154745,SOURCE,99943,108407,MANGA,MANGA,"Kanojo, Okarishimasu",2017-07-12
154745,OTHER,169526,,ANIME,ONA,"Kanojo, Okarishimasu 3rd Season Collab Mini Animation",2023-09-09
154745,OTHER,169748,56740,ANIME,ONA,"Kanojo, Okarishimasu 3rd Season Petit",2023-09-19
154745,CHARACTER,168973,56172,ANIME,ONA,"Kanojo, Okarishimasu × Temple Collab Mini Anime",2023-08-05
154745,SEQUEL,179344,59277,ANIME,ONA,"Kanojo, Okarishimasu 4th Season",2025-07-01
154789,SOURCE,127537,123492,MANGA,MANGA,Youjo Shachou,2019-04-26
154789,PREQUEL,127536,43001,ANIME,ONA,Youjo Shachou,2021-01-01
154966,SOURCE,50006,83903,MANGA,NOVEL,Fate/strange Fake,2015-01-10
154966,ALTERNATIVE,86753,83923,MANGA,MANGA,Fate/strange Fake,2015-01-10
154966,OTHER,114389,40982,ANIME,SPECIAL,Fate/strange Fake TVCM,2019-12-31
154966,SEQUEL,166617,55830,ANIME,TV,Fate/strange Fake,2026-01-03
154966,PARENT,10087,10087,ANIME,TV,Fate/Zero,2011-10-02
155168,PREQUEL,130592,48413,ANIME,TV,Hataraku Maou-sama!!,2022-07-14
155168,SOURCE,66719,36719,MANGA,NOVEL,Hataraku Maou-sama!,2011-02-10
155168,SIDE_STORY,154539,52970,ANIME,ONA,Chiichai! Maou-sama!!,2022-07-17
155418,ALTERNATIVE,110379,112971,MANGA,MANGA,"Seija Musou: Salaryman, Isekai de Ikinokoru Tame ni Ayumu Michi",2017-11-28
155418,SOURCE,110380,100153,MANGA,NOVEL,"Seija Musou: Salaryman, Isekai de Ikinokoru Tame ni Ayumu Michi",2016-08-30
155730,SOURCE,114527,123437,MANGA,MANGA,Uchi no Kaisha no Chiisai Senpai no Hanashi,2019-09-14
155730,ALTERNATIVE,122192,126161,MANGA,MANGA,Uchi no Kaisha no Chiisai Senpai no Hanashi,2020-04-03
155730,SIDE_STORY,169512,56376,ANIME,ONA,Uchi no Kaisha no Chiisai Senpai no Hanashi Mini Anime,2023-07-08
155971,SOURCE,51389,21389,MANGA,MANGA,Hyakushou Kizoku,2006-12-28
155971,SEQUEL,169511,56743,ANIME,OVA,Hyakushou Kizoku OVA,2023-12-20
155982,OTHER,169087,55754,ANIME,ONA,Ayagashima Kankou Annai,2023-06-23
155982,SPIN_OFF,199792,,MANGA,MANGA,AYAKA: MUZZLE FLASH BACK!!,2023-07-28
156040,ALTERNATIVE,117207,125511,MANGA,MANGA,Higeki no Genkyou to Naru Saikyou Gedou Last Boss Joou wa Tami no Tame ni Tsukushimasu.,2020-03-19
156040,SOURCE,125554,138320,MANGA,NOVEL,Higeki no Genkyou to Naru Saikyou Gedou Last Boss Joou wa Tami no Tame ni Tsukushimasu.,2019-06-04
156040,OTHER,167470,56095,ANIME,MUSIC,Kyuuseishu,2023-07-13
156040,SIDE_STORY,169373,55957,ANIME,ONA,Higeki no Genkyou to Naru Saikyou Gedou Last Boss Joou wa Tami no Tame ni Tsukushimasu. mini,2023-07-09
156040,ALTERNATIVE,172702,161754,MANGA,MANGA,Higeki no Genkyou to Naru Saikyou Gedou Last Boss Joou wa Tami no Tame ni Tsukushimasu. To The Savior,2023-07-07
156040,SEQUEL,195268,61931,ANIME,TV,Higeki no Genkyou to Naru Saikyou Gedou Last Boss Joou wa Tami no Tame ni Tsukushimasu.  Season 2,2026-04-07
157397,SOURCE,119137,133724,MANGA,NOVEL,Yumemiru Danshi wa Genjitsushugisha,2020-06-01
157397,ALTERNATIVE,132664,148476,MANGA,MANGA,Yumemiru Danshi wa Genjitsushugisha,2021-03-26
157957,SOURCE,31325,1325,MANGA,MANGA,Hi no Tori,1966-12-09
158530,SOURCE,109527,105854,MANGA,MANGA,AI no Idenshi,2015-11-05
158595,PREQUEL,142549,50562,ANIME,MOVIE,Crayon Shin-chan: Mononoke Ninja Chinpuuden,2022-04-22
158595,PARENT,966,966,ANIME,TV,Crayon Shin-chan,1992-04-13
158595,SEQUEL,171145,57499,ANIME,MOVIE,Crayon Shin-chan: Ora-tachi no Kyouryuu Nikki,2024-08-09
158896,SOURCE,30724,724,MANGA,MANGA,Sand Land,2000-05-09
158896,ALTERNATIVE,175642,57160,ANIME,ONA,SAND LAND: THE SERIES,2024-03-20
158908,OTHER,143708,,ANIME,SPECIAL,ChroNoiR x vaultroom,2022-01-12
158908,CHARACTER,133340,55594,ANIME,ONA,Chocosanji,2021-04-29
159322,PREQUEL,116674,41467,ANIME,TV,BLEACH: Sennen Kessen-hen,2022-10-11
159322,SOURCE,30012,12,MANGA,MANGA,BLEACH,2001-08-07
159322,SEQUEL,169755,56784,ANIME,TV,BLEACH: Sennen Kessen-hen - Soukoku-tan,2024-10-05
159429,CHARACTER,603,603,ANIME,TV,Futari wa Precure,2004-02-01
159429,CHARACTER,1929,1929,ANIME,TV,Futari wa Precure: Max Heart,2005-02-06
159429,CHARACTER,1534,1534,ANIME,TV,Futari wa Precure: Splash☆Star,2006-02-05
159429,CHARACTER,1932,1932,ANIME,TV,Yes! Precure 5,2007-02-04
159429,CHARACTER,3692,3692,ANIME,TV,Yes! Precure 5 GoGo!,2008-02-03
159429,CHARACTER,5684,5684,ANIME,TV,Fresh Precure!,2009-02-01
159429,CHARACTER,7645,7645,ANIME,TV,Heartcatch Precure!,2010-02-07
159429,CHARACTER,9893,9893,ANIME,TV,Suite Precure♪,2011-02-06
159429,CHARACTER,12191,12191,ANIME,TV,Smile Precure!,2012-02-05
159429,CHARACTER,16419,16419,ANIME,TV,Dokidoki! Precure,2013-02-03
159429,CHARACTER,20577,21407,ANIME,TV,HappinessCharge Precure!,2014-02-02
159429,CHARACTER,21001,28669,ANIME,TV,Go! Princess Precure,2015-02-01
159429,CHARACTER,21506,31884,ANIME,TV,Mahoutsukai Precure!,2016-02-07
159429,CHARACTER,98059,34290,ANIME,TV,Kirakira☆Precure a la Mode,2017-02-05
159429,CHARACTER,100661,36593,ANIME,TV,HUGtto! Precure,2018-02-04
159429,CHARACTER,105857,38578,ANIME,TV,Star☆Twinkle Precure,2019-02-03
159429,CHARACTER,112748,40610,ANIME,TV,Healin' Good♥Precure,2020-02-02
159429,CHARACTER,126905,44191,ANIME,TV,Tropical-Rouge! Precure,2021-02-28
159429,CHARACTER,142080,50281,ANIME,TV,Delicious Party♡Precure,2022-02-06
159429,CHARACTER,157883,53716,ANIME,TV,Hirogaru Sky! Precure,2023-02-05
159831,SOURCE,104660,122392,MANGA,MANGA,Zom 100: Zombie ni Naru Made ni Shitai 100 no Koto,2018-10-19
159926,PREQUEL,144677,50953,ANIME,ONA,BASTARD!!: Ankoku no Hakaishin (ONA),2022-06-30
159926,SOURCE,30611,611,MANGA,MANGA,BASTARD!!: Ankoku no Hakaishin,1988-03-14
160188,SOURCE,105641,117332,MANGA,MANGA,Suki na Ko ga Megane wo Wasureta,2018-11-22
160447,SOURCE,109122,120643,MANGA,MANGA,Temple,2018-09-01
160447,SIDE_STORY,170661,56741,ANIME,SPECIAL,Temple Specials,2023-10-25
160447,CHARACTER,168973,56172,ANIME,ONA,"Kanojo, Okarishimasu × Temple Collab Mini Anime",2023-08-05
160831,CHARACTER,133935,,MANGA,ONE_SHOT,Gamera Tai Daimajuu Jaiga,1970-03-18
160831,OTHER,168962,56562,ANIME,ONA,Yoru wa Neko to Issho × GAMERA: Rebirth,2023-09-06
160831,OTHER,169442,56702,ANIME,ONA,Odekake Kozame × GAMERA: Rebirth,2023-09-20
160831,ADAPTATION,171267,,MANGA,MANGA,GAMERA: Rebirth,2023-09-13
160831,SPIN_OFF,171268,,MANGA,MANGA,GAMERA: Rebirth - Code Tersos,2023-09-08
160850,PREQUEL,148149,51716,ANIME,MOVIE,Bishoujo Senshi Sailor Moon: Cosmos - Zenpen,2023-06-09
160850,SOURCE,30092,92,MANGA,MANGA,Bishoujo Senshi Sailor Moon,1991-12-28
160850,ALTERNATIVE,996,996,ANIME,TV,Bishoujo Senshi Sailor Moon: Sailor Stars,1996-03-09
160850,OTHER,166110,55637,ANIME,MUSIC,Tsuki no Hana,2023-06-13
161441,PREQUEL,21464,31853,ANIME,MOVIE,Biohazard: Vendetta,2017-05-27
161441,ADAPTATION,165537,162899,MANGA,MANGA,Biohazard: Death Island,2023-05-19
161647,PARENT,131005,48466,ANIME,TV,Kyoukai Senki,2021-10-05
162291,PREQUEL,141352,50315,ANIME,ONA,Nanatsu no Taizai: Ensa no Edinburgh - Zenpen,2022-12-20
162893,ALTERNATIVE,122673,131524,MANGA,MANGA,Ryza no Atelier: Tokoyami no Joou to Himitsu no Kakurega,2020-09-17
162893,CHARACTER,140099,,ANIME,ONA,Ryza no Atelier: Short Anime,2021-07-14
162893,OTHER,166974,55908,ANIME,MUSIC,Golden Ray,2023-07-02
162983,ALTERNATIVE,117306,98437,MANGA,MANGA,Undead Girl Murder Farce,2016-05-26
163079,SOURCE,146461,,MANGA,NOVEL,Sugar Apple Fairy Tale: Ginzatoushi to Murasaki no Yakusoku,2011-07-30
163079,PREQUEL,139821,49980,ANIME,TV,Sugar Apple Fairy Tale,2023-01-06
163079,SOURCE,146460,,MANGA,NOVEL,Sugar Apple Fairy Tale: Ginzatoushi to Midori no Koubou,2011-03-31
163079,SOURCE,146462,,MANGA,NOVEL,Sugar Apple Fairy Tale: Ginzatoushi to Aka no Oukoku,2011-09-30
163079,ALTERNATIVE,139836,141486,MANGA,MANGA,Sugar Apple Fairy Tale,2021-11-04
163132,SOURCE,72451,42451,MANGA,MANGA,Horimiya,2011-10-18
163132,PARENT,124080,42897,ANIME,TV,Horimiya,2021-01-10
163132,SOURCE,137278,,MANGA,ONE_SHOT,Horimiya Bangai-hen,2021-07-16
163136,PREQUEL,140085,50060,ANIME,TV,Shadowverse Flame,2022-04-02
163136,SEQUEL,172187,57614,ANIME,TV,Shadowverse Flame: Arc-hen,2024-04-13
163205,SOURCE,91222,70663,MANGA,MANGA,Mononogatari,2014-04-15
163205,PREQUEL,141785,50384,ANIME,TV,Mononogatari,2023-01-10
163263,PREQUEL,141249,50330,ANIME,TV,Bungou Stray Dogs 4th Season,2023-01-04
163263,SOURCE,85307,56529,MANGA,MANGA,Bungou Stray Dogs,2012-12-04
163327,SOURCE,100230,103851,MANGA,MANGA,Go-toubun no Hanayome,2017-08-09
163327,PREQUEL,109261,39783,ANIME,TV,Go-toubun no Hanayome ∬,2021-01-08
163327,SEQUEL,131520,48548,ANIME,MOVIE,Go-toubun no Hanayome Movie,2022-05-20
163542,ALTERNATIVE,119746,125341,MANGA,MANGA,Spy Kyoushitsu,2020-05-27
163542,PREQUEL,146323,51252,ANIME,TV,Spy Kyoushitsu,2023-01-05
163542,SOURCE,115935,125340,MANGA,NOVEL,Spy Kyoushitsu,2020-01-18
163544,PARENT,115877,40969,ANIME,ONA,Jintian Kaishi Zuo Mingxing,2019-12-27
163571,CHARACTER,157650,55378,ANIME,MUSIC,Kageiro Mai,2022-11-22
163571,PREQUEL,117765,41782,ANIME,MOVIE,BanG Dream! Poppin' Dream!,2022-01-01
163571,SEQUEL,169295,56653,ANIME,TV,BanG Dream! Ave Mujica,2025-01-02
163571,SUMMARY,173174,57754,ANIME,MOVIE,"BanG Dream! It's MyGO!!!!!: Haru no Hidamari, Mayoi Neko",2024-09-27
163571,SUMMARY,182241,,ANIME,MOVIE,"BanG Dream! It's MyGO!!!!!: Utau, Bokura ni Nareru Uta & FILM LIVE",2024-11-08
163571,ALTERNATIVE,185951,178395,MANGA,MANGA,BanG Dream! It's MyGO!!!!! Ame ni Soyoide Hare wo Kou,2024-12-27
163571,CHARACTER,182920,54144,ANIME,TV,Cardfight!! Vanguard: Divinez - Deluxe-hen,2025-01-11
163571,CHARACTER,186715,55883,ANIME,MUSIC,Shiori (2023),2023-06-30
163571,CHARACTER,192977,58428,ANIME,MUSIC,Utaimashou Narashimashou,2023-09-18
163571,SIDE_STORY,193414,56903,ANIME,ONA,MyGO!!!!! Member no Nichijou,2022-08-24
163571,CHARACTER,187166,61107,ANIME,ONA,Ganso! Bandori-chan,2025-10-02
165356,SOURCE,107098,110485,MANGA,MANGA,Shuumatsu no Valkyrie,2017-11-25
165356,PREQUEL,138056,49618,ANIME,ONA,Shuumatsu no Valkyrie II,2023-01-26
165356,SEQUEL,187921,61200,ANIME,ONA,Shuumatsu no Valkyrie III,2025-12-10
165426,SOURCE,165896,158220,MANGA,MANGA,Odekake Kozame,2022-01-19
165426,SIDE_STORY,169442,56702,ANIME,ONA,Odekake Kozame × GAMERA: Rebirth,2023-09-20
165426,SIDE_STORY,173534,57871,ANIME,ONA,Odekake Kozame × Chiba-ken Kuro Ajillo,2024-01-18
165426,SEQUEL,177518,58837,ANIME,MOVIE,Odekake Kozame: Tokai no Otomodachi,2025-08-22
165426,SIDE_STORY,211271,62831,ANIME,ONA,Odekake Kozame Kurashiki-shi Collab Movie,2025-10-16
166104,SOURCE,101177,112589,MANGA,MANGA,Tonikaku Kawaii,2018-02-14
166104,PREQUEL,141208,50307,ANIME,TV,Tonikaku Kawaii Season 2,2023-04-08
166104,CHARACTER,206595,61873,ANIME,MUSIC,Guruguru Live,2025-06-18
166369,PARENT,164538,55225,ANIME,ONA,Bear Bear Bear Kuma Punch!,2023-05-03
166829,PREQUEL,142826,50599,ANIME,TV_SHORT,Yami Shibai 10,2022-01-10
166829,SEQUEL,170953,57180,ANIME,TV_SHORT,Yami Shibai 12,2024-01-15
166973,PARENT,142598,50582,ANIME,TV,Nanatsu no Maken ga Shihai Suru,2023-07-08
166988,PARENT,153339,52611,ANIME,ONA,Okashi na Tensei,2023-07-04
167990,PREQUEL,136946,49215,ANIME,ONA,Celia-sensei no Wakuwaku Magical Kyoushitsu,2021-05-25
167990,PARENT,141182,50306,ANIME,TV,Seirei Gensouki 2,2024-10-08
167990,SEQUEL,184143,,ANIME,ONA,Celia-sensei no Dokidoki Interview Room,2024-02-02
168092,PARENT,158871,53876,ANIME,TV,Pocket Monsters (2023),2023-04-14
168962,PARENT,160088,54198,ANIME,ONA,Yoru wa Neko to Issho Season 2,2023-03-08
168962,PARENT,160831,53627,ANIME,ONA,GAMERA: Rebirth,2023-09-07
168973,PARENT,169748,56740,ANIME,ONA,"Kanojo, Okarishimasu 3rd Season Petit",2023-09-19
168973,CHARACTER,154745,53050,ANIME,TV,"Kanojo, Okarishimasu 3rd Season",2023-07-08
168973,CHARACTER,160447,54275,ANIME,TV,Temple,2023-07-09
168999,PARENT,158704,53833,ANIME,TV,Watashi no Oshi wa Akuyaku Reijou.,2023-10-03
169087,PARENT,155982,53428,ANIME,TV,AYAKA,2023-07-02
169319,PARENT,19825,19825,ANIME,TV,Battle Spirits: Saikyou Ginga Ultimate Zero,2013-09-22
169319,PARENT,5082,5082,ANIME,TV,Battle Spirits: Shounen Toppa Bashin,2008-09-07
169322,PARENT,142598,50582,ANIME,TV,Nanatsu no Maken ga Shihai Suru,2023-07-08
169363,PARENT,154643,53026,ANIME,TV,SYNDUALITY Noir,2023-07-11
169363,SEQUEL,204506,55939,ANIME,ONA,Kaette Kita! SYNDUALITY: Kagaku Kouza,2024-03-20
169364,SEQUEL,177148,,ANIME,ONA,Ikimono-san: Hitsuji no Kai,2024-02-17
169364,OTHER,147014,53740,ANIME,MOVIE,My Exercise,2019
169373,PARENT,156040,53438,ANIME,TV,Higeki no Genkyou to Naru Saikyou Gedou Last Boss Joou wa Tami no Tame ni Tsukushimasu.,2023-07-07
169375,PREQUEL,170013,56059,ANIME,ONA,Penetrate Blue: Vapor Trail Another Age 2824,2022-02-13
169375,SEQUEL,194706,61865,ANIME,MOVIE,Bousei no Volicia Dai Ni Shou: Gunjou,2025-04-21
169442,PARENT,165426,55463,ANIME,ONA,Odekake Kozame,2023-08-01
169442,PARENT,160831,53627,ANIME,ONA,GAMERA: Rebirth,2023-09-07
169512,PARENT,155730,53379,ANIME,TV,Uchi no Kaisha no Chiisai Senpai no Hanashi,2023-07-02
169526,PARENT,154745,53050,ANIME,TV,"Kanojo, Okarishimasu 3rd Season",2023-07-08
169526,PREQUEL,123464,,ANIME,ONA,"Kanojo, Okarishimasu Collab Mini Animation",2020-08-21
169526,PARENT,169748,56740,ANIME,ONA,"Kanojo, Okarishimasu 3rd Season Petit",2023-09-19
170220,PREQUEL,168559,52964,ANIME,TV_SHORT,Sylvanian Families: Freya no Happy Diary,2022-10-06
170220,SEQUEL,182157,60052,ANIME,TV_SHORT,Sylvanian Families: Freya no Piece of Secret,2024-11-21
170497,PARENT,118123,44042,ANIME,ONA,Holo no Graffiti,2019-05-05
175152,PARENT,1960,1960,ANIME,TV,Sore Ike! Anpanman,1988-10-03
177166,ALTERNATIVE,2156,2156,ANIME,TV,Bakugan Battle Brawlers,2007-04-05
177166,ALTERNATIVE,108852,39622,ANIME,TV,Bakugan Battle Planet,2019-04-01
185642,PREQUEL,156061,52814,ANIME,ONA,Nanashi Kaidan,2022-08-08
185642,SEQUEL,185669,59649,ANIME,ONA,Nanashi Kaidan 3rd Season,2024-08-26
204545,PREQUEL,204544,57185,ANIME,TV_SHORT,Heart Cocktail Colorful: Haru-hen,2023-03-28
204545,SEQUEL,204547,57436,ANIME,TV_SHORT,Heart Cocktail Colorful: Fuyu-hen,2023-12-11
204619,PREQUEL,204618,62558,ANIME,TV_SHORT,Koikeya SDGs Gekijou Suss to Tina Season 3,2022-10-02
204619,SEQUEL,204620,62560,ANIME,TV_SHORT,Koikeya SDGs Gekijou Suss to Tina Season 5,2024-07-03
208831,PARENT,10801,10801,ANIME,ONA,Copihan,2011-08-12
99088,SOURCE,30745,745,MANGA,MANGA,PLUTO,2003-09-09
99088,CHARACTER,1520,1520,ANIME,OVA,Black Jack,1993-12-21
99088,CHARACTER,2747,2747,ANIME,TV,Tetsuwan Atom,1963-01-01
111322,PREQUEL,111321,40356,ANIME,TV,Tate no Yuusha no Nariagari Season 2,2022-04-06
111322,SOURCE,85743,67617,MANGA,NOVEL,Tate no Yuusha no Nariagari,2013-08-23
111322,ALTERNATIVE,85442,67615,MANGA,MANGA,Tate no Yuusha no Nariagari,2014-02-05
111322,SEQUEL,173780,57907,ANIME,TV,Tate no Yuusha no Nariagari Season 4,2025-07-09
120755,PARENT,10278,10278,ANIME,TV,THE IDOLM@STER,2011-07-08
120755,CHARACTER,137075,49661,ANIME,MOVIE,VOY@GER,2021-08-25
120755,OTHER,20693,23587,ANIME,TV,THE IDOLM@STER Cinderella Girls,2015-01-10
120755,ALTERNATIVE,116632,105925,MANGA,MANGA,The iDOLM@STER Million Live!: Blooming Clover,2017-02-27
120755,ALTERNATIVE,110370,115394,MANGA,MANGA,The iDOLM@STER Million Live!: Theater Days - Brand New Song,2018-10-31
120755,ALTERNATIVE,110219,35081,ANIME,ONA,The Idolm@ster Million Live! 4th Shuunen Kinen PV,2017-03-12
120755,ALTERNATIVE,85788,78135,MANGA,MANGA,The iDOLM@STER Million Live!,2014-07-11
120755,ALTERNATIVE,85787,87923,MANGA,MANGA,The Idolm@ster: Million Live! Back Stage,2014-07-22
120755,OTHER,98310,34915,ANIME,TV,The Idolm@ster SideM,2017-09-30
120755,ALTERNATIVE,94520,87938,MANGA,MANGA,The iDOLM@STER Million Live!: Comic Anthology,2015-04-03
120755,CHARACTER,17437,17437,ANIME,MOVIE,THE IDOLM@STER MOVIE: Kagayaki no Mukougawa e!,2014-01-25
120755,ALTERNATIVE,145490,,MANGA,MANGA,Amairo no Asterism,2022-02-12
120755,ALTERNATIVE,149891,150616,MANGA,MANGA,The IDOLM@STER Million Live! Theater Days Lively Flowers,2020-02-18
120755,CHARACTER,149974,51842,ANIME,MUSIC,Seven Count,2022-03-26
120755,CHARACTER,158702,31894,ANIME,MUSIC,"""Dreaming!"" Animation PV",2015-09-30
120755,ALTERNATIVE,171539,,MANGA,MANGA,THE IDOLM@STER MILLION LIVE! THEATER DAYS 4-koma Theater no Nichijou,2019-07-03
120755,SIDE_STORY,177456,61456,ANIME,OVA,The IDOLM@STER Million Live!: The Backstage,2024-03-29
120755,SIDE_STORY,187375,61156,ANIME,OVA,"THE IDOLM@STER Million Live!: Itsuka, Mannaka de",2026-03-27
126316,PREQUEL,100186,36483,ANIME,TV,B-PROJECT: Zecchou*Emotion,2019-01-12
126316,ADAPTATION,97157,98184,MANGA,MANGA,B-Project: Mousou*Scandal,2016-05-24
127163,ALTERNATIVE,104262,118925,MANGA,MANGA,Maitetsu,2017-12-28
127163,PREQUEL,114263,40958,ANIME,TV_SHORT,Rail Romanesque,2020-10-03
129188,ALTERNATIVE,87321,98720,MANGA,MANGA,Goblin Slayer,2016-05-25
129188,SOURCE,87320,95311,MANGA,NOVEL,Goblin Slayer,2016-02-15
129188,PREQUEL,108623,39576,ANIME,MOVIE,Goblin Slayer: GOBLIN'S CROWN,2020-02-01
130622,SEQUEL,100978,37140,ANIME,TV,Gegege no Kitarou (2018),2018-04-01
130706,SOURCE,53187,23187,MANGA,MANGA,Akuma-kun,1963-08-11
130706,ALTERNATIVE,8194,8194,ANIME,TV,Akuma-kun,1989-04-15
132420,PREQUEL,124115,39166,ANIME,MOVIE,Girls und Panzer: Saishuushou 3,2021-03-26
132420,SIDE_STORY,176663,58606,ANIME,OVA,Girls und Panzer: Taichou War!,2024-03-27
132420,SEQUEL,202390,39168,ANIME,MOVIE,Girls und Panzer: Saishuushou 5,2026-10-09
137310,PARENT,1313,1313,ANIME,TV,Digimon Adventure 02,2000-04-02
137310,PREQUEL,108260,38088,ANIME,MOVIE,Digimon Adventure: LAST EVOLUTION Kizuna,2020-02-21
137310,SEQUEL,204482,61286,ANIME,SPECIAL,Digimon Adventure: BEYOND,2025-03-20
138788,SOURCE,103890,114939,MANGA,MANGA,Under Ninja,2018-07-23
139359,PREQUEL,120209,42282,ANIME,TV,Otome Game no Hametsu Flag shika Nai Akuyaku Reijou ni Tensei shiteshimatta… X,2021-07-03
139359,SOURCE,100559,103925,MANGA,NOVEL,Otome Game no Hametsu Flag shika Nai Akuyaku Reijou ni Tensei shiteshimatta...,2015-08-20
139359,ALTERNATIVE,100560,107566,MANGA,MANGA,Otome Game no Hametsu Flag shika Nai Akuyaku Reijou ni Tensei shiteshimatta...,2017-08-28
140501,ALTERNATIVE,116722,124310,MANGA,MANGA,Seiken Gakuin no Maken Tsukai,2019-11-26
140501,SOURCE,113381,122521,MANGA,NOVEL,Seiken Gakuin no Maken Tsukai,2019-05-25
142599,ALTERNATIVE,123562,142465,MANGA,MANGA,Buta no Liver wa Kanetsu Shiro,2020-08-27
142599,SOURCE,123563,133333,MANGA,NOVEL,Buta no Liver wa Kanetsu Shiro,2020-03-10
142666,SOURCE,101687,107774,MANGA,MANGA,Migi to Dali,2017-07-15
143085,ALTERNATIVE,101521,109339,MANGA,MANGA,Saihate no Paladin,2017-09-25
143085,SOURCE,97450,99815,MANGA,NOVEL,Saihate no Paladin,2016-03-24
143085,PREQUEL,132473,48761,ANIME,TV,Saihate no Paladin,2021-10-09
143327,SOURCE,100238,107908,MANGA,MANGA,MF Ghost,2017-09-04
143327,PREQUEL,19613,22507,ANIME,TV,Initial D Final Stage,2014-05-16
143327,SEQUEL,171642,57559,ANIME,TV,MF Ghost 2nd Season,2024-10-07
145000,ALTERNATIVE,3704,3704,ANIME,TV_SHORT,Zenryoku Usagi,2008-01-05
145000,SEQUEL,184182,60280,ANIME,TV_SHORT,Zenryoku Usagi Season 2,2025-04-09
146206,ALTERNATIVE,101503,111628,MANGA,MANGA,Seijo no Maryoku wa Bannou desu,2017-07-31
146206,PREQUEL,123802,42826,ANIME,TV,Seijo no Maryoku wa Bannou desu,2021-04-06
146206,SOURCE,101502,111629,MANGA,NOVEL,Seijo no Maryoku wa Bannou desu,2017-02-10
146473,PREQUEL,146472,51304,ANIME,TV,FLCL: Grunge,2023-09-10
146473,PREQUEL,21748,35842,ANIME,TV,FLCL Alternative,2018-09-08
146493,SOURCE,99065,106733,MANGA,MANGA,Ragna Crimson,2017-03-22
148862,SOURCE,129117,128691,MANGA,MANGA,Mokushiroku no Yonkishi,2021-01-27
148862,PREQUEL,128740,46420,ANIME,MOVIE,Nanatsu no Taizai: Hikari ni Norowareshi Mono-tachi,2021-07-02
148862,SEQUEL,176292,58511,ANIME,TV,Nanatsu no Taizai: Mokushiroku no Yonkishi 2nd Season,2024-10-06
150077,ALTERNATIVE,148090,144263,MANGA,MANGA,Paradox Live Stage Battle “COMIC”,2022-02-18
150077,SEQUEL,212812,,ANIME,MOVIE,Paradox Live THE ANIMATION Movie,
151970,SOURCE,122063,130331,MANGA,MANGA,"Shangri-La Frontier: Kusoge Hunter, Kami ge ni Idoman to su",2020-07-15
151970,SIDE_STORY,169750,56791,ANIME,ONA,Shangri-La Frontier Mini Anime,2023-09-28
151970,SEQUEL,176508,58572,ANIME,TV,Shangri-La Frontier 2nd Season,2024-10-13
154116,SOURCE,114791,123956,MANGA,MANGA,Undead Unluck,2020-01-20
154116,SEQUEL,179930,59435,ANIME,SPECIAL,Undead Unluck: Winter-hen,2025-12-26
154214,ALTERNATIVE,125342,130629,MANGA,MANGA,"Konyaku Haki sareta Reijou wo Hirotta Ore ga, Ikenai Koto wo Oshiekomu: Oishii Mono wo Tabesasete Oshare wo Sasete, Sekaiichi Shiawase na Shoujo ni Produce!",2020-03-25
154214,SOURCE,154218,151180,MANGA,NOVEL,"Konyaku Haki sareta Reijou wo Hirotta Ore ga, Ikenai Koto wo Oshiekomu: Oishii Mono wo Tabesasete Oshare wo Sasete, Sekaiichi Shiawase na Shoujo ni Produce!",2020-03-27
154384,ALTERNATIVE,112830,121484,MANGA,MANGA,"Tearmoon Teikoku Monogatari: Dantoudai kara Hajimaru, Hime no Tensei Gyakuten Story @COMIC",2019-08-12
154384,SOURCE,113399,128337,MANGA,NOVEL,"Tearmoon Teikoku Monogatari: Dantoudai kara Hajimaru, Hime no Tensei Gyakuten Story",2019-06-01
154384,OTHER,176858,56978,ANIME,ONA,"Tearmoon Teikoku Monogatari: Dantoudai kara Hajimaru, Hime no Tensei Gyakuten Story Mini Anime",2023-10-13
154454,SOURCE,109779,124053,MANGA,MANGA,Dekoboko Majo no Oyako Jijou,2018-07-11
154459,SOURCE,132264,136419,MANGA,NOVEL,"Keikenzumi na Kimi to, Keiken Zero na Ore ga, Otsukiai suru Hanashi.",2020-09-19
154459,ALTERNATIVE,144718,144451,MANGA,MANGA,"Keikenzumi na Kimi to, Keiken Zero na Ore ga, Otsukiai suru Hanashi.",2022-02-23
154587,SOURCE,118586,126287,MANGA,MANGA,Sousou no Frieren,2020-04-28
154587,CHARACTER,169811,56805,ANIME,MUSIC,Yuusha,2023-09-29
154587,SIDE_STORY,170068,56885,ANIME,ONA,Sousou no Frieren: ●● no Mahou,2023-10-11
154587,OTHER,175691,58313,ANIME,MUSIC,Haru,2024-03-05
154587,SEQUEL,182255,59978,ANIME,TV,Sousou no Frieren 2nd Season,2026-01-16
154587,SIDE_STORY,189513,,ANIME,ONA,Sousou no Frieren: ●● no Mahou Part 2,2025-04-02
154692,SOURCE,116266,124940,MANGA,MANGA,Kanojo mo Kanojo,2020-03-04
154692,PREQUEL,126192,43969,ANIME,TV,Kanojo mo Kanojo,2021-07-03
154999,ALTERNATIVE,45079,15079,MANGA,MANGA,Onmyouji,1999-01-07
155015,OTHER,3498,3498,ANIME,OVA,Shin Onimusha: DAWN OF DREAMS THE STORY,2006-07-26
155389,SOURCE,110909,121197,MANGA,MANGA,SHY,2019-08-01
155389,SEQUEL,171748,57567,ANIME,TV,SHY: Tokyo Dakkan-hen,2024-07-02
155419,SOURCE,121501,127231,MANGA,MANGA,Hoshikuzu Telepath,2019-05-09
155527,SOURCE,106315,119440,MANGA,MANGA,Ojou to Banken-kun,2018-12-13
156039,ALTERNATIVE,101625,113958,MANGA,MANGA,Boushoku no Berserk: Ore Dake Level to Iu Gainen wo Toppa Suru THE COMIC,2018-03-01
156039,SOURCE,100687,115165,MANGA,NOVEL,Boushoku no Berserk: Ore dake Level to Iu Gainen wo Toppa Suru,2017-11-30
156039,SIDE_STORY,169749,56758,ANIME,ONA,Mattari Kaisetsu: Boushoku no Berserk,2023-09-27
156039,SEQUEL,211495,64059,ANIME,TV,Boushoku no Berserk 2nd Season,2027
156184,ALTERNATIVE,102476,115194,MANGA,MANGA,Boukensha ni Naritai to Miyako ni Deteitta Musume ga S Rank ni Natteta,2018-05-08
156184,SOURCE,102475,115193,MANGA,NOVEL,Boukensha ni Naritai to Miyako ni Deteitta Musume ga S Rank ni Natteta,2018-02-15
156632,PREQUEL,145608,51225,ANIME,SPECIAL,Uma Musume: Pretty Derby - 1st Anniversary Special Animation,2022-02-22
156632,OTHER,170592,164458,MANGA,MANGA,Uma Musume: Peace Peace☆Supi Supi Golshi-chan,2023-11-29
157399,SOURCE,168853,,MANGA,NOVEL,Bullbuster,2018-12-27
157399,ALTERNATIVE,181675,183508,MANGA,MANGA,Bullbuster,2023-10-05
158704,ALTERNATIVE,118695,129361,MANGA,MANGA,Watashi no Oshi wa Akuyaku Reijou.,2020-06-18
158704,SOURCE,109206,138424,MANGA,NOVEL,Watashi no Oshi wa Akuyaku Reijou.,2019-02-26
158704,ALTERNATIVE,168257,,MANGA,MANGA,Nae Choeaeneun Agyeogyeongae: Another Revolution Story,2023-01-12
158704,SIDE_STORY,168999,56552,ANIME,ONA,Watashi no Oshi wa Akuyaku Reijou.: Rae to Claire ni Ichimon Ittou,2023-08-25
158791,SOURCE,124903,145140,MANGA,MANGA,Megumi no Daigo: Kyuukoku no Orange,2020-10-06
158791,PREQUEL,3147,3147,ANIME,MOVIE,Megumi no Daigo: Kajiba no Baka Yarou,1999-07-27
158895,PREQUEL,140660,50205,ANIME,TV,Arknights: Reimei Zensou,2022-10-29
158895,SEQUEL,177175,58749,ANIME,TV,Arknights: Enshin Shomei,2025-07-04
158926,SOURCE,124895,130392,MANGA,MANGA,Kamonohashi Ron no Kindan Suiri,2020-10-11
158926,SEQUEL,172355,57635,ANIME,TV,Kamonohashi Ron no Kindan Suiri 2nd Season,2024-10-07
158927,PREQUEL,142838,50602,ANIME,TV,SPY×FAMILY Part 2,2022-10-01
158927,SOURCE,108556,119161,MANGA,MANGA,SPY×FAMILY,2019-03-25
158927,SIDE_STORY,158928,53888,ANIME,MOVIE,SPY×FAMILY CODE: White,2023-12-22
158927,SEQUEL,177937,59027,ANIME,TV,SPY×FAMILY Season 3,2025-10-04
158928,PARENT,158927,53887,ANIME,TV,SPY×FAMILY Season 2,2023-10-07
158928,CHARACTER,177098,57435,ANIME,SPECIAL,Street Fighter 6 × SPY×FAMILY CODE: White,2023-12-04
159074,SOURCE,109455,121209,MANGA,MANGA,Houkago Shounen Hanako-kun,2018-02-22
159074,PARENT,108463,39534,ANIME,TV,Jibaku Shounen Hanako-kun,2020-01-10
159074,SEQUEL,170893,57102,ANIME,TV_SHORT,Houkago Shounen Hanako-kun 2,2024-10-08
159559,OTHER,124049,134631,MANGA,MANGA,16bit Sensation,2016-12-31
159559,CHARACTER,356,356,ANIME,TV,Fate/stay night,2006-01-07
159559,CHARACTER,293,293,ANIME,TV_SHORT,Di Gi Charat,1999-11-30
159808,ALTERNATIVE,139418,143425,MANGA,MANGA,Hikikomari Kyuuketsuki no Monmon,2021-12-25
159808,SOURCE,119283,138763,MANGA,NOVEL,Hikikomari Kyuuketsuki no Monmon,2020-01-11
159886,PREQUEL,144144,50864,ANIME,TV,Ooyukiumi no Kaina,2023-01-12
159886,OTHER,170546,56955,ANIME,MUSIC,Gekkouyoku,2023-10-19
160514,SOURCE,139131,155189,MANGA,MANGA,DOG SIGNAL,2018-07-24
160515,SIDE_STORY,170507,,ANIME,ONA,Overtake! Extra,2023-10-01
160515,SIDE_STORY,183797,,ANIME,SPECIAL,Overtake! Extra Tokubetsu-hen,2024-02-28
160900,SOURCE,112203,120485,MANGA,MANGA,Hametsu no Oukoku,2019-05-05
161364,ALTERNATIVE,85563,74955,MANGA,MANGA,Toaru Ossan no VRMMO Katsudouki,2014-06-27
161364,SOURCE,92134,75121,MANGA,NOVEL,Toaru Ossan no VRMMO Katsudouki,2014-01-24
161474,PREQUEL,154967,53129,ANIME,MOVIE,Seishun Buta Yarou wa Odekake Sister no Yume wo Minai,2023-06-23
161474,SOURCE,145166,,MANGA,NOVEL,Seishun Buta Yarou wa Randoseru Girl no Yume wo Minai,2018-10-10
161474,SEQUEL,171046,57433,ANIME,TV,Seishun Buta Yarou wa Santa Claus no Yume wo Minai,2025-07-05
161645,SOURCE,99026,86769,MANGA,NOVEL,Kusuriya no Hitorigoto,2014-08-29
161645,ALTERNATIVE,99022,107562,MANGA,MANGA,Kusuriya no Hitorigoto,2017-05-25
161645,ALTERNATIVE,113322,110929,MANGA,MANGA,Kusuriya no Hitorigoto: Maomao no Koukyuu Nazotoki Techou,2017-08-19
161645,SIDE_STORY,170508,56975,ANIME,ONA,Maomao no Hitorigoto,2023-10-23
161645,SEQUEL,176301,58514,ANIME,TV,Kusuriya no Hitorigoto 2nd Season,2025-01-10
161802,PREQUEL,101280,37430,ANIME,TV,Tensei Shitara Slime Datta Ken,2018-10-02
161802,SEQUEL,108511,39551,ANIME,TV,Tensei Shitara Slime Datta Ken 2nd Season,2021-01-12
161964,SOURCE,108428,115922,MANGA,NOVEL,Kage no Jitsuryokusha ni Naritakute!,2018-11-05
161964,PREQUEL,130298,48316,ANIME,TV,Kage no Jitsuryokusha ni Naritakute!,2022-10-05
161964,ALTERNATIVE,106758,119022,MANGA,MANGA,Kage no Jitsuryokusha ni Naritakute!,2018-12-26
161964,SIDE_STORY,169929,56842,ANIME,TV_SHORT,Kage-Jitsu! 2nd,2023-10-05
161964,SEQUEL,171952,57584,ANIME,MOVIE,Kage no Jitsuryokusha ni Naritakute!: Zankyou-hen,2027
161992,SOURCE,99104,107569,MANGA,NOVEL,Potion-danomi de Ikinobimasu!,2017-05-31
161992,ALTERNATIVE,101686,110623,MANGA,MANGA,Potion-danomi de Ikinobimasu!,2017-06-07
162147,PARENT,158871,53876,ANIME,TV,Pocket Monsters (2023),2023-04-14
162147,SEQUEL,175035,58953,ANIME,ONA,Pokémon Concierge Part 2,2025-09-04
162314,SOURCE,53390,23390,MANGA,MANGA,Shingeki no Kyojin,2009-09-09
162314,PREQUEL,146984,51535,ANIME,SPECIAL,Shingeki no Kyojin: The Final Season - Kanketsu-hen Zenpen,2023-03-04
162670,SOURCE,98416,103897,MANGA,MANGA,Dr. STONE,2017-03-06
162670,PREQUEL,131518,48549,ANIME,TV,Dr. STONE: NEW WORLD,2023-04-06
162670,SEQUEL,172019,57592,ANIME,TV,Dr. STONE: SCIENCE FUTURE,2025-01-09
162694,SOURCE,114416,123681,MANGA,MANGA,Kimi no Koto ga Dai Dai Dai Dai Daisuki na 100-nin no Kanojo,2019-12-26
162694,SEQUEL,172258,57616,ANIME,TV,Kimi no Koto ga Dai Dai Dai Dai Daisuki na 100-nin no Kanojo 2nd Season,2025-01-12
162720,PREQUEL,3692,3692,ANIME,TV,Yes! Precure 5 GoGo!,2008-02-03
162720,PREQUEL,1534,1534,ANIME,TV,Futari wa Precure: Splash☆Star,2006-02-05
162720,CHARACTER,1929,1929,ANIME,TV,Futari wa Precure: Max Heart,2005-02-06
162803,SOURCE,100868,110301,MANGA,MANGA,Dead Mount Death Play,2017-10-20
162803,PREQUEL,157198,53613,ANIME,TV,Dead Mount Death Play,2023-04-11
162984,SEQUEL,172199,56967,ANIME,TV,Kamierabi GOD.app Season 2,2024-10-03
162989,SOURCE,122581,128978,MANGA,MANGA,Mask Danshi wa Koishitakunai no ni,2019-11-25
163024,PREQUEL,100745,36934,ANIME,TV,Captain Tsubasa (2018),2018-04-03
163024,SOURCE,31789,1789,MANGA,MANGA,Captain Tsubasa,1981-04-13
163024,ALTERNATIVE,2117,2117,ANIME,OVA,Shin Captain Tsubasa,1989-07-01
163140,PREQUEL,113652,40803,ANIME,TV,Hypnosis Mic -Division Rap Battle- Rhyme Anima,2020-10-03
163140,SIDE_STORY,187305,60273,ANIME,MOVIE,Hypnosis Mic -Division Rap Battle- Movie,2025-02-21
163140,CHARACTER,185797,,ANIME,MUSIC,Hypnosis Mic -Division Rap Battle- FINAL,2024-12-20
163142,ALTERNATIVE,105393,132247,MANGA,MANGA,Gwihwanjaui Mabeobeun Teukbyeolhaeya Hamnida,2018-05-20
163142,SEQUEL,172192,57612,ANIME,TV,Kikansha no Mahou wa Tokubetsu desu 2nd Season,2026-10-08
163143,PREQUEL,138899,49402,ANIME,MOVIE,Koukaku Kidoutai: SAC_2045 - Jizoku Kanou Sensou,2021-11-12
163143,ALTERNATIVE,117756,41750,ANIME,ONA,Koukaku Kidoutai: SAC_2045 Season 2,2022-05-23
163204,OTHER,19319,19319,ANIME,TV,Gundam Build Fighters,2013-10-07
163204,OTHER,101036,37245,ANIME,TV,Gundam Build Divers,2018-04-03
163329,SOURCE,102988,104565,MANGA,MANGA,Tokyo卍Revengers,2017-03-01
163329,PREQUEL,142853,50608,ANIME,TV,Tokyo Revengers: Seiya Kessen-hen,2023-01-08
163329,SEQUEL,178083,59088,ANIME,TV,Tokyo Revengers: Santen Sensou-hen,2026-10-03
163363,PREQUEL,157693,53680,ANIME,ONA,Pole Princess!!,2022-12-23
163364,ALTERNATIVE,3909,3909,ANIME,TV,Bikkuriman,1987-10-11
164226,SOURCE,100999,110191,MANGA,MANGA,Hokkyoku Hyakkaten no Concierge-san,2017-02-17
164241,PARENT,21512,32212,ANIME,TV,Ensemble Stars!,2019-07-07
164293,PREQUEL,199663,,MANGA,MANGA,Komada Jouryuujo e Youkoso: Wakaba ga Mebuku made,2024-09-19
164293,OTHER,207886,62843,ANIME,SPECIAL,Run Run Lantern,2025-10-19
164312,SOURCE,105922,115475,MANGA,MANGA,Yuzuki-san Chi no Yon Kyoudai.,2018-08-10
164551,PARENT,124641,42994,ANIME,TV,Jashin-chan Dropkick X,2022-07-06
165070,SOURCE,108224,124129,MANGA,MANGA,Atarashii Joushi wa Dotennen,2018-05-14
165159,OTHER,288,288,ANIME,TV,Bakuten Shoot Beyblade,2001-01-08
165159,ALTERNATIVE,165050,159721,MANGA,MANGA,BEYBLADE X,2023-06-15
166452,SOURCE,85435,61189,MANGA,MANGA,Mahoutsukai no Yome,2013-11-30
166452,PREQUEL,154364,52955,ANIME,TV,Mahoutsukai no Yome SEASON 2,2023-04-06
166523,PREQUEL,156896,51139,ANIME,TV,Kizuna no Allele,2023-04-04
166532,PARENT,146975,51536,ANIME,TV,THE iDOLM@STER Cinderella Girls: U149,2023-04-06
166896,SIDE_STORY,170496,56869,ANIME,ONA,Bokura no Ameiro Protocol Mini Anime,2023-10-06
166977,PARENT,137612,41141,ANIME,MOVIE,Princess Principal: Crown Handler - Chapter 3,2023-04-07
167820,SOURCE,96737,95939,MANGA,MANGA,Good Night World,2015-12-28
167820,OTHER,170114,,ANIME,MUSIC,salvia,2023-09-27
168992,SOURCE,90934,69047,MANGA,MANGA,Ochibi-san,2007-04
168992,ALTERNATIVE,169685,56882,ANIME,ONA,Ochibi-san Tanpen Movie,2019-07-04
168992,OTHER,20947,28149,ANIME,ONA,Nihon Animator Mihonichi,2014-11-07
169000,SOURCE,30044,44,MANGA,MANGA,Gintama,2003-12-08
169000,PARENT,9969,9969,ANIME,TV,Gintama',2011-04-04
169227,PARENT,21261,31174,ANIME,TV,Osomatsu-san,2015-10-06
169296,PREQUEL,125931,43780,ANIME,MOVIE,Sumikko Gurashi Movie: Aoi Tsukiyo no Mahou no Ko,2021-11-05
169296,CHARACTER,170511,56997,ANIME,TV_SHORT,Sumikko Gurashi: Sorairo no Mainichi,2023-10-26
169296,SEQUEL,188522,61278,ANIME,MOVIE,Sumikko Gurashi: Sora no Ookoku to Futari no Ko,2025-10-31
169362,SOURCE,103028,,MANGA,ONE_SHOT,BURN THE WITCH,2018-07-14
169362,SEQUEL,116673,41468,ANIME,ONA,BURN THE WITCH,2020-10-02
169362,SOURCE,116827,129370,MANGA,MANGA,BURN THE WITCH,2020-08-24
169402,PARENT,139630,49918,ANIME,TV,Boku no Hero Academia 6,2022-10-01
169402,PARENT,117193,41587,ANIME,TV,Boku no Hero Academia 5,2021-03-27
169511,SOURCE,51389,21389,MANGA,MANGA,Hyakushou Kizoku,2006-12-28
169511,PREQUEL,155971,53426,ANIME,TV_SHORT,Hyakushou Kizoku,2023-07-07
169511,SEQUEL,171689,57562,ANIME,TV_SHORT,Hyakushou Kizoku 2nd Season,2024-10-04
169748,PREQUEL,154385,52562,ANIME,ONA,"Kanojo, Okarishimasu 2nd Season Petit",2022-07-05
169748,SIDE_STORY,169526,,ANIME,ONA,"Kanojo, Okarishimasu 3rd Season Collab Mini Animation",2023-09-09
169748,PARENT,154745,53050,ANIME,TV,"Kanojo, Okarishimasu 3rd Season",2023-07-08
169748,SIDE_STORY,168973,56172,ANIME,ONA,"Kanojo, Okarishimasu × Temple Collab Mini Anime",2023-08-05
169749,PARENT,156039,53439,ANIME,TV,Boushoku no Berserk,2023-10-02
169750,PARENT,151970,52347,ANIME,TV,Shangri-La Frontier,2023-10-01
169929,PREQUEL,156001,53406,ANIME,ONA,Kage-Jitsu!,2022-10-26
169929,PARENT,161964,54595,ANIME,TV,Kage no Jitsuryokusha ni Naritakute! 2nd season,2023-10-04
169929,OTHER,170620,57034,ANIME,ONA,Ple Ple Pleiades × Kage-Jitsu!,2023-10-31
169966,CHARACTER,5848,5848,ANIME,MOVIE,Cinnamon the Movie,2007-12-22
170041,SEQUEL,172852,57605,ANIME,TV_SHORT,Shinobanai! Crypto Ninja Sakuya Ni no Maki,2024-01-10
170068,PARENT,154587,52991,ANIME,TV,Sousou no Frieren,2023-09-29
170068,SEQUEL,189513,,ANIME,ONA,Sousou no Frieren: ●● no Mahou Part 2,2025-04-02
170221,SOURCE,138781,,MANGA,MANGA,Boku no Kokoro no Yabai Yatsu: Twiyaba Matome,2018-03-30
170221,PARENT,153152,52578,ANIME,TV,Boku no Kokoro no Yabai Yatsu,2023-04-02
170496,PARENT,166896,55894,ANIME,TV,Bokura no Ameiro Protocol,2023-10-08
170505,CHARACTER,142582,143204,MANGA,MANGA,Project Sekai Colorful Stage! feat. Hatsune Miku Comic Anthology,2021-11-25
170505,CHARACTER,139675,49939,ANIME,ONA,Puchi Seka,2022-01-13
170505,CHARACTER,155171,53331,ANIME,MUSIC,Gunjou Sanka (2022),2022-09-29
170505,CHARACTER,155179,53332,ANIME,MUSIC,Journey,2022-09-30
170505,CHARACTER,169751,56782,ANIME,MUSIC,NEO,2023-09-30
170505,CHARACTER,179878,59419,ANIME,MOVIE,Project Sekai: Kowareta SEKAI to Utaenai MIKU,2025-01-17
170505,CHARACTER,186850,,MANGA,MANGA,Sekai no 4-koma,2020-09-30
170505,CHARACTER,190619,59988,ANIME,MUSIC,Neppuu,2024-09-29
170507,PARENT,160515,54301,ANIME,TV,Overtake!,2023-10-01
170507,SEQUEL,183797,,ANIME,SPECIAL,Overtake! Extra Tokubetsu-hen,2024-02-28
170508,PARENT,161645,54492,ANIME,TV,Kusuriya no Hitorigoto,2023-10-22
170508,SEQUEL,186148,60749,ANIME,ONA,Maomao no Hitorigoto 2nd Season,2025-01-13
170511,CHARACTER,169296,53936,ANIME,MOVIE,Sumikko Gurashi Movie: Tsugihagi Koujou no Fushigina Ko,2023-11-03
170535,PARENT,158871,53876,ANIME,TV,Pocket Monsters (2023),2023-04-14
170620,OTHER,151898,48897,ANIME,ONA,Overlord: Ple Ple Pleiades 4,2022-07-05
170620,OTHER,169929,56842,ANIME,TV_SHORT,Kage-Jitsu! 2nd,2023-10-05
170660,PREQUEL,170659,53320,ANIME,TV_SHORT,Chickip Dancers 2nd Season,2022-09-27
170661,PARENT,160447,54275,ANIME,TV,Temple,2023-07-09
171029,PREQUEL,159569,54042,ANIME,TV_SHORT,Fate/Grand Order: Fujimaru Ritsuka wa Wakaranai,2023-02-04
171029,SOURCE,147108,154711,MANGA,MANGA,Fate/Grand Order: Fujimaru Ritsuka wa Wakaranai,2020-06-01
171029,SEQUEL,179991,59465,ANIME,ONA,Fate/Grand Order: Fujimaru Ritsuka wa Wakaranai Season 2,2024-08-03
171130,PREQUEL,165647,55279,ANIME,ONA,Fudanshi Shoukan: Isekai de Shinjuu ni Hameraremashita Mini Anime 5th Season,2023-05-10
171130,PARENT,123902,129769,MANGA,MANGA,Fudanshi Shoukan: Isekai de Shinjuu ni Hameraremashita,2019-12-10
171130,SEQUEL,193831,60328,ANIME,ONA,Fudanshi Shoukan: Isekai de Shinjuu ni Hameraremashita 7th Season,2024-06-10
171346,PARENT,158871,53876,ANIME,TV,Pocket Monsters (2023),2023-04-14
171346,OTHER,166698,,MANGA,MANGA,Kabigon no Yume Gourmet,2024-01-19
171346,OTHER,176471,58140,ANIME,MUSIC,Kabigon Neterun Kai!,2024-02-16
171601,PARENT,2903,2903,ANIME,TV,Sakigake!! Otokojuku,1988-02-25
171601,PARENT,35254,5254,MANGA,MANGA,Sakigake!! Otokojuku,1985-04-30
173244,CHARACTER,184761,,ANIME,ONA,"Ryan's World Anime ""Nangoku Daibouken""",2023-02-11
173244,CHARACTER,205873,,ANIME,ONA,"Ryan's World Anime ""Hokkyoku Daibouken""",2022-11-13
173244,SEQUEL,216861,,ANIME,,ELEMON BreakThrough,
176858,PARENT,154384,52962,ANIME,TV,"Tearmoon Teikoku Monogatari: Dantoudai kara Hajimaru, Hime no Tensei Gyakuten Story",2023-10-08
177098,CHARACTER,158928,53888,ANIME,MOVIE,SPY×FAMILY CODE: White,2023-12-22
177465,CHARACTER,5583,5583,ANIME,ONA,SONIC: NIGHT OF THE WEREHOG - Sonic & Chip Kyoufu no Kan,2008-11-16
179872,PREQUEL,179871,53514,ANIME,TV,Oshiri Tantei 7,2023-04-08
179872,SEQUEL,185644,58630,ANIME,TV,Oshiri Tantei 8,2024-04-06
179873,PARENT,21288,30757,ANIME,ONA,Monster Strike,2015-10-10
179873,SEQUEL,202422,62820,ANIME,ONA,Monster Strike Elle: Daten no Kakusei,2024-12-30
183472,SEQUEL,183473,60080,ANIME,ONA,Nui Story 2,2024-10-19
183475,PREQUEL,183474,55564,ANIME,ONA,Yankee Hamster Season 3,2022-05-06
185463,PARENT,134120,49066,ANIME,ONA,Artiswitch,2021-05-28
187051,PARENT,8644,8644,ANIME,OVA,Sylvanian Families,2007-06-20
204547,PREQUEL,204545,57186,ANIME,TV_SHORT,Heart Cocktail Colorful: Natsu-hen,2023-07-31
134761,PREQUEL,94,94,ANIME,TV,Kidou Senshi Gundam SEED DESTINY,2004-10-09
134761,PREQUEL,1241,1241,ANIME,OVA,Kidou Senshi Gundam SEED DESTINY FINAL PLUS: Erabareta Mirai,2005-12-25
134761,PREQUEL,183692,60230,ANIME,,Kidou Senshi Gundam SEED FREEDOM ZERO,
134761,ADAPTATION,189296,,MANGA,NOVEL,Kidou Senshi Gundam SEED FREEDOM,2024-01-30
134761,ALTERNATIVE,216057,177455,MANGA,MANGA,Kidou Senshi Gundam SEED FREEDOM ASTRAY,2024-09-26
137908,SOURCE,96942,97090,MANGA,NOVEL,Chiyu Mahou no Machigatta Tsukaikata,2016-03-25
137908,ALTERNATIVE,99775,106810,MANGA,MANGA,Chiyu Mahou no Machigatta Tsukaikata: Senjou wo Kakeru Kaifuku Youin,2017-04-26
137908,SEQUEL,179981,59467,ANIME,TV,Chiyu Mahou no Machigatta Tsukaikata 2nd Season,
139518,PREQUEL,125206,43523,ANIME,TV,Tsuki ga Michibiku Isekai Douchuu,2021-07-07
139518,SOURCE,87224,90118,MANGA,NOVEL,Tsuki ga Michibiku Isekai Douchuu,2013-05-28
139518,ALTERNATIVE,87225,90117,MANGA,MANGA,Tsuki ga Michibiku Isekai Douchuu,2015-06-10
139518,SEQUEL,178467,59139,ANIME,TV,Tsuki ga Michibiku Isekai Douchuu 3rd Season,
141821,SOURCE,106064,116880,MANGA,MANGA,Mato Seihei no Slave,2019-01-05
141821,SEQUEL,176276,58505,ANIME,TV,Mato Seihei no Slave 2,2026-01-08
143866,SOURCE,99758,102702,MANGA,NOVEL,Jaku-Chara Tomozaki-kun,2016-05-18
143866,PREQUEL,112443,40530,ANIME,TV,Jaku-Chara Tomozaki-kun,2021-01-08
143866,ALTERNATIVE,100807,111587,MANGA,MANGA,Jaku-Chara Tomozaki-kun Comic,2017-12-22
144770,PREQUEL,143289,50862,ANIME,ONA,Estab-Life: Great Escape,2022-03-01
146066,SOURCE,94970,89357,MANGA,NOVEL,Youkoso Jitsuryoku Shijou Shugi no Kyoushitsu e,2015-05-25
146066,PREQUEL,145545,51096,ANIME,TV,Youkoso Jitsuryoku Shijou Shugi no Kyoushitsu e 2nd Season,2022-07-04
146066,ALTERNATIVE,96798,96371,MANGA,MANGA,Youkoso Jitsuryoku Shijou Shugi no Kyoushitsu e,2016-01-27
146066,SEQUEL,180745,59708,ANIME,TV,Youkoso Jitsuryoku Shijou Shugi no Kyoushitsu e 4th Season 2-nensei-hen Ichi Gakki,2026-04-01
146609,SOURCE,85316,70801,MANGA,MANGA,Dead Dead Demon's Dededededestruction,2014-04-28
146609,SEQUEL,176218,,ANIME,MOVIE,Dead Dead Demon's Dededededestruction Koushou,2024-05-24
146609,ALTERNATIVE,177697,58883,ANIME,ONA,Dead Dead Demon's Dededededestruction,2024-05-24
147642,SOURCE,101770,109947,MANGA,NOVEL,Nozomanu Fushi no Boukensha,2017-10-25
147642,ALTERNATIVE,100693,111225,MANGA,MANGA,Nozomanu Fushi no Boukensha,2017-11-25
147642,SEQUEL,185543,60525,ANIME,ONA,Nozomanu Fushi no Boukensha 2nd Season,
147850,SOURCE,46572,16572,MANGA,MANGA,Shaman King: FLOWERS,2012-04-10
147850,PREQUEL,119675,42205,ANIME,TV,SHAMAN KING (2021),2021-04-01
151639,SEQUEL,194453,,ANIME,TV,Ninja Kamui: Red Vendetta,
151807,SOURCE,105398,121496,MANGA,MANGA,Na Honjaman Level Up,2018-03-04
151807,SEQUEL,176496,58567,ANIME,TV,Ore dake Level Up na Ken: Season 2 - Arise from the Shadow,2025-01-05
151807,SUMMARY,184694,59841,ANIME,MOVIE,Ore dake Level Up na Ken: ReAwakening,2024-11-29
152072,SOURCE,124740,149114,MANGA,NOVEL,Isekai de Mofumofu Nadenade Suru Tame ni Ganbattemasu.,2016-09-10
152072,ALTERNATIVE,109202,114259,MANGA,MANGA,Isekai de Mofumofu Nadenade Suru Tame ni Ganbattemasu.,2017-11-03
152682,SOURCE,134500,142012,MANGA,NOVEL,Sasaki to Pii-chan,2021-01-25
152682,ALTERNATIVE,134499,134974,MANGA,MANGA,Sasaki to Pii-chan,2021-01-22
152682,SEQUEL,176314,58518,ANIME,TV,Sasaki to Pii-chan Season 2,2026-10-07
153518,SOURCE,86082,85781,MANGA,MANGA,Dungeon Meshi,2014-02-15
153518,OTHER,111516,36577,ANIME,ONA,Dungeon Meshi CM,2019-09-05
153518,OTHER,158627,,ANIME,ONA,Dungeon Meshi: Senshi no Kantan Cooking!,2017-07-31
153518,SEQUEL,178031,59068,ANIME,ONA,Dungeon Meshi 2nd Season,2027-10
153658,PREQUEL,113538,40776,ANIME,TV,Haikyuu!! TO THE TOP 2,2020-10-03
153658,SOURCE,65243,35243,MANGA,MANGA,Haikyuu!!,2012-02-20
153658,SEQUEL,174871,58967,ANIME,MOVIE,Haikyuu!!: VS Chiisana Kyojin,2027
153658,OTHER,182881,,MANGA,ONE_SHOT,Gomi Sute Ba no Kessen: Maiko no Kenma-kun,2023-12-25
153818,SOURCE,100109,106204,MANGA,MANGA,Majo to Yajuu,2016-11-06
155227,PREQUEL,140350,50160,ANIME,TV,Kingdom 4th Season,2022-04-10
155227,SOURCE,46765,16765,MANGA,MANGA,Kingdom,2006-01-26
155227,SEQUEL,190840,61517,ANIME,TV,Kingdom 6th Season,2025-10-05
155645,SOURCE,30304,304,MANGA,MANGA,Urusei Yatsura,1978-08-30
155645,PREQUEL,143277,50710,ANIME,TV,Urusei Yatsura (2022),2022-10-14
155963,SOURCE,107411,,MANGA,ONE_SHOT,Dosanko Gal wa Namara Menkoi,2019-01-03
155963,SOURCE,111403,121597,MANGA,MANGA,Dosanko Gal wa Namara Menkoi,2019-09-04
156131,SOURCE,104475,114279,MANGA,NOVEL,"Shin no Nakama ja Nai to Yuusha no Party wo Oidasareta node, Henkyou de Slow Life Suru Koto ni Shimashita",2017-10-21
156131,PREQUEL,126213,44037,ANIME,TV,"Shin no Nakama ja Nai to Yuusha no Party wo Oidasareta node, Henkyou de Slow Life suru Koto ni shimashita",2021-10-06
156131,ALTERNATIVE,103294,114175,MANGA,MANGA,"Shin no Nakama ja Nai to Yuusha no Party wo Oidasareta node, Henkyou de Slow Life Suru Koto ni Shimashita",2018-05-26
156891,SOURCE,118986,152709,MANGA,NOVEL,Saijaku Tamer wa Gomi Hiroi no Tabi wo Hajimemashita.,2019-11-09
156891,ALTERNATIVE,118985,131041,MANGA,MANGA,Saijaku Tamer wa Gomi Hiroi no Tabi wo Hajimemashita.@COMIC,2020-02-10
156891,SEQUEL,203855,63078,ANIME,TV,Saijaku Tamer wa Gomi Hiroi no Tabi wo Hajimemashita. 2nd Season,
158028,ALTERNATIVE,101584,114925,MANGA,MANGA,"Sokushi Cheat ga Saikyou Sugite, Isekai no Yatsura ga Marude Aite ni Naranai n desu ga. －ΑΩ－",2018-03-30
158028,SOURCE,101225,101662,MANGA,NOVEL,"Sokushi Cheat ga Saikyou Sugite, Isekai no Yatsura ga Marude Aite ni Naranai n desu ga.",2016-10-15
158931,SOURCE,43492,13492,MANGA,MANGA,Ao no Exorcist,2009-04-01
158931,PREQUEL,21861,33506,ANIME,TV,Ao no Exorcist: Kyoto Fujouou-hen,2017-01-07
158931,SEQUEL,176311,58516,ANIME,TV,Ao no Exorcist: Yuki no Hate-hen,2024-10-06
160389,SOURCE,85310,66685,MANGA,MANGA,Kekkon Yubiwa Monogatari,2014-03-25
160389,SEQUEL,176298,58515,ANIME,TV,Kekkon Yubiwa Monogatari II,2025-10-04
161476,ALTERNATIVE,130769,137799,MANGA,MANGA,Ishura: Shin Maou Sensou,2021-03-05
161476,SOURCE,131745,137865,MANGA,NOVEL,Ishura,2019-09-10
161476,SEQUEL,176234,58484,ANIME,TV,Ishura 2nd Season,2025-01-08
162002,SOURCE,107275,117549,MANGA,MANGA,Kyuujitsu no Warumono-san,2018-12-15
162144,SOURCE,107918,130806,MANGA,MANGA,Oegwauisa Elise,2017-09-18
162144,OTHER,177061,,ANIME,ONA,Elise's Karute,2024-01-05
162144,OTHER,177125,,ANIME,ONA,Gekai Elise Mini Drama,2024-01-11
162780,SOURCE,109017,120680,MANGA,MANGA,Mahou Shoujo ni Akogarete,2019-01-30
162780,SEQUEL,182544,60046,ANIME,TV,Mahou Shoujo ni Akogarete 2nd Season,
162842,PREQUEL,125869,43760,ANIME,TV,Hikari no Ou,2023-01-14
162985,ADAPTATION,173933,,MANGA,MANGA,Metallic Rouge,2024-03-07
162987,PREQUEL,111734,40421,ANIME,MOVIE,Given Movie,2020-08-22
162987,SOURCE,87347,79085,MANGA,MANGA,Given,2013-04-30
162987,SEQUEL,175199,58222,ANIME,MOVIE,Given: Umi e,2024-09-20
162987,SIDE_STORY,207594,61511,ANIME,SPECIAL,Given: Hiiragi mix Specials,2024-08-28
163076,SOURCE,122786,126487,MANGA,NOVEL,Akuyaku Reijou Level 99: Watashi wa Ura Boss desu ga Maou de wa Arimasen,2019-05-10
163076,ALTERNATIVE,118519,124305,MANGA,MANGA,Akuyaku Reijou Level 99: Watashi wa Ura Boss desu ga Maou de wa Arimasen,2020-02-05
163151,PREQUEL,135778,49154,ANIME,TV,HIGH CARD,2023-01-09
163151,SEQUEL,176369,58531,ANIME,ONA,HIGH CARD: THE FLOWERS BLOOM,2024-11-05
164204,PREQUEL,150970,52079,ANIME,TV,Cardfight!! Vanguard: will+Dress Season 3,2023-07-08
164204,SEQUEL,165681,54143,ANIME,TV,Cardfight!! Vanguard: Divinez Season 2,2024-07-06
164204,CHARACTER,172967,57846,ANIME,SPECIAL,VSPO! × Vanguard Animation PV,2024-01-06
164204,OTHER,177388,57835,ANIME,MUSIC,Kirifuda,2024-01-13
164204,CHARACTER,207082,63336,ANIME,SPECIAL,Cardfight!! Vanguard 15 Shuunen Kinen PV,2026-01-11
164244,SOURCE,97493,100079,MANGA,MANGA,Oroka na Tenshi wa Akuma to Odoru,2016-06-27
165314,ADAPTATION,167980,162354,MANGA,MANGA,Pon no Michi,2023-09-01
165314,CHARACTER,139044,55394,ANIME,SPECIAL,Jongtama PV,2020-06-22
165314,SPIN_OFF,174829,165945,MANGA,MANGA,Pon no Michi: Ryuukyoku Shanyuu-hen,2024-01-08
165598,SIDE_STORY,184393,,MANGA,MANGA,Bang Bravern A THE ANTHOLOGY,2024-10-24
165598,SIDE_STORY,184394,,MANGA,MANGA,Yuuki Bakuhatsu Bang Bravern Anthology Comic BRAVE,2024-11-18
166093,SOURCE,113120,115736,MANGA,MANGA,Snack Basue,2017-07-13
166093,CHARACTER,21355,31240,ANIME,TV,Re:Zero kara Hajimeru Isekai Seikatsu,2016-04-04
166216,PREQUEL,153152,52578,ANIME,TV,Boku no Kokoro no Yabai Yatsu,2023-04-02
166216,SOURCE,101557,112807,MANGA,MANGA,Boku no Kokoro no Yabai Yatsu,2018-03-08
166216,SUMMARY,182317,59985,ANIME,MOVIE,Boku no Kokoro no Yabai Yatsu Movie,2026-02-13
166216,SEQUEL,209247,63735,ANIME,TV,Boku no Kokoro no Yabai Yatsu 3rd Season,2027
166522,SOURCE,109310,119375,MANGA,MANGA,"Hime-sama, ""Goumon"" no Jikan desu",2019-04-02
166522,SEQUEL,176370,58524,ANIME,TV,"Hime-sama, ""Goumon"" no Jikan desu 2nd Season",2026-01-12
166610,PREQUEL,151801,52211,ANIME,TV,MASHLE,2023-04-08
166610,SOURCE,114960,124085,MANGA,MANGA,MASHLE,2020-01-27
166610,SEQUEL,177704,58934,ANIME,TV,MASHLE: Sanma Taisou Shinkakusha Saishuu Shiken-hen,2027-01
166794,SOURCE,111189,121504,MANGA,MANGA,Yubisaki to Renren,2019-07-24
166794,SIDE_STORY,174417,57782,ANIME,ONA,Yubisaki Petit,2024-01-07
166794,CHARACTER,65719,35719,MANGA,MANGA,Hibi Chouchou,2012-02-20
166976,PARENT,8687,8687,ANIME,TV,Doraemon (2005),2005-04-15
166976,PREQUEL,151896,52318,ANIME,MOVIE,Doraemon: Nobita to Sora no Utopia,2023-03-03
167087,SOURCE,108946,121303,MANGA,MANGA,30-sai made Doutei da to Mahou Tsukai ni Nareru Rashii,2018-01-26
167087,SUMMARY,176470,58549,ANIME,MOVIE,30-sai made Doutei da to Mahou Tsukai ni Nareru Rashii: Tokubetsu-hen,2024-12-13
167140,PARENT,139606,49894,ANIME,TV,Eiyuu Kyoushitsu,2023-07-09
167146,SOURCE,77977,47977,MANGA,MANGA,Momochi-san Chi no Ayakashi Ouji,2013-02-23
167404,SOURCE,125826,,MANGA,ONE_SHOT,Monsters,1994-10-30
167404,SEQUEL,21,21,ANIME,TV,ONE PIECE,1999-10-20
167486,SOURCE,125444,138148,MANGA,NOVEL,Watashi no Shiawase na Kekkon,2019-01-15
167486,PREQUEL,147103,51552,ANIME,TV,Watashi no Shiawase na Kekkon,2023-07-05
167486,SEQUEL,169441,56701,ANIME,TV,Watashi no Shiawase na Kekkon 2nd Season,2025-01-06
167984,SOURCE,70481,40481,MANGA,MANGA,Oomuro-ke,2012-07-03
167984,PARENT,10495,10495,ANIME,TV,Yuru Yuri,2011-07-05
167984,SEQUEL,174383,57993,ANIME,MOVIE,Oomuro-ke: dear friends,2024-06-21
168194,SOURCE,38070,8070,MANGA,MANGA,Sengoku Youko,2007-12-28
168194,SEQUEL,176660,58488,ANIME,TV,Sengoku Youko: Senma Konton-hen,2024-07-18
168374,SOURCE,129152,132505,MANGA,NOVEL,"Loop 7-kaime no Akuyaku Reijou wa, Moto Tekikoku de Jiyuu Kimama na Hanayome Seikatsu wo Mankitsu Suru",2020-10-25
168374,ALTERNATIVE,127008,132500,MANGA,MANGA,"Loop 7-kaime no Akuyaku Reijou wa, Moto Tekikoku de Jiyuu Kimama na Hanayome Seikatsu wo Mankitsu Suru",2020-12-04
168374,OTHER,177062,,ANIME,ONA,"More Loop 7-kaime no Akuyaku Reijou wa, Moto Tekikoku de Jiyuu Kimama na Hanayome Seikatsu wo Mankitsu suru Mini Anime",2024-01-07
169291,SEQUEL,176283,58506,ANIME,TV_SHORT,Harimaware! Koinu 2nd Season,2024-07-06
169291,SOURCE,185588,162774,MANGA,MANGA,Harimaware! Koinu,2020-06-12
169559,PREQUEL,154643,53026,ANIME,TV,SYNDUALITY Noir,2023-07-11
169559,SPIN_OFF,204506,55939,ANIME,ONA,Kaette Kita! SYNDUALITY: Kagaku Kouza,2024-03-20
169935,SOURCE,128797,163408,MANGA,NOVEL,"Saikyou Tank no Meikyuu Kouryaku: Tairyoku 9999 no Rare Skill-mochi Tank, Yuusha Party wo Tsuihou Sareru",2019-04-30
169935,ALTERNATIVE,109497,119811,MANGA,MANGA,"Saikyou Tank no Meikyuu Kouryaku: Tairyoku 9999 no Rare Skill-mochi Tank, Yuusha Party wo Tsuihou Sareru",2019-05-03
170935,PREQUEL,110349,40052,ANIME,ONA,GREAT PRETENDER,2020-06-02
170953,PREQUEL,166829,55166,ANIME,TV_SHORT,Yami Shibai 11,2023-07-10
170953,SEQUEL,177922,59010,ANIME,TV_SHORT,Yami Shibai 13,2024-07-15
171019,ALTERNATIVE,181199,164802,MANGA,MANGA,"Meitou ""Isekai no Yu"" Kaitakuki: Arafou Onsen Mania no Tensei-saki wa, Nonbiri Onsen Tengoku deshita",2021-11-19
171019,SOURCE,181207,164801,MANGA,NOVEL,"Meitou ""Isekai no Yu"" Kaitakuki: Arafou Onsen Mania no Tensei-saki wa, Nonbiri Onsen Tengoku deshita",2021-08-19
171026,SOURCE,123034,137109,MANGA,MANGA,Paripi Koumei,2019-12-31
171026,PARENT,141774,50380,ANIME,TV,Paripi Koumei,2022-03-31
171026,OTHER,207886,62843,ANIME,SPECIAL,Run Run Lantern,2025-10-19
171030,ALTERNATIVE,603,603,ANIME,TV,Futari wa Precure,2004-02-01
171030,ALTERNATIVE,1534,1534,ANIME,TV,Futari wa Precure: Splash☆Star,2006-02-05
171030,ALTERNATIVE,1932,1932,ANIME,TV,Yes! Precure 5,2007-02-04
171030,ALTERNATIVE,5684,5684,ANIME,TV,Fresh Precure!,2009-02-01
171030,ALTERNATIVE,7645,7645,ANIME,TV,Heartcatch Precure!,2010-02-07
171030,ALTERNATIVE,9893,9893,ANIME,TV,Suite Precure♪,2011-02-06
171030,ALTERNATIVE,12191,12191,ANIME,TV,Smile Precure!,2012-02-05
171030,ALTERNATIVE,16419,16419,ANIME,TV,Dokidoki! Precure,2013-02-03
171030,ALTERNATIVE,20577,21407,ANIME,TV,HappinessCharge Precure!,2014-02-02
171030,ALTERNATIVE,21001,28669,ANIME,TV,Go! Princess Precure,2015-02-01
171030,ALTERNATIVE,21506,31884,ANIME,TV,Mahoutsukai Precure!,2016-02-07
171030,ALTERNATIVE,98059,34290,ANIME,TV,Kirakira☆Precure a la Mode,2017-02-05
171030,ALTERNATIVE,100661,36593,ANIME,TV,HUGtto! Precure,2018-02-04
171030,ALTERNATIVE,105857,38578,ANIME,TV,Star☆Twinkle Precure,2019-02-03
171030,ALTERNATIVE,112748,40610,ANIME,TV,Healin' Good♥Precure,2020-02-02
171030,ALTERNATIVE,126905,44191,ANIME,TV,Tropical-Rouge! Precure,2021-02-28
171030,ALTERNATIVE,142080,50281,ANIME,TV,Delicious Party♡Precure,2022-02-06
171030,ALTERNATIVE,157883,53716,ANIME,TV,Hirogaru Sky! Precure,2023-02-05
171030,SIDE_STORY,169403,58462,ANIME,MOVIE,Wonderful Precure! The Movie! Dokidoki♡Game no Sekai de Daibouken!,2024-09-13
171030,ADAPTATION,176782,166923,MANGA,MANGA,Wonderful Precure!,2024-04-03
171030,CHARACTER,966,966,ANIME,TV,Crayon Shin-chan,1992-04-13
171030,ALTERNATIVE,185073,60407,ANIME,TV,Kimi to Idol Precure♪,2025-02-02
171030,CHARACTER,188394,61272,ANIME,ONA,PetitCure: Precure Fairies,2025-04-03
171030,CHARACTER,183414,60773,ANIME,MOVIE,Kimi to Idol Precure♪ Omatase! Kimi ni Todokeru KirakkiLive!,2025-09-12
171030,ALTERNATIVE,202957,63042,ANIME,TV,Meitantei Precure!,2026-02-01
171030,CHARACTER,198654,63903,ANIME,MOVIE,Meitantei Precure! Fushigi na Niwa to Futari no Himitsu,2026-09-18
172016,PARENT,100790,35656,ANIME,TV,Oshiri Tantei,2018-05-03
172852,PREQUEL,170041,56505,ANIME,TV_SHORT,Shinobanai! Crypto Ninja Sakuya,2023-10-04
172852,SEQUEL,181867,59865,ANIME,TV_SHORT,Shinobanai! Crypto Ninja Sakuya San no Maki,2025-07-07
172966,PREQUEL,112258,40473,ANIME,TV_SHORT,Chou Futsuu Toshi Kashiwa Densetsu R,2020-07-06
172966,SEQUEL,198926,62522,ANIME,TV_SHORT,Chou Futsuu Mahou Shoujo Asumi Toruverse,2025-10-02
172976,PARENT,18941,18941,ANIME,TV_SHORT,Shimajirou no Wow!,2012-04-02
173216,SEQUEL,185718,60596,ANIME,TV_SHORT,Sai-Kyo-Oh! Zukan: The Ultimate Tournament,2025-04-06
173534,PARENT,165426,55463,ANIME,ONA,Odekake Kozame,2023-08-01
173639,PARENT,21512,32212,ANIME,TV,Ensemble Stars!,2019-07-07
173647,PREQUEL,158640,54848,ANIME,TV_SHORT,Sakuretsu! Amabie-hime. Season2,2023-04-09
174128,SOURCE,136939,,MANGA,MANGA,Chikomaru,2021-07-21
174417,PARENT,166794,55866,ANIME,TV,Yubisaki to Renren,2024-01-06
174439,OTHER,481,481,ANIME,TV,Yu☆Gi☆Oh! Duel Monsters,2000-04-18
174439,CHARACTER,147786,150824,MANGA,MANGA,Yu☆Gi☆Oh OCG STORIES: Sentouhime-hen,2022-04-21
174439,ALTERNATIVE,186151,60651,ANIME,ONA,Yu-Gi-Oh! CARD GAME: THE CHRONICLES,2025-04-21
174749,CHARACTER,138459,49692,ANIME,TV,Heroine Tarumono!: Kiraware Heroine to Naisho no Oshigoto,2022-04-07
174749,CHARACTER,123434,42750,ANIME,MOVIE,Kono Sekai no Tanoshimikata: Secret Story Film,2020-12-25
174749,CHARACTER,130473,52486,ANIME,ONA,LIP×LIP FILM×LIVE Mini Anime,2020-08-28
174912,PARENT,5618,5618,ANIME,TV,Dokonjou Gaeru,1972-10-07
175033,CHARACTER,175351,58250,ANIME,MUSIC,Hoshi Meguru Uta,2024-02-26
177061,PARENT,162144,54632,ANIME,TV,Gekai Elise,2024-01-10
177062,PARENT,168374,56352,ANIME,TV,"Loop 7-kaime no Akuyaku Reijou wa, Moto Tekikoku de Jiyuu Kimama na Hanayome Seikatsu wo Mankitsu Suru",2024-01-07
177125,PARENT,162144,54632,ANIME,TV,Gekai Elise,2024-01-10
177148,PREQUEL,169364,54847,ANIME,TV_SHORT,Ikimono-san,2023-07-08
177456,PARENT,120755,42385,ANIME,TV,The IDOLM@STER Million Live!,2023-10-08
181970,SOURCE,143701,,MANGA,NOVEL,Kizumonogatari,2008-05-07
181970,PARENT,9260,9260,ANIME,MOVIE,Kizumonogatari I: Tekketsu-hen,2016-01-08
181970,PARENT,21399,31757,ANIME,MOVIE,Kizumonogatari II: Nekketsu-hen,2016-08-19
181970,PARENT,21400,31758,ANIME,MOVIE,Kizumonogatari III: Reiketsu-hen,2017-01-06
184369,SEQUEL,169754,56785,ANIME,MOVIE,Meitantei Conan: 100-man Dollar no Michishirube,2024-04-12
184369,PARENT,235,235,ANIME,TV,Meitantei Conan,1996-01-08
184373,OTHER,185888,58320,ANIME,ONA,KICKS AND PUNK,2024-03-22
184373,OTHER,185889,58318,ANIME,ONA,POP POP CITY,2024-03-22
184373,OTHER,185890,58319,ANIME,ONA,BRIDGE -My Little Friends-,2024-03-22
186764,ALTERNATIVE,110267,125679,MANGA,MANGA,SINoALICE,2019-06-05
199478,PARENT,119402,42054,ANIME,ONA,Chou Futsuu Toshi Kashiwa Densetsu,2016-02-14
204506,PARENT,169559,56731,ANIME,TV,SYNDUALITY Noir Part 2,2024-01-09
204506,PREQUEL,169363,55939,ANIME,ONA,SYNDUALITY: Kagaku Kouza,2023-07-11
109731,PREQUEL,150429,51995,ANIME,OVA,Tokubetsu-hen Hibike! Euphonium: Ensemble Contest,2023-08-04
109731,SIDE_STORY,177008,58856,ANIME,SPECIAL,Hibike! Euphonium 3: Extra Episodes,2024-06-26
109731,SUMMARY,188035,61230,ANIME,MOVIE,Saishuu Gakushou Hibike! Euphonium - Zenpen,2026-04-24
109731,SUMMARY,194116,64019,ANIME,MOVIE,Saishuu Gakushou Hibike! Euphonium - Kouhen,2026-09-11
130590,PREQUEL,130588,48417,ANIME,TV,"Maou Gakuin no Futekigousha: Shijou Saikyou no Maou no Shiso, Tensei shite Shison-tachi no Gakkou e Kayou II",2023-01-08
130590,SOURCE,106599,115437,MANGA,NOVEL,"Maou Gakuin no Futekigousha: Shijou Saikyou no Maou no Shiso, Tensei shite Shison-tachi no Gakkou e Kayou",2018-03-10
130590,ALTERNATIVE,106601,115438,MANGA,MANGA,"Maou Gakuin no Futekigousha: Shijou Saikyou no Maou no Shiso, Tensei shite Shison-tachi no Gakkou e Kayou",2018-07-04
135643,ADAPTATION,177039,169338,MANGA,MANGA,Grimm Kumikyoku,2024-04-17
136804,PREQUEL,102976,38040,ANIME,MOVIE,Kono Subarashii Sekai ni Shukufuku wo! Kurenai Densetsu,2019-08-30
136804,SOURCE,86238,60553,MANGA,NOVEL,Kono Subarashii Sekai ni Shukufuku wo!,2013-10-01
136804,ALTERNATIVE,85702,80385,MANGA,MANGA,Kono Subarashii Sekai ni Shukufuku wo!,2014-09-09
136804,SIDE_STORY,181244,59833,ANIME,OVA,Kono Subarashii Sekai ni Shukufuku wo! 3: BONUS STAGE,2025-03-14
136804,SEQUEL,187924,61203,ANIME,TV,Kono Subarashii Sekai ni Shukufuku wo! 4,2027
143271,SOURCE,64127,34127,MANGA,NOVEL,Mahouka Koukou no Rettousei,2011-07-10
143271,PREQUEL,112300,40497,ANIME,TV,Mahouka Koukou no Rettousei: Raihousha-hen,2020-10-04
143271,ALTERNATIVE,99904,101482,MANGA,MANGA,Mahouka Koukou no Rettousei: Double Seven-hen,2016-10-18
143271,ALTERNATIVE,109833,119295,MANGA,MANGA,Mahouka Koukou no Rettousei: Steeplechase-hen,2019-03-27
143271,ALTERNATIVE,109656,119296,MANGA,MANGA,Mahouka Koukou no Rettousei: Koto Nairan-hen,2019-03-27
143271,SEQUEL,178707,59174,ANIME,MOVIE,Mahouka Koukou no Rettousei: Yotsuba Keishou-hen,2026-05-08
144176,ALTERNATIVE,138477,143496,MANGA,MANGA,Kami wa Game ni Ueteiru.,2021-08-27
144176,SOURCE,128508,133298,MANGA,NOVEL,Kami wa Game ni Ueteiru.,2021-01-25
145728,SOURCE,39115,9115,MANGA,NOVEL,Ookami to Koushinryou,2006-02-10
145728,ALTERNATIVE,2966,2966,ANIME,TV,Ookami to Koushinryou,2008-01-08
145728,SEQUEL,181951,59928,ANIME,TV,Ookami to Koushinryou: MERCHANT MEETS THE WISE WOLF 2nd Season,2027
146867,SOURCE,117623,129731,MANGA,MANGA,Tonari no Youkai-san,2017-09-21
148080,OTHER,177683,58911,ANIME,MUSIC,Uso ja Nai,2024-05-23
148080,CHARACTER,177878,59000,ANIME,MUSIC,Blues in the Closet,2024-06-06
150085,OTHER,21742,33018,ANIME,TV,Katsugeki Touken Ranbu,2017-07-02
150085,OTHER,21741,33023,ANIME,TV,Touken Ranbu: Hanamaru,2016-10-03
150085,ALTERNATIVE,150616,,MANGA,MANGA,Eiga Touken Ranbu,2019-01-09
150085,PREQUEL,177680,58894,ANIME,MOVIE,Touken Ranbu Kai: Douden Chikashi Haberau Monora,2024-08-16
151380,SOURCE,67523,37523,MANGA,NOVEL,Date A Live,2011-03-19
151380,PREQUEL,116605,41461,ANIME,TV,Date A Live IV,2022-04-08
151380,SEQUEL,190244,63934,ANIME,,Date A Live F Last Date,
152302,SPIN_OFF,170309,,MANGA,MANGA,HIGHSPEED Étoile: L'Entrée de Towa et Kanata,2023-10-23
152302,SIDE_STORY,172678,,MANGA,MANGA,Haisupi!,2023-12-08
152302,SPIN_OFF,184270,,MANGA,MANGA,HIGHSPEED Étoile: pit in♪,2024-11-09
152302,OTHER,188005,,ANIME,,HIGHSPEED Étoile New Anime Project (Provisional Title),
153288,SOURCE,120760,127907,MANGA,MANGA,Kaijuu 8-gou,2020-07-03
153288,SEQUEL,178754,59177,ANIME,TV,Kaijuu 8-gou 2nd Season,2025-07-19
153288,SUMMARY,179998,59489,ANIME,MOVIE,Kaijuu 8-gou Movie,2025-03-28
153288,SIDE_STORY,179999,59490,ANIME,SPECIAL,Kaijuu 8-gou: Hoshina no Kyuujitsu,2025-03-28
153288,SIDE_STORY,186300,60480,ANIME,ONA,minute! kaiju no. 8,2024-12-06
155657,SIDE_STORY,177405,58746,ANIME,ONA,Wan Wan Train Doko e Iku?,2024-04-24
155657,ADAPTATION,196391,169971,MANGA,MANGA,Shuumatsu Train Doko e Iku?,2024-03-25
155890,SOURCE,33713,3713,MANGA,MANGA,Bartender,2004-12-03
155890,ALTERNATIVE,1589,1589,ANIME,TV,Bartender,2006-10-15
155908,PREQUEL,104459,38474,ANIME,TV,Yuru Camp△ SEASON 2,2021-01-07
155908,SOURCE,98351,94376,MANGA,MANGA,Yuru Camp△,2015-05-23
155908,SIDE_STORY,177007,58855,ANIME,OVA,Yuru Camp△ SEASON 3 OVA,2024-06-26
155908,SEQUEL,184072,60267,ANIME,TV,Yuru Camp△ SEASON 4,2027
156023,SOURCE,99605,103707,MANGA,NOVEL,"Maou no Ore ga Dorei Elf wo Yome ni Shitanda ga, Dou Medereba Ii?",2017-02-01
156023,ALTERNATIVE,101722,113169,MANGA,MANGA,"Maou no Ore ga Dorei Elf wo Yome ni Shitanda ga, Dou Medereba Ii?",2018-02-23
156415,SOURCE,123265,139108,MANGA,NOVEL,"Tensei Shitara Dai Nana Ouji Datta node, Kimamani Majutsu wo Kiwamemasu",2020-07-02
156415,ALTERNATIVE,123264,129631,MANGA,MANGA,"Tensei Shitara Dai Nana Ouji Datta node, Kimamani Majutsu wo Kiwamemasu",2020-06-27
156415,SEQUEL,178090,59095,ANIME,TV,"Tensei Shitara Dai Nana Ouji Datta node, Kimamani Majutsu wo Kiwamemasu 2nd Season",2025-07-10
156822,SOURCE,86355,87610,MANGA,NOVEL,Tensei Shitara Slime Datta Ken,2014-05-30
156822,SOURCE,86399,87609,MANGA,MANGA,Tensei Shitara Slime Datta Ken,2015-03-26
156822,PREQUEL,116742,41487,ANIME,TV,Tensei Shitara Slime Datta Ken 2nd Season Part 2,2021-07-06
156822,SEQUEL,182205,59970,ANIME,TV,Tensei Shitara Slime Datta Ken 4th Season Part 1 & 2,2026-04-03
156822,SEQUEL,182206,59971,ANIME,MOVIE,Tensei Shitara Slime Datta Ken: Soukai no Namida-hen,2026-02-27
158417,SOURCE,127564,132129,MANGA,MANGA,Sentai Daishikkaku,2021-02-03
158417,SEQUEL,178781,59189,ANIME,TV,Sentai Daishikkaku 2nd Season,2025-04-13
158709,SOURCE,120040,133757,MANGA,NOVEL,Unnamed Memory,2019-01-17
158709,ALTERNATIVE,120039,130524,MANGA,MANGA,Unnamed Memory,2020-09-26
158709,SEQUEL,178550,59142,ANIME,TV,Unnamed Memory Act.2,2025-01-07
158898,SOURCE,111149,121426,MANGA,MANGA,Yozakura-san Chi no Daisakusen,2019-08-26
158898,SIDE_STORY,176909,58644,ANIME,ONA,Yozakura-san Chi no Mini Sakusen,2024-04-11
158898,SEQUEL,182578,60055,ANIME,TV,Yozakura-san Chi no Daisakusen 2nd Season,2026-04-12
158988,ALTERNATIVE,1254,1254,ANIME,TV,Saint Seiya,1986-10-11
158988,PREQUEL,151659,52273,ANIME,ONA,Saint Seiya: Knights of the Zodiac Battle Sanctuary,2022-07-31
158988,ALTERNATIVE,10687,10687,ANIME,MOVIE,Saint Seiya: LEGEND of SANCTUARY,2014-07-01
158988,SOURCE,31045,1045,MANGA,MANGA,Saint Seiya,1985-12-03
159039,ALTERNATIVE,117639,130236,MANGA,MANGA,Seiyuu Radio no Uraomote,2020-03-27
159039,SOURCE,117637,133723,MANGA,NOVEL,Seiyuu Radio no Uraomote,2020-02-07
160090,SOURCE,113016,122419,MANGA,MANGA,Kaii to Otome to Kamikakushi,2019-10-18
160090,OTHER,177672,58901,ANIME,MUSIC,Hazard Symbol,2024-05-14
160181,SOURCE,107987,118625,MANGA,MANGA,Sasayaku You ni Koi wo Utau,2019-02-18
160589,CHARACTER,143177,154557,MANGA,MANGA,Blue Archive Comic Anthology,2021-07-26
160589,CHARACTER,152636,52420,ANIME,SPECIAL,Blue Archive: 1.5 Shuunen Kinen Short Animation,2022-07-16
160589,CHARACTER,157410,160421,MANGA,MANGA,Blue Archive: Benriya 68 Gyoumu Nisshi,2022-10-14
160589,CHARACTER,157653,53670,ANIME,ONA,beautiful day dreamer,2022-11-22
160589,CHARACTER,138416,48824,ANIME,SPECIAL,Blue Archive Anime PVs,2021-01-25
160589,CHARACTER,161049,,MANGA,MANGA,Blue Archive Koushiki 4-koma: Blue Archive!,2021-02-16
160589,CHARACTER,161050,,MANGA,MANGA,Gongsik 4-keot Manhwa,2021-10-15
160589,CHARACTER,172598,165754,MANGA,MANGA,Blue Archive: Game Kaihatsubu Daibouken!,2023-12-31
162889,ALTERNATIVE,108415,123353,MANGA,MANGA,The iDOLM@STER: Shiny Colors,2019-07-23
162889,CHARACTER,137075,49661,ANIME,MOVIE,VOY@GER,2021-08-25
162889,ALTERNATIVE,10278,10278,ANIME,TV,THE IDOLM@STER,2011-07-08
162889,SEQUEL,175533,58302,ANIME,TV,The iDOLM@STER: Shiny Colors 2nd season,2024-10-05
163078,ADAPTATION,176730,169652,MANGA,MANGA,Yoru no Kurage wa Oyogenai,2024-04-07
163078,ADAPTATION,204383,169734,MANGA,NOVEL,Shousetsu: Yoru no Kurage wa Oyogenai,2024-05-20
163139,PREQUEL,139630,49918,ANIME,TV,Boku no Hero Academia 6,2022-10-01
163139,SOURCE,85486,75989,MANGA,MANGA,Boku no Hero Academia,2014-07-07
163139,SIDE_STORY,168013,56196,ANIME,MOVIE,Boku no Hero Academia THE MOVIE: YOU'RE NEXT,2024-08-02
163139,SEQUEL,182896,60098,ANIME,TV,Boku no Hero Academia FINAL SEASON,2025-10-04
163141,PARENT,172517,,MANGA,MANGA,Rinkai! Azalea,2024-04-09
163147,SOURCE,146203,144695,MANGA,MANGA,Blue Lock: EPISODE Nagi,2022-06-09
163147,PARENT,137822,49596,ANIME,TV,Blue Lock,2022-10-09
163147,OTHER,176317,60076,ANIME,SPECIAL,Blue Lock: EPISODE Nagi - Additional Time!,2024-04-19
163270,SOURCE,135083,133081,MANGA,MANGA,WIND BREAKER,2021-01-13
163270,OTHER,177048,58698,ANIME,MUSIC,Zettai Reido,2024-04-18
163270,SEQUEL,178680,59160,ANIME,TV,WIND BREAKER Season 2,2025-04-04
164212,OTHER,175688,55987,ANIME,MUSIC,Itsuwari no Kotowari,2023-05-28
164212,OTHER,184814,55988,ANIME,MUSIC,"Kiutsu, Hakudakusu",2023-06-26
164212,SUMMARY,186714,59817,ANIME,MOVIE,GIRLS BAND CRY: Seishun Kyousoukyoku,2025-10-03
164212,OTHER,199152,62550,ANIME,MOVIE,GIRLS BAND CRY (Shinsaku Eiga),
164212,SUMMARY,199154,,ANIME,MOVIE,"GIRLS BAND CRY: Naa, Mirai.",2025-11-14
164212,ADAPTATION,203892,,MANGA,MANGA,Girls Band Cry: Secret Live,2026-08-28
164212,ADAPTATION,206731,,MANGA,MANGA,GIRLS BAND CRY,2026-01-30
164440,SOURCE,164572,158508,MANGA,MANGA,Ooi! Tonbo,2014-08-08
164440,SEQUEL,178729,59175,ANIME,TV,Ooi! Tonbo 2nd Season,2024-10-05
164702,SOURCE,125198,134946,MANGA,NOVEL,"Tensei Kizoku Kantei Skill de Nariagaru: Jakushou Ryouchi wo Uketsuidanode, Yuushuuna Jinzai wo Fuyashite Itara, Saikyou Ryouchi ni Natteta",2020-06-30
164702,ALTERNATIVE,121753,127781,MANGA,MANGA,"Tensei Kizoku Kantei Skill de Nariagaru: Jakushou Ryouchi wo Uketsuidanode, Yuushuuna Jinzai wo Fuyashite Itara, Saikyou Ryouchi ni Natteta",2020-06-26
164702,SEQUEL,178434,59131,ANIME,TV,"Tensei Kizoku, Kantei Skill de Nariagaru 2nd Season",2024-09-29
165253,PARENT,130003,47917,ANIME,TV,Bocchi the Rock!,2022-10-09
165253,SOURCE,111258,118568,MANGA,MANGA,Bocchi the Rock!,2018-03-19
165253,SEQUEL,171099,,ANIME,MOVIE,Bocchi the Rock! Re:Re:,2024-08-09
165855,SOURCE,101700,111953,MANGA,MANGA,Hananoi-kun to Koi no Yamai,2017-12-22
166240,PREQUEL,145139,51019,ANIME,TV,Kimetsu no Yaiba: Katanakaji no Sato-hen,2023-04-09
166240,SOURCE,87216,96792,MANGA,MANGA,Kimetsu no Yaiba,2016-02-15
166240,SEQUEL,178788,59192,ANIME,MOVIE,Kimetsu no Yaiba: Mugenjou-hen Movie 1 - Akaza Sairai,2025-07-18
166372,SOURCE,131444,159818,MANGA,NOVEL,"Dekisokonai to Yobareta Moto Eiyuu wa, Jikka kara Tsuihou Sareta node Suki Katte ni Ikiru Koto ni Shita",2018-10-10
166372,ALTERNATIVE,117919,125219,MANGA,MANGA,"Dekisokonai to Yobareta Moto Eiyuu wa, Jikka kara Tsuihou Sareta node Suki Katte ni Ikiru Koto ni Shita @Comic",2018-12-24
166715,SOURCE,33866,3866,MANGA,MANGA,Kuroshitsuji,2006-09-16
166715,PREQUEL,21425,31812,ANIME,MOVIE,Kuroshitsuji: Book of the Atlantic,2017-01-21
166715,SEQUEL,179054,59228,ANIME,TV,Kuroshitsuji: Midori no Majo-hen,2025-04-05
166828,SOURCE,144545,150515,MANGA,NOVEL,Henjin no Salad Bowl,2021-10-19
166828,ALTERNATIVE,150685,152232,MANGA,MANGA,Henjin no Salad Bowl @comic,2022-09-27
166828,OTHER,177406,58733,ANIME,MUSIC,Gif ni Ted,2024-04-24
166873,SOURCE,85470,70261,MANGA,NOVEL,Mushoku Tensei: Isekai Ittara Honki Dasu,2014-01-23
166873,ALTERNATIVE,85564,70259,MANGA,MANGA,Mushoku Tensei: Isekai Ittara Honki Dasu,2014-05-02
166873,PREQUEL,146065,51179,ANIME,TV,Mushoku Tensei II: Isekai Ittara Honki Dasu,2023-07-03
166873,SEQUEL,178789,59193,ANIME,TV,Mushoku Tensei III: Isekai Ittara Honki Dasu,2026-07-04
166910,SOURCE,94490,87844,MANGA,MANGA,The Fable,2014-11-01
166910,SEQUEL,210199,63885,ANIME,TV,The Fable 2nd Season,2027-01
167927,SOURCE,107826,116908,MANGA,MANGA,Boukyaku Battery,2018-04-26
167927,ALTERNATIVE,124703,42829,ANIME,OVA,Boukyaku Battery,2020-10-11
167927,SEQUEL,184141,60275,ANIME,TV,Boukyaku Battery (TV) 2nd Season,2027
168138,SOURCE,113984,127860,MANGA,MANGA,Jii-san Baa-san Wakagaeru,2019-10-26
169417,SOURCE,85494,73569,MANGA,NOVEL,Re:Monster,2012-07-24
169417,ALTERNATIVE,85495,73271,MANGA,MANGA,Re:Monster,2014-03-27
169417,SEQUEL,199217,62567,ANIME,TV,Re:Monster 2nd Season,
169584,SOURCE,100293,110029,MANGA,MANGA,Shinigami Bocchan to Kuro Maid,2017-10-03
169584,PREQUEL,139435,49858,ANIME,TV,Shinigami Bocchan to Kuro Maid 2nd Season,2023-07-09
169698,SOURCE,99516,103063,MANGA,MANGA,"Tadaima, Okaeri",2015-11-24
169698,SOURCE,197023,,MANGA,MANGA,"Tadaima, Okaeri: Kagayaku Hi",2016-10-14
169698,SOURCE,197024,,MANGA,MANGA,"Tadaima, Okaeri: Mata Ashita",2017-09-23
169754,PARENT,235,235,ANIME,TV,Meitantei Conan,1996-01-08
169754,PREQUEL,184369,57441,ANIME,MOVIE,Meitantei Conan vs Kaitou Kid,2024-01-05
169754,ADAPTATION,216459,192588,MANGA,MANGA,Meitantei Conan: 100-man Dollar no Michishirube,2025-06-25
169766,PARENT,20950,33037,ANIME,TV,Tsukiuta. THE ANIMATION,2016-07-06
169766,ADAPTATION,184737,171680,MANGA,MANGA,"""Tsukiuta."" Gekijouban: Rabbits Kingdom the Movie",2024-06-14
169778,ALTERNATIVE,118131,,ANIME,SPECIAL,Kurayukaba Pilot,2020-04-30
169778,SPIN_OFF,171608,57478,ANIME,MOVIE,Kuramerukagari,2024-04-12
169927,SOURCE,122850,129045,MANGA,MANGA,"One Room, Hi Atari Futsuu, Tenshi Tsuki.",2020-09-12
169930,SOURCE,169928,110242,MANGA,MANGA,T・P Bon,1978-07-06
169930,ALTERNATIVE,12529,12529,ANIME,SPECIAL,Fujiko F. Fujio Anime Special: SF Adventure - T・P Bon,1989-10-14
170130,ALTERNATIVE,107120,119152,MANGA,MANGA,Lv2 Kara Cheat datta Moto Yuusha Kouho no Mattari Isekai Life,2019-01-11
170130,SOURCE,107121,113777,MANGA,NOVEL,Lv2 Kara Cheat datta Moto Yuusha Kouho no Mattari Isekai Life,2016-12-25
170130,SEQUEL,213860,64553,ANIME,TV,Lv2 Kara Cheat datta Moto Yuusha Kouho no Mattari Isekai Life 2nd Season,
170503,ALTERNATIVE,123578,145358,MANGA,MANGA,Karasu wa Aruji wo Erabanai,2020-08-25
170503,ALTERNATIVE,123768,159774,MANGA,MANGA,Karasu ni Hitoe wa Niawanai,2018-06-23
170593,SOURCE,34512,4512,MANGA,ONE_SHOT,Kuso Miso Technique,1987-02-01
170593,SOURCE,107130,,MANGA,MANGA,Uho! Ii Otoko-tachi,2003-11-01
170604,SOURCE,105102,121151,MANGA,MANGA,Vampire Dormitory,2018-11-02
170890,SOURCE,85943,82593,MANGA,NOVEL,THE NEW GATE,2013-12-19
170890,ALTERNATIVE,85978,82427,MANGA,MANGA,THE NEW GATE,2014-11-11
170890,OTHER,177009,,ANIME,MUSIC,Sekai wo Inuite,2024-04-14
171080,ADAPTATION,177019,169942,MANGA,MANGA,Himitsu no AiPri: Full Color Osarai 4-koma,2024-04-08
171080,ADAPTATION,177018,,MANGA,MANGA,Himitsu no AiPri,2024-04-04
171080,CHARACTER,3362,3362,ANIME,MOVIE,Oshare Majo♥Love and Berry: Shiawase no Mahou,2007-03-21
171080,SEQUEL,184470,61092,ANIME,TV,Himitsu no AiPri: Ring-hen,2025-04-06
171080,ALTERNATIVE,10257,10257,ANIME,TV,Pretty Rhythm: Aurora Dream,2011-04-09
171080,ALTERNATIVE,17249,17249,ANIME,TV,Pretty Rhythm: Rainbow Live,2013-04-06
171080,ALTERNATIVE,20742,23135,ANIME,TV,PriPara,2014-07-05
171080,ALTERNATIVE,101097,37178,ANIME,TV,Kiratto Pri☆Chan,2018-04-08
171080,ALTERNATIVE,136119,49285,ANIME,TV,Waccha PriMagi!,2021-10-03
171115,SOURCE,35548,5548,MANGA,MANGA,Rising Impact,1998-11-30
171115,SEQUEL,184560,59497,ANIME,ONA,Rising Impact Season 2,2024-08-06
171291,ALTERNATIVE,216905,192223,MANGA,MANGA,trapezium,2025-02-26
171608,PARENT,169778,56553,ANIME,MOVIE,Kurayukaba,2024-04-12
171608,ADAPTATION,181246,170861,MANGA,MANGA,Kuramerukagari,2024-04-05
172187,PREQUEL,163136,54854,ANIME,TV,Shadowverse Flame: Seven Shadows-hen,2023-07-08
172242,SOURCE,125178,130167,MANGA,MANGA,Nijiyon: Love Live! Nijigasaki Gakuen School Idol Doukoukai Yonkoma,2019-04-30
172242,PREQUEL,159839,54117,ANIME,SPECIAL,NIJIYON ANIMATION: Shinsaku Animation,2023-03-29
172242,SEQUEL,178396,58623,ANIME,SPECIAL,NIJIYON ANIMATION 2: Shinsaku Animation,2024-06-26
172395,OTHER,100620,36531,ANIME,TV,Shinkansen Henkei Robo Shinkalion THE ANIMATION,2018-01-06
172395,OTHER,128737,46381,ANIME,TV,Shinkansen Henkei Robo Shinkalion Z THE ANIMATION,2021-04-09
172395,SPIN_OFF,180434,168958,MANGA,MANGA,Shinkalion: Dive the World,2024-04-04
172395,ADAPTATION,204451,,MANGA,MANGA,Shinkalion: Change the World,2024-10-01
172420,PARENT,98514,35249,ANIME,TV,Uma Musume: Pretty Derby,2018-04-02
172420,PREQUEL,148370,51761,ANIME,ONA,Uma Musume: Pretty Derby - ROAD TO THE TOP,2023-04-16
172420,PREQUEL,176299,58517,ANIME,MOVIE,Uma Musume: Pretty Derby - ROAD TO THE TOP Movie,2024-05-10
172964,PREQUEL,143455,50789,ANIME,TV_SHORT,Jongtama PONG☆,2022-04-02
172965,PARENT,1960,1960,ANIME,TV,Sore Ike! Anpanman,1988-10-03
173249,SEQUEL,178395,59123,ANIME,TV_SHORT,Kumarba Season 2,2024-10-05
174383,PREQUEL,167984,56175,ANIME,MOVIE,Oomuro-ke: dear sisters,2024-02-02
174383,SOURCE,70481,40481,MANGA,MANGA,Oomuro-ke,2012-07-03
174653,SOURCE,121991,139164,MANGA,MANGA,Ssaumdokak,2019-11-16
174788,SOURCE,136807,138673,MANGA,ONE_SHOT,Look Back,2021-07-19
175573,PARENT,15417,15417,ANIME,TV,Gintama': Enchousen,2012-10-04
175573,SOURCE,30044,44,MANGA,MANGA,Gintama,2003-12-08
175642,SOURCE,30724,724,MANGA,MANGA,Sand Land,2000-05-09
175642,ALTERNATIVE,158896,53882,ANIME,MOVIE,SAND LAND,2023-08-18
175869,PREQUEL,162312,54644,ANIME,TV_SHORT,Chibi Godzilla no Gyakushuu,2023-04-01
175869,SEQUEL,193883,61765,ANIME,TV_SHORT,Chibi Godzilla no Gyakushuu 3,2025-07-02
176218,PREQUEL,146609,51358,ANIME,MOVIE,Dead Dead Demon's Dededededestruction Zenshou,2024-03-22
176218,SOURCE,85316,70801,MANGA,MANGA,Dead Dead Demon's Dededededestruction,2014-04-28
176218,ALTERNATIVE,177697,58883,ANIME,ONA,Dead Dead Demon's Dededededestruction,2024-05-24
176287,SOURCE,86265,72025,MANGA,MANGA,Kengan Ashura,2012-04-18
176287,SOURCE,37760,7760,MANGA,MANGA,Hanma Baki,2005-12-01
176287,CHARACTER,100891,36903,ANIME,ONA,Kengan Ashura,2019-07-31
176287,CHARACTER,124195,42940,ANIME,ONA,Hanma Baki,2021-09-30
176299,ALTERNATIVE,148370,51761,ANIME,ONA,Uma Musume: Pretty Derby - ROAD TO THE TOP,2023-04-16
176299,SEQUEL,172420,57647,ANIME,MOVIE,Uma Musume: Pretty Derby - Shin Jidai no Tobira,2024-05-24
176300,PARENT,350,350,ANIME,TV,Ojamajo Doremi,1999-02-07
176300,SOURCE,59283,29283,MANGA,NOVEL,Ojamajo Doremi 16,2011-12-02
176300,SOURCE,132003,125572,MANGA,NOVEL,Ojamajo Doremi 20's,2019-10-03
176317,OTHER,163147,54866,ANIME,MOVIE,Blue Lock: EPISODE Nagi,2024-04-19
176577,SEQUEL,181835,59485,ANIME,TV_SHORT,SHIBUYA♡HACHI Part 2,2024-10-05
176635,PREQUEL,162717,54781,ANIME,TV_SHORT,YouTuNya,2023-04-04
176635,SIDE_STORY,185793,60623,ANIME,SPECIAL,YouTuNya: Christmas Tokubetsu-hen,2024-12-24
176635,SEQUEL,189602,61363,ANIME,TV_SHORT,YouTuNya 3,2025-04-15
176663,PARENT,132420,39167,ANIME,MOVIE,Girls und Panzer: Saishuushou 4,2023-10-06
176909,PARENT,158898,53865,ANIME,TV,Yozakura-san Chi no Daisakusen,2024-04-07
177106,ALTERNATIVE,37921,7921,MANGA,MANGA,Garouden,1996-06-26
177106,ALTERNATIVE,50649,20649,MANGA,MANGA,Garouden,1989-02
177231,PREQUEL,177230,,ANIME,ONA,Ponkotsu Quest: Maou to Haken no Mamono-tachi Season 7,2021-10-13
177405,PARENT,155657,53356,ANIME,TV,Shuumatsu Train Doko e Iku?,2024-04-01
178067,SOURCE,191864,,MANGA,MANGA,Girls' F1st!!!! GT,2021-07-01
178125,PARENT,122148,42568,ANIME,TV_SHORT,Yakunara Mug Cup Mo,2021-04-03
178125,PARENT,135939,49263,ANIME,TV_SHORT,Yakunara Mug Cup Mo: Niban Gama,2021-10-02
178396,SOURCE,125178,130167,MANGA,MANGA,Nijiyon: Love Live! Nijigasaki Gakuen School Idol Doukoukai Yonkoma,2019-04-30
178396,PREQUEL,172242,57623,ANIME,TV_SHORT,NIJIYON ANIMATION 2,2024-04-05
183162,PREQUEL,144853,50600,ANIME,TV_SHORT,Insect Land,2022-04-04
185644,PREQUEL,179872,58630,ANIME,TV,Oshiri Tantei 7 Part 2,2023-10-07
185644,SEQUEL,185645,58631,ANIME,TV,Oshiri Tantei 9,2025-04-05
126830,PARENT,1575,1575,ANIME,TV,Code Geass: Hangyaku no Lelouch,2006-10-06
126830,PREQUEL,97880,34437,ANIME,MOVIE,Code Geass: Fukkatsu no Lelouch,2019-02-09
126830,SPIN_OFF,202995,182806,MANGA,MANGA,Code Geass: Shinketsu no Almaria,2025-01-24
133845,SOURCE,85976,81669,MANGA,NOVEL,Overlord,2012-06-30
133845,PREQUEL,133844,48895,ANIME,TV,Overlord IV,2022-07-05
139095,SOURCE,103255,114701,MANGA,MANGA,FAIRY TAIL: 100 YEARS QUEST,2018-07-25
139095,PREQUEL,99749,35972,ANIME,TV,FAIRY TAIL (2018),2018-10-07
139825,PREQUEL,112667,40595,ANIME,TV,"Kimi to Boku no Saigo no Senjo, Arui wa Sekai ga Hajimaru Seisen",2020-10-07
139825,ALTERNATIVE,103644,116943,MANGA,MANGA,"Kimi to Boku no Saigo no Senjo, Arui wa Sekai ga Hajimaru Seisen",2018-05-10
139825,SOURCE,100670,106755,MANGA,NOVEL,"Kimi to Boku no Saigo no Senjo, Arui wa Sekai ga Hajimaru Seisen",2017-05-20
144779,PREQUEL,112019,40389,ANIME,OVA,Uchuu Senkan Yamato 2205: Aratanaru Tabidachi,2021-10-08
150103,SIDE_STORY,137537,,ANIME,SPECIAL,Rick and Morty: Summer Meets God,2021-08-02
150103,SIDE_STORY,122536,,ANIME,SPECIAL,Rick and Morty vs. Genocider,2020-07-25
150103,OTHER,143287,,ANIME,SPECIAL,Rick and Morty: The Great Yokai Battle of Akihabara,2021-10-10
151117,OTHER,2246,2246,ANIME,TV,Mononoke,2007-07-13
151117,SEQUEL,179852,59408,ANIME,MOVIE,Mononoke: Hinezumi,2025-03-14
151117,ADAPTATION,185698,170555,MANGA,MANGA,Gekijouban Mononoke: Karakasa,2024-05-26
152137,SOURCE,112253,122150,MANGA,MANGA,Isekai Shikkaku,2019-10-02
152681,ALTERNATIVE,130837,136856,MANGA,MANGA,Gimai Seikatsu,2021-07-16
152681,SOURCE,126268,133352,MANGA,NOVEL,Gimai Seikatsu,2021-01-25
153406,SOURCE,85143,122663,MANGA,MANGA,Sinui Tap,2010-06-30
153406,PREQUEL,115230,40221,ANIME,TV,Kami no Tou: Tower of God,2020-04-02
154195,SOURCE,38558,8558,MANGA,MANGA,UFO Robo Grendizer,1975-10-01
154195,ALTERNATIVE,1985,1985,ANIME,TV,UFO Robo Grendizer,1975-10-05
154195,ADAPTATION,181310,,MANGA,MANGA,Grendizer U: The Inception,2024-06-28
154963,OTHER,120757,,ANIME,ONA,ATRI -My Dear Moments- Special Animation PV,2020-06-14
154963,ALTERNATIVE,154964,152483,MANGA,MANGA,ATRI: My Dear Moments,2022-10-07
154963,OTHER,185481,,ANIME,MUSIC,YES to NO no Aida ni,2024-08-24
157371,ALTERNATIVE,121460,173891,MANGA,MANGA,"Bye Bye, Earth",2020-01-30
157371,SEQUEL,181078,59819,ANIME,TV,"Bye Bye, Earth Season 2",2025-04-04
158166,ADAPTATION,179533,,MANGA,MANGA,Kimi no Iro,2024-07-16
158166,CHARACTER,186496,60865,ANIME,SPECIAL,Sui Kin Chi Ka Moku Dotten Amen SP Dance PV,2024-07-15
158559,SOURCE,110785,120974,MANGA,MANGA,2.5 Jigen no Ririsa,2019-06-15
158559,SEQUEL,185515,60510,ANIME,TV,2.5-jigen no Ririsa 2nd Season,
160488,SOURCE,134421,138718,MANGA,NOVEL,VTuber nanda ga Haishin Kiri Wasuretara Densetsu ni Natteta,2021-05-20
160488,ALTERNATIVE,167746,162253,MANGA,MANGA,VTuber nanda ga Haishin Kiri Wasuretara Densetsu ni Natteta,2023-08-25
162796,SOURCE,32845,2845,MANGA,MANGA,Kinnikuman,1979-05-15
162796,PREQUEL,3281,3281,ANIME,TV,Kinnikuman: Kinnikusei Oui Soudatsu-hen,1991-10-06
162796,SEQUEL,181886,59914,ANIME,TV,Kinnikuman: Kanpeki Choujin Shiso-hen Season 2,2025-01-12
162804,SOURCE,130687,134341,MANGA,NOVEL,Tokidoki Bosotto Rossiya-go de Dereru Tonari no Alya-san,2021-02-27
162804,ALTERNATIVE,152404,149334,MANGA,MANGA,Tokidoki Bosotto Rossiya-go de Dereru Tonari no Alya-san,2022-10-29
162804,SEQUEL,181641,59873,ANIME,TV,Tokidoki Bosotto Rossiya-go de Dereru Tonari no Alya-san Season 2,2027
162896,SOURCE,128666,132845,MANGA,MANGA,Nige Jouzu no Wakagimi,2021-01-25
162896,OTHER,179719,59373,ANIME,MUSIC,KAMAKURA STYLE,2024-07-14
162896,SEQUEL,182616,60059,ANIME,TV,Nige Jouzu no Wakagimi 2nd Season,2026-07-17
163077,SOURCE,119286,130364,MANGA,MANGA,Kono Sekai wa Fukanzen Sugiru,2020-05-30
163133,SOURCE,118570,137982,MANGA,MANGA,Senpai wa Otokonoko,2019-12-07
163133,SEQUEL,182158,59957,ANIME,MOVIE,Senpai wa Otokonoko: Ame Nochi Hare,2025-02-14
163292,SOURCE,130800,144724,MANGA,NOVEL,"Shinmai Ossan Bouken-sha, Saikyou Party ni Shinu Hodo Kitaerarete Muteki ni Naru.",2018-12-22
163292,ALTERNATIVE,114048,123456,MANGA,MANGA,"Shinmai Ossan Bouken-sha, Saikyou Party ni Shinu Hodo Kitaerarete Muteki ni Naru.",2019-11-22
163623,SOURCE,105577,116808,MANGA,MANGA,Giji Harem,2018-06-20
165681,PREQUEL,164204,54142,ANIME,TV,Cardfight!! Vanguard: Divinez,2024-01-13
165681,SEQUEL,182920,54144,ANIME,TV,Cardfight!! Vanguard: Divinez - Deluxe-hen,2025-01-11
166476,PREQUEL,157654,53671,ANIME,OVA,Love Live! Nijigasaki Gakuen School Idol Doukoukai: NEXT SKY,2023-06-23
166476,SEQUEL,183384,60159,ANIME,MOVIE,Love Live! Nijigasaki Gakuen School Idol Doukoukai: Kanketsu-hen 2,2025-11-07
166477,PREQUEL,154412,52973,ANIME,TV,Megami no Café Terrace,2023-04-08
166477,SOURCE,129694,133696,MANGA,MANGA,Megami no Café Terrace,2021-02-17
166531,PREQUEL,150672,52034,ANIME,TV,[Oshi no Ko],2023-04-12
166531,SOURCE,117195,126146,MANGA,MANGA,[Oshi no Ko],2020-04-23
166531,SEQUEL,182587,60058,ANIME,TV,[Oshi no Ko] 3rd Season,2026-01-14
166700,SOURCE,111711,121885,MANGA,MANGA,Tasogare Outfocus,2018-06-05
166700,SOURCE,119640,127823,MANGA,MANGA,Zanzou Slow Motion,2019-10-05
166700,SOURCE,151394,148500,MANGA,MANGA,Yoiyoi Monologue,2020-12-05
166700,SOURCE,138890,158769,MANGA,MANGA,Tasogare Outfocus overlap,2020-07-05
166710,CHARACTER,100248,36517,ANIME,MOVIE,Ninja Batman,2018-04-24
166710,CHARACTER,127335,132595,MANGA,MANGA,One Ope JOKER,2021-01-07
166710,CHARACTER,180817,59750,ANIME,MUSIC,Go-Getters,2024-09-06
166710,ADAPTATION,182659,,MANGA,MANGA,Isekai Suicide Squad,2024-08-25
166710,CHARACTER,177778,58964,ANIME,MOVIE,Ninja Batman vs. Yakuza League,2025-03-21
166710,CHARACTER,214372,,MANGA,MANGA,Machibura JOKER - Discover The Next Gotham,2026-07-02
166710,CHARACTER,4094,4094,ANIME,OVA,Batman: Gotham Knight,2008-07-08
167144,SOURCE,132744,144055,MANGA,NOVEL,Koi wa Futago de Warikirenai,2020-05-10
167144,ALTERNATIVE,142948,146546,MANGA,MANGA,Koi wa Futago de Warikirenai,2022-04-27
167419,SOURCE,101763,107339,MANGA,NOVEL,Naze Boku no Sekai wo Daremo Oboeteinai no ka?,2017-07-25
167419,ALTERNATIVE,101762,114393,MANGA,MANGA,Naze Boku no Sekai wo Daremo Oboeteinai no ka?,2018-02-27
167420,PREQUEL,145665,51105,ANIME,TV,NieR:Automata Ver1.1a,2023-01-08
167420,ALTERNATIVE,127809,133622,MANGA,MANGA,Yorha: Shinjuwan Kouka Sakusen Kiroku,2020-12-26
167991,SEQUEL,125851,146877,MANGA,MANGA,TRUMP,2020-11-04
167991,PREQUEL,181925,173829,MANGA,MANGA,COCOON,2024-09-04
168013,PARENT,163139,54789,ANIME,TV,Boku no Hero Academia 7,2024-05-04
168013,ADAPTATION,183100,172677,MANGA,NOVEL,Boku no Hero Academia THE MOVIE: You're Next,2024-08-02
168013,PREQUEL,184312,174933,MANGA,MANGA,A PIECE OF CAKE,2024-08-02
168013,SIDE_STORY,194403,60645,ANIME,OVA,Boku no Hero Academia THE MOVIE: YOU'RE NEXT - A PIECE OF CAKE,2025-02-19
168345,SOURCE,134121,136528,MANGA,MANGA,Dungeon no Naka no Hito,2020-06-19
168623,ALTERNATIVE,110308,120895,MANGA,MANGA,Madougushi Dahlia wa Utsumukanai: Kyou Kara Jiyuu na Shokunin Life,2019-04-26
168623,SOURCE,114871,138403,MANGA,NOVEL,Madougushi Dahlia wa Utsumukanai: Kyou kara Jiyuu na Shokunin Life,2018-10-25
168623,ALTERNATIVE,110392,119806,MANGA,MANGA,Madougushi Dahlia wa Utsumukanai: Dahliya Wilts No More,2019-04-26
168872,SOURCE,33378,3378,MANGA,MANGA,Kimi ni Todoke,2006-05-25
168872,PREQUEL,9656,9656,ANIME,TV,Kimi ni Todoke 2ND SEASON,2011-01-12
168998,PREQUEL,878,878,ANIME,TV,Zegapain,2006-04-06
169403,PARENT,171030,57390,ANIME,TV,Wonderful Precure!,2024-02-04
169403,CHARACTER,157883,53716,ANIME,TV,Hirogaru Sky! Precure,2023-02-05
169403,CHARACTER,21506,31884,ANIME,TV,Mahoutsukai Precure!,2016-02-07
169692,SOURCE,86265,72025,MANGA,MANGA,Kengan Ashura,2012-04-18
169692,PREQUEL,146638,51369,ANIME,ONA,Kengan Ashura Season 2,2023-09-21
170695,SOURCE,131049,153622,MANGA,NOVEL,Ore wa Subete wo [Parry] Suru: Gyaku Kanchigai no Sekai Saikyou wa Boukensha ni Naritai,2020-09-15
170695,ALTERNATIVE,131041,139761,MANGA,MANGA,Ore wa Subete wo [Parry] Suru: Gyaku Kanchigai no Sekai Saikyou wa Boukensha no Yume wo Miru,2020-10-29
170695,SEQUEL,196222,62081,ANIME,,Ore wa Subete wo [Parry] Suru: Gyaku Kanchigai no Sekai Saikyou wa Boukensha ni Naritai 2nd Season,
170891,OTHER,207886,62843,ANIME,SPECIAL,Run Run Lantern,2025-10-19
170938,SOURCE,86093,75749,MANGA,MANGA,Katsute Mahou Shoujo to Aku wa Tekitai Shite Ita.,2013-09-21
170998,SOURCE,146328,154933,MANGA,MANGA,Ramen Aka Neko,2022-03-14
170998,SEQUEL,185699,60555,ANIME,TV,Ramen Aka Neko: Sono ni,2027-01
171031,ALTERNATIVE,101739,112342,MANGA,MANGA,Isekai Yururi Kikou: Kosodate Shinagara Boukensha Shimasu,2018-01-17
171031,SOURCE,100884,109565,MANGA,NOVEL,Isekai Yururi Kikou: Kosodate Shinagara Boukensha Shimasu,2017-04-01
171099,SOURCE,111258,118568,MANGA,MANGA,Bocchi the Rock!,2018-03-19
171099,PREQUEL,165253,55357,ANIME,MOVIE,Bocchi the Rock! Re:,2024-06-07
171099,PARENT,130003,47917,ANIME,TV,Bocchi the Rock!,2022-10-09
171099,SEQUEL,186712,61006,ANIME,TV,Bocchi the Rock! 2nd Season,
171145,PREQUEL,158595,53810,ANIME,MOVIE,Shin Jigen! Crayon Shin-chan THE MOVIE: Chounouryoku Daikessen - Tobe Tobe Temakizushi,2023-08-04
171145,PARENT,966,966,ANIME,TV,Crayon Shin-chan,1992-04-13
171145,SEQUEL,185537,60862,ANIME,MOVIE,Crayon Shin-chan: Chou Karei! Shakunetsu no Kasukabe Dancers,2025-08-08
171457,ALTERNATIVE,147664,146732,MANGA,MANGA,Make Heroine ga Oosugiru! @comic,2022-04-29
171457,SOURCE,135276,138481,MANGA,NOVEL,Make Heroine ga Oosugiru!,2021-07-21
171457,SEQUEL,189796,61398,ANIME,TV,Make Heroine ga Oosugiru! 2nd Season,
171748,PREQUEL,155389,53237,ANIME,TV,SHY,2023-10-03
171748,SOURCE,110909,121197,MANGA,MANGA,SHY,2019-08-01
172416,SOURCE,159513,165552,MANGA,NOVEL,Mob kara Hajimaru Tansaku Eiyuutan,2021-07-01
172416,ALTERNATIVE,159547,165019,MANGA,MANGA,Mob kara Hajimaru Tansaku Eiyuutan,2021-09-21
173295,ALTERNATIVE,71145,41145,MANGA,MANGA,Shunki Gentei Ichigo Tart Jiken,2007-04-18
173295,ALTERNATIVE,173882,166056,MANGA,MANGA,Kaki Gentei: Tropical Parfait Jiken,2010-02
173295,SEQUEL,181182,59828,ANIME,TV,Shoushimin Series 2nd Season,2025-04-06
173295,ALTERNATIVE,198392,189339,MANGA,MANGA,Shoushimin: Shunki Gentei Ichigo Tart Jiken,2025-05-02
173313,OTHER,3006,3006,ANIME,TV,Atashin'chi,2002-04-19
173313,PARENT,46621,16621,MANGA,MANGA,Atashinchi,1994-06-05
173313,SEQUEL,203146,63013,ANIME,ONA,Atashin'chi NEXT 2,2025-11-20
173388,SOURCE,98175,103314,MANGA,MANGA,Elf-san wa Yaserarenai.,2016-12-21
173388,SIDE_STORY,179126,59820,ANIME,ONA,Elf-san wa Yaserarenai. Specials,2024-10-06
173388,OTHER,179212,59290,ANIME,TV_SHORT,Naoe-kun wa Yasesasetai.,2024-07-07
173533,SOURCE,96019,93097,MANGA,NOVEL,Orokamonogatari,2015-10-05
173533,PREQUEL,100815,36999,ANIME,OVA,Zoku Owarimonogatari,2019-02-27
173533,SIDE_STORY,180332,59612,ANIME,SPECIAL,Monogatari Series: Off & Monster Season - Zankoku Douwa: Utsukushi-hime,2024-08-17
173533,SOURCE,143763,,MANGA,NOVEL,Nademonogatari,2016-07-27
173533,SOURCE,143762,,MANGA,NOVEL,Wazamonogatari,2016-01-13
173533,SOURCE,100355,,MANGA,NOVEL,Shinobumonogatari,2017-07-20
173533,CHARACTER,183478,59825,ANIME,MUSIC,UNDEAD,2024-09-14
173533,SEQUEL,195448,61968,ANIME,,Monogatari Series: Off & Monster Season Shin Episode,2026
173584,SOURCE,121890,101476,MANGA,NOVEL,Maou Gun Saikyou no Majutsushi wa Ningen datta,2016-09-30
173584,ALTERNATIVE,112481,121357,MANGA,MANGA,Maou Gun Saikyou no Majutsushi wa Ningen datta,2019-08-23
173694,SOURCE,110986,114779,MANGA,NOVEL,Hazure Waku no [Joutai Ijou Skill] de Saikyou ni Natta Ore ga Subete wo Juurin Suru made,2018-07-24
173694,ALTERNATIVE,110989,122650,MANGA,MANGA,Hazure Waku no [Joutai Ijou Skill] de Saikyou ni Natta Ore ga Subete wo Juurin Suru made,2019-07-26
174044,ADAPTATION,176389,169837,MANGA,MANGA,Mayonaka Punch,2024-03-04
174044,ADAPTATION,176390,,MANGA,NOVEL,Mayonaka Punch,2024-07-20
174044,OTHER,207886,62843,ANIME,SPECIAL,Run Run Lantern,2025-10-19
174070,SOURCE,174065,125330,MANGA,MANGA,Tasuuketsu,2013-09-11
174070,OTHER,134222,42805,ANIME,OVA,Tasuuketsu Judgement Assizes: THE ORIGINAL ANIMATION,2021-01-29
174576,SOURCE,125116,131924,MANGA,MANGA,Tsue to Tsurugi no Wistoria,2020-12-09
174576,SEQUEL,182300,59983,ANIME,TV,Tsue to Tsurugi no Wistoria Season 2,2026-04-12
175120,SOURCE,31397,1397,MANGA,MANGA,Chi's Sweet Home,2004-01-08
175120,PREQUEL,99478,36418,ANIME,TV_SHORT,Koneko no Chii: Ponponra Dairyokou,2018-04-08
175199,PREQUEL,162987,54791,ANIME,MOVIE,Given: Hiiragi mix,2024-01-27
175199,SOURCE,87347,79085,MANGA,MANGA,Given,2013-04-30
175199,SEQUEL,213353,62634,ANIME,OVA,Given: 10th Mix,2025-10-01
175450,SOURCE,117480,128356,MANGA,MANGA,Boku no Tsuma wa Kanjou ga Nai,2019-03-24
175868,CHARACTER,144356,,MANGA,MANGA,Tensui no Sakuna-hime: Sendatara no Kamigami,2021-11-26
175868,CHARACTER,137789,,MANGA,NOVEL,Tensui no Sakuna-hime: Kokorowa Inasaku Nisshi,2021-10-04
175868,SEQUEL,184280,60294,ANIME,SPECIAL,Tensui no Sakuna-hime: Kokorowa Inasaku Nisshi,2026-02-15
175868,OTHER,207886,62843,ANIME,SPECIAL,Run Run Lantern,2025-10-19
175977,SOURCE,125555,135455,MANGA,MANGA,Shikanoko Nokonoko Koshitantan,2019-11-15
175977,OTHER,187626,61248,ANIME,SPECIAL,Gorogura Gorogoro Gu ga Dekkai-hen,2025-03-08
176275,ALTERNATIVE,103870,39699,ANIME,TV,KING OF PRISM -Shiny Seven Stars-,2019-04-16
176275,CHARACTER,98107,34787,ANIME,TV,Idol Time PriPara,2017-04-04
176275,CHARACTER,132679,44376,ANIME,ONA,Idol Land PriPara,2021-11-27
176275,CHARACTER,136119,49285,ANIME,TV,Waccha PriMagi!,2021-10-03
176275,SEQUEL,184756,61120,ANIME,MOVIE,KING OF PRISM -Your Endless Call- Minna Kirameke! Prism☆Tours,2025-06-27
176283,PREQUEL,169291,57012,ANIME,TV_SHORT,Harimaware! Koinu,2024-01-06
176319,CHARACTER,121593,,ANIME,MUSIC,Mabushigariya,2020-05-10
176319,CHARACTER,127908,,ANIME,MUSIC,Feel Free!,2020-12-27
176319,CHARACTER,193623,61367,ANIME,MOVIE,"Tooi-san wa Seishun Shitai! ""Baka to SmaPho to Romance to""",2025-07-18
176660,SOURCE,38070,8070,MANGA,MANGA,Sengoku Youko,2007-12-28
176660,PREQUEL,168194,56242,ANIME,TV,Sengoku Youko,2024-01-11
177007,PARENT,155908,53410,ANIME,TV,Yuru Camp△ SEASON 3,2024-04-04
177008,PARENT,109731,39894,ANIME,TV,Hibike! Euphonium 3,2024-04-07
177160,PREQUEL,168555,,ANIME,TV_SHORT,Bouken Tairiku Ania Kingdom,2023-04-02
177191,PREQUEL,131520,48548,ANIME,MOVIE,Go-toubun no Hanayome Movie,2022-05-20
177191,SOURCE,100230,103851,MANGA,MANGA,Go-toubun no Hanayome,2017-08-09
177191,SOURCE,148167,,MANGA,ONE_SHOT,Go-toubun no Hanayome: 122 + 1 - Itsutsugo-chan wa Himitsu wo Gotoubun Dekinai,2022-05-18
177191,SEQUEL,211709,64104,ANIME,TV,Go-toubun no Hanayome: Shunkashuutou,
177680,SEQUEL,150085,51859,ANIME,TV,Touken Ranbu Kai: Kyoden Moyuru Honnouji,2024-04-02
177697,ALTERNATIVE,146609,51358,ANIME,MOVIE,Dead Dead Demon's Dededededestruction Zenshou,2024-03-22
177697,SOURCE,85316,70801,MANGA,MANGA,Dead Dead Demon's Dededededestruction,2014-04-28
177697,ALTERNATIVE,176218,,ANIME,MOVIE,Dead Dead Demon's Dededededestruction Koushou,2024-05-24
177879,SOURCE,180293,171069,MANGA,MANGA,0-saiji Start Dash Monogatari,2020-09-27
177879,SEQUEL,185462,60425,ANIME,TV_SHORT,0-saiji Start Dash Monogatari Season 2,2025-01-05
177922,PREQUEL,170953,57180,ANIME,TV_SHORT,Yami Shibai 12,2024-01-15
177922,SEQUEL,185088,60410,ANIME,TV_SHORT,Yami Shibai 14,2025-01-06
178421,SOURCE,147656,,MANGA,MANGA,Marui Kanojo to Zannen na Kareshi,2022-04-22
178421,SEQUEL,184998,60357,ANIME,TV_SHORT,Maarui Kanojo to Zannen na Kareshi 2nd Season,2024-11-16
179212,PARENT,173388,57845,ANIME,TV_SHORT,Elf-san wa Yaserarenai.,2024-07-07
179212,SEQUEL,189834,60163,ANIME,ONA,Naoe-kun wa Yasesasetai. (ONA),2024-10-06
179408,SEQUEL,188548,61260,ANIME,ONA,JOCHUM (ONA),2024-12-21
179954,ALTERNATIVE,180439,,MANGA,MANGA,Mirai no Kuromakukei Akuyaku Reijou Moriarty no Isekai Kanzen Hanzai Hakusho,2023-03-28
179991,PREQUEL,171029,57691,ANIME,SPECIAL,Fate/Grand Order: Fujimaru Ritsuka wa Wakaranai - Dai Bounen Otanoshimikai 2023,2023-12-31
179991,SOURCE,147108,154711,MANGA,MANGA,Fate/Grand Order: Fujimaru Ritsuka wa Wakaranai,2020-06-01
179991,SEQUEL,197094,62149,ANIME,ONA,Fate/Grand Order: Fujimaru Ritsuka wa Wakaranai Season 3,2025-08-01
179991,SIDE_STORY,213461,61167,ANIME,SPECIAL,Fate/Grand Order: Fujimaru Ritsuka wa Wakaranai Season 2 Specials,2025-03-19
180332,PARENT,173533,57864,ANIME,ONA,Monogatari Series: Off & Monster Season,2024-07-06
180332,SOURCE,143762,,MANGA,NOVEL,Wazamonogatari,2016-01-13
184560,SOURCE,35548,5548,MANGA,MANGA,Rising Impact,1998-11-30
184560,PREQUEL,171115,57487,ANIME,ONA,Rising Impact,2024-06-22
185669,PREQUEL,185642,56105,ANIME,ONA,Nanashi Kaidan 2nd Season,2023-08-07
189736,SEQUEL,188661,61279,ANIME,TV_SHORT,Go! Go! Vehicle Zoo: Norimono Star-hen,2025-04-06
189736,PREQUEL,168001,55020,ANIME,TV_SHORT,Go! Go! Vehicle Zoo,2023-04-02
189964,SOURCE,189975,,MANGA,MANGA,Nuno Sanpo,2024-09-03
204620,PREQUEL,204619,62559,ANIME,TV_SHORT,Koikeya SDGs Gekijou Suss to Tina Season 4,2023-07-06
204620,SEQUEL,204621,62561,ANIME,TV_SHORT,Koikeya SDGs Gekijou Suss to Tina Season 6,2025-10-01
207594,PARENT,162987,54791,ANIME,MOVIE,Given: Hiiragi mix,2024-01-27
107372,OTHER,108987,38192,ANIME,TV,Sakugan,2021-10-07
107372,OTHER,108992,63802,ANIME,TV,Mebius Dust,2026-07-09
111314,SOURCE,30436,436,MANGA,MANGA,Uzumaki,1998-01-19
136880,PREQUEL,114194,40935,ANIME,TV,BEASTARS 2nd Season,2021-01-07
136880,SOURCE,98587,103701,MANGA,MANGA,BEASTARS,2016-09-08
136880,SEQUEL,187267,61114,ANIME,ONA,BEASTARS FINAL SEASON Part 2,2026-03-07
138522,PREQUEL,119806,,ANIME,TV,Thunderbolt Fantasy: Touriken Yuuki 3,2021-04-03
138522,SEQUEL,176432,,ANIME,MOVIE,Thunderbolt Fantasy: Touriken Yuuki - Saishuushou,2025-02-21
141182,SOURCE,86774,93314,MANGA,NOVEL,Seirei Gensouki,2015-10-01
141182,PREQUEL,126546,44203,ANIME,TV,Seirei Gensouki,2021-07-06
141182,ALTERNATIVE,99587,108306,MANGA,MANGA,Seirei Gensouki,2017-07-07
141182,SIDE_STORY,167990,56178,ANIME,ONA,Celia-sensei no Wakuwaku Magical Kyoushitsu season2,2023-08-04
141182,SIDE_STORY,184143,,ANIME,ONA,Celia-sensei no Dokidoki Interview Room,2024-02-02
141182,SEQUEL,217578,65087,ANIME,TV,Seirei Gensouki 3,
150930,SOURCE,130256,145457,MANGA,MANGA,Murai no Koi,2018-06-18
151514,SOURCE,124139,137939,MANGA,MANGA,Chi. Chikyuu no Undou ni Tsuite,2020-09-14
151514,OTHER,206054,60068,ANIME,MUSIC,Aporia,2024-10-08
151514,OTHER,206056,61080,ANIME,MUSIC,Hebi,2025-02-25
154473,SOURCE,86274,88923,MANGA,NOVEL,Arifureta Shokugyou de Sekai Saikyou,2015-06-25
154473,ALTERNATIVE,96834,96528,MANGA,MANGA,Arifureta Shokugyou de Sekai Saikyou,2016-02-06
154473,PREQUEL,112323,40507,ANIME,TV,Arifureta Shokugyou de Sekai Saikyou 2nd season,2022-01-13
154673,ALTERNATIVE,101915,37760,ANIME,OVA,Mecha-ude,2018-10-01
154673,ADAPTATION,167056,,MANGA,MANGA,Mecha-ude,2022-09-14
154673,CHARACTER,185682,60550,ANIME,MUSIC,VORTEX,2024-10-04
155502,PREQUEL,140642,50203,ANIME,TV,Love Live! Superstar!! 2nd Season,2022-07-17
155502,SIDE_STORY,183383,60062,ANIME,TV_SHORT,Love Live! Superstar!! Season 3 NHK E Tokubetsu Part,2024-10-06
155502,OTHER,204496,,ANIME,SPECIAL,Liella Taiga Drama Gyarabou: Heanna Eika no Yume Hanashi,2025-04-01
157965,SOURCE,114430,114066,MANGA,MANGA,Acro Trip,2017-02-03
162785,SOURCE,109047,121553,MANGA,MANGA,"Tsuma, Shougakusei ni Naru.",2018-04-27
163134,SOURCE,85737,74697,MANGA,NOVEL,Re:Zero kara Hajimeru Isekai Seikatsu,2014-01-24
163134,PREQUEL,119661,42203,ANIME,TV,Re:Zero kara Hajimeru Isekai Seikatsu 2nd Season Part 2,2021-01-06
163134,ALTERNATIVE,175172,167582,MANGA,MANGA,Re:Zero kara Hajimeru Isekai Seikatsu: Dai-5 Shou - Mizu no Machi to Eiyuu no Uta,2024-02-19
163134,SPIN_OFF,182417,60012,ANIME,ONA,Re:Zero kara Hajimeru Kyuukei Jikan (Break Time) 3rd Season,2024-10-03
163134,SEQUEL,189046,61316,ANIME,TV,Re:Zero kara Hajimeru Isekai Seikatsu 4th Season,2026-04-08
163135,SOURCE,134924,138915,MANGA,NOVEL,Maou 2099,2021-01-20
163135,ALTERNATIVE,141318,143426,MANGA,MANGA,Maou 2099,2021-11-04
163135,ALTERNATIVE,168382,162007,MANGA,MANGA,Maou 2099,2023-03-22
163135,ALTERNATIVE,168426,,MANGA,ONE_SHOT,Maou 2099,2021-01-18
163146,SOURCE,106130,114745,MANGA,MANGA,Blue Lock,2018-08-01
163146,PREQUEL,137822,49596,ANIME,TV,Blue Lock,2022-10-09
163146,SEQUEL,199404,62589,ANIME,TV,Blue Lock: NEO EGOIST LEAGUE,
164172,SOURCE,128160,134028,MANGA,MANGA,Amagami-san Chi no Enmusubi,2021-04-21
164299,SOURCE,122315,132531,MANGA,NOVEL,Yarinaoshi Reijou wa Ryuutei Heika wo Kouryaku-chuu,2020-03-01
164299,ALTERNATIVE,122316,130799,MANGA,MANGA,Yarinaoshi Reijou wa Ryuutei Heika wo Kouryaku-chuu,2020-07-27
165790,SOURCE,116401,125182,MANGA,MANGA,"Kekkon Suru tte, Hontou desu ka: 365 Days To The Wedding",2020-03-16
165790,CHARACTER,141208,50307,ANIME,TV,Tonikaku Kawaii Season 2,2023-04-08
165810,PREQUEL,140187,50099,ANIME,TV,Shin Tennis no Ouji-sama: U-17 WORLD CUP,2022-07-07
165810,SOURCE,42965,12965,MANGA,MANGA,Shin Tennis no Ouji-sama,2009-03-04
165810,SEQUEL,199068,62534,ANIME,TV,Shin Tennis no Ouji-sama: U-17 WORLD CUP Kesshou Member Ketteisen,2026-10-01
166611,PREQUEL,97983,34591,ANIME,TV,Natsume Yuujinchou Roku,2017-04-12
166611,SOURCE,31859,1859,MANGA,MANGA,Natsume Yuujinchou,2003-06-10
166611,SIDE_STORY,184762,60302,ANIME,SPECIAL,Natsume Yuujinchou Shichi: Nobashita Te wa,2025-04-23
166703,PARENT,80,80,ANIME,TV,Kidou Senshi Gundam,1979-04-07
167141,SOURCE,100858,82795,MANGA,NOVEL,Sword Art Online Alternative: Gun Gale Online,2014-12-10
167141,PREQUEL,100183,36475,ANIME,TV,Sword Art Online Alternative: Gun Gale Online,2018-04-08
168139,SOURCE,122780,161679,MANGA,NOVEL,Rekishi ni Nokoru Akujo ni Naruzo: Akuyaku Reijou ni Naru hodo Ouji no Dekiai wa Kasoku Suru you desu!,2019-08-15
168139,ALTERNATIVE,118721,126522,MANGA,MANGA,Rekishi ni Nokoru Akujo ni Naruzo: Akuyaku Reijou ni Naru hodo Ouji no Dekiai wa Kasoku Suru you desu!,2020-05-05
168500,SOURCE,124873,131092,MANGA,MANGA,"Maou-sama, Retry! R",2020-03-06
168500,PREQUEL,104252,38297,ANIME,TV,"Maou-sama, Retry!",2019-07-04
168500,ALTERNATIVE,102592,107782,MANGA,NOVEL,"Maou-sama, Retry!",2017-06-30
168537,SOURCE,37429,7429,MANGA,MANGA,Haigakura,2008-01-16
169098,ALTERNATIVE,166583,,MANGA,MANGA,Hamidashi Creative Adult Edition,2021-03-03
169258,SOURCE,138883,141087,MANGA,MANGA,Ao no Miburo,2021-10-13
169258,SEQUEL,189258,61333,ANIME,TV,Ao no Miburo: Serizawa Ansatsu-hen,2025-12-20
169315,SOURCE,126056,132071,MANGA,MANGA,Trillion Game,2020-12-11
169755,SOURCE,30012,12,MANGA,MANGA,BLEACH,2001-08-07
169755,PREQUEL,159322,53998,ANIME,TV,BLEACH: Sennen Kessen-hen - Ketsubetsu-tan,2023-07-08
169755,OTHER,182561,60048,ANIME,SPECIAL,BLEACH 20th PV,2024-10-05
169755,SEQUEL,185874,60636,ANIME,TV,BLEACH: Sennen Kessen-hen - Kashin-tan,2026-07-25
169755,OTHER,196193,60447,ANIME,MUSIC,MONOCHROME,2024-10-12
169931,SOURCE,138928,142799,MANGA,MANGA,Goukon ni Ittara Onna ga Inakatta Hanashi,2020-03-21
170083,PREQUEL,813,813,ANIME,TV,Dragon Ball Z,1989-04-26
170083,SEQUEL,21175,30694,ANIME,TV,Dragon Ball Super,2015-07-05
170083,PREQUEL,20635,22777,ANIME,TV,Dragon Ball Kai (2014),2014-04-06
170083,SEQUEL,14837,14837,ANIME,MOVIE,Dragon Ball Z: Kami to Kami,2013-03-30
170468,SOURCE,99897,109229,MANGA,MANGA,Raise wa Tanin ga Ii,2017-08-25
170468,OTHER,183391,,ANIME,MUSIC,Nani Warotonnen,2024-10-21
170732,SOURCE,85162,56743,MANGA,NOVEL,Dungeon ni Deai wo Motomeru no wa Machigatteiru Darou ka,2013-01-15
170732,PREQUEL,155211,53111,ANIME,TV,Dungeon ni Deai wo Motomeru no wa Machigatteiru Darou ka IV: Shin Shou Yakusai-hen,2023-01-05
170732,SEQUEL,207385,63442,ANIME,TV,Dungeon ni Deai wo Motomeru no wa Machigatteiru Darou ka VI,
170893,PREQUEL,159074,56425,ANIME,TV_SHORT,Houkago Shounen Hanako-kun,2023-10-11
170893,SOURCE,109455,121209,MANGA,MANGA,Houkago Shounen Hanako-kun,2018-02-22
170942,SOURCE,132182,135545,MANGA,MANGA,Ao no Hako,2021-04-12
170942,OTHER,184816,60356,ANIME,MUSIC,Teenage Blue,2024-11-22
170942,SEQUEL,189123,61323,ANIME,TV,Ao no Hako Season 2,2026-10-04
171018,SOURCE,132029,135496,MANGA,MANGA,Dandadan,2021-04-06
171018,CHARACTER,185586,60461,ANIME,MUSIC,TAIDADA,2024-12-05
171018,SEQUEL,185660,60543,ANIME,TV,Dandadan 2nd Season,2025-07-04
171025,SOURCE,140482,142224,MANGA,MANGA,Kabushiki Gaisha Magi Lumiere,2021-10-20
171025,SEQUEL,185692,60552,ANIME,TV,Kabushiki Gaisha Magi Lumiere 2nd Season,2026-07-05
171038,SOURCE,112234,122110,MANGA,MANGA,Hoshi Furu Oukoku no Nina,2019-10-01
171109,CHARACTER,206877,,ANIME,MUSIC,Monotone,2024-10-01
171400,SOURCE,146783,154728,MANGA,MANGA,Puniru wa Kawaii Slime,2022-03-14
171400,SEQUEL,185755,60603,ANIME,TV,Puniru wa Kawaii Slime 2nd Season,2025-07-06
171545,SOURCE,96113,93416,MANGA,MANGA,Youkai Gakkou no Sensei Hajimemashita!,2014-11-18
171637,SOURCE,30022,22,MANGA,MANGA,Rurouni Kenshin: Meiji Kenkaku Romantan,1994-04-05
171637,PREQUEL,142877,50613,ANIME,TV,Rurouni Kenshin: Meiji Kenkaku Romantan (2023),2023-07-07
171637,SEQUEL,188665,61292,ANIME,TV,Rurouni Kenshin: Meiji Kenkaku Romantan 3rd Season,
171642,SOURCE,100238,107908,MANGA,MANGA,MF Ghost,2017-09-04
171642,PREQUEL,143327,50695,ANIME,TV,MF Ghost,2023-10-02
171642,SEQUEL,185753,60602,ANIME,ONA,MF Ghost 3rd Season,2026-01-01
171689,SOURCE,51389,21389,MANGA,MANGA,Hyakushou Kizoku,2006-12-28
171689,PREQUEL,169511,56743,ANIME,OVA,Hyakushou Kizoku OVA,2023-12-20
171689,SEQUEL,185716,60595,ANIME,OVA,Hyakushou Kizoku 2nd Season OVA,2025-04-23
172190,SOURCE,121700,127941,MANGA,MANGA,Kimi wa Meido-sama.,2020-06-28
172199,PREQUEL,162984,54798,ANIME,TV,Kamierabi GOD.app,2023-10-05
172355,SOURCE,124895,130392,MANGA,MANGA,Kamonohashi Ron no Kindan Suiri,2020-10-11
172355,PREQUEL,158926,53879,ANIME,TV,Kamonohashi Ron no Kindan Suiri,2023-10-02
173174,PARENT,163571,54959,ANIME,TV,BanG Dream! It's MyGO!!!!!,2023-06-29
173174,SEQUEL,182241,,ANIME,MOVIE,"BanG Dream! It's MyGO!!!!!: Utau, Bokura ni Nareru Uta & FILM LIVE",2024-11-08
173263,SOURCE,65591,35591,MANGA,MANGA,Touhai,2006-07-01
173693,SOURCE,107541,118108,MANGA,NOVEL,Hitoribocchi no Isekai Kouryaku,2018-01-25
173693,ALTERNATIVE,107540,118251,MANGA,MANGA,Hitoribocchi no Isekai Kouryaku,2019-01-25
173693,SEQUEL,213872,64551,ANIME,TV,Hitoribocchi no Isekai Kouryaku 2nd Season,
173884,SEQUEL,185260,60411,ANIME,MOVIE,PUI PUI Molcar the Movie MOLMAX (Zoku-hen),
173884,PREQUEL,150188,51986,ANIME,TV_SHORT,PUI PUI Molcar: DRIVING SCHOOL,2022-10-08
174043,SOURCE,127995,,MANGA,NOVEL,"Party kara Tsuihou sareta Sono Chiyushi, Jitsu wa Saikyou ni Tsuki",2019-01-29
174043,ALTERNATIVE,127752,131780,MANGA,MANGA,"Party kara Tsuihou sareta Sono Chiyushi, Jitsu wa Saikyou ni Tsuki",2020-02-28
174390,SOURCE,140331,166537,MANGA,MANGA,Tono to Inu,2021-10-14
174913,SIDE_STORY,131367,41734,ANIME,MOVIE,Jintai no Survival!,2020-07-31
174913,SIDE_STORY,132444,49369,ANIME,MOVIE,Shinkai no Survival!,2021-08-13
174913,SEQUEL,186736,60983,ANIME,TV,Kagaku×Bouken Survival! 2nd Season,2025-10-04
175019,SOURCE,128841,131030,MANGA,NOVEL,Nageki no Bourei wa Intai Shitai: Saijiyaku Hunter ni Yoru Saikiyou Party Ikusei Jutsu,2018-08-30
175019,ALTERNATIVE,125579,122058,MANGA,MANGA,Nageki no Bourei wa Intai shitai: Saijaku Hunter ni Yoru Saikyou Party Ikuseijutsu,2019-04-27
175019,SEQUEL,185801,60619,ANIME,ONA,Nageki no Bourei wa Intai Shitai 2,2025-10-04
175137,PREQUEL,160088,54198,ANIME,ONA,Yoru wa Neko to Issho Season 2,2023-03-08
175137,SOURCE,132604,142014,MANGA,MANGA,Yoru wa Neko to Issho,2019-12-23
175138,PARENT,1199,1199,ANIME,TV,Nintama Rantarou,1993-04-10
175138,ALTERNATIVE,179809,,MANGA,NOVEL,"Shousetsu: Nintama Rantarou, Dokutake Ninja-tai Saikyоu no Gunshi",2013-06-28
175473,PREQUEL,163256,54762,ANIME,TV,Duel Masters WIN: Duel Wars,2023-04-02
175473,SOURCE,181784,168772,MANGA,MANGA,Duel Masters LOST: Tsuioku no Suishou	,2024-02-01
175473,SEQUEL,187507,59458,ANIME,ONA,Duel Masters LOST: Gekka no Shinigami,2024-12-21
175533,PREQUEL,162889,54758,ANIME,TV,The iDOLM@STER: Shiny Colors,2024-04-05
175533,SIDE_STORY,185612,60045,ANIME,OVA,The iDOLM@STER: Shiny Colors 2nd season - SHHis,2025-03-28
176053,ALTERNATIVE,87415,95309,MANGA,MANGA,"Sayounara Ryuusei, Konnichiwa Jinsei",2015-12-22
176053,SOURCE,86337,95439,MANGA,NOVEL,Sayonara Ryuusei Konnichiwa Jinsei,2013-01-20
176191,SOURCE,169433,163337,MANGA,MANGA,Neko ni Tensei Shita Oji-san.,2023-02-05
176245,ADAPTATION,182775,179177,MANGA,MANGA,Ganbatte Ikimasshoi,2024-09-27
176292,PREQUEL,148862,51794,ANIME,TV,Nanatsu no Taizai: Mokushiroku no Yonkishi,2023-10-08
176292,SOURCE,129117,128691,MANGA,MANGA,Mokushiroku no Yonkishi,2021-01-27
176311,PREQUEL,158931,53889,ANIME,TV,Ao no Exorcist: Shimane Illuminati-hen,2024-01-07
176311,SOURCE,43492,13492,MANGA,MANGA,Ao no Exorcist,2009-04-01
176311,SEQUEL,185880,59226,ANIME,TV,Ao no Exorcist: Yosuga-hen,2025-01-05
176369,PREQUEL,163151,54869,ANIME,TV,HIGH CARD season 2,2024-01-08
176470,SOURCE,108946,121303,MANGA,MANGA,30-sai made Doutei da to Mahou Tsukai ni Nareru Rashii,2018-01-26
176470,PARENT,167087,55973,ANIME,TV,30-sai made Doutei da to Mahou Tsukai ni Nareru Rashii,2024-01-11
176508,PREQUEL,151970,52347,ANIME,TV,Shangri-La Frontier,2023-10-01
176508,SOURCE,122063,130331,MANGA,MANGA,"Shangri-La Frontier: Kusoge Hunter, Kami ge ni Idoman to su",2020-07-15
176508,SEQUEL,189323,61338,ANIME,TV,Shangri-La Frontier 3rd Season,2027-01-10
177104,ALTERNATIVE,123463,131278,MANGA,MANGA,Saikyou no Shien-shoku [Wajutsushi] Dearu Ore wa Sekai Saikyou Clan wo Shitagaeru,2020-06-12
177104,SOURCE,125252,133751,MANGA,NOVEL,Saikyou no Shien-shoku [Wajutsushi] Dearu Ore wa Sekai Saikyou Clan wo Shitagaeru,2020-06-25
177581,SOURCE,75461,45461,MANGA,MANGA,Kinokoinu,2010-08-19
177603,SIDE_STORY,193295,61261,ANIME,ONA,Okaimono Panda! (ONA),2024-12-20
178084,PARENT,178083,59088,ANIME,TV,Tokyo Revengers: Santen Sensou-hen,2026-10-03
178395,PREQUEL,173249,58463,ANIME,TV_SHORT,Kumarba,2024-04-06
178395,SEQUEL,206950,63383,ANIME,TV_SHORT,Kumarba Season 3,2026-04-12
178434,PREQUEL,164702,55265,ANIME,TV,"Tensei Kizoku, Kantei Skill de Nariagaru",2024-04-07
178434,SOURCE,125198,134946,MANGA,NOVEL,"Tensei Kizoku Kantei Skill de Nariagaru: Jakushou Ryouchi wo Uketsuidanode, Yuushuuna Jinzai wo Fuyashite Itara, Saikyou Ryouchi ni Natteta",2020-06-30
178434,ALTERNATIVE,121753,127781,MANGA,MANGA,"Tensei Kizoku Kantei Skill de Nariagaru: Jakushou Ryouchi wo Uketsuidanode, Yuushuuna Jinzai wo Fuyashite Itara, Saikyou Ryouchi ni Natteta",2020-06-26
178434,SEQUEL,185756,60601,ANIME,TV,"Tensei Kizoku, Kantei Skill de Nariagaru 3rd Season",2026-09-27
178436,SOURCE,30044,44,MANGA,MANGA,Gintama,2003-12-08
178436,PARENT,15417,15417,ANIME,TV,Gintama': Enchousen,2012-10-04
178533,SOURCE,30023,23,MANGA,MANGA,Ranma 1/2,1987-08-05
178533,ALTERNATIVE,149939,,ANIME,TV,Ranma 1/2: Nettou-hen,1989-10-20
178533,ALTERNATIVE,210,210,ANIME,TV,Ranma 1/2,1989-04-15
178533,OTHER,183390,60148,ANIME,MUSIC,Anta Nante.,2024-10-19
178533,SEQUEL,185731,60564,ANIME,TV,Ranma 1/2 (2024) 2nd Season,2025-10-05
178729,PREQUEL,164440,55194,ANIME,TV,Ooi! Tonbo,2024-04-06
178729,SOURCE,164572,158508,MANGA,MANGA,Ooi! Tonbo,2014-08-08
178774,SOURCE,99779,110074,MANGA,MANGA,Fuuto Tantei,2017-08-07
178774,PREQUEL,131912,48649,ANIME,ONA,Fuuto Tantei,2022-08-01
178782,PARENT,151513,52214,ANIME,TV,Genjitsu no Yohane: SUNSHINE in the MIRROR,2023-06-25
179126,SOURCE,98175,103314,MANGA,MANGA,Elf-san wa Yaserarenai.,2016-12-21
179126,PARENT,173388,57845,ANIME,TV_SHORT,Elf-san wa Yaserarenai.,2024-07-07
179126,OTHER,189834,60163,ANIME,ONA,Naoe-kun wa Yasesasetai. (ONA),2024-10-06
179292,PREQUEL,155526,52935,ANIME,TV_SHORT,Punirunes,2022-10-02
179292,SEQUEL,188653,61290,ANIME,TV_SHORT,Punirunes Puni 3,2025-07-05
180599,PREQUEL,21704,32664,ANIME,TV_SHORT,Bananya,2016-07-04
180599,SEQUEL,213750,64519,ANIME,SPECIAL,Bananya: At-Home Party,2026-07-10
180804,ALTERNATIVE,5231,5231,ANIME,TV,Inazuma Eleven,2008-10-05
180804,OTHER,180806,59710,ANIME,MOVIE,Inazuma Eleven: Aratanaru Eiyuutachi no Joshou,2024-12-27
180806,OTHER,180804,59709,ANIME,MOVIE,Inazuma Eleven: Soushuuhen - Densetsu no Kickoff,2024-12-27
180923,SEQUEL,182877,60094,ANIME,TV_SHORT,Kankin Kuiki Level X 2nd Season,2025-02-22
180923,ALTERNATIVE,122113,129910,MANGA,MANGA,Kankin Kuiki Level X,2020-07-10
180923,SOURCE,210318,,MANGA,MANGA,Kankin Kuiki Level X,2022-05-26
181835,PREQUEL,176577,58447,ANIME,TV_SHORT,SHIBUYA♡HACHI,2024-04-06
181835,SEQUEL,185715,60612,ANIME,TV_SHORT,SHIBUYA♡HACHI Part 3,2025-04-05
182157,PREQUEL,170220,55948,ANIME,TV_SHORT,Sylvanian Families: Freya no Go for Dream!,2023-07-06
182157,SEQUEL,198921,62504,ANIME,TV_SHORT,Sylvanian Families: Freya no Wonder Days,2025-10-02
182241,PREQUEL,173174,57754,ANIME,MOVIE,"BanG Dream! It's MyGO!!!!!: Haru no Hidamari, Mayoi Neko",2024-09-27
182241,PARENT,163571,54959,ANIME,TV,BanG Dream! It's MyGO!!!!!,2023-06-29
182417,PREQUEL,128306,,ANIME,ONA,Re:Zero kara Hajimeru Kyuukei Jikan (Break Time) 2nd Season Part 2,2021-01-08
182417,PARENT,163134,54857,ANIME,TV,Re:Zero kara Hajimeru Isekai Seikatsu 3rd Season,2024-10-02
182417,SEQUEL,210687,63830,ANIME,ONA,Re:Zero kara Hajimeru Kyuukei Jikan (Break Time) 4th Season,2026-04-08
182434,PREQUEL,150909,52162,ANIME,TV,5-Oku-nen Button,2022-07-15
182434,SOURCE,110231,,MANGA,MANGA,Minna no Tonio-chan,1999
182469,SOURCE,128291,110830,MANGA,NOVEL,ONE PIECE novel Mugiwara Stories,2017-07-07
182469,PARENT,21,21,ANIME,TV,ONE PIECE,1999-10-20
182469,SEQUEL,183423,60108,ANIME,TV,ONE PIECE: Gyojin Tou-hen,2024-11-03
183383,PREQUEL,152633,52745,ANIME,TV_SHORT,Liella no Uta 2,2022-07-17
183383,PARENT,155502,53287,ANIME,TV,Love Live! Superstar!! 3rd Season,2024-10-06
183383,SEQUEL,204496,,ANIME,SPECIAL,Liella Taiga Drama Gyarabou: Heanna Eika no Yume Hanashi,2025-04-01
183423,SOURCE,30013,13,MANGA,MANGA,ONE PIECE,1997-07-22
183423,PARENT,21,21,ANIME,TV,ONE PIECE,1999-10-20
183423,PREQUEL,182469,60022,ANIME,SPECIAL,ONE PIECE FAN LETTER,2024-10-20
183471,PREQUEL,161632,54535,ANIME,ONA,KUROMI'S PRETTY JOURNEY,2023-02-17
183473,PREQUEL,183472,56623,ANIME,ONA,Nui Story,2023-10-07
183651,PARENT,80,80,ANIME,TV,Kidou Senshi Gundam,1979-04-07
184288,CHARACTER,172439,57648,ANIME,TV,Nihon e Youkoso Elf-san.,2025-01-10
184694,SEQUEL,176496,58567,ANIME,TV,Ore dake Level Up na Ken: Season 2 - Arise from the Shadow,2025-01-05
184694,PARENT,151807,52299,ANIME,TV,Ore dake Level Up na Ken,2024-01-07
184694,SOURCE,105398,121496,MANGA,MANGA,Na Honjaman Level Up,2018-03-04
184998,PREQUEL,178421,59049,ANIME,TV_SHORT,Maarui Kanojo to Zannen na Kareshi,2024-06-08
184998,SOURCE,147656,,MANGA,MANGA,Marui Kanojo to Zannen na Kareshi,2022-04-22
185538,PARENT,3550,3550,ANIME,TV,Midori no Makibao,1996-03-09
185538,SEQUEL,199931,62662,ANIME,ONA,Dokodemo Makibao: World Tour,2025-10-08
185541,PREQUEL,117096,41558,ANIME,ONA,Asatir: Mirai no Mukashibanashi,2020-04-04
185793,PARENT,176635,58602,ANIME,TV_SHORT,YouTuNya 2,2024-04-02
188548,PREQUEL,179408,58944,ANIME,TV_SHORT,JOCHUM,2024-07-13
188548,SEQUEL,198413,62231,ANIME,TV_SHORT,JOCHUM Season 2,2025-10-04
189834,PREQUEL,179212,59290,ANIME,TV_SHORT,Naoe-kun wa Yasesasetai.,2024-07-07
189834,OTHER,179126,59820,ANIME,ONA,Elf-san wa Yaserarenai. Specials,2024-10-06
193295,PARENT,177603,58827,ANIME,TV_SHORT,Okaimono Panda!,2024-11-06
202422,PREQUEL,179873,57883,ANIME,ONA,Monster Strike Anime: Masamune - Shimei no Akaki Yaiba,2023-12-29
207031,OTHER,186084,60617,ANIME,MUSIC,Sayonara End Roll,2024-12-24
207031,CHARACTER,213509,,ANIME,ONA,Underdog Short Animations,2025-12-12
213458,SEQUEL,213459,61792,ANIME,TV_SHORT,Sorotani no Keibacchi Season 2,2025-05-21
136381,PARENT,124153,42923,ANIME,TV,SK∞,2021-01-10
145740,PREQUEL,120892,42392,ANIME,MOVIE,Grisaia: Phantom Trigger THE ANIMATION - Stargazer,2020-11-27
154064,ADAPTATION,195122,183590,MANGA,MANGA,MAKE A GIRL,2025-02-14
154392,SOURCE,30660,660,MANGA,MANGA,Versailles no Bara,1972-05-21
154392,PARENT,338,338,ANIME,TV,Versailles no Bara,1979-10-10
162722,PREQUEL,21506,31884,ANIME,TV,Mahoutsukai Precure!,2016-02-07
162921,PREQUEL,21115,30382,ANIME,TV,Aquarion Logos,2015-07-03
165171,SOURCE,118371,129621,MANGA,MANGA,Medalist,2020-05-25
165171,SEQUEL,189275,61335,ANIME,TV,Medalist 2nd Season,2026-01-25
166699,SOURCE,114638,131022,MANGA,MANGA,Okinawa de Suki ni Natta Ko ga Hougen Sugite Tsura Sugiru,2020-01-10
167143,SOURCE,131902,138202,MANGA,NOVEL,"Guild no Uketsukejou desu ga, Zangyou wa Iya nanode Boss wo Solo Tobatsu Shiyou to Omoimasu",2021-03-10
167143,ALTERNATIVE,134709,138203,MANGA,MANGA,"Guild no Uketsukejou desu ga, Zangyou wa Iya nanode Boss wo Solo Tobatsu Shiyou to Omoimasu",2021-06-28
167742,PREQUEL,154969,53132,ANIME,TV,UniteUp!,2023-01-07
169295,PREQUEL,163571,54959,ANIME,TV,BanG Dream! It's MyGO!!!!!,2023-06-29
169295,ADAPTATION,186012,178397,MANGA,MANGA,BanG Dream! Ave Mujica -manuscriptus-,2025-01-10
169295,SEQUEL,189121,61324,ANIME,TV,BanG Dream! It's MyGO!!!!! / Ave Mujica (Zoku-hen),2027-01
169295,CHARACTER,192650,61160,ANIME,MUSIC,Imprisoned XII,2025-03-07
169295,SEQUEL,197543,62270,ANIME,MOVIE,BanG Dream! Ave Mujica: prima aurora,2026-10-16
169441,ALTERNATIVE,106531,118232,MANGA,MANGA,Watashi no Shiawase na Kekkon,2018-12-20
169441,SOURCE,125444,138148,MANGA,NOVEL,Watashi no Shiawase na Kekkon,2019-01-15
169441,PREQUEL,167486,55889,ANIME,OVA,Watashi no Shiawase na Katachi,2024-03-15
169441,SEQUEL,190054,61440,ANIME,SPECIAL,Watashi no Shiawase na Kekkon Tokubetsu-hen,2026-10-25
170650,SOURCE,124127,128001,MANGA,NOVEL,Kisaki Kyouiku kara Nigetai Watashi,2019-04-26
170650,ALTERNATIVE,120643,132562,MANGA,MANGA,Kisaki Kyouiku kara Nigetai Watashi,2020-03-25
170892,PREQUEL,108463,39534,ANIME,TV,Jibaku Shounen Hanako-kun,2020-01-10
170892,SOURCE,98842,105084,MANGA,MANGA,Jibaku Shounen Hanako-kun,2014-06-18
170892,SEQUEL,189326,61339,ANIME,TV,Jibaku Shounen Hanako-kun 2 Part 2,2025-07-06
170916,ALTERNATIVE,120626,128582,MANGA,MANGA,Mahoutsukai no Yakusoku,2020-05-28
170916,ALTERNATIVE,187652,188370,MANGA,MANGA,Mahoutsukai no Yakusoku COMIC,2024-04-26
172019,SOURCE,98416,103897,MANGA,MANGA,Dr. STONE,2017-03-06
172019,PREQUEL,162670,55644,ANIME,TV,Dr. STONE: NEW WORLD Part 2,2023-10-12
172019,SEQUEL,189117,61322,ANIME,TV,Dr. STONE: SCIENCE FUTURE Part 2,2025-07-10
172258,SOURCE,114416,123681,MANGA,MANGA,Kimi no Koto ga Dai Dai Dai Dai Daisuki na 100-nin no Kanojo,2019-12-26
172258,PREQUEL,162694,54714,ANIME,TV,Kimi no Koto ga Dai Dai Dai Dai Daisuki na 100-nin no Kanojo,2023-10-08
172258,SEQUEL,200637,62811,ANIME,TV,Kimi no Koto ga Dai Dai Dai Dai Daisuki na 100-nin no Kanojo 3rd Season,2026-07-05
172439,SOURCE,106663,117446,MANGA,NOVEL,Nihon e Youkoso Elf-san.,2018-08-25
172439,ALTERNATIVE,106662,119084,MANGA,MANGA,Nihon e Youkoso Elf-san.,2018-12-21
172439,CHARACTER,184288,60295,ANIME,ONA,Kazuhiho to Marie no Youkoso Kitchen.,2024-11-14
172453,SOURCE,117903,125325,MANGA,MANGA,Akuyaku Reijou Tensei Oji-san,2020-03-16
173333,OTHER,3837,3837,ANIME,TV,Mashin Eiyuuden Wataru,1988-04-15
174596,ALTERNATIVE,140700,50209,ANIME,SPECIAL,Sora-iro Utility,2021-12-31
174596,CHARACTER,189893,60984,ANIME,ONA,Sora-iro Utility × BIRDIE WING: Golf Girls' Story Mini Anime,2025-02-12
174654,SOURCE,127143,132161,MANGA,MANGA,NEET de Otaku na Kunoichi to Naze ka Dousei Hajimemashita,2020-02-21
174654,SIDE_STORY,185992,61271,ANIME,ONA,NEET Kunoichi to Naze ka Dousei Hajimemashita OVAs,2025-03-29
175198,SOURCE,30070,70,MANGA,MANGA,Übel Blatt,2004-12-03
175409,SOURCE,125855,132739,MANGA,MANGA,"Douse, Koishite Shimaunda.",2020-11-02
175409,SEQUEL,189137,61325,ANIME,TV,"Douse, Koishite Shimaunda. Season 2",2026-01-09
175422,SOURCE,137896,140949,MANGA,MANGA,Baban Baban Ban Vampire,2021-10-12
175443,SOURCE,96767,96145,MANGA,MANGA,Honey Lemon Soda,2015-12-28
176063,ALTERNATIVE,136853,143025,MANGA,MANGA,"Botsuraku Yotei no Kizoku dakedo, Hima Datta kara Mahou wo Kiwamete mita @COMIC",2020-02-03
176063,SOURCE,138706,166354,MANGA,NOVEL,"Botsuraku Yotei no Kizoku dakedo, Hima Datta kara Mahou wo Kiwamete mita",2020-02-10
176158,ALTERNATIVE,103034,113194,MANGA,MANGA,"S-Rank Monster no ""Behemoth"" Dakedo, Neko to Machigawarete Elf Musume no Pet to Shite Kurashitemasu",2018-03-02
176158,SOURCE,104474,114895,MANGA,NOVEL,"S-Rank Monster no ""Behemoth"" Dakedo, Neko to Machigawarete Elf Musume no Pet to Shite Kurashitemasu",2017-08-19
176234,SOURCE,131745,137865,MANGA,NOVEL,Ishura,2019-09-10
176234,PREQUEL,161476,54449,ANIME,TV,Ishura,2024-01-03
176234,ALTERNATIVE,130769,137799,MANGA,MANGA,Ishura: Shin Maou Sensou,2021-03-05
176301,SOURCE,99026,86769,MANGA,NOVEL,Kusuriya no Hitorigoto,2014-08-29
176301,PREQUEL,161645,54492,ANIME,TV,Kusuriya no Hitorigoto,2023-10-22
176301,SIDE_STORY,186148,60749,ANIME,ONA,Maomao no Hitorigoto 2nd Season,2025-01-13
176301,SEQUEL,195516,61987,ANIME,TV,Kusuriya no Hitorigoto 3rd Season,2026-10-02
176432,PREQUEL,138522,,ANIME,TV,Thunderbolt Fantasy: Touriken Yuuki 4,2024-10-05
176496,SOURCE,105398,121496,MANGA,MANGA,Na Honjaman Level Up,2018-03-04
176496,PREQUEL,151807,52299,ANIME,TV,Ore dake Level Up na Ken,2024-01-07
176496,PREQUEL,184694,59841,ANIME,MOVIE,Ore dake Level Up na Ken: ReAwakening,2024-11-29
176496,SEQUEL,213846,64546,ANIME,MOVIE,Ore dake Level Up na Ken: Beyond the System,
176642,ALTERNATIVE,101121,105715,MANGA,MANGA,Ameku Takao no Suiri Karte,2016-04-21
176642,ALTERNATIVE,185658,,MANGA,MANGA,Ameku Takao no Suiri Karute: Sphere no Shitenshi,2024-09-06
177159,CHARACTER,186075,,MANGA,MANGA,Momentary Lily: Sotsugyou Made ni Shitai 100 no Koto,2024-09-03
177159,SEQUEL,189160,61334,ANIME,SPECIAL,"Momentary Lily: Tsuzuite iku Kappou, Kappou!",2025-03-28
177506,SOURCE,119704,,MANGA,NOVEL,Izure Saikyou no Renkinjutsushi?,2017-08-06
177506,ALTERNATIVE,119690,140917,MANGA,MANGA,Izure Saikyou no Renkinjutsushi?,2018-08-17
177506,SEQUEL,198692,62469,ANIME,TV,Izure Saikyou no Renkinjutsushi? 2nd Season,
177552,SOURCE,134369,136979,MANGA,MANGA,Kuroiwa Medaka ni Watashi no Kawaii ga Tsuujinai,2021-05-26
177552,SEQUEL,188892,61304,ANIME,TV,Kuroiwa Medaka ni Watashi no Kawaii ga Tsuujinai 2nd Season,2027-01
177709,SOURCE,125828,131334,MANGA,MANGA,SAKAMOTO DAYS,2020-11-21
177709,SEQUEL,184237,60285,ANIME,ONA,SAKAMOTO DAYS Part 2,2025-07-15
177778,PREQUEL,100248,36517,ANIME,MOVIE,Ninja Batman,2018-04-24
177778,CHARACTER,4094,4094,ANIME,OVA,Batman: Gotham Knight,2008-07-08
177778,CHARACTER,166710,55848,ANIME,TV,Isekai Suicide Squad,2024-06-27
177778,CHARACTER,214372,,MANGA,MANGA,Machibura JOKER - Discover The Next Gotham,2026-07-02
178022,SOURCE,135827,137924,MANGA,MANGA,"Hana wa Saku, Shura no Gotoku",2021-06-18
178100,ALTERNATIVE,147551,,MANGA,NOVEL,"Hazure Skill ""Kinomi Master"": Skill no Mi (Tabetara Shinu) wo Mugen ni Taberareru You ni Natta Ken Nitsuite",2022-05-02
178100,ALTERNATIVE,138104,141253,MANGA,MANGA,Hazure Skill «Kinomi Master»: Skill no Mi (Tabetara Shinu) wo Mugen ni Taberareru You ni Natta Ken ni Tsuite,2021-07-06
178462,SOURCE,132233,135688,MANGA,NOVEL,Class no Daikirai na Joshi to Kekkon Suru Koto ni Natta.,2020-12-25
178462,ALTERNATIVE,134166,137004,MANGA,MANGA,Class no Daikirai na Joshi to Kekkon Suru Koto ni Natta.,2021-05-14
178548,SOURCE,126051,140729,MANGA,NOVEL,Fuguushoku [Kanteishi] ga Jitsuwa Saikyou datta: Naraku de Kitaeta Saikyou no [Shingan] de Musou Suru,2020-09-30
178548,ALTERNATIVE,122180,128555,MANGA,MANGA,Fuguushoku [Kanteishi] ga Jitsuwa Saikyou datta: Naraku de Kitaeta Saikyou no [Shingan] de Musou Suru,2020-07-29
178550,PREQUEL,158709,53835,ANIME,TV,Unnamed Memory,2024-04-09
178550,SOURCE,120040,133757,MANGA,NOVEL,Unnamed Memory,2019-01-17
178550,ALTERNATIVE,120039,130524,MANGA,MANGA,Unnamed Memory,2020-09-26
179297,SOURCE,155781,157506,MANGA,NOVEL,Magic Maker: Isekai Mahou no Tsukurikata,2020-05-25
179297,ALTERNATIVE,155780,157056,MANGA,MANGA,Magic Maker: Isekai Mahou no Tsukurikata,2021-12-09
179689,SOURCE,118606,124995,MANGA,MANGA,Salaryman ga Isekai ni Ittara Shitennou ni Natta Hanashi,2019-12-27
179696,SOURCE,116333,118819,MANGA,MANGA,Kono Kaisha ni Suki na Hito ga Imasu,2019-03-07
179838,PREQUEL,101046,37036,ANIME,TV,Binan Koukou Chikyuu Bouei-bu HAPPY KISS!,2018-04-09
179852,PREQUEL,151117,52107,ANIME,MOVIE,Mononoke: Karakasa,2024-07-26
179852,SEQUEL,179874,61202,ANIME,MOVIE,Mononoke: Hebigami,2026-05-29
179878,CHARACTER,139675,49939,ANIME,ONA,Puchi Seka,2022-01-13
179878,CHARACTER,142582,143204,MANGA,MANGA,Project Sekai Colorful Stage! feat. Hatsune Miku Comic Anthology,2021-11-25
179878,CHARACTER,170505,56830,ANIME,ONA,Journey to Bloom,2023-09-30
179878,CHARACTER,186850,,MANGA,MANGA,Sekai no 4-koma,2020-09-30
179878,OTHER,207886,62843,ANIME,SPECIAL,Run Run Lantern,2025-10-19
179998,SOURCE,120760,127907,MANGA,MANGA,Kaijuu 8-gou,2020-07-03
179998,PARENT,153288,52588,ANIME,TV,Kaijuu 8-gou,2024-04-13
179998,SEQUEL,178754,59177,ANIME,TV,Kaijuu 8-gou 2nd Season,2025-07-19
179998,SIDE_STORY,179999,59490,ANIME,SPECIAL,Kaijuu 8-gou: Hoshina no Kyuujitsu,2025-03-28
179999,SOURCE,120760,127907,MANGA,MANGA,Kaijuu 8-gou,2020-07-03
179999,PARENT,153288,52588,ANIME,TV,Kaijuu 8-gou,2024-04-13
179999,PARENT,179998,59489,ANIME,MOVIE,Kaijuu 8-gou Movie,2025-03-28
179999,ADAPTATION,198530,186566,MANGA,ONE_SHOT,"Kaijuu 8-gou Tokubetsu-hen: ""Hoshina no Kyuujitsu""",2025-09-05
179999,OTHER,204431,63138,ANIME,SPECIAL,Kaijuu 8-gou: Narumi no Heijitsu,2026-09-05
180052,SOURCE,126057,133283,MANGA,MANGA,Sentai Red: Isekai de Boukensha ni Naru,2020-09-12
180292,ALTERNATIVE,126273,147199,MANGA,MANGA,Arafou Otoko no Isekai Tsuuhan Seikatsu,2019-04-18
180292,SOURCE,126272,,MANGA,NOVEL,Arafou Otoko no Isekai Tsuuhan Seikatsu,2018-07-31
180812,SOURCE,139034,173830,MANGA,NOVEL,"A-Rank Party wo Ridatsu Shita Ore wa, Moto Oshiegotachi to Meikyuu Shinbu wo Mezasu.",2021-06-02
180812,ALTERNATIVE,139031,138373,MANGA,MANGA,"A-Rank Party wo Ridatsu Shita Ore wa, Moto Oshiegotachi to Meikyuu Shinbu wo Mezasu.",2021-06-25
180812,SEQUEL,195210,61925,ANIME,TV,"A-Rank Party wo Ridatsu Shita Ore wa, Moto Oshiegotachi to Meikyuu Shinbu wo Mezasu. 2nd Season",
181440,PREQUEL,20853,27655,ANIME,TV,Aldnoah.Zero Part 2,2015-01-11
181440,PREQUEL,185714,60666,ANIME,MOVIE,Aldnoah.Zero (Re+),2025-02-28
181886,PREQUEL,162796,54730,ANIME,TV,Kinnikuman: Kanpeki Choujin Shiso-hen,2024-07-07
181886,SOURCE,32845,2845,MANGA,MANGA,Kinnikuman,1979-05-15
181886,SEQUEL,196893,62206,ANIME,TV,Kinnikuman: Kanpeki Choujin Shiso-hen Season 3,
182158,SOURCE,118570,137982,MANGA,MANGA,Senpai wa Otokonoko,2019-12-07
182158,PREQUEL,163133,54855,ANIME,TV,Senpai wa Otokonoko,2024-07-05
182333,PARENT,8687,8687,ANIME,TV,Doraemon (2005),2005-04-15
182877,PREQUEL,180923,59505,ANIME,TV_SHORT,Kankin Kuiki Level X,2024-09-07
182877,ALTERNATIVE,122113,129910,MANGA,MANGA,Kankin Kuiki Level X,2020-07-10
182877,SOURCE,210318,,MANGA,MANGA,Kankin Kuiki Level X,2022-05-26
182920,PREQUEL,165681,54143,ANIME,TV,Cardfight!! Vanguard: Divinez Season 2,2024-07-06
182920,CHARACTER,163571,54959,ANIME,TV,BanG Dream! It's MyGO!!!!!,2023-06-29
182920,SEQUEL,191994,54145,ANIME,TV,Cardfight!! Vanguard: Divinez - Deluxe Kesshou-hen,2025-07-05
183412,PARENT,18941,18941,ANIME,TV_SHORT,Shimajirou no Wow!,2012-04-02
185073,ALTERNATIVE,603,603,ANIME,TV,Futari wa Precure,2004-02-01
185073,ALTERNATIVE,1534,1534,ANIME,TV,Futari wa Precure: Splash☆Star,2006-02-05
185073,ALTERNATIVE,1932,1932,ANIME,TV,Yes! Precure 5,2007-02-04
185073,ALTERNATIVE,5684,5684,ANIME,TV,Fresh Precure!,2009-02-01
185073,ALTERNATIVE,7645,7645,ANIME,TV,Heartcatch Precure!,2010-02-07
185073,ALTERNATIVE,9893,9893,ANIME,TV,Suite Precure♪,2011-02-06
185073,ALTERNATIVE,12191,12191,ANIME,TV,Smile Precure!,2012-02-05
185073,ALTERNATIVE,16419,16419,ANIME,TV,Dokidoki! Precure,2013-02-03
185073,ALTERNATIVE,20577,21407,ANIME,TV,HappinessCharge Precure!,2014-02-02
185073,ALTERNATIVE,21001,28669,ANIME,TV,Go! Princess Precure,2015-02-01
185073,ALTERNATIVE,21506,31884,ANIME,TV,Mahoutsukai Precure!,2016-02-07
185073,ALTERNATIVE,98059,34290,ANIME,TV,Kirakira☆Precure a la Mode,2017-02-05
185073,ALTERNATIVE,100661,36593,ANIME,TV,HUGtto! Precure,2018-02-04
185073,ALTERNATIVE,105857,38578,ANIME,TV,Star☆Twinkle Precure,2019-02-03
185073,ALTERNATIVE,112748,40610,ANIME,TV,Healin' Good♥Precure,2020-02-02
185073,ALTERNATIVE,126905,44191,ANIME,TV,Tropical-Rouge! Precure,2021-02-28
185073,ALTERNATIVE,142080,50281,ANIME,TV,Delicious Party♡Precure,2022-02-06
185073,ALTERNATIVE,157883,53716,ANIME,TV,Hirogaru Sky! Precure,2023-02-05
185073,ALTERNATIVE,171030,57390,ANIME,TV,Wonderful Precure!,2024-02-04
185073,SIDE_STORY,183414,60773,ANIME,MOVIE,Kimi to Idol Precure♪ Omatase! Kimi ni Todokeru KirakkiLive!,2025-09-12
185073,ADAPTATION,185975,178501,MANGA,MANGA,Kimi to Idol Precure♪ Precure Collection,2025-02-03
185073,ALTERNATIVE,202957,63042,ANIME,TV,Meitantei Precure!,2026-02-01
185073,CHARACTER,198654,63903,ANIME,MOVIE,Meitantei Precure! Fushigi na Niwa to Futari no Himitsu,2026-09-18
185088,PREQUEL,177922,59010,ANIME,TV_SHORT,Yami Shibai 13,2024-07-15
185088,SEQUEL,194088,61793,ANIME,TV_SHORT,Yami Shibai 15,2025-07-14
185261,SOURCE,168920,159729,MANGA,MANGA,Neko ni Naritai Tamagawa-kun,2022-06-04
185462,PREQUEL,177879,58985,ANIME,TV_SHORT,0-saiji Start Dash Monogatari,2024-07-07
185462,SOURCE,180293,171069,MANGA,MANGA,0-saiji Start Dash Monogatari,2020-09-27
185539,PARENT,2225,2225,ANIME,TV,Alps no Shoujo Heidi,1974-01-06
185612,PARENT,175533,58302,ANIME,TV,The iDOLM@STER: Shiny Colors 2nd season,2024-10-05
185643,PARENT,100790,35656,ANIME,TV,Oshiri Tantei,2018-05-03
185648,PARENT,158871,53876,ANIME,TV,Pocket Monsters (2023),2023-04-14
185714,PARENT,20632,22729,ANIME,TV,Aldnoah.Zero,2014-07-06
185714,PARENT,20853,27655,ANIME,TV,Aldnoah.Zero Part 2,2015-01-11
185714,CONTAINS,181440,59843,ANIME,OVA,Aldnoah.Zero: Ame no Danshou - The Penultimate Truth,2025-03-26
185880,PREQUEL,176311,58516,ANIME,TV,Ao no Exorcist: Yuki no Hate-hen,2024-10-06
185880,SOURCE,43492,13492,MANGA,MANGA,Ao no Exorcist,2009-04-01
185898,OTHER,185900,61039,ANIME,ONA,Hoshi no Kodomo to Hajimari no Ki,2025-03-09
185898,OTHER,185901,61040,ANIME,ONA,TRUST,2025-03-09
185898,OTHER,185903,61041,ANIME,ONA,DIVE IN!,2025-03-09
185900,OTHER,185903,61041,ANIME,ONA,DIVE IN!,2025-03-09
185900,OTHER,185901,61040,ANIME,ONA,TRUST,2025-03-09
185900,OTHER,185898,61038,ANIME,ONA,Galaxy Apartment★Cosmo Hills,2025-03-09
185901,OTHER,185898,61038,ANIME,ONA,Galaxy Apartment★Cosmo Hills,2025-03-09
185901,OTHER,185900,61039,ANIME,ONA,Hoshi no Kodomo to Hajimari no Ki,2025-03-09
185901,OTHER,185903,61041,ANIME,ONA,DIVE IN!,2025-03-09
185903,OTHER,185901,61040,ANIME,ONA,TRUST,2025-03-09
185903,OTHER,185900,61039,ANIME,ONA,Hoshi no Kodomo to Hajimari no Ki,2025-03-09
185903,OTHER,185898,61038,ANIME,ONA,Galaxy Apartment★Cosmo Hills,2025-03-09
185992,SOURCE,127143,132161,MANGA,MANGA,NEET de Otaku na Kunoichi to Naze ka Dousei Hajimemashita,2020-02-21
185992,PARENT,174654,58082,ANIME,ONA,NEET Kunoichi to Naze ka Dousei Hajimemashita,2025-01-05
186148,PARENT,176301,58514,ANIME,TV,Kusuriya no Hitorigoto 2nd Season,2025-01-10
186148,PREQUEL,170508,56975,ANIME,ONA,Maomao no Hitorigoto,2023-10-23
186148,OTHER,206349,61876,ANIME,SPECIAL,Maomao no Hitorigoto: USJ wo Chousa Seyo!,2025-06-19
186300,PARENT,153288,52588,ANIME,TV,Kaijuu 8-gou,2024-04-13
186559,PARENT,158871,53876,ANIME,TV,Pocket Monsters (2023),2023-04-14
187225,CHARACTER,21,21,ANIME,TV,ONE PIECE,1999-10-20
187236,PARENT,122808,42670,ANIME,TV,Princess Connect! Re:Dive Season 2,2022-01-11
187305,PARENT,163140,54858,ANIME,TV,Hypnosis Mic -Division Rap Battle- Rhyme Anima+,2023-10-07
187305,PARENT,113652,40803,ANIME,TV,Hypnosis Mic -Division Rap Battle- Rhyme Anima,2020-10-03
187305,CHARACTER,185797,,ANIME,MUSIC,Hypnosis Mic -Division Rap Battle- FINAL,2024-12-20
187380,PARENT,21,21,ANIME,TV,ONE PIECE,1999-10-20
187507,SEQUEL,187508,61119,ANIME,ONA,Duel Masters LOST: Boukyaku no Taiyou,2026-02-06
187507,PREQUEL,175473,58275,ANIME,ONA,Duel Masters LOST:  Tsuioku no Suishou,2024-10-04
187514,CHARACTER,5848,5848,ANIME,MOVIE,Cinnamon the Movie,2007-12-22
187514,CHARACTER,205874,,ANIME,SPECIAL,Lloromannic,2007
187514,SEQUEL,213861,64537,ANIME,ONA,"Let's Roll, Cinnamoroll! 2",2026-07-02
189160,PREQUEL,177159,58739,ANIME,TV,Momentary Lily,2025-01-02
189893,CHARACTER,174596,58066,ANIME,TV,Sora-iro Utility (TV),2025-01-04
189893,CHARACTER,140830,50248,ANIME,TV,BIRDIE WING: Golf Girls' Story,2022-04-06
194403,SOURCE,184312,174933,MANGA,MANGA,A PIECE OF CAKE,2024-08-02
194403,PARENT,168013,56196,ANIME,MOVIE,Boku no Hero Academia THE MOVIE: YOU'RE NEXT,2024-08-02
213461,PARENT,179991,59465,ANIME,ONA,Fate/Grand Order: Fujimaru Ritsuka wa Wakaranai Season 2,2024-08-03
143200,CHARACTER,150574,,MANGA,MANGA,Suika Bar no 1-nichi,2020-06-22
143200,CHARACTER,151317,,MANGA,ONE_SHOT,Bouken no Hajimari,2020-06-18
143200,ALTERNATIVE,196474,182386,MANGA,MANGA,Summer Pockets: Natsu no Takaramono,2025-05-30
143200,ALTERNATIVE,195230,61926,ANIME,MOVIE,Summer Pockets: Kushima Kamome-hen,2025-08-15
143200,ALTERNATIVE,206609,61926,ANIME,MOVIE,Summer Pockets: Tsumugi Wenders-hen,2025-08-22
143200,ALTERNATIVE,206610,61926,ANIME,MOVIE,Summer Pockets: Sorakado Ao-hen,2025-08-29
143200,ALTERNATIVE,206611,61926,ANIME,MOVIE,Summer Pockets: Naruse Shiroha-hen,2025-09-05
143337,PREQUEL,112608,40586,ANIME,TV,"Slime Taoshite 300-nen, Shiranai Uchi ni Level MAX ni Nattemashita",2021-04-10
143337,SOURCE,100068,102667,MANGA,NOVEL,"Slime Taoshite 300-nen, Shiranai Uchi ni Level MAX ni Nattemashita",2017-01-13
143598,ALTERNATIVE,139499,140235,MANGA,MANGA,Kijin Gentoushou,2021-09-09
149118,PREQUEL,114236,40956,ANIME,TV,Enen no Shouboutai: Ni no Shou,2020-07-04
149118,SOURCE,86310,91037,MANGA,MANGA,Enen no Shouboutai,2015-09-23
149118,SEQUEL,179062,59229,ANIME,TV,Enen no Shouboutai: San no Shou Part 2,2026-01-10
153554,SOURCE,131559,138117,MANGA,NOVEL,"Danjo no Yuujou wa Seiritsu suru? (Iya, Shinai!!)",2021-01-09
153554,ALTERNATIVE,138684,140215,MANGA,MANGA,"Danjo no Yuujou wa Seiritsu suru? (Iya, Shinai!!)",2021-08-27
158287,CHARACTER,106780,,MANGA,MANGA,#Compass Kyoudou Seikatsu Kaiseki System,2018-12-23
158287,CHARACTER,158567,38603,ANIME,ONA,Voidoll irregular,2018-09-10
158287,CHARACTER,113470,40763,ANIME,TV,SHOW BY ROCK!! Mashumairesh!!,2020-01-09
162682,PREQUEL,140765,49423,ANIME,OVA,Kaitou Queen wa Circus ga Osuki,2022-06-17
165445,SOURCE,113021,123931,MANGA,MANGA,Zatsu Tabi: That's Journey,2019-03-27
166249,PREQUEL,150117,51940,ANIME,TV_SHORT,Boku to Roboco,2022-12-05
166249,SOURCE,119499,128085,MANGA,MANGA,Boku to Roboco,2020-07-06
166249,OTHER,191287,,MANGA,ONE_SHOT,Boku to Roboco: Gekijouban Koukai Kinen Tokubetsu Bangai-hen,2025-04-14
166371,CHARACTER,125133,,MANGA,MANGA,HANA-Doll*: Flowering - Boys were still in a dream,2020-11-17
166527,SOURCE,66595,36595,MANGA,MANGA,COCOON,2009-03-26
167142,SOURCE,130733,136697,MANGA,NOVEL,Your Forma: Densa Kukan Echika to Kikai Shikake no Aibou,2021-03-10
167142,ALTERNATIVE,130734,146948,MANGA,MANGA,Your Forma,2021-06-04
167142,OTHER,189892,61331,ANIME,ONA,Petit Forma: Denpa Kyoku Nisshi,2025-03-28
172393,PREQUEL,132055,48573,ANIME,MOVIE,Uta no☆Prince-sama♪ Maji LOVE ST☆RISH Tours,2022-09-02
172393,PARENT,12711,12711,ANIME,TV,Uta no☆Prince-sama♪ Maji LOVE 2000%,2013-04-04
174802,SOURCE,144374,143609,MANGA,MANGA,Shiunji-ke no Kodomotachi,2022-02-22
175872,SOURCE,145950,162846,MANGA,NOVEL,"Isshun de Chiryou Shiteita no ni Yakutatazu to Tsuihou Sareta Tensai Chiyushi, Yami Healer Toshite Tanoshiku Ikiru",2021-10-15
175872,ALTERNATIVE,150600,162845,MANGA,MANGA,"Isshun de Chiryou Shiteita no ni Yakutatazu to Tsuihou Sareta Tensai Chiyushi, Yami Healer Toshite Tanoshiku Ikiru",2022-01-22
175872,SEQUEL,205432,63254,ANIME,TV,"Isshun de Chiryou Shiteita no ni Yakutatazu to Tsuihou Sareta Tensai Chiyushi, Yami Healer Toshite Tanoshiku Ikiru 2nd Season",
176246,SOURCE,102211,111798,MANGA,MANGA,mono,2017-03-16
176246,CHARACTER,98444,34798,ANIME,TV,Yuru Camp△,2018-01-04
176702,SOURCE,115432,122877,MANGA,NOVEL,Teogonia,2018-03-30
176702,ALTERNATIVE,175257,131061,MANGA,MANGA,Teogonia,2018-04-06
177120,SOURCE,131538,147719,MANGA,MANGA,Ninja to Koroshiya no Futarigurashi,2021-02-26
177476,SOURCE,31631,1631,MANGA,MANGA,YAIBA,1988-09-07
177476,ALTERNATIVE,2335,2335,ANIME,TV,Kenyuu Densetsu YAIBA,1993-04-09
177476,CHARACTER,20790,25517,ANIME,TV,Magic Kaito 1412,2014-10-04
177476,CHARACTER,1369,1369,ANIME,OVA,Meitantei Conan: Conan VS KID VS YAIBA,2000-10-11
177476,ALTERNATIVE,180000,59093,ANIME,OVA,Kenyuu Densetsu YAIBA (Mikoukai Pilot),1991
177476,SEQUEL,199337,62580,ANIME,TV,Shin Samurai-den YAIBA 2,2027-01-09
177509,SOURCE,158113,153908,MANGA,MANGA,Kakushite! Makina-san!!,2022-10-24
177633,SEQUEL,195383,61924,ANIME,TV_SHORT,MUZIK TIGER In the Forest 2,2025-10-01
178046,CHARACTER,40394,10394,MANGA,MANGA,Guilty Gear Xtra,2003-09-22
178046,CHARACTER,154418,53329,ANIME,MUSIC,Find Your One Way,2022-08-08
178046,CHARACTER,124901,,MANGA,MANGA,Guilty Gear Series Digest Comics,2020-10-12
178046,CHARACTER,146539,,MANGA,NOVEL,GUILTY GEAR BEGIN,2018-01-20
178052,ADAPTATION,210295,,MANGA,MANGA,Princess Session Orchestra Anthology Comic,2026-03-31
178052,SPIN_OFF,217312,,MANGA,MANGA,Princession Orchestra: Sorezore no Monogatari,2025-11-23
178680,PREQUEL,163270,54900,ANIME,TV,WIND BREAKER,2024-04-05
178680,SOURCE,135083,133081,MANGA,MANGA,WIND BREAKER,2021-01-13
178701,SOURCE,170167,163698,MANGA,NOVEL,Aru Majo ga Shinu made,2021-12-17
178701,ALTERNATIVE,170168,164441,MANGA,MANGA,Aru Majo ga Shinu Made: Owari no Kotoba to Hajimari no Namida,2023-03-10
178781,PREQUEL,158417,53770,ANIME,TV,Sentai Daishikkaku,2024-04-07
178781,SOURCE,127564,132129,MANGA,MANGA,Sentai Daishikkaku,2021-02-03
179054,PREQUEL,166715,55855,ANIME,TV,Kuroshitsuji: Kishuku Gakkou-hen,2024-04-13
179054,SOURCE,33866,3866,MANGA,MANGA,Kuroshitsuji,2006-09-16
179541,SOURCE,125840,130979,MANGA,NOVEL,Shirobuta Kizoku desu ga Zense no Kioku ga Haeta node Hiyoko na Otouto Sodatemasu,2020-01-10
179541,ALTERNATIVE,179561,144621,MANGA,MANGA,Shirobuta Kizoku desu ga Zense no Kioku ga Haeta node Hiyoko na Otouto Sodatemasu @COMIC,2020-09-07
179694,SOURCE,156348,153031,MANGA,MANGA,Rock wa Lady no Tashinami Deshite,2022-10-28
179706,PARENT,143270,50709,ANIME,TV,Lycoris Recoil,2022-07-02
179955,SOURCE,145614,162843,MANGA,NOVEL,"Katainaka no Ossan, Kensei ni Naru: Tada no Inaka no Kenjutsu Shihan datta noni, Taisei Shita Deshi-tachi ga Ore wo Houttekurenai Ken",2021-04-07
179955,ALTERNATIVE,145675,145480,MANGA,MANGA,"Katainaka no Ossan, Kensei ni Naru: Tada no Inaka no Kenjutsu Shihan datta noni, Taisei Shita Deshi-tachi ga Ore wo Houttekurenai Ken",2021-09-21
179955,SEQUEL,194829,61897,ANIME,TV,"Katainaka no Ossan, Kensei ni Naru II",2026-07-08
179965,SOURCE,107559,121433,MANGA,MANGA,"Haite Kudasai, Takamine-san",2019-01-22
179979,PREQUEL,137281,49520,ANIME,TV,Aharen-san wa Hakarenai,2022-04-02
179979,SOURCE,98686,103939,MANGA,MANGA,Aharen-san wa Hakarenai,2017-01-29
179979,OTHER,213512,,ANIME,MUSIC,Binetsu Ma,2025-04-18
180367,SOURCE,128896,133545,MANGA,MANGA,Witch Watch,2021-02-08
180367,OTHER,9863,9863,ANIME,TV,SKET DANCE,2011-04-07
180367,SEQUEL,199793,62650,ANIME,TV,Witch Watch 2nd Season,
180516,SOURCE,119247,133431,MANGA,MANGA,Uma Musume: Cinderella Gray,2020-06-10
180516,PARENT,98514,35249,ANIME,TV,Uma Musume: Pretty Derby,2018-04-02
180516,SPIN_OFF,191689,61579,ANIME,ONA,Umayuru: Pretty Gray,2025-04-30
180516,SEQUEL,195240,61930,ANIME,TV,Uma Musume: Cinderella Gray Part 2,2025-10-05
180675,ALTERNATIVE,189909,,MANGA,MANGA,Apocalypse Hotel Pusupusu,2025-04-11
180675,SEQUEL,207065,,MANGA,MANGA,Apocalypse Hotel Karikari,2025-12-25
180825,SUMMARY,209642,63772,ANIME,MOVIE,Maebashi Witches: Majo Minarai no Emoemories,2026-10-23
180829,SOURCE,139611,147544,MANGA,MANGA,Chotto dake Ai ga Omoi Dark Elf ga Isekai kara Oikakete Kita,2021-09-17
180829,ALTERNATIVE,131190,147545,MANGA,MANGA,Chotto dake Ai ga Omoi Dark Elf ga Isekai kara Oikakete Kita,2021-02-07
180829,OTHER,189832,61410,ANIME,TV_SHORT,Chotto dake Ai ga Omoi Dark Elf ga Isekai kara Oikakete Kita Mini Anime Gekijou,2025-04-07
181078,ALTERNATIVE,121460,173891,MANGA,MANGA,"Bye Bye, Earth",2020-01-30
181078,PREQUEL,157371,53626,ANIME,TV,"Bye Bye, Earth",2024-07-12
181182,PREQUEL,173295,57810,ANIME,TV,Shoushimin Series,2024-07-07
181182,OTHER,205536,,ANIME,MUSIC,Kaseijin,2025-05-09
181244,PARENT,136804,49458,ANIME,TV,Kono Subarashii Sekai ni Shukufuku wo! 3,2024-04-10
181244,SOURCE,116223,124804,MANGA,NOVEL,Kono Subarashii Sekai ni Shukufuku wo! Yorimichi!,2020-01-01
181839,PREQUEL,136436,49893,ANIME,OVA,Kobayashi-san Chi no Maidragon S: Nippon no Omotenashi (Attend wa Dragon desu),2022-01-19
181839,SOURCE,86303,80119,MANGA,MANGA,Kobayashi-san Chi no Maidragon,2013-05-25
182060,ALTERNATIVE,182062,155279,MANGA,MANGA,Gorilla no Kami kara Kago sareta Reijou wa Ouritsu Kishidan de Kawaigarareru,2021-08-08
182419,SOURCE,112558,136352,MANGA,MANGA,Chuuzenji-sensei Mononoke Kougiroku: Sensei ga Nazo wo Toiteshimau kara.,2019-10-17
182419,OTHER,193242,61491,ANIME,ONA,Chibizenji-sensei Inokori Kougiroku,2025-04-08
182419,OTHER,4879,4879,ANIME,TV,Mouryou no Hako,2008-10-08
182814,SOURCE,112544,122863,MANGA,MANGA,Kowloon Generic Romance,2019-11-07
183133,SOURCE,132301,,MANGA,NOVEL,"Kanchigai no Atelier Meister: Eiyuu Party no Moto Zatsuyougakari ga, Jitsu wa Sentou Igai ga SSS Rank Datta to Iu Yoku Aru Hanashi",2019-03-01
183133,ALTERNATIVE,132298,123453,MANGA,MANGA,"Kanchigai no Atelier Meister: Eiyuu Party no Moto Zatsuyougakari ga, Jitsu wa Sentou Igai ga SSS Rank Datta to Iu Yoku Aru Hanashi",2019-12-17
183133,OTHER,189891,61411,ANIME,ONA,Kanchigai no Atelier Meister Mini Anime,2025-04-06
183133,SEQUEL,202251,62924,ANIME,,"Kanchigai no Atelier Meister: Eiyuu Party no Moto Zatsuyougakari ga, Jitsu wa Sentou Igai ga SSS Rank Datta to Iu Yoku Aru Hanashi 2nd Season",
183161,SEQUEL,194317,61831,ANIME,TV,"Saikyou no Ousama, Nidome no Jinsei wa Nani wo Suru? 2nd Season",2026-04-01
183274,ALTERNATIVE,139699,142425,MANGA,MANGA,Ore wa Seikan Kokka no Akutoku Ryoushu!,2021-05-28
183274,SOURCE,133484,129988,MANGA,NOVEL,Ore wa Seikan Kokka no Akutoku Ryoushu!,2020-07-25
183275,SOURCE,149107,174100,MANGA,NOVEL,Kanpeki Sugite Kawai-ge ga Nai to Konyaku Haki Sareta Seijo wa Ringoku ni Urareru,2021-04-25
183275,ALTERNATIVE,141203,152370,MANGA,MANGA,Kanpeki Sugite Kawai-ge ga Nai to Konyaku Haki Sareta Seijo wa Ringoku ni Urareru,2021-11-06
184182,PREQUEL,145000,50995,ANIME,TV_SHORT,Zenryoku Usagi (2023),2023-10-07
184279,SOURCE,123884,129774,MANGA,MANGA,Ballpark de Tsukamaete!,2020-09-03
184470,PREQUEL,171080,57946,ANIME,TV,Himitsu no AiPri,2024-04-07
184470,CHARACTER,2489,2489,ANIME,TV,Onegai My Melody,2005-04-03
184470,ADAPTATION,177019,169942,MANGA,MANGA,Himitsu no AiPri: Full Color Osarai 4-koma,2024-04-08
184470,OTHER,203100,63033,ANIME,MOVIE,Himitsu no AiPri: Mankai Buzzrium Live!,2026-03-13
184470,OTHER,206523,63352,ANIME,TV,Onegai AiPri,2026-04-05
184639,ALTERNATIVE,146007,,MANGA,MANGA,Akage no Anne,1977
184639,ALTERNATIVE,8950,8950,ANIME,MOVIE,Akage no Anne: Green Gables e no Michi,2010-07-17
184639,ALTERNATIVE,283,283,ANIME,TV,Akage no Anne,1979-01-07
184639,ALTERNATIVE,40282,10282,MANGA,MANGA,Akage no Anne,1997-12-12
184639,ALTERNATIVE,5494,5494,ANIME,TV,Konnichiwa Anne: Before Green Gables,2009-04-05
184639,ADAPTATION,190343,177704,MANGA,MANGA,Anne Shirley,2025-01-05
184639,ALTERNATIVE,48347,18347,MANGA,MANGA,Anne no Seishun,1998
184639,ALTERNATIVE,49473,19473,MANGA,MANGA,Anne no Aijou,1998
184762,SOURCE,31859,1859,MANGA,MANGA,Natsume Yuujinchou,2003-06-10
184762,PARENT,166611,55823,ANIME,TV,Natsume Yuujinchou Shichi,2024-10-08
184989,ALTERNATIVE,191502,122865,MANGA,MANGA,Nazotoki wa Dinner no Ato de,2011-04-08
185070,SOURCE,110295,135529,MANGA,MANGA,Uchuujin MuuMuu,2019-06-28
185084,SOURCE,30438,438,MANGA,MANGA,Lupin III,1967-08-10
185084,PARENT,1412,1412,ANIME,TV,Lupin III,1971-10-24
185084,PREQUEL,191884,61616,ANIME,ONA,LUPIN THE IIIRD: Zenigata to Futari no Lupin,2025-06-20
185084,SEQUEL,1435,1435,ANIME,MOVIE,Lupin III: Lupin vs Clone,1978-12-16
185212,PARENT,235,235,ANIME,TV,Meitantei Conan,1996-01-08
185213,PARENT,80,80,ANIME,TV,Kidou Senshi Gundam,1979-04-07
185213,CHARACTER,212323,64205,ANIME,ONA,Shounen to Gundam - Kidou Senshi Gundam 50-shuunen: Road to 50 - Prologue Movie,2026-05-15
185259,SOURCE,38584,8584,MANGA,MANGA,Masuda Kousuke Gekijou: Gag Manga Biyori,1999-12-06
185259,PREQUEL,7761,7761,ANIME,TV_SHORT,Masuda Kousuke Gekijou Gag Manga Biyori +,2010-01-05
185584,SOURCE,185582,177140,MANGA,MANGA,Everyday Host,2020-07-26
185584,SIDE_STORY,198948,,ANIME,ONA,Host ni Iroiro Kiitemita,2025-07-24
185584,SEQUEL,203141,63035,ANIME,,Everyday Host (Zoku-hen),2027-01
185645,PREQUEL,185644,58630,ANIME,TV,Oshiri Tantei 8,2024-04-06
185645,SEQUEL,194832,,ANIME,TV,Oshiri Tantei 9 Part 2,2025-10-04
185646,CHARACTER,145291,47005,ANIME,MUSIC,Natsu no Uta,2019-07-25
185646,CHARACTER,108056,38658,ANIME,MUSIC,Futon no Naka kara Detakunai,2017-12-22
185715,PREQUEL,181835,59485,ANIME,TV_SHORT,SHIBUYA♡HACHI Part 2,2024-10-05
185715,SEQUEL,195173,61922,ANIME,TV_SHORT,SHIBUYA♡HACHI Part 4,2025-10-04
185716,PREQUEL,171689,57562,ANIME,TV_SHORT,Hyakushou Kizoku 2nd Season,2024-10-04
185716,SEQUEL,185694,60551,ANIME,TV_SHORT,Hyakushou Kizoku 3rd Season,2025-10-03
185716,SOURCE,51389,21389,MANGA,MANGA,Hyakushou Kizoku,2006-12-28
185718,PREQUEL,173216,57538,ANIME,TV_SHORT,Sai-Kyo-Oh! Zukan: The Ultimate Battles,2024-01-06
185736,SOURCE,97842,99949,MANGA,MANGA,Vigilante: Boku no Hero Academia ILLEGALS,2016-08-20
185736,PARENT,21459,31964,ANIME,TV,Boku no Hero Academia,2016-04-03
185736,CHARACTER,191471,61437,ANIME,MUSIC,Kekka Alright,2025-04-08
185736,SEQUEL,195322,61942,ANIME,TV,Vigilante: Boku no Hero Academia ILLEGALS 2nd Season,2026-01-05
185778,OTHER,140660,50205,ANIME,TV,Arknights: Reimei Zensou,2022-10-29
185939,ADAPTATION,195037,180000,MANGA,MANGA,Hibi wa Sugiredo Meshi Umashi,2025-03-15
185939,OTHER,207886,62843,ANIME,SPECIAL,Run Run Lantern,2025-10-19
186151,SPIN_OFF,30054,54,MANGA,MANGA,Yu☆Gi☆Oh!,1996-09-17
186151,ALTERNATIVE,174439,58018,ANIME,ONA,Yu-Gi-Oh Card Game 25 Shuunen Tokubetsu Eizou: Yu-Gi-Oh! CARD GAME - THE CHRONICLES,2024-02-03
186151,CHARACTER,147786,150824,MANGA,MANGA,Yu☆Gi☆Oh OCG STORIES: Sentouhime-hen,2022-04-21
186313,CHARACTER,2263,2263,ANIME,OVA,Sonic★the★Hedgehog,1996-01-26
186522,PARENT,2576,2576,ANIME,TV,Araiguma Rascal,1977-01-02
186542,PARENT,1960,1960,ANIME,TV,Sore Ike! Anpanman,1988-10-03
186716,PREQUEL,137612,41141,ANIME,MOVIE,Princess Principal: Crown Handler - Chapter 3,2023-04-07
186716,SIDE_STORY,203127,63504,ANIME,OVA,Princess Principal: Crown Handler - Chapter 4: Fabulous Platypus,2026-01-28
186716,SEQUEL,204584,57094,ANIME,MOVIE,Princess Principal: Crown Handler - Chapter 5,
187362,SOURCE,167108,160661,MANGA,MANGA,Tamaranai no wa Koi nano ka,2023-07-13
187998,SOURCE,206492,,MANGA,MANGA,Oideyo Mahou Shoujo-mura (Fuhou Senkyo),2023-01-27
188131,SOURCE,174304,168996,MANGA,MANGA,Chikuwa Senki: Ore no Kawaii de Chikyuu Shinryaku,2024-01-29
188239,SEQUEL,212309,64181,ANIME,ONA,Transformers: Wild King W,2026-05-20
188394,CHARACTER,603,603,ANIME,TV,Futari wa Precure,2004-02-01
188394,CHARACTER,1932,1932,ANIME,TV,Yes! Precure 5,2007-02-04
188394,CHARACTER,3692,3692,ANIME,TV,Yes! Precure 5 GoGo!,2008-02-03
188394,CHARACTER,9893,9893,ANIME,TV,Suite Precure♪,2011-02-06
188394,CHARACTER,21001,28669,ANIME,TV,Go! Princess Precure,2015-02-01
188394,CHARACTER,21506,31884,ANIME,TV,Mahoutsukai Precure!,2016-02-07
188394,CHARACTER,105857,38578,ANIME,TV,Star☆Twinkle Precure,2019-02-03
188394,CHARACTER,126905,44191,ANIME,TV,Tropical-Rouge! Precure,2021-02-28
188394,CHARACTER,157883,53716,ANIME,TV,Hirogaru Sky! Precure,2023-02-05
188394,CHARACTER,171030,57390,ANIME,TV,Wonderful Precure!,2024-02-04
188394,SEQUEL,199635,62676,ANIME,ONA,PetitCure: Precure Fairies Season 2,2025-10-09
188661,PREQUEL,189736,61310,ANIME,ONA,Go! Go! Vehicle Zoo (ONA),2024-06-19
188668,SOURCE,110233,120401,MANGA,MANGA,Koisuru ONE PIECE,2018-06-18
188668,PARENT,21,21,ANIME,TV,ONE PIECE,1999-10-20
188668,SIDE_STORY,197179,62214,ANIME,SPECIAL,Koisuru ONE PIECE: ONE PIECE DAY'25 Zenyasai Tokubetsu-hen,2025-08-09
188884,CHARACTER,188522,61278,ANIME,MOVIE,Sumikko Gurashi: Sora no Ookoku to Futari no Ko,2025-10-31
189513,PREQUEL,170068,56885,ANIME,ONA,Sousou no Frieren: ●● no Mahou,2023-10-11
189513,PARENT,154587,52991,ANIME,TV,Sousou no Frieren,2023-09-29
189513,SEQUEL,206425,,ANIME,ONA,Sousou no Frieren: ●● no Mahou Part 3,2026-01-19
189602,PREQUEL,176635,58602,ANIME,TV_SHORT,YouTuNya 2,2024-04-02
189832,PARENT,180829,59745,ANIME,TV_SHORT,Chotto dake Ai ga Omoi Dark Elf ga Isekai kara Oikakete Kita,2025-04-07
189891,PARENT,183133,60140,ANIME,ONA,"Kanchigai no Atelier Meister: Eiyuu Party no Moto Zatsuyougakari ga, Jitsu wa Sentou Igai ga SSS Rank Datta to Iu Yoku Aru Hanashi",2025-03-30
189892,PARENT,167142,55995,ANIME,TV,Your Forma,2025-04-02
191370,SEQUEL,140113,39833,ANIME,MOVIE,JUNK HEAD,2017-07-23
191689,PREQUEL,148401,51772,ANIME,ONA,Umayuru,2022-10-16
191689,PARENT,180516,59636,ANIME,TV,Uma Musume: Cinderella Gray,2025-04-06
191689,SEQUEL,215835,64867,ANIME,ONA,Umayuru: Full Gate!,2026-09-27
191884,SOURCE,30438,438,MANGA,MANGA,Lupin III,1967-08-10
191884,SEQUEL,185084,60408,ANIME,MOVIE,LUPIN THE IIIRD THE MOVIE: Fujimi no Ketsuzoku,2025-06-27
191884,PREQUEL,107313,39487,ANIME,MOVIE,LUPIN THE IIIRD: Mine Fujiko no Uso,2019-05-31
192809,SOURCE,101517,113138,MANGA,MANGA,Jujutsu Kaisen,2018-03-05
192809,OTHER,192810,,ANIME,SPECIAL,Juju Sanpo: Gekijouban,2025-05-30
192809,ALTERNATIVE,145064,51009,ANIME,TV,Jujutsu Kaisen 2nd Season,2023-07-06
192809,SEQUEL,204066,62392,ANIME,MOVIE,Jujutsu Kaisen: Shibuya Jihen Tokubetsu Henshuu-ban × Shimetsu Kaiyuu Senkou Jouei,2025-11-07
192810,OTHER,192809,59654,ANIME,MOVIE,Jujutsu Kaisen: Kaigyoku・Gyokusetsu,2025-05-30
193242,PARENT,182419,60009,ANIME,TV,Chuuzenji-sensei Mononoke Kougiroku: Sensei ga Nazo wo Toiteshimau kara.,2025-04-07
193413,PARENT,87435,33573,ANIME,TV,BanG Dream!,2017-01-21
193613,PREQUEL,179760,55846,ANIME,MOVIE,Synapusyu THE MOVIE: Pushu Hoppe Nyuu World,2023-05-19
194706,PREQUEL,169375,55640,ANIME,MOVIE,Bousei no Volicia,2023-07-03
194706,SEQUEL,194707,,ANIME,MOVIE,Bousei no Volicia Dai Shuushou: Saihate (Provisional Title),2027
194889,PARENT,20794,,ANIME,TV,Aikatsu! 3,2014-10-02
204496,PREQUEL,183383,60062,ANIME,TV_SHORT,Love Live! Superstar!! Season 3 NHK E Tokubetsu Part,2024-10-06
204496,PARENT,155502,53287,ANIME,TV,Love Live! Superstar!! 3rd Season,2024-10-06
205601,PARENT,5908,5908,ANIME,TV,Chinpui,1989-02-11
206349,OTHER,186148,60749,ANIME,ONA,Maomao no Hitorigoto 2nd Season,2025-01-13
213459,PREQUEL,213458,61289,ANIME,TV_SHORT,Sorotani no Keibacchi,2024-11-28
213459,SEQUEL,213460,62915,ANIME,TV_SHORT,Sorotani no Keibacchi Season 3,2025-11-05
151799,PREQUEL,8795,8795,ANIME,TV,Panty & Stocking with Garterbelt,2010-10-02
154768,PREQUEL,132405,48736,ANIME,TV,Sono Bisque Doll wa Koi wo Suru,2022-01-09
154768,SOURCE,101583,112268,MANGA,MANGA,Sono Bisque Doll wa Koi wo Suru,2018-01-19
155838,ALTERNATIVE,85890,74283,MANGA,MANGA,Tsuyokute New Saga,2014-02-20
155838,SOURCE,86140,74287,MANGA,NOVEL,Tsuyokute New Saga,2013-03-22
156395,SOURCE,114645,108492,MANGA,MANGA,Busu ni Hanataba wo.,2016-04-04
156395,OTHER,196063,62035,ANIME,ONA,Obusu ni Hanataba wo,2025-07-10
159483,CHARACTER,115069,39681,ANIME,TV,D4DJ First Mix,2020-10-30
169420,SOURCE,85703,77827,MANGA,MANGA,Watari-kun no ×× ga Houkai Sunzen,2014-08-04
169440,PREQUEL,153360,52619,ANIME,TV,Jidou Hanbaiki ni Umarekawatta Ore wa Meikyuu wo Samayou,2023-07-05
169440,SOURCE,97406,99627,MANGA,NOVEL,Jidou Hanbaiki ni Umarekawatta Ore wa Meikyuu wo Samayou,2016-08-01
169440,SEQUEL,198939,62512,ANIME,TV,Jidou Hanbaiki ni Umarekawatta Ore wa Meikyuu wo Samayou 3rd Season,2026-04-01
170113,SOURCE,116864,123121,MANGA,NOVEL,Koujo Denka no Kateikyoushi,2018-12-20
170113,ALTERNATIVE,117080,127971,MANGA,MANGA,Koujo Denka no Kateikyoushi,2019-09-13
171046,PREQUEL,161474,54870,ANIME,MOVIE,Seishun Buta Yarou wa Randoseru Girl no Yume wo Minai,2023-12-01
171046,SOURCE,165656,,MANGA,NOVEL,Seishun Buta Yarou wa Santa Claus no Yume wo Minai,2023-07-07
171046,SOURCE,145167,,MANGA,NOVEL,Seishun Buta Yarou wa Mayoeru Singer no Yume wo Minai,2020-02-07
171046,SOURCE,145168,,MANGA,NOVEL,Seishun Buta Yarou wa Nightingale no Yume wo Minai,2020-12-10
171046,SOURCE,154986,,MANGA,NOVEL,Seishun Buta Yarou wa My Student no Yume wo Minai,2022-12-09
171046,SEQUEL,199340,62582,ANIME,MOVIE,Seishun Buta Yarou wa Dear Friend no Yume wo Minai,2026-10-16
171627,PREQUEL,127230,44511,ANIME,TV,Chainsaw Man,2022-10-12
171627,SOURCE,105778,116778,MANGA,MANGA,Chainsaw Man,2018-12-03
171627,SEQUEL,204429,63143,ANIME,,Chainsaw Man: Shikaku-hen,
171627,CHARACTER,204080,,ANIME,ONA,IRIS OUT,2025-12-12
173335,OTHER,136128,54678,ANIME,MUSIC,Dennou,2021-06-20
173335,PREQUEL,200922,,MANGA,NOVEL,Kamitsubaki-shi Kensetsuchuu. NOVELIZED,2025-05-23
173780,SOURCE,85743,67617,MANGA,NOVEL,Tate no Yuusha no Nariagari,2013-08-23
173780,PREQUEL,111322,40357,ANIME,TV,Tate no Yuusha no Nariagari Season 3,2023-10-06
173780,ALTERNATIVE,85442,67615,MANGA,MANGA,Tate no Yuusha no Nariagari,2014-02-05
173780,SEQUEL,199185,62564,ANIME,TV,Tate no Yuusha no Nariagari Season 5,2027
175035,PREQUEL,162147,54633,ANIME,ONA,Pokémon Concierge,2023-12-28
175035,OTHER,198379,62417,ANIME,MUSIC,Onomatopoeia ISLAND,2025-09-03
175124,SOURCE,124767,130317,MANGA,MANGA,Nyaight of the Living Cat,2020-10-05
175914,SOURCE,111233,121480,MANGA,MANGA,Yofukashi no Uta,2019-08-28
175914,PREQUEL,141391,50346,ANIME,TV,Yofukashi no Uta,2022-07-08
177175,PREQUEL,158895,53881,ANIME,TV,Arknights: Touin Kiro,2023-10-07
177474,SOURCE,119968,127436,MANGA,MANGA,Tougen Anki,2020-06-11
177474,SPIN_OFF,194835,61891,ANIME,ONA,Onimomomomo,2025-06-21
177474,SEQUEL,204650,63181,ANIME,TV,Tougen Anki: Nikko・Kegon no Taki-hen,2026-10-02
177518,SOURCE,165896,158220,MANGA,MANGA,Odekake Kozame,2022-01-19
177518,PREQUEL,165426,55463,ANIME,ONA,Odekake Kozame,2023-08-01
177518,SEQUEL,204269,63125,ANIME,TV_SHORT,Odekake Kozame Season 2,2026-04-12
177687,SOURCE,105180,150855,MANGA,MANGA,Hyaku M.,2018-11-06
177689,SOURCE,138603,141833,MANGA,MANGA,Hikaru ga Shinda Natsu,2021-08-31
177689,SEQUEL,199342,62584,ANIME,TV,Hikaru ga Shinda Natsu 2nd Season,
177761,ALTERNATIVE,152412,,MANGA,MANGA,9-nine-,2021-10-22
177880,PREQUEL,120851,42391,ANIME,TV,Osomatsu-san 3rd Season,2020-10-13
178025,SOURCE,144946,144180,MANGA,MANGA,Gachiakuta,2022-02-16
178025,OTHER,196224,62063,ANIME,MUSIC,Tomoshibi,2025-07-16
178025,OTHER,201808,62892,ANIME,MUSIC,LET'S JUST CRASH,2025-11-03
178025,SEQUEL,204436,63147,ANIME,TV,Gachiakuta 2nd Season,
178090,SOURCE,123265,139108,MANGA,NOVEL,"Tensei Shitara Dai Nana Ouji Datta node, Kimamani Majutsu wo Kiwamemasu",2020-07-02
178090,PREQUEL,156415,53516,ANIME,TV,"Tensei Shitara Dai Nana Ouji Datta node, Kimamani Majutsu wo Kiwamemasu",2024-04-02
178090,ALTERNATIVE,123264,129631,MANGA,MANGA,"Tensei Shitara Dai Nana Ouji Datta node, Kimamani Majutsu wo Kiwamemasu",2020-06-27
178433,ALTERNATIVE,122362,129759,MANGA,MANGA,Isekai Mokushiroku Mynoghra: Hametsu no Bunmei de Hajimeru Sekai Seifuku,2020-03-27
178433,SOURCE,122363,134932,MANGA,NOVEL,Isekai Mokushiroku Mynoghra: Hametsu no Bunmei de Hajimeru Sekai Seifuku,2019-11-30
178675,SOURCE,131790,144290,MANGA,MANGA,Bad Girl,2020-12-28
178754,PREQUEL,153288,52588,ANIME,TV,Kaijuu 8-gou,2024-04-13
178754,SOURCE,120760,127907,MANGA,MANGA,Kaijuu 8-gou,2020-07-03
178754,PREQUEL,179998,59489,ANIME,MOVIE,Kaijuu 8-gou Movie,2025-03-28
178754,SEQUEL,204362,63136,ANIME,,Kaijuu 8-gou: Kanketsu-hen,
178788,SOURCE,87216,96792,MANGA,MANGA,Kimetsu no Yaiba,2016-02-15
178788,PREQUEL,166240,55701,ANIME,TV,Kimetsu no Yaiba: Hashira Geiko-hen,2024-05-12
178788,SEQUEL,195200,62546,ANIME,MOVIE,Kimetsu no Yaiba: Mugenjou-hen Movie 2,
178869,SOURCE,122693,138396,MANGA,MANGA,Clevatess: Majuu no Ou to Akago to Kabane no Yuusha,2020-08-12
178869,SEQUEL,198946,62513,ANIME,TV,Clevatess II: Majuu no Ou to Itsuwari no Yuusha Denshou,2026-07-08
178886,SOURCE,143719,142649,MANGA,MANGA,"Mikadono Sanshimai wa Angai, Choroi.",2021-12-22
178886,OTHER,207886,62843,ANIME,SPECIAL,Run Run Lantern,2025-10-19
179344,SOURCE,99943,108407,MANGA,MANGA,"Kanojo, Okarishimasu",2017-07-12
179344,PREQUEL,154745,53050,ANIME,TV,"Kanojo, Okarishimasu 3rd Season",2023-07-08
179344,SEQUEL,199029,62485,ANIME,ONA,"Kanojo, Okarishimasu 5th Season",2026-04-08
179678,ALTERNATIVE,2012,2012,ANIME,TV,Jigoku Sensei Nube,1996-04-13
179678,SOURCE,31044,1044,MANGA,MANGA,Jigoku Sensei Nube,1993-09-01
179678,SEQUEL,191967,61608,ANIME,TV,Jigoku Sensei Nube (2025) Part 2,2026-01-07
179828,PREQUEL,132052,48675,ANIME,TV,Kakkou no Iinazuke,2022-04-24
179828,SOURCE,114383,123602,MANGA,MANGA,Kakkou no Iinazuke,2020-01-29
179879,SOURCE,129100,132404,MANGA,NOVEL,Zutaboro Reijou wa Ane no Moto Konyakusha ni Dekiai Sareru,2020-04-15
179879,ALTERNATIVE,158553,183511,MANGA,MANGA,Zutaboro Reijou wa Ane no Moto Konyakusha ni Dekiai Sareru,2021-07-24
179885,ALTERNATIVE,133019,138928,MANGA,MANGA,"Yuusha Party wo Tsuihou Sareta Shiro Madoushi, S Rank Boukensha ni Hirowareru: Kono Shiro Madoushi ga Kikakugaisugiru",2021-01-22
179885,SOURCE,133025,,MANGA,NOVEL,"Yuusha Party wo Tsuihou Sareta Shiro Madoushi, S Rank Boukensha ni Hirowareru: Kono Shiro Madoushi ga Kikakugaisugiru",2020-11-27
179885,OTHER,196064,62037,ANIME,ONA,Tsuihou Shiro Madoushi Mini Anime,2025-07-11
179966,SOURCE,136833,142171,MANGA,NOVEL,Silent Witch: Chinmoku no Majo no Kakushigoto,2021-06-10
179966,ALTERNATIVE,136834,145359,MANGA,MANGA,Silent Witch: Chinmoku no Majo no Kakushigoto,2021-07-05
180425,ALTERNATIVE,119936,,MANGA,MANGA,Ame to Kimi to,2020-05-10
180425,SOURCE,123004,129418,MANGA,MANGA,Ame to Kimi to,2020-08-17
180460,SOURCE,99149,101946,MANGA,MANGA,Mattaku Saikin no Tantei to Kitara,2016-04-27
180794,SOURCE,125580,132750,MANGA,MANGA,GaCen Shoujo to Ibunka Kouryuu,2019-12-22
180929,SOURCE,158999,150111,MANGA,MANGA,Ruri no Houseki,2019-08-10
180929,CHARACTER,159739,160561,MANGA,MANGA,Dai Kagaku Shoujo,2013-07
181444,SOURCE,140475,144267,MANGA,MANGA,Kaoru Hana wa Rin to Saku,2021-10-21
181841,SOURCE,97700,101554,MANGA,MANGA,CITY,2016-09-29
181841,CHARACTER,10165,10165,ANIME,TV,Nichijou,2011-04-03
181867,PREQUEL,172852,57605,ANIME,TV_SHORT,Shinobanai! Crypto Ninja Sakuya Ni no Maki,2024-01-10
182309,PREQUEL,100922,37105,ANIME,TV,Grand Blue,2018-07-14
182309,SOURCE,87395,70345,MANGA,MANGA,Grand Blue,2014-04-07
182309,SEQUEL,199111,62542,ANIME,TV,Grand Blue Season 3,2026-07-07
183127,SOURCE,125078,130181,MANGA,MANGA,Karaoke Iko!,2019-08-25
183127,OTHER,183128,60130,ANIME,TV,"Muchuu sa, Kimi ni.",2025-08-21
183128,SOURCE,111743,123921,MANGA,MANGA,"Muchuu sa, Kimi ni.",2019-02-17
183128,OTHER,183127,60131,ANIME,TV,Karaoke Iko!,2025-07-24
183414,PARENT,185073,60407,ANIME,TV,Kimi to Idol Precure♪,2025-02-02
183414,CHARACTER,157883,53716,ANIME,TV,Hirogaru Sky! Precure,2023-02-05
183414,CHARACTER,171030,57390,ANIME,TV,Wonderful Precure!,2024-02-04
184034,SOURCE,135427,139086,MANGA,MANGA,Hotel Inhumans,2021-06-12
184034,SEQUEL,199426,62590,ANIME,TV,Hotel Inhumans 2nd Season,2026-10-04
184237,SOURCE,125828,131334,MANGA,MANGA,SAKAMOTO DAYS,2020-11-21
184237,PREQUEL,177709,58939,ANIME,ONA,SAKAMOTO DAYS,2025-01-11
184237,SEQUEL,204363,63139,ANIME,TV,SAKAMOTO DAYS 2nd Season,2027-01
184574,SOURCE,132349,135486,MANGA,MANGA,Dekin no Mogura,2021-04-08
184575,SOURCE,115909,114601,MANGA,MANGA,Busamen Gachi Fighter,2017-11-25
184591,ALTERNATIVE,119650,128538,MANGA,MANGA,"Watashi ga Koibito ni Nareru Wake Nai jan, Muri Muri! (※Muri ja Nakatta!?)",2020-05-15
184591,SOURCE,122462,127956,MANGA,NOVEL,"Watashi ga Koibito ni Nareru Wake Nai jan, Muri Muri! (※Muri ja Nakatta!?)",2020-02-21
184591,SEQUEL,199112,62543,ANIME,TV,"Watashi ga Koibito ni Nareru Wake Nai jan, Muri Muri! (※Muri ja Nakatta!?): Next Shine!",2026-01-01
184756,PREQUEL,176275,63877,ANIME,MOVIE,KING OF PRISM -Dramatic PRISM.1-,2024-08-16
184756,CHARACTER,10257,10257,ANIME,TV,Pretty Rhythm: Aurora Dream,2011-04-09
184756,CHARACTER,98107,34787,ANIME,TV,Idol Time PriPara,2017-04-04
184756,CHARACTER,132679,44376,ANIME,ONA,Idol Land PriPara,2021-11-27
184756,CHARACTER,101097,37178,ANIME,TV,Kiratto Pri☆Chan,2018-04-08
184756,CHARACTER,136119,49285,ANIME,TV,Waccha PriMagi!,2021-10-03
184756,SEQUEL,213660,,ANIME,MOVIE,KING OF PRISM -Tri-Star Act-,
185407,SOURCE,142568,142600,MANGA,MANGA,Takopii no Genzai,2021-12-10
185407,SUMMARY,212539,64266,ANIME,MOVIE,"Takopii no Genzai: Arigatou, Mata Ashita",2026-11-27
185519,SOURCE,116981,123519,MANGA,MANGA,"Food Court de, Mata Ashita.",2019-10-24
185537,PREQUEL,171145,57499,ANIME,MOVIE,Crayon Shin-chan: Ora-tachi no Kyouryuu Nikki,2024-08-09
185537,PARENT,966,966,ANIME,TV,Crayon Shin-chan,1992-04-13
185537,SEQUEL,208829,63512,ANIME,MOVIE,Crayon Shin-chan: Kikikaikai! Ora no Youkai Vacation,2026-07-31
185544,ALTERNATIVE,112273,124373,MANGA,MANGA,"Tsuihousha Shokudou e Youkoso!: Saikyou Party wo Tsuihousareta Ryourinin (Lv. 99) wa, Inaka de Nengan no Boukensha Shokudou wo Hirakimasu!",2019-09-27
185544,SOURCE,123271,124973,MANGA,NOVEL,"Tsuihousha Shokudou e Youkoso!: Saikyou Party wo Tsuihousareta Ryourinin (Lv. 99) wa, Inaka de Nengan no Boukensha Shokudou wo Hirakimasu!",2019-06-23
185660,SOURCE,132029,135496,MANGA,MANGA,Dandadan,2021-04-06
185660,PREQUEL,171018,57334,ANIME,TV,Dandadan,2024-10-04
185660,SEQUEL,198966,62516,ANIME,TV,Dandadan 3rd Season,2027
185755,SOURCE,146783,154728,MANGA,MANGA,Puniru wa Kawaii Slime,2022-03-14
185755,PREQUEL,171400,57517,ANIME,TV,Puniru wa Kawaii Slime,2024-10-06
185965,SOURCE,110853,119119,MANGA,MANGA,Futari Solo Camp,2018-10-23
186003,SOURCE,116980,120467,MANGA,MANGA,Fermat no Ryouri,2018-09-06
186043,CHARACTER,4024,,ANIME,OVA,Sanrio Anime Sekai Gekijou,2001-07-20
186043,CHARACTER,2489,2489,ANIME,TV,Onegai My Melody,2005-04-03
186043,CHARACTER,161632,54535,ANIME,ONA,KUROMI'S PRETTY JOURNEY,2023-02-17
186052,ALTERNATIVE,142704,164607,MANGA,MANGA,Mizu Zokusei no Mahou Tsukai@COMIC,2021-09-20
186052,SOURCE,142688,164608,MANGA,NOVEL,Mizu Zokusei no Mahou Tsukai Dai Ichi-bu: Chuuou Shokoku-hen,2021-03-01
186181,ADAPTATION,195950,,MANGA,MANGA,Fushigi ‌no ‌Kuni ‌de ‌Alice to: Dive ‌in ‌Wonderland,2025-07-01
186181,OTHER,207886,62843,ANIME,SPECIAL,Run Run Lantern,2025-10-19
186561,SOURCE,156398,153011,MANGA,MANGA,Kizetsu Yuusha to Ansatsu Hime,2022-10-27
187387,ADAPTATION,187388,,MANGA,MANGA,Onmyo Kaiten Re:verse,2025-02-06
188138,OTHER,20877,27727,ANIME,TV,Binan Koukou Chikyuu Bouei-bu LOVE!,2015-01-07
188138,OTHER,101046,37036,ANIME,TV,Binan Koukou Chikyuu Bouei-bu HAPPY KISS!,2018-04-09
188653,PREQUEL,179292,59512,ANIME,TV_SHORT,Punirunes Puni 2,2024-10-06
188653,SEQUEL,216860,,ANIME,TV_SHORT,Punirunes Puni 4,2026-10-04
189069,PREQUEL,189068,57925,ANIME,ONA,Milky☆Highway,2022-02-23
189069,ADAPTATION,201610,188768,MANGA,MANGA,Ginga Tokkyuu Milky☆Subway,2025-09-18
189069,ALTERNATIVE,204949,62518,ANIME,MOVIE,Ginga Tokkyuu Milky☆Subway: Kakueki Teisha Gekijou Yuki,2026-02-06
189069,CHARACTER,213648,61972,ANIME,ONA,Ginga Tokkyuu Milky☆Subway: PARCO Original Animation,2025-07-03
189069,SIDE_STORY,213867,64554,ANIME,SPECIAL,Milky☆Byway Spring Special: Kyoufu no Chelovin Party,
189117,PREQUEL,172019,57592,ANIME,TV,Dr. STONE: SCIENCE FUTURE,2025-01-09
189117,SOURCE,98416,103897,MANGA,MANGA,Dr. STONE,2017-03-06
189117,SEQUEL,199221,62568,ANIME,TV,Dr. STONE: SCIENCE FUTURE Part 3,2026-04-02
189326,PREQUEL,170892,53924,ANIME,TV,Jibaku Shounen Hanako-kun 2,2025-01-12
189326,SOURCE,98842,105084,MANGA,MANGA,Jibaku Shounen Hanako-kun,2014-06-18
191994,PREQUEL,182920,54144,ANIME,TV,Cardfight!! Vanguard: Divinez - Deluxe-hen,2025-01-11
191994,SEQUEL,203296,62649,ANIME,TV,Cardfight!! Vanguard: Divinez - Genma Seisen-hen,2026-01-10
192474,CHARACTER,169774,56191,ANIME,MUSIC,I like u,2023-08-03
193623,CHARACTER,176319,58522,ANIME,MOVIE,SutoPuri: Hajimari no Monogatari - Strawberry School Festival!!!,2024-07-19
193883,PREQUEL,175869,58351,ANIME,TV_SHORT,Chibi Godzilla no Gyakushuu 2,2024-04-03
193883,CHARACTER,195829,,ANIME,MUSIC,Kaijuu Shima,2025-07-09
194088,PREQUEL,185088,60410,ANIME,TV_SHORT,Yami Shibai 14,2025-01-06
194088,SEQUEL,203939,63087,ANIME,TV_SHORT,Yami Shibai 16,2026-01-12
195209,SOURCE,156486,168633,MANGA,MANGA,Kizu Darake Seijo Yori Houfuku wo Komete,2022-08-03
195209,SEQUEL,212144,64180,ANIME,TV_SHORT,Kizu darake Seijo yori Houfuku wo Komete Season2,2026-10-02
195230,SEQUEL,206609,61926,ANIME,MOVIE,Summer Pockets: Tsumugi Wenders-hen,2025-08-22
195230,ALTERNATIVE,143200,50694,ANIME,TV,Summer Pockets,2025-04-07
195517,PARENT,30429,429,MANGA,MANGA,Sugar Sugar Rune,2003-08-02
196063,PARENT,156395,53512,ANIME,TV,Busu ni Hanataba wo.,2025-07-04
196064,PARENT,179885,59424,ANIME,ONA,"Yuusha Party wo Tsuihou Sareta Shiro Madoushi, S Rank Boukensha ni Hirowareru: Kono Shiro Madoushi ga Kikakugaisugiru",2025-07-06
196227,OTHER,196229,62046,ANIME,TV_SHORT,Tomica Heroes Jobraver: Tokusou Gattai Robo (TV),2025-07-06
196227,OTHER,98077,34741,ANIME,TV,Tomica Hyper Rescue Drive Head Kidou Kyuukyuu Keisatsu,2017-04-15
196227,SEQUEL,213097,64357,ANIME,TV_SHORT,TOMICA & TOM Season 2,2026-07-05
196229,ALTERNATIVE,172896,51682,ANIME,ONA,Tomica Heroes Jobraver: Tokusou Gattai Robo,2022-04-22
196229,OTHER,196227,62083,ANIME,TV_SHORT,TOMICA & TOM,2025-07-20
196229,OTHER,98077,34741,ANIME,TV,Tomica Hyper Rescue Drive Head Kidou Kyuukyuu Keisatsu,2017-04-15
197094,SOURCE,147108,154711,MANGA,MANGA,Fate/Grand Order: Fujimaru Ritsuka wa Wakaranai,2020-06-01
197094,PREQUEL,179991,59465,ANIME,ONA,Fate/Grand Order: Fujimaru Ritsuka wa Wakaranai Season 2,2024-08-03
197094,SEQUEL,214855,64725,ANIME,ONA,Fate/Grand Order: Fujimaru Ritsuka wa Wakaranai Season 4,2026-08-07
197094,SIDE_STORY,217442,63806,ANIME,SPECIAL,Fate/Grand Order: Fujimaru Ritsuka wa Wakaranai Season 3 Specials,2026-03-25
197179,PARENT,188668,61293,ANIME,ONA,Koisuru ONE PIECE,2025-04-01
198033,PREQUEL,101775,37589,ANIME,ONA,Ano Hi no Kanojotachi,2018-03-24
198726,SOURCE,105778,116778,MANGA,MANGA,Chainsaw Man,2018-12-03
198726,PARENT,127230,44511,ANIME,TV,Chainsaw Man,2022-10-12
199486,PARENT,199485,33398,ANIME,TV_SHORT,Neko Konogoro,2016-06-08
206609,PREQUEL,195230,61926,ANIME,MOVIE,Summer Pockets: Kushima Kamome-hen,2025-08-15
206609,SEQUEL,206610,61926,ANIME,MOVIE,Summer Pockets: Sorakado Ao-hen,2025-08-29
206609,ALTERNATIVE,143200,50694,ANIME,TV,Summer Pockets,2025-04-07
206610,PREQUEL,206609,61926,ANIME,MOVIE,Summer Pockets: Tsumugi Wenders-hen,2025-08-22
206610,SEQUEL,206611,61926,ANIME,MOVIE,Summer Pockets: Naruse Shiroha-hen,2025-09-05
206610,ALTERNATIVE,143200,50694,ANIME,TV,Summer Pockets,2025-04-07
206611,PREQUEL,206610,61926,ANIME,MOVIE,Summer Pockets: Sorakado Ao-hen,2025-08-29
206611,ALTERNATIVE,143200,50694,ANIME,TV,Summer Pockets,2025-04-07
206888,PREQUEL,98577,35335,ANIME,TV_SHORT,Musashino!,2022-07-02
208398,PARENT,158871,53876,ANIME,TV,Pocket Monsters (2023),2023-04-14
208398,SEQUEL,216625,64965,ANIME,ONA,PokéOki SEASON 2,2026-09-07
129195,SOURCE,109253,120449,MANGA,NOVEL,Tomodachi no Imouto ga Ore ni dake Uzai,2019-04-12
129195,ALTERNATIVE,113961,123632,MANGA,MANGA,Tomodachi no Imouto ga Ore ni dake Uzai,2019-12-12
132776,SOURCE,104997,97321,MANGA,MANGA,Peleliu: Rakuen no Guernica,2016-02-12
140291,ALTERNATIVE,131338,135861,MANGA,MANGA,DISNEY TWISTED-WONDERLAND THE COMIC: EPISODE of HEARTSLABYUL,2021-03-18
140291,ALTERNATIVE,176356,163637,MANGA,NOVEL,Disney Twisted-Wonderland: THE NOVEL,2022-03-18
140291,SIDE_STORY,188676,169341,MANGA,MANGA,Twst 4-koma,2024-03-18
140291,SEQUEL,202282,60348,ANIME,ONA,Disney Twisted-Wonderland: THE ANIMATION - Season 2: EPISODE of SAVANACLAW,2026-12
140337,PREQUEL,110733,40174,ANIME,TV,Zombie Land Saga: Revenge,2021-04-08
153800,SOURCE,74347,44347,MANGA,MANGA,One Punch-Man,2012-06-14
153800,PREQUEL,97668,34134,ANIME,TV,One Punch Man 2,2019-04-10
153800,SEQUEL,204747,63193,ANIME,TV,One Punch Man 3 Part 2,2027
162669,PREQUEL,138565,49709,ANIME,TV,Fumetsu no Anata e Season 2,2022-10-23
162669,SOURCE,97830,102343,MANGA,MANGA,Fumetsu no Anata e,2016-11-09
162890,SOURCE,44022,14022,MANGA,NOVEL,3-nen Z-gumi Ginpachi-sensei,2006-02-03
162890,PARENT,918,918,ANIME,TV,Gintama,2006-04-04
162890,ALTERNATIVE,199621,,MANGA,MANGA,Gintama: 3-nen Z-gumi Ginpachi-sensei Tuuuunnn!!,2025-10-06
169969,ALTERNATIVE,105279,121762,MANGA,MANGA,Mushoku no Eiyuu: Betsu ni Skill Nanka Iranakattan daga—Sainou Zero no Nariagari,2018-11-10
169969,SOURCE,105278,125918,MANGA,NOVEL,Mushoku no Eiyuu: Betsu ni Skill nanka Ira Nakattan Daga,2018-07-14
170018,SOURCE,101831,106937,MANGA,MANGA,Ao no Orchestra,2017-04-25
170018,PREQUEL,147369,51614,ANIME,TV,Ao no Orchestra,2023-04-09
170577,PREQUEL,156067,53446,ANIME,TV,Tondemo Skill de Isekai Hourou Meshi,2023-01-10
170577,SOURCE,99049,101877,MANGA,NOVEL,Tondemo Skill de Isekai Hourou Meshi,2016-11-25
170936,SOURCE,133153,143144,MANGA,MANGA,Debu to Love to Ayamachi to!,2019-09-27
173523,SOURCE,110826,123086,MANGA,MANGA,Egao no Taenai Shokuba Desu.,2019-05-18
173523,CHARACTER,184321,60301,ANIME,TV,Amayo no Tsuki,2027
173523,CHARACTER,97708,94342,MANGA,MANGA,Ani no Yome to Kurashiteimasu.,2015-12-04
173523,CHARACTER,113257,129498,MANGA,MANGA,Eisei Otome no Tatakai Kata,2019-03-22
173692,SOURCE,107979,128263,MANGA,NOVEL,"Chichi wa Eiyuu, Haha wa Seirei, Musume no Watashi wa Tenseisha.",2018-03-10
173692,ALTERNATIVE,107980,119656,MANGA,MANGA,"Chichi wa Eiyuu, Haha wa Seirei, Musume no Watashi wa Tenseisha.",2018-09-25
174914,SOURCE,117662,125725,MANGA,MANGA,Tensei Akujo no Kuro Rekishi,2018-08-24
174914,SEQUEL,205054,63266,ANIME,OVA,Tensei Akujo no Kuro Rekishi OVA,2026-04-03
176298,PREQUEL,160389,54265,ANIME,TV,Kekkon Yubiwa Monogatari,2024-01-06
176298,SOURCE,85310,66685,MANGA,MANGA,Kekkon Yubiwa Monogatari,2014-03-25
177271,PREQUEL,100500,36754,ANIME,TV,Kakuriyo no Yadomeshi,2018-04-02
177271,SOURCE,116778,113335,MANGA,NOVEL,Kakuriyo no Yadomeshi,2015-04-15
177937,SOURCE,108556,119161,MANGA,MANGA,SPY×FAMILY,2019-03-25
177937,PREQUEL,158927,53887,ANIME,TV,SPY×FAMILY Season 2,2023-10-07
179302,SOURCE,136680,138842,MANGA,MANGA,SANDA,2021-07-21
179930,PREQUEL,154116,52741,ANIME,TV,Undead Unluck,2023-10-07
179930,SOURCE,114791,123956,MANGA,MANGA,Undead Unluck,2020-01-20
179930,SEQUEL,204604,63177,ANIME,TV,Undead Unluck 2nd Season,
179992,SOURCE,123454,132397,MANGA,MANGA,Kikaijikake no Marie,2020-03-24
179992,OTHER,200374,62674,ANIME,ONA,Kikaijikake no Marie Mini Anime,2025-10-02
180082,SOURCE,121795,130231,MANGA,NOVEL,Chitose-kun wa Ramune Bin no Naka,2019-06-18
180082,ALTERNATIVE,124700,130461,MANGA,MANGA,Chitose-kun wa Ramune Bin no Naka,2020-04-11
180082,SEQUEL,198727,62484,ANIME,TV,Chitose-kun wa Ramune Bin no Naka Part 2,2026-10-13
180436,SOURCE,107321,127120,MANGA,MANGA,WonDance,2019-01-17
180523,ALTERNATIVE,99776,108598,MANGA,MANGA,Yasei no Last Boss ga Arawareta!,2017-06-07
180523,SOURCE,101829,109032,MANGA,NOVEL,Yasei no Last Boss ga Arawareta!,2016-02-15
180523,SEQUEL,204389,63140,ANIME,ONA,Yasei no Last Boss ga Arawareta! 2nd Season,2026-09-26
181447,ALTERNATIVE,109900,120224,MANGA,MANGA,Saigo ni Hitotsu dake Onegai Shite mo Yoroshii Deshou ka,2019-06-05
181447,SOURCE,116799,121397,MANGA,NOVEL,Saigo ni Hitotsu dake Onegai Shite mo Yoroshii Deshou ka,2018-07-26
182896,SOURCE,85486,75989,MANGA,MANGA,Boku no Hero Academia,2014-07-07
182896,PREQUEL,163139,54789,ANIME,TV,Boku no Hero Academia 7,2024-05-04
182896,SEQUEL,204356,63130,ANIME,SPECIAL,Boku no Hero Academia No. 170+1: More,2026-05-02
183291,SOURCE,144073,,MANGA,NOVEL,"Akujiki Reijou to Kyouketsu Koushaku: Sono Mamono, Watashi ga Oishiku Itadakimasu!",2021-03-31
183291,ALTERNATIVE,144077,157426,MANGA,MANGA,"Akujiki Reijou to Kyouketsu Koushaku: Sono Mamono, Watashi ga Oishiku Itadakimasu!",2021-03-22
183384,PREQUEL,166476,55748,ANIME,MOVIE,Love Live! Nijigasaki Gakuen School Idol Doukoukai: Kanketsu-hen 1,2024-09-06
183384,SEQUEL,186603,60160,ANIME,MOVIE,Love Live! Nijigasaki Gakuen School Idol Doukoukai: Kanketsu-hen Saishuushou,
183385,SOURCE,123777,129656,MANGA,MANGA,"Watashi wo Tabetai, Hitodenashi",2020-08-27
183965,SOURCE,136498,146233,MANGA,MANGA,Yano-kun no Futsuu no Hibi,2021-06-27
184322,SOURCE,137514,148970,MANGA,NOVEL,"Shinjiteita Nakamatachi ni Dungeon Okuchi de Korosarekaketa ga Gift ""Mugen Gacha"" de Level 9999 no Nakamatachi wo Te ni Irete Moto Party Member to Sekai ni Fukushuu & ""Zamaa!"" Shimasu!",2021-05-19
184322,ALTERNATIVE,137513,136930,MANGA,MANGA,"Shinjiteita Nakamatachi ni Dungeon Okuchi de Korosarekaketa ga Gift ""Mugen Gacha"" de Level 9999 no Nakamatachi wo Te ni Irete Moto Party Member to Sekai ni Fukushuu & ""Zamaa!"" Shimasu!",2021-05-25
184642,PREQUEL,138060,49357,ANIME,ONA,Star Wars: Visions,2021-09-22
184642,SEQUEL,213847,61546,ANIME,ONA,Star Wars: Visions - Kyuuninme no Jedi,2026-08-05
184718,ALTERNATIVE,2043,2043,ANIME,TV,Cat's♥Eye,1983-07-11
184718,SOURCE,31932,1932,MANGA,MANGA,Cat's Eye,1981-06-16
184997,ALTERNATIVE,137613,49284,ANIME,ONA,Shabake,2021-07-18
184997,ALTERNATIVE,115064,189347,MANGA,MANGA,Shabake,2017-09-09
185116,SPIN_OFF,203816,,MANGA,MANGA,Yurutto✧Gnosia,2025-10-15
185575,SOURCE,114437,123694,MANGA,MANGA,Bukiyou na Senpai.,2019-12-06
185694,SOURCE,51389,21389,MANGA,MANGA,Hyakushou Kizoku,2006-12-28
185694,PREQUEL,185716,60595,ANIME,OVA,Hyakushou Kizoku 2nd Season OVA,2025-04-23
185694,SEQUEL,204349,63153,ANIME,OVA,Hyakushou Kizoku 3rd Season OVA,2026-04-24
185731,PREQUEL,178533,59145,ANIME,TV,Ranma 1/2 (2024),2024-10-06
185731,SOURCE,30023,23,MANGA,MANGA,Ranma 1/2,1987-08-05
185731,ALTERNATIVE,149939,,ANIME,TV,Ranma 1/2: Nettou-hen,1989-10-20
185731,SEQUEL,209872,63801,ANIME,TV,Ranma 1/2 (2024) 3rd Season,2026-10-04
185801,PREQUEL,175019,58172,ANIME,TV,Nageki no Bourei wa Intai Shitai,2024-09-29
185801,ALTERNATIVE,125579,122058,MANGA,MANGA,Nageki no Bourei wa Intai shitai: Saijaku Hunter ni Yoru Saikyou Party Ikuseijutsu,2019-04-27
185801,SOURCE,128841,131030,MANGA,NOVEL,Nageki no Bourei wa Intai Shitai: Saijiyaku Hunter ni Yoru Saikiyou Party Ikusei Jutsu,2018-08-30
186161,SOURCE,165868,147366,MANGA,MANGA,Kimi to Koete Koi ni Naru,2021-05-19
186190,SOURCE,137080,140556,MANGA,MANGA,Shoujogata Heiki wa Kazoku ni Naritai,2021-07-09
186524,SOURCE,132180,136467,MANGA,MANGA,Chanto Suenai Kyuuketsuki-chan,2021-05-08
186621,SOURCE,135395,141572,MANGA,MANGA,Taiyou yori mo Mabushii Hoshi,2021-06-11
186621,SEQUEL,204286,,ANIME,TV,Taiyou yori mo Mabushii Hoshi 2,
186621,OTHER,204732,62663,ANIME,MUSIC,Saishinwa,2025-10-07
186714,PARENT,164212,55102,ANIME,TV,GIRLS BAND CRY,2024-04-06
186714,SEQUEL,199154,,ANIME,MOVIE,"GIRLS BAND CRY: Naa, Mirai.",2025-11-14
186736,PREQUEL,174913,58137,ANIME,TV,Kagaku×Bouken Survival!,2024-10-05
186794,ALTERNATIVE,103655,115067,MANGA,MANGA,Ansatsusha de Aru Ore no Status ga Yuusha yori mo Akiraka ni Tsuyoi no da ga,2018-07-10
186794,SOURCE,104818,115066,MANGA,NOVEL,Ansatsusha de Aru Ore no Status ga Yuusha yori mo Akiraka ni Tsuyoi no da ga,2017-11-25
186914,SOURCE,124112,126641,MANGA,MANGA,Ninja to Gokudou,2020-01-20
186920,SOURCE,123458,130154,MANGA,MANGA,Shuumatsu Touring,2020-09-26
187166,PARENT,87435,33573,ANIME,TV,BanG Dream!,2017-01-21
187166,ALTERNATIVE,101632,37873,ANIME,TV_SHORT,BanG Dream! Garupa☆Pico,2018-07-05
187166,CHARACTER,198376,62430,ANIME,TV,BanG Dream! Yume∞Mita,2026-07-02
187166,CHARACTER,163571,54959,ANIME,TV,BanG Dream! It's MyGO!!!!!,2023-06-29
187331,SOURCE,133386,136412,MANGA,MANGA,Sawaranaide Kotesashi-kun,2021-05-07
187331,OTHER,199812,62682,ANIME,TV_SHORT,Sawaranaide Kotesashi-kun Mini Anime Gekijou,2025-10-06
187464,SOURCE,123356,121957,MANGA,MANGA,Toujima Tanzaburou wa Kamen Rider ni Naritai,2019-05-01
187464,CHARACTER,230,230,ANIME,TV,Air Master,2003-04-02
187663,SOURCE,101678,111633,MANGA,NOVEL,Sozai Saishuka no Isekai Ryokouki,2017-01-24
187663,ALTERNATIVE,101679,111631,MANGA,MANGA,Sozai Saishuka no Isekai Ryokouki,2017-12-13
187860,SOURCE,133419,118192,MANGA,MANGA,Nohara Hiroshi Hiru Meshi no Ryuugi,2015-12-04
187860,PARENT,966,966,ANIME,TV,Crayon Shin-chan,1992-04-13
187921,SOURCE,107098,110485,MANGA,MANGA,Shuumatsu no Valkyrie,2017-11-25
187921,PREQUEL,165356,55454,ANIME,ONA,Shuumatsu no Valkyrie II Part 2,2023-07-12
187921,SEQUEL,213580,64481,ANIME,,Shuumatsu no Valkyrie IV,
187940,ALTERNATIVE,155345,53368,ANIME,SPECIAL,Kao ni Denai Kashiwada-san to Kao ni Deru Oota-kun CM,2022-10-02
187940,SOURCE,102907,115186,MANGA,MANGA,Kao ni Denai Kashiwada-san to Kao ni Deru Oota-kun,2018-06-22
188388,PARENT,552,552,ANIME,TV,Digimon Adventure,1999-03-07
188388,OTHER,214725,64731,ANIME,,Digimon (Shinsaku Anime),2027
188487,SOURCE,139977,,MANGA,NOVEL,"Mikata ga Yowasugite Hojo Mahou ni Tesshiteita Kyuutei Mahoushi, Tsuihou Sarete Saikyou wo Mezasu",2021-07-29
188487,ALTERNATIVE,139976,146242,MANGA,MANGA,"Mikata ga Yowasugite Hojo Mahou ni Tesshiteita Kyuutei Mahoushi, Tsuihou Sarete Saikyou wo Mezasu",2021-07-26
188522,PREQUEL,169296,53936,ANIME,MOVIE,Sumikko Gurashi Movie: Tsugihagi Koujou no Fushigina Ko,2023-11-03
188522,CHARACTER,188884,61300,ANIME,TV_SHORT,Sumikko Gurashi: Koko ga Ochitsukun Desu,2025-04-04
188522,SEQUEL,217576,,ANIME,MOVIE,Sumikko Gurashi Movie 5,2027
188529,SOURCE,200024,,MANGA,MANGA,Neko Mukashi Banashi,2019-07-16
190840,PREQUEL,155227,53223,ANIME,TV,Kingdom 5th Season,2024-01-14
190840,SOURCE,46765,16765,MANGA,MANGA,Kingdom,2006-01-26
190840,SEQUEL,204688,,ANIME,TV,Kingdom (Zoku-hen),
191403,CHARACTER,20794,,ANIME,TV,Aikatsu! 3,2014-10-02
191403,CHARACTER,20742,23135,ANIME,TV,PriPara,2014-07-05
193923,ALTERNATIVE,145025,146947,MANGA,MANGA,Kono Hon wo Nusumu Mono wa,2021-12-03
194389,SOURCE,194438,145075,MANGA,MANGA,Koala Enikki,2021-06-11
194447,PREQUEL,117074,41567,ANIME,MOVIE,Isekai Quartet: Another World,2022-06-10
194447,CHARACTER,20832,29803,ANIME,TV,Overlord,2015-07-07
194447,CHARACTER,21202,30831,ANIME,TV,Kono Subarashii Sekai ni Shukufuku wo!,2016-01-14
194447,CHARACTER,21613,32615,ANIME,TV,Youjo Senki,2017-01-06
194447,CHARACTER,21355,31240,ANIME,TV,Re:Zero kara Hajimeru Isekai Seikatsu,2016-04-04
194447,CHARACTER,99263,35790,ANIME,TV,Tate no Yuusha no Nariagari,2019-01-09
194447,CHARACTER,130298,48316,ANIME,TV,Kage no Jitsuryokusha ni Naritakute!,2022-10-05
194447,CHARACTER,105156,38659,ANIME,TV,Shinchou Yuusha: Kono Yuusha ga Ore TUEEE Kuse ni Shinchou Sugiru,2019-10-02
194832,PREQUEL,185645,58631,ANIME,TV,Oshiri Tantei 9,2025-04-05
194872,SOURCE,86559,85968,MANGA,MANGA,Golden Kamuy,2014-08-21
194872,PARENT,142343,50528,ANIME,TV,Golden Kamuy 4th Season,2022-10-03
194884,SOURCE,86635,90125,MANGA,MANGA,Kaguya-sama wa Kokurasetai: Tensaitachi no Renai Zunousen,2015-05-19
194884,PREQUEL,151384,52198,ANIME,TV,Kaguya-sama wa Kokurasetai: First Kiss wa Owaranai,2023-04-01
194884,SEQUEL,205081,63212,ANIME,MOVIE,Kaguya-sama wa Kokurasetai: Kanketsu-hen,
195153,ADAPTATION,203852,,MANGA,MANGA,Towa no Yuugure,2025-10-03
195153,OTHER,207886,62843,ANIME,SPECIAL,Run Run Lantern,2025-10-19
195173,PREQUEL,185715,60612,ANIME,TV_SHORT,SHIBUYA♡HACHI Part 3,2025-04-05
195240,PREQUEL,180516,59636,ANIME,TV,Uma Musume: Cinderella Gray,2025-04-06
195240,SOURCE,119247,133431,MANGA,MANGA,Uma Musume: Cinderella Gray,2020-06-10
195240,SOURCE,153549,,MANGA,ONE_SHOT,Uma Musume: Cinderella Gray Gaiden - The mermaid left behind,2022-08-10
195240,SOURCE,194709,,MANGA,ONE_SHOT,"Uma Musume: Cinderella Gray Gaiden - ""Enrai""",2025-06-19
195383,PREQUEL,177633,58908,ANIME,TV_SHORT,MUZIK TIGER In the Forest,2025-04-02
196230,PARENT,21288,30757,ANIME,ONA,Monster Strike,2015-10-10
198117,SOURCE,200232,,MANGA,MANGA,GANGLION,
198188,SOURCE,139855,141214,MANGA,MANGA,Fujimoto Tatsuki Tanpenshuu: 17-21,2021-10-04
198188,SOURCE,141157,141294,MANGA,MANGA,Fujimoto Tatsuki Tanpenshuu: 22-26,2021-11-04
198188,SOURCE,100115,,MANGA,ONE_SHOT,Niwa ni wa Niwa Niwatori ga Ita.,2011-08-04
198188,SOURCE,101955,,MANGA,ONE_SHOT,Sasaki-kun ga Judan Tometa,2013-06-12
198188,SOURCE,101784,,MANGA,ONE_SHOT,Koi wa Moumoku,2013-04-19
198188,SOURCE,101785,,MANGA,ONE_SHOT,Shikaku,2014-06-19
198188,SOURCE,124142,,MANGA,ONE_SHOT,Ningyo Rhapsody,2014-12-19
198188,SOURCE,98713,,MANGA,ONE_SHOT,Me ga Sametara Onnanoko ni Natteita Yamai,2017-04-24
198188,SOURCE,97600,,MANGA,ONE_SHOT,Yogen no Nayuta,2015-07-04
198188,SOURCE,101592,,MANGA,ONE_SHOT,Imouto no Ane,2018-05-02
198312,SOURCE,198311,,MANGA,MANGA,Heika Watashi wo Wasurete Kudasai,2024-12-11
198413,PREQUEL,188548,61260,ANIME,ONA,JOCHUM (ONA),2024-12-21
198561,SOURCE,94670,88406,MANGA,NOVEL,"Potion, Wagami wo Tasukeru",2015-04-27
198561,ALTERNATIVE,200398,,MANGA,MANGA,"Potion, Wagami wo Tasukeru",2023-09-29
198921,PREQUEL,182157,60052,ANIME,TV_SHORT,Sylvanian Families: Freya no Piece of Secret,2024-11-21
198926,PREQUEL,172966,54197,ANIME,TV_SHORT,Chou Futsuu-ken Chiba Densetsu,2024-01-05
199009,SOURCE,197036,187456,MANGA,MANGA,2200-nen Neko no Kuni Nippon,2017-10-16
199154,PREQUEL,186714,59817,ANIME,MOVIE,GIRLS BAND CRY: Seishun Kyousoukyoku,2025-10-03
199154,PARENT,164212,55102,ANIME,TV,GIRLS BAND CRY,2024-04-06
199635,PREQUEL,188394,61272,ANIME,ONA,PetitCure: Precure Fairies,2025-04-03
199635,SEQUEL,209541,63773,ANIME,ONA,PetitCure: Precure Fairies Season 3,2026-03-26
199812,PARENT,187331,61142,ANIME,TV_SHORT,Sawaranaide Kotesashi-kun,2025-10-06
199931,PREQUEL,185538,61326,ANIME,ONA,Dokodemo Makibao,2024-12-16
200374,PARENT,179992,59484,ANIME,TV,Kikaijikake no Marie,2025-10-05
200642,ALTERNATIVE,210071,62941,ANIME,ONA,Leichte Chousaroku,2022-10-01
202281,PARENT,2254,2254,ANIME,TV,Sentou Mecha Xabungle,1982-02-06
203146,SOURCE,46621,16621,MANGA,MANGA,Atashinchi,1994-06-05
203146,PREQUEL,173313,57822,ANIME,ONA,Atashin'chi NEXT,2024-06-05
204066,SOURCE,101517,113138,MANGA,MANGA,Jujutsu Kaisen,2018-03-05
204066,SEQUEL,172463,57658,ANIME,TV,Jujutsu Kaisen: Shimetsu Kaiyuu - Zenpen,2026-01-09
204066,PARENT,145064,51009,ANIME,TV,Jujutsu Kaisen 2nd Season,2023-07-06
204066,PREQUEL,192809,59654,ANIME,MOVIE,Jujutsu Kaisen: Kaigyoku・Gyokusetsu,2025-05-30
204080,CHARACTER,171627,57555,ANIME,MOVIE,Chainsaw Man: Reze-hen,2025-09-19
204621,PREQUEL,204620,62560,ANIME,TV_SHORT,Koikeya SDGs Gekijou Suss to Tina Season 5,2024-07-03
204628,SOURCE,180039,,MANGA,MANGA,Oshi ga Buka ni Narimashita,2021-04-18
204696,CHARACTER,17485,17485,ANIME,OVA,Kiki to Lala no Ohime-sama ni Naritai,1993-04-21
211271,PARENT,165426,55463,ANIME,ONA,Odekake Kozame,2023-08-01
213353,SOURCE,175126,170043,MANGA,MANGA,Given: 10th mix,2024-01-30
213353,PREQUEL,175199,58222,ANIME,MOVIE,Given: Umi e,2024-09-20
213460,PREQUEL,213459,61792,ANIME,TV_SHORT,Sorotani no Keibacchi Season 2,2025-05-21
213509,CHARACTER,207031,,ANIME,ONA,Sayonara End Roll (Short Douga),2024-11-29
